ISO-10303-21;
HEADER;
FILE_DESCRIPTION (( 'STEP AP214' ),
    '1' );
FILE_NAME ('ASCO-12.000MHZ-EK-T3.STEP',
    '2025-04-27T18:18:52',
    ( '' ),
    ( '' ),
    'SwSTEP 2.0',
    'SolidWorks 2023',
    '' );
FILE_SCHEMA (( 'AUTOMOTIVE_DESIGN' ));
ENDSEC;

DATA;
#1 = FILL_AREA_STYLE ('',( #1171 ) ) ;
#2 = SURFACE_STYLE_USAGE ( .BOTH. , #978 ) ;
#3 = EDGE_CURVE ( 'NONE', #2835, #826, #338, .T. ) ;
#4 = CARTESIAN_POINT ( 'NONE',  ( -0.5999999999999998668, 0.000000000000000000, -0.8000000000000000444 ) ) ;
#5 = DIRECTION ( 'NONE',  ( 0.000000000000000000, 0.000000000000000000, -1.000000000000000000 ) ) ;
#6 = EDGE_CURVE ( 'NONE', #1563, #2921, #796, .T. ) ;
#7 = VERTEX_POINT ( 'NONE', #273 ) ;
#8 = FILL_AREA_STYLE_COLOUR ( '', #2131 ) ;
#9 =( LENGTH_UNIT ( ) NAMED_UNIT ( * ) SI_UNIT ( .MILLI., .METRE. ) );
#10 =( LENGTH_UNIT ( ) NAMED_UNIT ( * ) SI_UNIT ( .MILLI., .METRE. ) );
#11 = ORIENTED_EDGE ( 'NONE', *, *, #1744, .T. ) ;
#12 =( LENGTH_UNIT ( ) NAMED_UNIT ( * ) SI_UNIT ( .MILLI., .METRE. ) );
#13 = VERTEX_POINT ( 'NONE', #2639 ) ;
#14 = CARTESIAN_POINT ( 'NONE',  ( 0.5500000000000000444, 0.1000000000000000056, -0.2499999999999999445 ) ) ;
#15 =( NAMED_UNIT ( * ) SI_UNIT ( $, .STERADIAN. ) SOLID_ANGLE_UNIT ( ) );
#16 = FILL_AREA_STYLE ('',( #1854 ) ) ;
#17 = COLOUR_RGB ( '',1.000000000000000000, 0.8117647058823529438, 0.5019607843137254832 ) ;
#18 = DIRECTION ( 'NONE',  ( -1.000000000000000000, 0.000000000000000000, -0.000000000000000000 ) ) ;
#19 =( NAMED_UNIT ( * ) PLANE_ANGLE_UNIT ( ) SI_UNIT ( $, .RADIAN. ) );
#20 = CARTESIAN_POINT ( 'NONE',  ( -0.2999999999999999334, 0.000000000000000000, -0.2500000000000000000 ) ) ;
#21 = ORIENTED_EDGE ( 'NONE', *, *, #1426, .T. ) ;
#22 = UNCERTAINTY_MEASURE_WITH_UNIT (LENGTH_MEASURE( 1.000000000000000082E-05 ), #342, 'distance_accuracy_value', 'NONE');
#23 = ADVANCED_FACE ( 'NONE', ( #290 ), #561, .T. ) ;
#24 = MECHANICAL_DESIGN_GEOMETRIC_PRESENTATION_REPRESENTATION (  '', ( #962 ), #1579 ) ;
#25 = FACE_OUTER_BOUND ( 'NONE', #1914, .T. ) ;
#26 = VERTEX_POINT ( 'NONE', #823 ) ;
#27 =( NAMED_UNIT ( * ) PLANE_ANGLE_UNIT ( ) SI_UNIT ( $, .RADIAN. ) );
#28 = DIRECTION ( 'NONE',  ( -2.168404344971008128E-16, 0.000000000000000000, -1.000000000000000000 ) ) ;
#29 = CARTESIAN_POINT ( 'NONE',  ( -0.1499999999999999389, 0.1000000000000000056, 0.2500000000000001110 ) ) ;
#30 = CARTESIAN_POINT ( 'NONE',  ( 0.4999999999999998890, 0.6999999999999999556, 0.6999999999999998446 ) ) ;
#31 = VERTEX_POINT ( 'NONE', #1731 ) ;
#32 = AXIS2_PLACEMENT_3D ( 'NONE', #586, #1045, #572 ) ;
#33 = CARTESIAN_POINT ( 'NONE',  ( 0.1500000000000000222, 0.1000000000000000056, 0.2500000000000001110 ) ) ;
#34 = FACE_OUTER_BOUND ( 'NONE', #2629, .T. ) ;
#35 = CARTESIAN_POINT ( 'NONE',  ( -0.4999999999999997780, 0.6999999999999999556, -0.7000000000000000666 ) ) ;
#36 = DIRECTION ( 'NONE',  ( -5.421010862427522170E-17, 0.000000000000000000, -1.000000000000000000 ) ) ;
#37 = LINE ( 'NONE', #911, #2990 ) ;
#38 = AXIS2_PLACEMENT_3D ( 'NONE', #2234, #1798, #2483 ) ;
#39 = COLOUR_RGB ( '',0.2509803921568627416, 0.2509803921568627416, 0.2509803921568627416 ) ;
#40 = DIRECTION ( 'NONE',  ( 1.000000000000000000, 0.000000000000000000, -0.000000000000000000 ) ) ;
#41 = ORIENTED_EDGE ( 'NONE', *, *, #2322, .F. ) ;
#42 = PRESENTATION_LAYER_ASSIGNMENT (  '', '', ( #2944 ) ) ;
#43 = SURFACE_STYLE_FILL_AREA ( #2073 ) ;
#44 = AXIS2_PLACEMENT_3D ( 'NONE', #2606, #528, #1282 ) ;
#45 = EDGE_LOOP ( 'NONE', ( #2689, #969, #1846, #1366 ) ) ;
#46 = CARTESIAN_POINT ( 'NONE',  ( 0.1500000000000000500, 0.1000000000000000056, -0.2500000000000001110 ) ) ;
#47 = VECTOR ( 'NONE', #1505, 1000.000000000000000 ) ;
#48 =( LENGTH_UNIT ( ) NAMED_UNIT ( * ) SI_UNIT ( .MILLI., .METRE. ) );
#49 = CARTESIAN_POINT ( 'NONE',  ( 0.1500000000000001610, 0.000000000000000000, 0.7500000000000001110 ) ) ;
#50 = ORIENTED_EDGE ( 'NONE', *, *, #1642, .T. ) ;
#51 =( GEOMETRIC_REPRESENTATION_CONTEXT ( 3 ) GLOBAL_UNCERTAINTY_ASSIGNED_CONTEXT ( ( #518 ) ) GLOBAL_UNIT_ASSIGNED_CONTEXT ( ( #2975, #2311, #2991 ) ) REPRESENTATION_CONTEXT ( 'NONE', 'WORKASPACE' ) );
#52 = EDGE_CURVE ( 'NONE', #1344, #2231, #2020, .T. ) ;
#53 = FILL_AREA_STYLE ('',( #2823 ) ) ;
#54 = FILL_AREA_STYLE_COLOUR ( '', #1053 ) ;
#55 = LINE ( 'NONE', #2828, #1782 ) ;
#56 = VECTOR ( 'NONE', #1458, 1000.000000000000000 ) ;
#57 = SURFACE_STYLE_USAGE ( .BOTH. , #1197 ) ;
#58 = UNCERTAINTY_MEASURE_WITH_UNIT (LENGTH_MEASURE( 1.000000000000000082E-05 ), #2735, 'distance_accuracy_value', 'NONE');
#59 = PLANE ( 'NONE',  #1493 ) ;
#60 = LINE ( 'NONE', #1227, #991 ) ;
#61 = ORIENTED_EDGE ( 'NONE', *, *, #157, .T. ) ;
#62 = CARTESIAN_POINT ( 'NONE',  ( -0.1499999999999999112, 0.000000000000000000, 0.000000000000000000 ) ) ;
#63 =( NAMED_UNIT ( * ) PLANE_ANGLE_UNIT ( ) SI_UNIT ( $, .RADIAN. ) );
#64 = DIRECTION ( 'NONE',  ( -1.000000000000000000, 0.000000000000000000, -0.000000000000000000 ) ) ;
#65 = ORIENTED_EDGE ( 'NONE', *, *, #1972, .F. ) ;
#66 = DIRECTION ( 'NONE',  ( -1.000000000000000000, 0.000000000000000000, 5.421010862427521184E-16 ) ) ;
#67 = SURFACE_STYLE_USAGE ( .BOTH. , #524 ) ;
#68 = LINE ( 'NONE', #2373, #2165 ) ;
#69 = ADVANCED_FACE ( 'NONE', ( #862 ), #172, .T. ) ;
#70 =( NAMED_UNIT ( * ) PLANE_ANGLE_UNIT ( ) SI_UNIT ( $, .RADIAN. ) );
#71 = SURFACE_STYLE_USAGE ( .BOTH. , #2830 ) ;
#72 = ORIENTED_EDGE ( 'NONE', *, *, #356, .T. ) ;
#73 = MECHANICAL_DESIGN_GEOMETRIC_PRESENTATION_REPRESENTATION (  '', ( #2643 ), #2539 ) ;
#74 =( GEOMETRIC_REPRESENTATION_CONTEXT ( 3 ) GLOBAL_UNCERTAINTY_ASSIGNED_CONTEXT ( ( #666 ) ) GLOBAL_UNIT_ASSIGNED_CONTEXT ( ( #916, #2528, #2963 ) ) REPRESENTATION_CONTEXT ( 'NONE', 'WORKASPACE' ) );
#75 = VERTEX_POINT ( 'NONE', #1105 ) ;
#76 =( NAMED_UNIT ( * ) PLANE_ANGLE_UNIT ( ) SI_UNIT ( $, .RADIAN. ) );
#77 = FILL_AREA_STYLE_COLOUR ( '', #1877 ) ;
#78 = CARTESIAN_POINT ( 'NONE',  ( -0.5499999999999999334, 0.1000000000000000056, -0.2500000000000000555 ) ) ;
#79 = LINE ( 'NONE', #95, #228 ) ;
#80 = VERTEX_POINT ( 'NONE', #2673 ) ;
#81 = DIRECTION ( 'NONE',  ( -0.000000000000000000, -1.000000000000000000, 0.000000000000000000 ) ) ;
#82 = LINE ( 'NONE', #1956, #2421 ) ;
#83 = FILL_AREA_STYLE_COLOUR ( '', #2162 ) ;
#84 = ADVANCED_FACE ( 'NONE', ( #1557 ), #1064, .T. ) ;
#85 = FILL_AREA_STYLE ('',( #777 ) ) ;
#86 = STYLED_ITEM ( 'NONE', ( #1922 ), #1151 ) ;
#87 = ORIENTED_EDGE ( 'NONE', *, *, #1543, .T. ) ;
#88 = UNCERTAINTY_MEASURE_WITH_UNIT (LENGTH_MEASURE( 1.000000000000000082E-05 ), #10, 'distance_accuracy_value', 'NONE');
#89 = VECTOR ( 'NONE', #2467, 1000.000000000000000 ) ;
#90 = SURFACE_STYLE_FILL_AREA ( #799 ) ;
#91 = ORIENTED_EDGE ( 'NONE', *, *, #1543, .F. ) ;
#92 =( GEOMETRIC_REPRESENTATION_CONTEXT ( 3 ) GLOBAL_UNCERTAINTY_ASSIGNED_CONTEXT ( ( #1244 ) ) GLOBAL_UNIT_ASSIGNED_CONTEXT ( ( #1529, #2669, #1510 ) ) REPRESENTATION_CONTEXT ( 'NONE', 'WORKASPACE' ) );
#93 = DIRECTION ( 'NONE',  ( -0.000000000000000000, -1.000000000000000000, 0.000000000000000000 ) ) ;
#94 = VECTOR ( 'NONE', #2702, 1000.000000000000000 ) ;
#95 = CARTESIAN_POINT ( 'NONE',  ( 0.1499999999999999667, 0.1000000000000000056, -0.2500000000000000555 ) ) ;
#96 = ORIENTED_EDGE ( 'NONE', *, *, #2714, .F. ) ;
#97 = DIRECTION ( 'NONE',  ( 0.000000000000000000, -0.000000000000000000, 1.000000000000000000 ) ) ;
#98 =( NAMED_UNIT ( * ) PLANE_ANGLE_UNIT ( ) SI_UNIT ( $, .RADIAN. ) );
#99 = VECTOR ( 'NONE', #894, 1000.000000000000000 ) ;
#100 = SURFACE_STYLE_FILL_AREA ( #2589 ) ;
#101 = MECHANICAL_DESIGN_GEOMETRIC_PRESENTATION_REPRESENTATION (  '', ( #2661 ), #2947 ) ;
#102 =( LENGTH_UNIT ( ) NAMED_UNIT ( * ) SI_UNIT ( .MILLI., .METRE. ) );
#103 = VECTOR ( 'NONE', #750, 1000.000000000000000 ) ;
#104 = SURFACE_STYLE_FILL_AREA ( #1213 ) ;
#105 = MECHANICAL_DESIGN_GEOMETRIC_PRESENTATION_REPRESENTATION (  '', ( #1418 ), #2180 ) ;
#106 = VERTEX_POINT ( 'NONE', #217 ) ;
#107 = PRESENTATION_STYLE_ASSIGNMENT (( #2011 ) ) ;
#108 = DIRECTION ( 'NONE',  ( -0.000000000000000000, -1.000000000000000000, 0.000000000000000000 ) ) ;
#109 = ORIENTED_EDGE ( 'NONE', *, *, #1464, .F. ) ;
#110 = CARTESIAN_POINT ( 'NONE',  ( 0.1500000000000001332, 0.000000000000000000, 0.7500000000000001110 ) ) ;
#111 = CARTESIAN_POINT ( 'NONE',  ( 0.5499999999999999334, 0.6999999999999999556, 0.6999999999999998446 ) ) ;
#112 = CARTESIAN_POINT ( 'NONE',  ( 0.1500000000000001610, 0.1000000000000000056, -0.7500000000000000000 ) ) ;
#113 = UNCERTAINTY_MEASURE_WITH_UNIT (LENGTH_MEASURE( 1.000000000000000082E-05 ), #582, 'distance_accuracy_value', 'NONE');
#114 = DIRECTION ( 'NONE',  ( -0.000000000000000000, 0.000000000000000000, 1.000000000000000000 ) ) ;
#115 = COLOUR_RGB ( '',0.2509803921568627416, 0.2509803921568627416, 0.2509803921568627416 ) ;
#116 = ORIENTED_EDGE ( 'NONE', *, *, #659, .F. ) ;
#117 = UNCERTAINTY_MEASURE_WITH_UNIT (LENGTH_MEASURE( 1.000000000000000082E-05 ), #344, 'distance_accuracy_value', 'NONE');
#118 = CARTESIAN_POINT ( 'NONE',  ( -0.1499999999999999389, 0.000000000000000000, 0.2500000000000001110 ) ) ;
#119 = EDGE_CURVE ( 'NONE', #2534, #2891, #2775, .T. ) ;
#120 = VECTOR ( 'NONE', #264, 1000.000000000000000 ) ;
#121 = ORIENTED_EDGE ( 'NONE', *, *, #2919, .T. ) ;
#122 = FILL_AREA_STYLE ('',( #817 ) ) ;
#123 = PRESENTATION_LAYER_ASSIGNMENT (  '', '', ( #2779 ) ) ;
#124 = AXIS2_PLACEMENT_3D ( 'NONE', #1080, #2186, #577 ) ;
#125 =( NAMED_UNIT ( * ) PLANE_ANGLE_UNIT ( ) SI_UNIT ( $, .RADIAN. ) );
#126 = EDGE_CURVE ( 'NONE', #727, #2974, #324, .T. ) ;
#127 = DIRECTION ( 'NONE',  ( -1.000000000000000000, 0.000000000000000000, 0.000000000000000000 ) ) ;
#128 = CARTESIAN_POINT ( 'NONE',  ( 0.000000000000000000, 0.000000000000000000, 0.000000000000000000 ) ) ;
#129 = LINE ( 'NONE', #1122, #1211 ) ;
#130 = PRESENTATION_STYLE_ASSIGNMENT (( #1963 ) ) ;
#131 = VECTOR ( 'NONE', #2141, 1000.000000000000000 ) ;
#132 = VECTOR ( 'NONE', #2853, 1000.000000000000000 ) ;
#133 = EDGE_LOOP ( 'NONE', ( #346, #621, #2763, #1051 ) ) ;
#134 = CARTESIAN_POINT ( 'NONE',  ( 0.5500000000000000444, 0.1000000000000000056, -0.2499999999999998335 ) ) ;
#135 = DIRECTION ( 'NONE',  ( -1.000000000000000000, 0.000000000000000000, -2.710505431213761085E-16 ) ) ;
#136 = FILL_AREA_STYLE_COLOUR ( '', #2950 ) ;
#137 = ORIENTED_EDGE ( 'NONE', *, *, #1725, .F. ) ;
#138 = SURFACE_STYLE_USAGE ( .BOTH. , #2014 ) ;
#139 = FILL_AREA_STYLE_COLOUR ( '', #2899 ) ;
#140 = FILL_AREA_STYLE_COLOUR ( '', #529 ) ;
#141 = COLOUR_RGB ( '',0.2509803921568627416, 0.2509803921568627416, 0.2509803921568627416 ) ;
#142 = EDGE_CURVE ( 'NONE', #80, #2948, #1339, .T. ) ;
#143 = COLOUR_RGB ( '',0.2509803921568627416, 0.2509803921568627416, 0.2509803921568627416 ) ;
#144 = VECTOR ( 'NONE', #331, 1000.000000000000000 ) ;
#145 = UNCERTAINTY_MEASURE_WITH_UNIT (LENGTH_MEASURE( 1.000000000000000082E-05 ), #2321, 'distance_accuracy_value', 'NONE');
#146 = CARTESIAN_POINT ( 'NONE',  ( 0.1500000000000001610, 0.1000000000000000056, -0.7500000000000001110 ) ) ;
#147 = ORIENTED_EDGE ( 'NONE', *, *, #2900, .F. ) ;
#148 = UNCERTAINTY_MEASURE_WITH_UNIT (LENGTH_MEASURE( 1.000000000000000082E-05 ), #1946, 'distance_accuracy_value', 'NONE');
#149 = CARTESIAN_POINT ( 'NONE',  ( -0.1499999999999999112, 0.1000000000000000056, 0.7500000000000001110 ) ) ;
#150 = COLOUR_RGB ( '',0.2509803921568627416, 0.2509803921568627416, 0.2509803921568627416 ) ;
#151 = DIRECTION ( 'NONE',  ( 2.710505431213761085E-16, 0.000000000000000000, -1.000000000000000000 ) ) ;
#152 =( NAMED_UNIT ( * ) PLANE_ANGLE_UNIT ( ) SI_UNIT ( $, .RADIAN. ) );
#153 = ORIENTED_EDGE ( 'NONE', *, *, #314, .T. ) ;
#154 =( NAMED_UNIT ( * ) SI_UNIT ( $, .STERADIAN. ) SOLID_ANGLE_UNIT ( ) );
#155 = EDGE_CURVE ( 'NONE', #1258, #2912, #2401, .T. ) ;
#156 =( LENGTH_UNIT ( ) NAMED_UNIT ( * ) SI_UNIT ( .MILLI., .METRE. ) );
#157 = EDGE_CURVE ( 'NONE', #2534, #2080, #696, .T. ) ;
#158 =( NAMED_UNIT ( * ) PLANE_ANGLE_UNIT ( ) SI_UNIT ( $, .RADIAN. ) );
#159 =( NAMED_UNIT ( * ) SI_UNIT ( $, .STERADIAN. ) SOLID_ANGLE_UNIT ( ) );
#160 = ORIENTED_EDGE ( 'NONE', *, *, #2675, .F. ) ;
#161 = PLANE ( 'NONE',  #2221 ) ;
#162 = CARTESIAN_POINT ( 'NONE',  ( 0.1499999999999999944, 0.000000000000000000, 0.2500000000000000000 ) ) ;
#163 = PLANE ( 'NONE',  #1093 ) ;
#164 = ORIENTED_EDGE ( 'NONE', *, *, #931, .T. ) ;
#165 = LINE ( 'NONE', #1740, #188 ) ;
#166 = AXIS2_PLACEMENT_3D ( 'NONE', #1034, #2178, #972 ) ;
#167 =( NAMED_UNIT ( * ) SI_UNIT ( $, .STERADIAN. ) SOLID_ANGLE_UNIT ( ) );
#168 = DIRECTION ( 'NONE',  ( 0.000000000000000000, 0.000000000000000000, -1.000000000000000000 ) ) ;
#169 = DIRECTION ( 'NONE',  ( -0.000000000000000000, -1.000000000000000000, 0.000000000000000000 ) ) ;
#170 = DIRECTION ( 'NONE',  ( 0.000000000000000000, 1.000000000000000000, 0.000000000000000000 ) ) ;
#171 = ADVANCED_FACE ( 'NONE', ( #2538 ), #929, .F. ) ;
#172 = SPHERICAL_SURFACE ( 'NONE', #124, 0.05000000000000000278 ) ;
#173 = SURFACE_SIDE_STYLE ('',( #2457 ) ) ;
#174 = SURFACE_SIDE_STYLE ('',( #2217 ) ) ;
#175 = COLOUR_RGB ( '',0.2509803921568627416, 0.2509803921568627416, 0.2509803921568627416 ) ;
#176 = ORIENTED_EDGE ( 'NONE', *, *, #1512, .F. ) ;
#177 = DIRECTION ( 'NONE',  ( -1.000000000000000000, -0.000000000000000000, 0.000000000000000000 ) ) ;
#178 = AXIS2_PLACEMENT_3D ( 'NONE', #2585, #2983, #924 ) ;
#179 =( NAMED_UNIT ( * ) SI_UNIT ( $, .STERADIAN. ) SOLID_ANGLE_UNIT ( ) );
#180 = FILL_AREA_STYLE_COLOUR ( '', #984 ) ;
#181 = MECHANICAL_DESIGN_GEOMETRIC_PRESENTATION_REPRESENTATION (  '', ( #1025 ), #726 ) ;
#182 = PRESENTATION_STYLE_ASSIGNMENT (( #2547 ) ) ;
#183 =( LENGTH_UNIT ( ) NAMED_UNIT ( * ) SI_UNIT ( .MILLI., .METRE. ) );
#184 = CARTESIAN_POINT ( 'NONE',  ( -0.4999999999999997780, 0.6500000000000000222, -0.7500000000000001110 ) ) ;
#185 = VECTOR ( 'NONE', #417, 1000.000000000000000 ) ;
#186 = PLANE ( 'NONE',  #1381 ) ;
#187 = FILL_AREA_STYLE_COLOUR ( '', #2170 ) ;
#188 = VECTOR ( 'NONE', #2207, 1000.000000000000000 ) ;
#189 = EDGE_CURVE ( 'NONE', #1067, #1424, #2959, .T. ) ;
#190 = PLANE ( 'NONE',  #1839 ) ;
#191 = STYLED_ITEM ( 'NONE', ( #1233 ), #2255 ) ;
#192 = ORIENTED_EDGE ( 'NONE', *, *, #2919, .F. ) ;
#193 = CARTESIAN_POINT ( 'NONE',  ( 0.000000000000000000, 0.1000000000000000056, 0.2500000000000000555 ) ) ;
#194 = FILL_AREA_STYLE_COLOUR ( '', #513 ) ;
#195 = SURFACE_STYLE_USAGE ( .BOTH. , #2261 ) ;
#196 = VERTEX_POINT ( 'NONE', #1409 ) ;
#197 = CYLINDRICAL_SURFACE ( 'NONE', #1033, 0.05000000000000002359 ) ;
#198 = PRESENTATION_STYLE_ASSIGNMENT (( #2107 ) ) ;
#199 =( GEOMETRIC_REPRESENTATION_CONTEXT ( 3 ) GLOBAL_UNCERTAINTY_ASSIGNED_CONTEXT ( ( #697 ) ) GLOBAL_UNIT_ASSIGNED_CONTEXT ( ( #337, #1891, #616 ) ) REPRESENTATION_CONTEXT ( 'NONE', 'WORKASPACE' ) );
#200 = FILL_AREA_STYLE ('',( #955 ) ) ;
#201 =( LENGTH_UNIT ( ) NAMED_UNIT ( * ) SI_UNIT ( .MILLI., .METRE. ) );
#202 =( NAMED_UNIT ( * ) PLANE_ANGLE_UNIT ( ) SI_UNIT ( $, .RADIAN. ) );
#203 =( LENGTH_UNIT ( ) NAMED_UNIT ( * ) SI_UNIT ( .MILLI., .METRE. ) );
#204 =( LENGTH_UNIT ( ) NAMED_UNIT ( * ) SI_UNIT ( .MILLI., .METRE. ) );
#205 = FACE_OUTER_BOUND ( 'NONE', #2640, .T. ) ;
#206 = CARTESIAN_POINT ( 'NONE',  ( -0.5499999999999999334, 0.000000000000000000, 0.7500000000000000000 ) ) ;
#207 = EDGE_LOOP ( 'NONE', ( #1893, #2481, #2436, #787 ) ) ;
#208 = CARTESIAN_POINT ( 'NONE',  ( 0.000000000000000000, 0.1000000000000000056, 0.000000000000000000 ) ) ;
#209 = ORIENTED_EDGE ( 'NONE', *, *, #531, .F. ) ;
#210 = SURFACE_SIDE_STYLE ('',( #903 ) ) ;
#211 = EDGE_CURVE ( 'NONE', #2786, #2876, #1855, .T. ) ;
#212 = DIRECTION ( 'NONE',  ( -1.000000000000000000, 0.000000000000000000, 0.000000000000000000 ) ) ;
#213 = DIRECTION ( 'NONE',  ( 0.000000000000000000, 0.000000000000000000, -1.000000000000000000 ) ) ;
#214 = ADVANCED_FACE ( 'NONE', ( #1183 ), #2945, .F. ) ;
#215 = CLOSED_SHELL ( 'NONE', ( #702, #2548, #1919, #1151, #368, #332, #645 ) ) ;
#216 = DIRECTION ( 'NONE',  ( 0.000000000000000000, 1.000000000000000000, 0.000000000000000000 ) ) ;
#217 = CARTESIAN_POINT ( 'NONE',  ( -0.5499999999999999334, 0.1000000000000000056, -0.7500000000000000000 ) ) ;
#218 = SURFACE_SIDE_STYLE ('',( #1617 ) ) ;
#219 = CARTESIAN_POINT ( 'NONE',  ( 0.5500000000000000444, 0.1000000000000000056, -0.2499999999999998335 ) ) ;
#220 = ORIENTED_EDGE ( 'NONE', *, *, #510, .F. ) ;
#221 = DIRECTION ( 'NONE',  ( -5.421010862427521184E-16, 0.000000000000000000, 1.000000000000000000 ) ) ;
#222 = DIRECTION ( 'NONE',  ( 0.000000000000000000, 0.000000000000000000, 1.000000000000000000 ) ) ;
#223 = LINE ( 'NONE', #1827, #2852 ) ;
#224 = DIRECTION ( 'NONE',  ( 1.000000000000000000, 0.000000000000000000, 0.000000000000000000 ) ) ;
#225 = AXIS2_PLACEMENT_3D ( 'NONE', #2288, #216, #1154 ) ;
#226 = EDGE_CURVE ( 'NONE', #1417, #1811, #2130, .T. ) ;
#227 = LINE ( 'NONE', #1832, #1773 ) ;
#228 = VECTOR ( 'NONE', #108, 1000.000000000000000 ) ;
#229 = ORIENTED_EDGE ( 'NONE', *, *, #296, .T. ) ;
#230 = CARTESIAN_POINT ( 'NONE',  ( 0.000000000000000000, 0.1000000000000000056, 0.7500000000000001110 ) ) ;
#231 = AXIS2_PLACEMENT_3D ( 'NONE', #1421, #2769, #1829 ) ;
#232 = EDGE_CURVE ( 'NONE', #2876, #2298, #2193, .T. ) ;
#233 = CARTESIAN_POINT ( 'NONE',  ( -0.4999999999999997780, 0.5999999999999999778, 0.7499999999999997780 ) ) ;
#234 = VECTOR ( 'NONE', #400, 1000.000000000000000 ) ;
#235 = CARTESIAN_POINT ( 'NONE',  ( -0.4999999999999997780, 0.5999999999999999778, 0.6999999999999998446 ) ) ;
#236 = LINE ( 'NONE', #713, #2658 ) ;
#237 = VECTOR ( 'NONE', #1697, 1000.000000000000000 ) ;
#238 = SURFACE_STYLE_FILL_AREA ( #1390 ) ;
#239 = ORIENTED_EDGE ( 'NONE', *, *, #1937, .T. ) ;
#240 =( GEOMETRIC_REPRESENTATION_CONTEXT ( 3 ) GLOBAL_UNCERTAINTY_ASSIGNED_CONTEXT ( ( #2610 ) ) GLOBAL_UNIT_ASSIGNED_CONTEXT ( ( #2987, #19, #1389 ) ) REPRESENTATION_CONTEXT ( 'NONE', 'WORKASPACE' ) );
#241 = DIRECTION ( 'NONE',  ( -1.000000000000000000, 0.000000000000000000, -0.000000000000000000 ) ) ;
#242 = MECHANICAL_DESIGN_GEOMETRIC_PRESENTATION_REPRESENTATION (  '', ( #585 ), #1411 ) ;
#243 = LINE ( 'NONE', #2093, #103 ) ;
#244 = ORIENTED_EDGE ( 'NONE', *, *, #1977, .F. ) ;
#245 = CARTESIAN_POINT ( 'NONE',  ( -0.1499999999999999389, 0.000000000000000000, 0.000000000000000000 ) ) ;
#246 = SURFACE_SIDE_STYLE ('',( #1598 ) ) ;
#247 = STYLED_ITEM ( 'NONE', ( #684 ), #2548 ) ;
#248 = FILL_AREA_STYLE_COLOUR ( '', #1342 ) ;
#249 = PRESENTATION_STYLE_ASSIGNMENT (( #2965 ) ) ;
#250 = VECTOR ( 'NONE', #2297, 1000.000000000000000 ) ;
#251 = EDGE_LOOP ( 'NONE', ( #322, #2305, #1185, #2953 ) ) ;
#252 =( NAMED_UNIT ( * ) PLANE_ANGLE_UNIT ( ) SI_UNIT ( $, .RADIAN. ) );
#253 = PRODUCT_DEFINITION ( 'UNKNOWN', '', #2865, #2475 ) ;
#254 = STYLED_ITEM ( 'NONE', ( #2731 ), #2829 ) ;
#255 = DIRECTION ( 'NONE',  ( -0.000000000000000000, -1.000000000000000000, -0.000000000000000000 ) ) ;
#256 = CARTESIAN_POINT ( 'NONE',  ( -0.1499999999999999112, 0.1000000000000000056, 0.7500000000000001110 ) ) ;
#257 = FILL_AREA_STYLE_COLOUR ( '', #2368 ) ;
#258 = EDGE_CURVE ( 'NONE', #80, #2423, #2099, .T. ) ;
#259 = ORIENTED_EDGE ( 'NONE', *, *, #2725, .F. ) ;
#260 =( NAMED_UNIT ( * ) SI_UNIT ( $, .STERADIAN. ) SOLID_ANGLE_UNIT ( ) );
#261 = PRESENTATION_STYLE_ASSIGNMENT (( #2313 ) ) ;
#262 =( NAMED_UNIT ( * ) SI_UNIT ( $, .STERADIAN. ) SOLID_ANGLE_UNIT ( ) );
#263 = SURFACE_SIDE_STYLE ('',( #2738 ) ) ;
#264 = DIRECTION ( 'NONE',  ( 1.000000000000000000, 0.000000000000000000, -0.000000000000000000 ) ) ;
#265 = SURFACE_STYLE_FILL_AREA ( #1423 ) ;
#266 = ORIENTED_EDGE ( 'NONE', *, *, #1402, .T. ) ;
#267 = CARTESIAN_POINT ( 'NONE',  ( 0.1499999999999999944, 0.000000000000000000, 0.2500000000000000000 ) ) ;
#268 = FACE_OUTER_BOUND ( 'NONE', #1952, .T. ) ;
#269 = DIRECTION ( 'NONE',  ( -1.000000000000000000, 0.000000000000000000, -0.000000000000000000 ) ) ;
#270 = ADVANCED_FACE ( 'NONE', ( #1224 ), #2390, .T. ) ;
#271 = LINE ( 'NONE', #219, #689 ) ;
#272 = PRESENTATION_LAYER_ASSIGNMENT (  '', '', ( #1096 ) ) ;
#273 = CARTESIAN_POINT ( 'NONE',  ( -0.5500000000000000444, 0.1000000000000000056, 0.2500000000000000555 ) ) ;
#274 = UNCERTAINTY_MEASURE_WITH_UNIT (LENGTH_MEASURE( 1.000000000000000082E-05 ), #691, 'distance_accuracy_value', 'NONE');
#275 = VECTOR ( 'NONE', #2342, 1000.000000000000000 ) ;
#276 = EDGE_CURVE ( 'NONE', #2423, #2394, #511, .T. ) ;
#277 =( NAMED_UNIT ( * ) SI_UNIT ( $, .STERADIAN. ) SOLID_ANGLE_UNIT ( ) );
#278 = ORIENTED_EDGE ( 'NONE', *, *, #226, .T. ) ;
#279 = DIRECTION ( 'NONE',  ( 0.000000000000000000, -0.000000000000000000, -1.000000000000000000 ) ) ;
#280 = SURFACE_SIDE_STYLE ('',( #297 ) ) ;
#281 = SURFACE_STYLE_FILL_AREA ( #1945 ) ;
#282 = DIRECTION ( 'NONE',  ( 2.168404344971008128E-16, -0.000000000000000000, 1.000000000000000000 ) ) ;
#283 = EDGE_LOOP ( 'NONE', ( #2257, #2879, #456 ) ) ;
#284 = MECHANICAL_DESIGN_GEOMETRIC_PRESENTATION_REPRESENTATION (  '', ( #2360 ), #2691 ) ;
#285 = CARTESIAN_POINT ( 'NONE',  ( 0.5499999999999999334, 0.6500000000000000222, -0.7000000000000000666 ) ) ;
#286 = FACE_OUTER_BOUND ( 'NONE', #1930, .T. ) ;
#287 = CIRCLE ( 'NONE', #2503, 0.05000000000000002359 ) ;
#288 = PRESENTATION_STYLE_ASSIGNMENT (( #2326 ) ) ;
#289 = CARTESIAN_POINT ( 'NONE',  ( 0.4999999999999998890, 0.6500000000000000222, 0.6999999999999998446 ) ) ;
#290 = FACE_OUTER_BOUND ( 'NONE', #953, .T. ) ;
#291 = VECTOR ( 'NONE', #279, 1000.000000000000000 ) ;
#292 = DIRECTION ( 'NONE',  ( 0.000000000000000000, 0.000000000000000000, 1.000000000000000000 ) ) ;
#293 = STYLED_ITEM ( 'NONE', ( #288 ), #1857 ) ;
#294 = ORIENTED_EDGE ( 'NONE', *, *, #1041, .T. ) ;
#295 = LINE ( 'NONE', #2836, #630 ) ;
#296 = EDGE_CURVE ( 'NONE', #826, #2508, #1456, .T. ) ;
#297 = SURFACE_STYLE_FILL_AREA ( #2351 ) ;
#298 = VECTOR ( 'NONE', #1544, 1000.000000000000000 ) ;
#299 = PRESENTATION_STYLE_ASSIGNMENT (( #2820 ) ) ;
#300 = ORIENTED_EDGE ( 'NONE', *, *, #1841, .T. ) ;
#301 =( LENGTH_UNIT ( ) NAMED_UNIT ( * ) SI_UNIT ( .MILLI., .METRE. ) );
#302 = DIRECTION ( 'NONE',  ( -2.168404344971008868E-16, -0.000000000000000000, -1.000000000000000000 ) ) ;
#303 = SURFACE_STYLE_FILL_AREA ( #2374 ) ;
#304 = DIRECTION ( 'NONE',  ( 0.000000000000000000, 1.000000000000000000, 0.000000000000000000 ) ) ;
#305 = DIRECTION ( 'NONE',  ( -0.000000000000000000, -0.000000000000000000, 1.000000000000000000 ) ) ;
#306 = AXIS2_PLACEMENT_3D ( 'NONE', #2704, #2009, #2934 ) ;
#307 = PLANE ( 'NONE',  #1315 ) ;
#308 = VERTEX_POINT ( 'NONE', #732 ) ;
#309 = UNCERTAINTY_MEASURE_WITH_UNIT (LENGTH_MEASURE( 1.000000000000000082E-05 ), #669, 'distance_accuracy_value', 'NONE');
#310 = EDGE_LOOP ( 'NONE', ( #278, #1392, #1924, #831 ) ) ;
#311 = CARTESIAN_POINT ( 'NONE',  ( -0.5999999999999998668, 0.5999999999999999778, 0.8000000000000000444 ) ) ;
#312 = CARTESIAN_POINT ( 'NONE',  ( -0.1499999999999999112, 0.1000000000000000056, 0.7500000000000001110 ) ) ;
#313 = CARTESIAN_POINT ( 'NONE',  ( -0.1499999999999999112, 0.1000000000000000056, -0.7500000000000001110 ) ) ;
#314 = EDGE_CURVE ( 'NONE', #2096, #857, #2574, .T. ) ;
#315 = ORIENTED_EDGE ( 'NONE', *, *, #1407, .T. ) ;
#316 =( NAMED_UNIT ( * ) SI_UNIT ( $, .STERADIAN. ) SOLID_ANGLE_UNIT ( ) );
#317 = SURFACE_STYLE_USAGE ( .BOTH. , #1702 ) ;
#318 = ADVANCED_FACE ( 'NONE', ( #268 ), #2302, .F. ) ;
#319 = FILL_AREA_STYLE ('',( #54 ) ) ;
#320 = LINE ( 'NONE', #559, #583 ) ;
#321 = CARTESIAN_POINT ( 'NONE',  ( -0.1499999999999999389, 0.1000000000000000056, 0.2500000000000001110 ) ) ;
#322 = ORIENTED_EDGE ( 'NONE', *, *, #1235, .F. ) ;
#323 = STYLED_ITEM ( 'NONE', ( #880 ), #645 ) ;
#324 = CIRCLE ( 'NONE', #414, 0.05000000000000002359 ) ;
#325 = CARTESIAN_POINT ( 'NONE',  ( -0.4999999999999997780, 0.6999999999999999556, -0.7500000000000001110 ) ) ;
#326 = VERTEX_POINT ( 'NONE', #1365 ) ;
#327 =( LENGTH_UNIT ( ) NAMED_UNIT ( * ) SI_UNIT ( .MILLI., .METRE. ) );
#328 = DIRECTION ( 'NONE',  ( 1.000000000000000000, 0.000000000000000000, 2.168404344971008128E-16 ) ) ;
#329 = CARTESIAN_POINT ( 'NONE',  ( -0.1499999999999999112, 0.000000000000000000, -0.7500000000000001110 ) ) ;
#330 = ORIENTED_EDGE ( 'NONE', *, *, #2885, .T. ) ;
#331 = DIRECTION ( 'NONE',  ( -1.000000000000000000, -0.000000000000000000, -5.421010862427521184E-16 ) ) ;
#332 = ADVANCED_FACE ( 'NONE', ( #1600 ), #1149, .T. ) ;
#333 =( NAMED_UNIT ( * ) PLANE_ANGLE_UNIT ( ) SI_UNIT ( $, .RADIAN. ) );
#334 = PRESENTATION_LAYER_ASSIGNMENT (  '', '', ( #1449 ) ) ;
#335 = EDGE_CURVE ( 'NONE', #371, #2736, #2095, .T. ) ;
#336 = FILL_AREA_STYLE_COLOUR ( '', #1440 ) ;
#337 =( LENGTH_UNIT ( ) NAMED_UNIT ( * ) SI_UNIT ( .MILLI., .METRE. ) );
#338 = LINE ( 'NONE', #2173, #2641 ) ;
#339 = COLOUR_RGB ( '',1.000000000000000000, 0.8117647058823529438, 0.5019607843137254832 ) ;
#340 =( LENGTH_UNIT ( ) NAMED_UNIT ( * ) SI_UNIT ( .MILLI., .METRE. ) );
#341 = COLOUR_RGB ( '',1.000000000000000000, 0.8117647058823529438, 0.5019607843137254832 ) ;
#342 =( LENGTH_UNIT ( ) NAMED_UNIT ( * ) SI_UNIT ( .MILLI., .METRE. ) );
#343 = VECTOR ( 'NONE', #662, 1000.000000000000000 ) ;
#344 =( LENGTH_UNIT ( ) NAMED_UNIT ( * ) SI_UNIT ( .MILLI., .METRE. ) );
#345 = DIRECTION ( 'NONE',  ( 1.000000000000000000, 0.000000000000000000, 5.421010862427521184E-16 ) ) ;
#346 = ORIENTED_EDGE ( 'NONE', *, *, #157, .F. ) ;
#347 = FACE_OUTER_BOUND ( 'NONE', #2105, .T. ) ;
#348 = DIRECTION ( 'NONE',  ( -1.000000000000000000, 0.000000000000000000, 5.421010862427521184E-16 ) ) ;
#349 = MECHANICAL_DESIGN_GEOMETRIC_PRESENTATION_REPRESENTATION (  '', ( #1408 ), #2509 ) ;
#350 = LINE ( 'NONE', #2184, #131 ) ;
#351 = AXIS2_PLACEMENT_3D ( 'NONE', #2388, #1469, #2856 ) ;
#352 =( NAMED_UNIT ( * ) PLANE_ANGLE_UNIT ( ) SI_UNIT ( $, .RADIAN. ) );
#353 = STYLED_ITEM ( 'NONE', ( #2513 ), #2566 ) ;
#354 =( LENGTH_UNIT ( ) NAMED_UNIT ( * ) SI_UNIT ( .MILLI., .METRE. ) );
#355 = MECHANICAL_DESIGN_GEOMETRIC_PRESENTATION_REPRESENTATION (  '', ( #2086 ), #2177 ) ;
#356 = EDGE_CURVE ( 'NONE', #1043, #1067, #2060, .T. ) ;
#357 = AXIS2_PLACEMENT_3D ( 'NONE', #2578, #1804, #2053 ) ;
#358 = VERTEX_POINT ( 'NONE', #29 ) ;
#359 = EDGE_LOOP ( 'NONE', ( #87, #993, #2694, #771 ) ) ;
#360 = CARTESIAN_POINT ( 'NONE',  ( 0.5500000000000001554, 0.1000000000000000056, 0.2499999999999998335 ) ) ;
#361 = FILL_AREA_STYLE ('',( #2660 ) ) ;
#362 = SURFACE_STYLE_USAGE ( .BOTH. , #2418 ) ;
#363 = FILL_AREA_STYLE ('',( #1745 ) ) ;
#364 =( LENGTH_UNIT ( ) NAMED_UNIT ( * ) SI_UNIT ( .MILLI., .METRE. ) );
#365 = VERTEX_POINT ( 'NONE', #427 ) ;
#366 = UNCERTAINTY_MEASURE_WITH_UNIT (LENGTH_MEASURE( 1.000000000000000082E-05 ), #558, 'distance_accuracy_value', 'NONE');
#367 =( NAMED_UNIT ( * ) SI_UNIT ( $, .STERADIAN. ) SOLID_ANGLE_UNIT ( ) );
#368 = ADVANCED_FACE ( 'NONE', ( #2739 ), #1849, .T. ) ;
#369 = COLOUR_RGB ( '',1.000000000000000000, 0.8117647058823529438, 0.5019607843137254832 ) ;
#370 = FILL_AREA_STYLE ('',( #2438 ) ) ;
#371 = VERTEX_POINT ( 'NONE', #78 ) ;
#372 = DIRECTION ( 'NONE',  ( -1.000000000000000000, 0.000000000000000000, 5.421010862427521184E-16 ) ) ;
#373 = PLANE ( 'NONE',  #737 ) ;
#374 = FILL_AREA_STYLE ('',( #2926 ) ) ;
#375 = AXIS2_PLACEMENT_3D ( 'NONE', #1570, #1174, #1836 ) ;
#376 =( NAMED_UNIT ( * ) SI_UNIT ( $, .STERADIAN. ) SOLID_ANGLE_UNIT ( ) );
#377 = LINE ( 'NONE', #2970, #343 ) ;
#378 = STYLED_ITEM ( 'NONE', ( #1552 ), #780 ) ;
#379 = MECHANICAL_DESIGN_GEOMETRIC_PRESENTATION_REPRESENTATION (  '', ( #2453 ), #2790 ) ;
#380 = CARTESIAN_POINT ( 'NONE',  ( 0.5500000000000001554, 0.1000000000000000056, -0.7500000000000000000 ) ) ;
#381 = DIRECTION ( 'NONE',  ( 0.000000000000000000, 0.000000000000000000, 1.000000000000000000 ) ) ;
#382 = SURFACE_STYLE_USAGE ( .BOTH. , #624 ) ;
#383 = CARTESIAN_POINT ( 'NONE',  ( 0.1500000000000000777, 0.000000000000000000, -0.2500000000000001110 ) ) ;
#384 = COLOUR_RGB ( '',0.2509803921568627416, 0.2509803921568627416, 0.2509803921568627416 ) ;
#385 = ORIENTED_EDGE ( 'NONE', *, *, #232, .T. ) ;
#386 = SURFACE_STYLE_FILL_AREA ( #1335 ) ;
#387 = LINE ( 'NONE', #2897, #1874 ) ;
#388 = DIRECTION ( 'NONE',  ( 1.000000000000000000, -0.000000000000000000, 2.168404344971008128E-16 ) ) ;
#389 = DIRECTION ( 'NONE',  ( -1.000000000000000000, 0.000000000000000000, 0.000000000000000000 ) ) ;
#390 = SURFACE_STYLE_FILL_AREA ( #2902 ) ;
#391 = UNCERTAINTY_MEASURE_WITH_UNIT (LENGTH_MEASURE( 1.000000000000000082E-05 ), #535, 'distance_accuracy_value', 'NONE');
#392 = PRESENTATION_STYLE_ASSIGNMENT (( #2476 ) ) ;
#393 =( GEOMETRIC_REPRESENTATION_CONTEXT ( 3 ) GLOBAL_UNCERTAINTY_ASSIGNED_CONTEXT ( ( #2393 ) ) GLOBAL_UNIT_ASSIGNED_CONTEXT ( ( #2892, #2425, #396 ) ) REPRESENTATION_CONTEXT ( 'NONE', 'WORKASPACE' ) );
#394 = PRESENTATION_LAYER_ASSIGNMENT (  '', '', ( #2327 ) ) ;
#395 = ORIENTED_EDGE ( 'NONE', *, *, #1766, .F. ) ;
#396 =( NAMED_UNIT ( * ) SI_UNIT ( $, .STERADIAN. ) SOLID_ANGLE_UNIT ( ) );
#397 = CIRCLE ( 'NONE', #357, 0.05000000000000002359 ) ;
#398 = FILL_AREA_STYLE_COLOUR ( '', #1283 ) ;
#399 = ORIENTED_EDGE ( 'NONE', *, *, #2277, .F. ) ;
#400 = DIRECTION ( 'NONE',  ( 1.000000000000000000, 0.000000000000000000, -0.000000000000000000 ) ) ;
#401 = EDGE_CURVE ( 'NONE', #106, #371, #1927, .T. ) ;
#402 = CARTESIAN_POINT ( 'NONE',  ( -0.4999999999999997780, 0.6500000000000000222, -0.7000000000000000666 ) ) ;
#403 =( NAMED_UNIT ( * ) SI_UNIT ( $, .STERADIAN. ) SOLID_ANGLE_UNIT ( ) );
#404 = DIRECTION ( 'NONE',  ( 0.000000000000000000, 0.000000000000000000, 1.000000000000000000 ) ) ;
#405 = LINE ( 'NONE', #2444, #1260 ) ;
#406 = ORIENTED_EDGE ( 'NONE', *, *, #2572, .T. ) ;
#407 = FILL_AREA_STYLE ('',( #2653 ) ) ;
#408 = CLOSED_SHELL ( 'NONE', ( #2304, #1229, #2382, #837, #865, #1173, #498, #2672, #2761, #2746, #1857, #1338, #2364, #1130, #69, #2646, #571, #1941 ) ) ;
#409 =( NAMED_UNIT ( * ) PLANE_ANGLE_UNIT ( ) SI_UNIT ( $, .RADIAN. ) );
#410 = VERTEX_POINT ( 'NONE', #2838 ) ;
#411 = FILL_AREA_STYLE ('',( #472 ) ) ;
#412 = FILL_AREA_STYLE ('',( #2441 ) ) ;
#413 = MECHANICAL_DESIGN_GEOMETRIC_PRESENTATION_REPRESENTATION (  '', ( #2440 ), #2648 ) ;
#414 = AXIS2_PLACEMENT_3D ( 'NONE', #235, #1137, #2273 ) ;
#415 = PRESENTATION_STYLE_ASSIGNMENT (( #1354 ) ) ;
#416 = CARTESIAN_POINT ( 'NONE',  ( 0.4999999999999998890, 0.6999999999999999556, -0.7500000000000001110 ) ) ;
#417 = DIRECTION ( 'NONE',  ( -0.000000000000000000, -1.000000000000000000, -0.000000000000000000 ) ) ;
#418 = EDGE_CURVE ( 'NONE', #2921, #2080, #803, .T. ) ;
#419 = PRESENTATION_LAYER_ASSIGNMENT (  '', '', ( #473 ) ) ;
#420 = DIRECTION ( 'NONE',  ( 1.000000000000000000, 0.000000000000000000, 5.421010862427521184E-16 ) ) ;
#421 = STYLED_ITEM ( 'NONE', ( #1672 ), #1173 ) ;
#422 = DIRECTION ( 'NONE',  ( 0.000000000000000000, 0.000000000000000000, -1.000000000000000000 ) ) ;
#423 = ORIENTED_EDGE ( 'NONE', *, *, #434, .T. ) ;
#424 = MECHANICAL_DESIGN_GEOMETRIC_PRESENTATION_REPRESENTATION (  '', ( #2793 ), #1589 ) ;
#425 = SURFACE_STYLE_USAGE ( .BOTH. , #2077 ) ;
#426 = VECTOR ( 'NONE', #1852, 1000.000000000000000 ) ;
#427 = CARTESIAN_POINT ( 'NONE',  ( 0.6000000000000000888, 0.5999999999999999778, 0.8000000000000000444 ) ) ;
#428 = PLANE ( 'NONE',  #2845 ) ;
#429 = DIRECTION ( 'NONE',  ( 1.000000000000000000, -0.000000000000000000, -0.000000000000000000 ) ) ;
#430 = VECTOR ( 'NONE', #1081, 1000.000000000000000 ) ;
#431 = SURFACE_SIDE_STYLE ('',( #598 ) ) ;
#432 = MECHANICAL_DESIGN_GEOMETRIC_PRESENTATION_REPRESENTATION (  '', ( #1262 ), #1935 ) ;
#433 =( NAMED_UNIT ( * ) PLANE_ANGLE_UNIT ( ) SI_UNIT ( $, .RADIAN. ) );
#434 = EDGE_CURVE ( 'NONE', #1668, #755, #2632, .T. ) ;
#435 = CARTESIAN_POINT ( 'NONE',  ( 0.4999999999999997780, 0.6999999999999999556, -0.7000000000000000666 ) ) ;
#436 = ORIENTED_EDGE ( 'NONE', *, *, #2896, .T. ) ;
#437 = SURFACE_SIDE_STYLE ('',( #1360 ) ) ;
#438 = PRESENTATION_LAYER_ASSIGNMENT (  '', '', ( #2905 ) ) ;
#439 = ADVANCED_FACE ( 'NONE', ( #2396 ), #989, .F. ) ;
#440 = CARTESIAN_POINT ( 'NONE',  ( -0.1499999999999999112, 0.1000000000000000056, 0.7500000000000001110 ) ) ;
#441 = ORIENTED_EDGE ( 'NONE', *, *, #258, .F. ) ;
#442 =( NAMED_UNIT ( * ) SI_UNIT ( $, .STERADIAN. ) SOLID_ANGLE_UNIT ( ) );
#443 = ORIENTED_EDGE ( 'NONE', *, *, #1744, .F. ) ;
#444 = SURFACE_SIDE_STYLE ('',( #2521 ) ) ;
#445 = CARTESIAN_POINT ( 'NONE',  ( -0.5500000000000000444, 0.1000000000000000056, -0.2500000000000000555 ) ) ;
#446 =( LENGTH_UNIT ( ) NAMED_UNIT ( * ) SI_UNIT ( .MILLI., .METRE. ) );
#447 = SURFACE_STYLE_USAGE ( .BOTH. , #679 ) ;
#448 = UNCERTAINTY_MEASURE_WITH_UNIT (LENGTH_MEASURE( 1.000000000000000082E-05 ), #364, 'distance_accuracy_value', 'NONE');
#449 = FILL_AREA_STYLE ('',( #1605 ) ) ;
#450 = MANIFOLD_SOLID_BREP ( 'Pin[2]', #1284 ) ;
#451 = SURFACE_STYLE_FILL_AREA ( #2525 ) ;
#452 = EDGE_LOOP ( 'NONE', ( #2615, #2754, #2330, #2598 ) ) ;
#453 = UNCERTAINTY_MEASURE_WITH_UNIT (LENGTH_MEASURE( 1.000000000000000082E-05 ), #1562, 'distance_accuracy_value', 'NONE');
#454 = EDGE_CURVE ( 'NONE', #2748, #1373, #843, .T. ) ;
#455 = SURFACE_STYLE_FILL_AREA ( #650 ) ;
#456 = ORIENTED_EDGE ( 'NONE', *, *, #1993, .F. ) ;
#457 = CARTESIAN_POINT ( 'NONE',  ( -0.5499999999999999334, 0.000000000000000000, -0.2500000000000000555 ) ) ;
#458 = EDGE_CURVE ( 'NONE', #1373, #857, #1657, .T. ) ;
#459 = LINE ( 'NONE', #1656, #2309 ) ;
#460 =( NAMED_UNIT ( * ) SI_UNIT ( $, .STERADIAN. ) SOLID_ANGLE_UNIT ( ) );
#461 = LINE ( 'NONE', #1628, #2016 ) ;
#462 = ORIENTED_EDGE ( 'NONE', *, *, #1109, .F. ) ;
#463 = MECHANICAL_DESIGN_GEOMETRIC_PRESENTATION_REPRESENTATION (  '', ( #1192 ), #1959 ) ;
#464 = CARTESIAN_POINT ( 'NONE',  ( 0.000000000000000000, 0.5999999999999999778, 0.8000000000000000444 ) ) ;
#465 = CARTESIAN_POINT ( 'NONE',  ( 0.5500000000000001554, 0.1000000000000000056, 0.7500000000000000000 ) ) ;
#466 = CARTESIAN_POINT ( 'NONE',  ( -0.1499999999999999389, 0.1000000000000000056, -0.3999999999999999667 ) ) ;
#467 = ORIENTED_EDGE ( 'NONE', *, *, #296, .F. ) ;
#468 = CARTESIAN_POINT ( 'NONE',  ( 0.4999999999999998890, 0.6999999999999999556, -0.7000000000000000666 ) ) ;
#469 = FILL_AREA_STYLE_COLOUR ( '', #1077 ) ;
#470 = ADVANCED_FACE ( 'NONE', ( #1754 ), #2012, .F. ) ;
#471 = ORIENTED_EDGE ( 'NONE', *, *, #1567, .T. ) ;
#472 = FILL_AREA_STYLE_COLOUR ( '', #1825 ) ;
#473 = STYLED_ITEM ( 'NONE', ( #945 ), #683 ) ;
#474 = DIRECTION ( 'NONE',  ( 0.000000000000000000, 1.000000000000000000, 0.000000000000000000 ) ) ;
#475 = PRESENTATION_LAYER_ASSIGNMENT (  '', '', ( #86 ) ) ;
#476 = ADVANCED_FACE ( 'NONE', ( #1736 ), #163, .T. ) ;
#477 = ORIENTED_EDGE ( 'NONE', *, *, #1075, .T. ) ;
#478 = FILL_AREA_STYLE ('',( #2773 ) ) ;
#479 = STYLED_ITEM ( 'NONE', ( #2724 ), #1218 ) ;
#480 = STYLED_ITEM ( 'NONE', ( #2233 ), #1511 ) ;
#481 =( LENGTH_UNIT ( ) NAMED_UNIT ( * ) SI_UNIT ( .MILLI., .METRE. ) );
#482 = UNCERTAINTY_MEASURE_WITH_UNIT (LENGTH_MEASURE( 1.000000000000000082E-05 ), #578, 'distance_accuracy_value', 'NONE');
#483 = CARTESIAN_POINT ( 'NONE',  ( 0.4999999999999997780, 0.6999999999999999556, -0.7000000000000000666 ) ) ;
#484 = AXIS2_PLACEMENT_3D ( 'NONE', #311, #1247, #840 ) ;
#485 = VERTEX_POINT ( 'NONE', #1546 ) ;
#486 = UNCERTAINTY_MEASURE_WITH_UNIT (LENGTH_MEASURE( 1.000000000000000082E-05 ), #2117, 'distance_accuracy_value', 'NONE');
#487 =( LENGTH_UNIT ( ) NAMED_UNIT ( * ) SI_UNIT ( .MILLI., .METRE. ) );
#488 = EDGE_LOOP ( 'NONE', ( #1243, #385, #1246, #1492 ) ) ;
#489 = DIRECTION ( 'NONE',  ( 0.000000000000000000, 1.000000000000000000, 0.000000000000000000 ) ) ;
#490 = PRESENTATION_LAYER_ASSIGNMENT (  '', '', ( #2571 ) ) ;
#491 = CARTESIAN_POINT ( 'NONE',  ( 0.5500000000000000444, 0.1000000000000000056, 0.2499999999999998335 ) ) ;
#492 =( NAMED_UNIT ( * ) PLANE_ANGLE_UNIT ( ) SI_UNIT ( $, .RADIAN. ) );
#493 = CARTESIAN_POINT ( 'NONE',  ( 0.1500000000000001610, 0.1000000000000000056, -0.7500000000000000000 ) ) ;
#494 = MECHANICAL_DESIGN_GEOMETRIC_PRESENTATION_REPRESENTATION (  '', ( #791 ), #1944 ) ;
#495 = ORIENTED_EDGE ( 'NONE', *, *, #1921, .T. ) ;
#496 = CARTESIAN_POINT ( 'NONE',  ( 0.4999999999999998890, 0.5999999999999999778, 0.6999999999999998446 ) ) ;
#497 = CIRCLE ( 'NONE', #2429, 0.05000000000000002359 ) ;
#498 = ADVANCED_FACE ( 'NONE', ( #1507 ), #2428, .T. ) ;
#499 = DIRECTION ( 'NONE',  ( 0.000000000000000000, -0.000000000000000000, 1.000000000000000000 ) ) ;
#500 = MANIFOLD_SOLID_BREP ( 'Housing', #1619 ) ;
#501 = VERTEX_POINT ( 'NONE', #1396 ) ;
#502 = DIRECTION ( 'NONE',  ( 0.000000000000000000, 0.000000000000000000, 1.000000000000000000 ) ) ;
#503 = ORIENTED_EDGE ( 'NONE', *, *, #1993, .T. ) ;
#504 = DIRECTION ( 'NONE',  ( -1.000000000000000000, 0.000000000000000000, -2.168404344971008868E-16 ) ) ;
#505 = SURFACE_STYLE_USAGE ( .BOTH. , #753 ) ;
#506 = ORIENTED_EDGE ( 'NONE', *, *, #555, .T. ) ;
#507 = SURFACE_STYLE_FILL_AREA ( #2635 ) ;
#508 = FACE_OUTER_BOUND ( 'NONE', #553, .T. ) ;
#509 = PRESENTATION_LAYER_ASSIGNMENT (  '', '', ( #1803 ) ) ;
#510 = EDGE_CURVE ( 'NONE', #2736, #2989, #1844, .T. ) ;
#511 = LINE ( 'NONE', #1441, #1437 ) ;
#512 = CARTESIAN_POINT ( 'NONE',  ( 0.6000000000000000888, 0.5999999999999999778, 0.8000000000000000444 ) ) ;
#513 = COLOUR_RGB ( '',0.2509803921568627416, 0.2509803921568627416, 0.2509803921568627416 ) ;
#514 = DIRECTION ( 'NONE',  ( 0.000000000000000000, -0.000000000000000000, 1.000000000000000000 ) ) ;
#515 = ADVANCED_FACE ( 'NONE', ( #2512 ), #2278, .T. ) ;
#516 = PRESENTATION_LAYER_ASSIGNMENT (  '', '', ( #1048 ) ) ;
#517 = ORIENTED_EDGE ( 'NONE', *, *, #189, .F. ) ;
#518 = UNCERTAINTY_MEASURE_WITH_UNIT (LENGTH_MEASURE( 1.000000000000000082E-05 ), #2975, 'distance_accuracy_value', 'NONE');
#519 = ORIENTED_EDGE ( 'NONE', *, *, #2486, .T. ) ;
#520 = LINE ( 'NONE', #1909, #237 ) ;
#521 =( LENGTH_UNIT ( ) NAMED_UNIT ( * ) SI_UNIT ( .MILLI., .METRE. ) );
#522 = EDGE_LOOP ( 'NONE', ( #2602, #423, #985, #2203, #436 ) ) ;
#523 = SURFACE_STYLE_FILL_AREA ( #2603 ) ;
#524 = SURFACE_SIDE_STYLE ('',( #507 ) ) ;
#525 = VECTOR ( 'NONE', #1465, 1000.000000000000000 ) ;
#526 = FILL_AREA_STYLE_COLOUR ( '', #175 ) ;
#527 = CARTESIAN_POINT ( 'NONE',  ( -0.5500000000000000444, 0.1000000000000000056, 0.2500000000000000555 ) ) ;
#528 = DIRECTION ( 'NONE',  ( 1.000000000000000000, 0.000000000000000000, 0.000000000000000000 ) ) ;
#529 = COLOUR_RGB ( '',0.8431372549019607865, 0.8431372549019607865, 0.8431372549019607865 ) ;
#530 = CARTESIAN_POINT ( 'NONE',  ( -0.2999999999999999334, 0.1000000000000000056, -0.2500000000000000000 ) ) ;
#531 = EDGE_CURVE ( 'NONE', #2800, #1943, #2296, .T. ) ;
#532 = PRESENTATION_STYLE_ASSIGNMENT (( #1215 ) ) ;
#533 = AXIS2_PLACEMENT_3D ( 'NONE', #976, #1886, #2808 ) ;
#534 = ORIENTED_EDGE ( 'NONE', *, *, #2227, .T. ) ;
#535 =( LENGTH_UNIT ( ) NAMED_UNIT ( * ) SI_UNIT ( .MILLI., .METRE. ) );
#536 = AXIS2_PLACEMENT_3D ( 'NONE', #1005, #1454, #2841 ) ;
#537 = EDGE_CURVE ( 'NONE', #410, #106, #1241, .T. ) ;
#538 = FACE_OUTER_BOUND ( 'NONE', #2567, .T. ) ;
#539 = ORIENTED_EDGE ( 'NONE', *, *, #3, .F. ) ;
#540 = SURFACE_STYLE_FILL_AREA ( #1018 ) ;
#541 =( NAMED_UNIT ( * ) SI_UNIT ( $, .STERADIAN. ) SOLID_ANGLE_UNIT ( ) );
#542 = CARTESIAN_POINT ( 'NONE',  ( -0.5500000000000000444, 0.000000000000000000, -0.2500000000000000555 ) ) ;
#543 =( NAMED_UNIT ( * ) SI_UNIT ( $, .STERADIAN. ) SOLID_ANGLE_UNIT ( ) );
#544 = SURFACE_SIDE_STYLE ('',( #2810 ) ) ;
#545 =( LENGTH_UNIT ( ) NAMED_UNIT ( * ) SI_UNIT ( .MILLI., .METRE. ) );
#546 = EDGE_LOOP ( 'NONE', ( #1679, #2378, #2406 ) ) ;
#547 = PLANE ( 'NONE',  #2268 ) ;
#548 = ORIENTED_EDGE ( 'NONE', *, *, #1259, .F. ) ;
#549 = ADVANCED_FACE ( 'NONE', ( #2671 ), #838, .F. ) ;
#550 =( NAMED_UNIT ( * ) SI_UNIT ( $, .STERADIAN. ) SOLID_ANGLE_UNIT ( ) );
#551 =( NAMED_UNIT ( * ) PLANE_ANGLE_UNIT ( ) SI_UNIT ( $, .RADIAN. ) );
#552 = DIRECTION ( 'NONE',  ( 0.000000000000000000, -1.000000000000000000, -0.000000000000000000 ) ) ;
#553 = EDGE_LOOP ( 'NONE', ( #266, #2854, #768, #1908, #1842 ) ) ;
#554 = SURFACE_STYLE_USAGE ( .BOTH. , #1253 ) ;
#555 = EDGE_CURVE ( 'NONE', #2219, #2581, #1949, .T. ) ;
#556 = CARTESIAN_POINT ( 'NONE',  ( -0.4999999999999997780, 0.5999999999999999778, -0.7000000000000000666 ) ) ;
#557 = FACE_BOUND ( 'NONE', #2070, .T. ) ;
#558 =( LENGTH_UNIT ( ) NAMED_UNIT ( * ) SI_UNIT ( .MILLI., .METRE. ) );
#559 = CARTESIAN_POINT ( 'NONE',  ( 0.1500000000000001610, 0.000000000000000000, -0.7500000000000001110 ) ) ;
#560 = MANIFOLD_SOLID_BREP ( 'Pin[3]', #2595 ) ;
#561 = PLANE ( 'NONE',  #1911 ) ;
#562 = PRESENTATION_LAYER_ASSIGNMENT (  '', '', ( #2594 ) ) ;
#563 = VECTOR ( 'NONE', #686, 1000.000000000000000 ) ;
#564 = LINE ( 'NONE', #2890, #1738 ) ;
#565 = ORIENTED_EDGE ( 'NONE', *, *, #2915, .F. ) ;
#566 = AXIS2_PLACEMENT_3D ( 'NONE', #2624, #996, #1647 ) ;
#567 =( NAMED_UNIT ( * ) SI_UNIT ( $, .STERADIAN. ) SOLID_ANGLE_UNIT ( ) );
#568 =( NAMED_UNIT ( * ) SI_UNIT ( $, .STERADIAN. ) SOLID_ANGLE_UNIT ( ) );
#569 = EDGE_LOOP ( 'NONE', ( #638, #1851, #1618, #2310 ) ) ;
#570 = DIRECTION ( 'NONE',  ( 0.000000000000000000, 0.000000000000000000, -1.000000000000000000 ) ) ;
#571 = ADVANCED_FACE ( 'NONE', ( #1269 ), #967, .T. ) ;
#572 = DIRECTION ( 'NONE',  ( -1.000000000000000000, 0.000000000000000000, -0.000000000000000000 ) ) ;
#573 = CIRCLE ( 'NONE', #2248, 0.05000000000000002359 ) ;
#574 =( GEOMETRIC_REPRESENTATION_CONTEXT ( 3 ) GLOBAL_UNCERTAINTY_ASSIGNED_CONTEXT ( ( #1302 ) ) GLOBAL_UNIT_ASSIGNED_CONTEXT ( ( #201, #2303, #908 ) ) REPRESENTATION_CONTEXT ( 'NONE', 'WORKASPACE' ) );
#575 = CARTESIAN_POINT ( 'NONE',  ( 0.1500000000000001610, 0.000000000000000000, -0.7500000000000001110 ) ) ;
#576 =( GEOMETRIC_REPRESENTATION_CONTEXT ( 3 ) GLOBAL_UNCERTAINTY_ASSIGNED_CONTEXT ( ( #1998 ) ) GLOBAL_UNIT_ASSIGNED_CONTEXT ( ( #2873, #1266, #316 ) ) REPRESENTATION_CONTEXT ( 'NONE', 'WORKASPACE' ) );
#577 = DIRECTION ( 'NONE',  ( 0.000000000000000000, 0.000000000000000000, -1.000000000000000000 ) ) ;
#578 =( LENGTH_UNIT ( ) NAMED_UNIT ( * ) SI_UNIT ( .MILLI., .METRE. ) );
#579 = EDGE_LOOP ( 'NONE', ( #220, #2592, #1085, #1504 ) ) ;
#580 = UNCERTAINTY_MEASURE_WITH_UNIT (LENGTH_MEASURE( 1.000000000000000082E-05 ), #2884, 'distance_accuracy_value', 'NONE');
#581 =( GEOMETRIC_REPRESENTATION_CONTEXT ( 3 ) GLOBAL_UNCERTAINTY_ASSIGNED_CONTEXT ( ( #2662 ) ) GLOBAL_UNIT_ASSIGNED_CONTEXT ( ( #2229, #882, #930 ) ) REPRESENTATION_CONTEXT ( 'NONE', 'WORKASPACE' ) );
#582 =( LENGTH_UNIT ( ) NAMED_UNIT ( * ) SI_UNIT ( .MILLI., .METRE. ) );
#583 = VECTOR ( 'NONE', #1481, 1000.000000000000000 ) ;
#584 = DIRECTION ( 'NONE',  ( 1.000000000000000000, 0.000000000000000000, -2.710505431213761085E-16 ) ) ;
#585 = STYLED_ITEM ( 'NONE', ( #1349 ), #2364 ) ;
#586 = CARTESIAN_POINT ( 'NONE',  ( -0.5500000000000000444, 0.1000000000000000056, 0.2500000000000000555 ) ) ;
#587 = PRESENTATION_LAYER_ASSIGNMENT (  '', '', ( #2860 ) ) ;
#588 =( NAMED_UNIT ( * ) SI_UNIT ( $, .STERADIAN. ) SOLID_ANGLE_UNIT ( ) );
#589 = SURFACE_SIDE_STYLE ('',( #821 ) ) ;
#590 = PRESENTATION_LAYER_ASSIGNMENT (  '', '', ( #935 ) ) ;
#591 = LINE ( 'NONE', #867, #640 ) ;
#592 = ORIENTED_EDGE ( 'NONE', *, *, #1728, .T. ) ;
#593 = SURFACE_STYLE_FILL_AREA ( #869 ) ;
#594 =( NAMED_UNIT ( * ) SI_UNIT ( $, .STERADIAN. ) SOLID_ANGLE_UNIT ( ) );
#595 = VERTEX_POINT ( 'NONE', #1801 ) ;
#596 = DIRECTION ( 'NONE',  ( -0.000000000000000000, -1.000000000000000000, -0.000000000000000000 ) ) ;
#597 = CARTESIAN_POINT ( 'NONE',  ( 0.5500000000000000444, 0.1000000000000000056, 0.000000000000000000 ) ) ;
#598 = SURFACE_STYLE_FILL_AREA ( #2212 ) ;
#599 = ADVANCED_FACE ( 'NONE', ( #2018 ), #186, .F. ) ;
#600 =( LENGTH_UNIT ( ) NAMED_UNIT ( * ) SI_UNIT ( .MILLI., .METRE. ) );
#601 = UNCERTAINTY_MEASURE_WITH_UNIT (LENGTH_MEASURE( 1.000000000000000082E-05 ), #545, 'distance_accuracy_value', 'NONE');
#602 = DIRECTION ( 'NONE',  ( -1.000000000000000000, -0.000000000000000000, -0.000000000000000000 ) ) ;
#603 = EDGE_CURVE ( 'NONE', #2818, #1221, #2153, .T. ) ;
#604 = DIRECTION ( 'NONE',  ( 1.000000000000000000, -0.000000000000000000, 0.000000000000000000 ) ) ;
#605 = VECTOR ( 'NONE', #1699, 1000.000000000000000 ) ;
#606 = VERTEX_POINT ( 'NONE', #2969 ) ;
#607 = VECTOR ( 'NONE', #618, 1000.000000000000000 ) ;
#608 = SURFACE_STYLE_FILL_AREA ( #407 ) ;
#609 =( GEOMETRIC_REPRESENTATION_CONTEXT ( 3 ) GLOBAL_UNCERTAINTY_ASSIGNED_CONTEXT ( ( #1276 ) ) GLOBAL_UNIT_ASSIGNED_CONTEXT ( ( #861, #1136, #2049 ) ) REPRESENTATION_CONTEXT ( 'NONE', 'WORKASPACE' ) );
#610 = CARTESIAN_POINT ( 'NONE',  ( 0.5500000000000000444, 0.1000000000000000056, -0.2499999999999998335 ) ) ;
#611 = DIRECTION ( 'NONE',  ( -0.000000000000000000, -1.000000000000000000, -0.000000000000000000 ) ) ;
#612 = FILL_AREA_STYLE ('',( #139 ) ) ;
#613 = SURFACE_STYLE_USAGE ( .BOTH. , #1293 ) ;
#614 =( GEOMETRIC_REPRESENTATION_CONTEXT ( 3 ) GLOBAL_UNCERTAINTY_ASSIGNED_CONTEXT ( ( #1968 ) ) GLOBAL_UNIT_ASSIGNED_CONTEXT ( ( #481, #2489, #2289 ) ) REPRESENTATION_CONTEXT ( 'NONE', 'WORKASPACE' ) );
#615 = DIRECTION ( 'NONE',  ( 7.744301232039314216E-17, 0.000000000000000000, -1.000000000000000000 ) ) ;
#616 =( NAMED_UNIT ( * ) SI_UNIT ( $, .STERADIAN. ) SOLID_ANGLE_UNIT ( ) );
#617 = LINE ( 'NONE', #597, #2799 ) ;
#618 = DIRECTION ( 'NONE',  ( -0.000000000000000000, 0.000000000000000000, 1.000000000000000000 ) ) ;
#619 = PLANE ( 'NONE',  #979 ) ;
#620 = VECTOR ( 'NONE', #2307, 1000.000000000000000 ) ;
#621 = ORIENTED_EDGE ( 'NONE', *, *, #2397, .F. ) ;
#622 = PRESENTATION_LAYER_ASSIGNMENT (  '', '', ( #1296 ) ) ;
#623 = EDGE_CURVE ( 'NONE', #727, #2380, #1124, .T. ) ;
#624 = SURFACE_SIDE_STYLE ('',( #1054 ) ) ;
#625 = LINE ( 'NONE', #2461, #250 ) ;
#626 = AXIS2_PLACEMENT_3D ( 'NONE', #2415, #1479, #97 ) ;
#627 = EDGE_LOOP ( 'NONE', ( #2191, #467, #1044, #2961 ) ) ;
#628 = SURFACE_STYLE_USAGE ( .BOTH. , #1056 ) ;
#629 = LINE ( 'NONE', #1566, #89 ) ;
#630 = VECTOR ( 'NONE', #2851, 1000.000000000000000 ) ;
#631 = DIRECTION ( 'NONE',  ( 1.000000000000000000, -0.000000000000000000, 7.744301232039314216E-17 ) ) ;
#632 = DIRECTION ( 'NONE',  ( 0.000000000000000000, 0.000000000000000000, 1.000000000000000000 ) ) ;
#633 = AXIS2_PLACEMENT_3D ( 'NONE', #1238, #2636, #1905 ) ;
#634 = PRESENTATION_LAYER_ASSIGNMENT (  '', '', ( #2081 ) ) ;
#635 = PRESENTATION_LAYER_ASSIGNMENT (  '', '', ( #1987 ) ) ;
#636 = AXIS2_PLACEMENT_3D ( 'NONE', #440, #222, #1363 ) ;
#637 = FILL_AREA_STYLE_COLOUR ( '', #150 ) ;
#638 = ORIENTED_EDGE ( 'NONE', *, *, #2486, .F. ) ;
#639 = CARTESIAN_POINT ( 'NONE',  ( -0.1499999999999999112, 0.1000000000000000056, 0.7500000000000001110 ) ) ;
#640 = VECTOR ( 'NONE', #2242, 1000.000000000000000 ) ;
#641 = PRESENTATION_STYLE_ASSIGNMENT (( #2710 ) ) ;
#642 = ORIENTED_EDGE ( 'NONE', *, *, #2344, .F. ) ;
#643 = PRESENTATION_STYLE_ASSIGNMENT (( #2371 ) ) ;
#644 = CARTESIAN_POINT ( 'NONE',  ( -0.1499999999999999389, 0.1000000000000000056, -0.3999999999999999667 ) ) ;
#645 = ADVANCED_FACE ( 'NONE', ( #1774 ), #2505, .F. ) ;
#646 = LINE ( 'NONE', #2471, #1690 ) ;
#647 = SURFACE_STYLE_USAGE ( .BOTH. , #2727 ) ;
#648 = SURFACE_STYLE_USAGE ( .BOTH. , #2720 ) ;
#649 = VERTEX_POINT ( 'NONE', #35 ) ;
#650 = FILL_AREA_STYLE ('',( #194 ) ) ;
#651 = DIRECTION ( 'NONE',  ( 1.000000000000000000, 0.000000000000000000, -5.421010862427522170E-17 ) ) ;
#652 = EDGE_LOOP ( 'NONE', ( #2681, #2656, #749, #1132, #2978, #2939, #2780, #592 ) ) ;
#653 = CARTESIAN_POINT ( 'NONE',  ( 0.1500000000000001610, 0.1000000000000000056, 0.7500000000000001110 ) ) ;
#654 = DIRECTION ( 'NONE',  ( 0.000000000000000000, -0.000000000000000000, 1.000000000000000000 ) ) ;
#655 = STYLED_ITEM ( 'NONE', ( #1620 ), #498 ) ;
#656 = ADVANCED_BREP_SHAPE_REPRESENTATION ( 'ASCO-12.000MHZ-EK-T3', ( #2485, #450, #500, #1511, #560, #2554, #1793 ), #1270 ) ;
#657 = DIRECTION ( 'NONE',  ( 2.710505431213761085E-16, -0.000000000000000000, 1.000000000000000000 ) ) ;
#658 = PRESENTATION_LAYER_ASSIGNMENT (  '', '', ( #1962 ) ) ;
#659 = EDGE_CURVE ( 'NONE', #1188, #2748, #676, .T. ) ;
#660 = VECTOR ( 'NONE', #2324, 1000.000000000000000 ) ;
#661 = CARTESIAN_POINT ( 'NONE',  ( 0.000000000000000000, 0.1000000000000000056, 0.000000000000000000 ) ) ;
#662 = DIRECTION ( 'NONE',  ( -2.168404344971008128E-16, 0.000000000000000000, -1.000000000000000000 ) ) ;
#663 = DIRECTION ( 'NONE',  ( -1.000000000000000000, 0.000000000000000000, 0.000000000000000000 ) ) ;
#664 =( GEOMETRIC_REPRESENTATION_CONTEXT ( 3 ) GLOBAL_UNCERTAINTY_ASSIGNED_CONTEXT ( ( #827 ) ) GLOBAL_UNIT_ASSIGNED_CONTEXT ( ( #1079, #158, #2930 ) ) REPRESENTATION_CONTEXT ( 'NONE', 'WORKASPACE' ) );
#665 = ORIENTED_EDGE ( 'NONE', *, *, #2187, .F. ) ;
#666 = UNCERTAINTY_MEASURE_WITH_UNIT (LENGTH_MEASURE( 1.000000000000000082E-05 ), #916, 'distance_accuracy_value', 'NONE');
#667 = LINE ( 'NONE', #2039, #2084 ) ;
#668 = VECTOR ( 'NONE', #584, 1000.000000000000000 ) ;
#669 =( LENGTH_UNIT ( ) NAMED_UNIT ( * ) SI_UNIT ( .MILLI., .METRE. ) );
#670 = ORIENTED_EDGE ( 'NONE', *, *, #1198, .F. ) ;
#671 = VECTOR ( 'NONE', #1522, 1000.000000000000000 ) ;
#672 = LINE ( 'NONE', #1847, #983 ) ;
#673 = VECTOR ( 'NONE', #2807, 1000.000000000000000 ) ;
#674 = CARTESIAN_POINT ( 'NONE',  ( 0.5500000000000000444, 0.1000000000000000056, -0.2499999999999998890 ) ) ;
#675 = CARTESIAN_POINT ( 'NONE',  ( 0.5500000000000000444, 0.1000000000000000056, -0.2499999999999998335 ) ) ;
#676 = LINE ( 'NONE', #2590, #913 ) ;
#677 = STYLED_ITEM ( 'NONE', ( #2113 ), #2172 ) ;
#678 = EDGE_CURVE ( 'NONE', #358, #1769, #2555, .T. ) ;
#679 = SURFACE_SIDE_STYLE ('',( #2758 ) ) ;
#680 = PLANE ( 'NONE',  #633 ) ;
#681 = VECTOR ( 'NONE', #1420, 1000.000000000000000 ) ;
#682 = AXIS2_PLACEMENT_3D ( 'NONE', #2245, #651, #2451 ) ;
#683 = ADVANCED_FACE ( 'NONE', ( #747 ), #1871, .F. ) ;
#684 = PRESENTATION_STYLE_ASSIGNMENT (( #1843 ) ) ;
#685 = VECTOR ( 'NONE', #2906, 1000.000000000000000 ) ;
#686 = DIRECTION ( 'NONE',  ( 0.7071067811865475727, 0.000000000000000000, -0.7071067811865474617 ) ) ;
#687 = LINE ( 'NONE', #2750, #987 ) ;
#688 = ORIENTED_EDGE ( 'NONE', *, *, #2341, .T. ) ;
#689 = VECTOR ( 'NONE', #1431, 1000.000000000000000 ) ;
#690 = DIRECTION ( 'NONE',  ( 2.710505431213761085E-16, -0.000000000000000000, 1.000000000000000000 ) ) ;
#691 =( LENGTH_UNIT ( ) NAMED_UNIT ( * ) SI_UNIT ( .MILLI., .METRE. ) );
#692 = LINE ( 'NONE', #706, #1638 ) ;
#693 = LINE ( 'NONE', #1613, #970 ) ;
#694 = ORIENTED_EDGE ( 'NONE', *, *, #1273, .F. ) ;
#695 = CARTESIAN_POINT ( 'NONE',  ( 0.1500000000000000777, 0.000000000000000000, 0.7500000000000001110 ) ) ;
#696 = LINE ( 'NONE', #256, #2492 ) ;
#697 = UNCERTAINTY_MEASURE_WITH_UNIT (LENGTH_MEASURE( 1.000000000000000082E-05 ), #337, 'distance_accuracy_value', 'NONE');
#698 = LINE ( 'NONE', #466, #746 ) ;
#699 = ORIENTED_EDGE ( 'NONE', *, *, #2047, .F. ) ;
#700 = UNCERTAINTY_MEASURE_WITH_UNIT (LENGTH_MEASURE( 1.000000000000000082E-05 ), #2637, 'distance_accuracy_value', 'NONE');
#701 = PRESENTATION_STYLE_ASSIGNMENT (( #2733 ) ) ;
#702 = ADVANCED_FACE ( 'NONE', ( #508 ), #731, .T. ) ;
#703 = PRESENTATION_STYLE_ASSIGNMENT (( #2120 ) ) ;
#704 = VERTEX_POINT ( 'NONE', #695 ) ;
#705 = CARTESIAN_POINT ( 'NONE',  ( -0.4999999999999997780, 0.6500000000000000222, 0.7499999999999998890 ) ) ;
#706 = CARTESIAN_POINT ( 'NONE',  ( -0.4999999999999997780, 0.6999999999999999556, -0.7000000000000000666 ) ) ;
#707 =( LENGTH_UNIT ( ) NAMED_UNIT ( * ) SI_UNIT ( .MILLI., .METRE. ) );
#708 =( NAMED_UNIT ( * ) SI_UNIT ( $, .STERADIAN. ) SOLID_ANGLE_UNIT ( ) );
#709 = VERTEX_POINT ( 'NONE', #2065 ) ;
#710 = DIRECTION ( 'NONE',  ( 0.7071067811865475727, -0.000000000000000000, 0.7071067811865475727 ) ) ;
#711 = MECHANICAL_DESIGN_GEOMETRIC_PRESENTATION_REPRESENTATION (  '', ( #323 ), #664 ) ;
#712 =( LENGTH_UNIT ( ) NAMED_UNIT ( * ) SI_UNIT ( .MILLI., .METRE. ) );
#713 = CARTESIAN_POINT ( 'NONE',  ( -0.4999999999999997780, 0.6999999999999999556, -0.7000000000000000666 ) ) ;
#714 = AXIS2_PLACEMENT_3D ( 'NONE', #1383, #657, #1189 ) ;
#715 = LINE ( 'NONE', #1184, #2329 ) ;
#716 = ORIENTED_EDGE ( 'NONE', *, *, #2341, .F. ) ;
#717 = CARTESIAN_POINT ( 'NONE',  ( -0.5499999999999999334, 0.1000000000000000056, -0.7500000000000000000 ) ) ;
#718 = COLOUR_RGB ( '',0.2509803921568627416, 0.2509803921568627416, 0.2509803921568627416 ) ;
#719 = PRESENTATION_STYLE_ASSIGNMENT (( #2993 ) ) ;
#720 = ORIENTED_EDGE ( 'NONE', *, *, #2006, .F. ) ;
#721 = EDGE_CURVE ( 'NONE', #709, #1226, #2536, .T. ) ;
#722 = FILL_AREA_STYLE_COLOUR ( '', #2375 ) ;
#723 = AXIS2_PLACEMENT_3D ( 'NONE', #1002, #770, #1684 ) ;
#724 = FILL_AREA_STYLE_COLOUR ( '', #2403 ) ;
#725 = LINE ( 'NONE', #1850, #1587 ) ;
#726 =( GEOMETRIC_REPRESENTATION_CONTEXT ( 3 ) GLOBAL_UNCERTAINTY_ASSIGNED_CONTEXT ( ( #113 ) ) GLOBAL_UNIT_ASSIGNED_CONTEXT ( ( #582, #63, #550 ) ) REPRESENTATION_CONTEXT ( 'NONE', 'WORKASPACE' ) );
#727 = VERTEX_POINT ( 'NONE', #233 ) ;
#728 = FACE_OUTER_BOUND ( 'NONE', #2652, .T. ) ;
#729 = ADVANCED_FACE ( 'NONE', ( #2194 ), #2622, .F. ) ;
#730 = STYLED_ITEM ( 'NONE', ( #1812 ), #1514 ) ;
#731 = PLANE ( 'NONE',  #225 ) ;
#732 = CARTESIAN_POINT ( 'NONE',  ( 0.5500000000000000444, 0.000000000000000000, -0.2499999999999999445 ) ) ;
#733 = CARTESIAN_POINT ( 'NONE',  ( 0.1500000000000001610, 0.1000000000000000056, 0.7500000000000001110 ) ) ;
#734 = PRESENTATION_LAYER_ASSIGNMENT (  '', '', ( #2213 ) ) ;
#735 = CARTESIAN_POINT ( 'NONE',  ( -0.5500000000000000444, 0.1000000000000000056, 0.2500000000000000555 ) ) ;
#736 = ORIENTED_EDGE ( 'NONE', *, *, #1222, .F. ) ;
#737 = AXIS2_PLACEMENT_3D ( 'NONE', #1828, #489, #654 ) ;
#738 = SURFACE_STYLE_FILL_AREA ( #2798 ) ;
#739 = SURFACE_STYLE_USAGE ( .BOTH. , #2529 ) ;
#740 = ORIENTED_EDGE ( 'NONE', *, *, #2042, .T. ) ;
#741 = PRESENTATION_LAYER_ASSIGNMENT (  '', '', ( #788 ) ) ;
#742 = EDGE_CURVE ( 'NONE', #1943, #1658, #350, .T. ) ;
#743 =( NAMED_UNIT ( * ) PLANE_ANGLE_UNIT ( ) SI_UNIT ( $, .RADIAN. ) );
#744 = ORIENTED_EDGE ( 'NONE', *, *, #765, .T. ) ;
#745 = DIRECTION ( 'NONE',  ( -0.000000000000000000, -1.000000000000000000, 0.000000000000000000 ) ) ;
#746 = VECTOR ( 'NONE', #2762, 1000.000000000000114 ) ;
#747 = FACE_OUTER_BOUND ( 'NONE', #45, .T. ) ;
#748 = LINE ( 'NONE', #733, #2372 ) ;
#749 = ORIENTED_EDGE ( 'NONE', *, *, #2283, .T. ) ;
#750 = DIRECTION ( 'NONE',  ( -1.000000000000000000, -0.000000000000000000, -0.000000000000000000 ) ) ;
#751 = ORIENTED_EDGE ( 'NONE', *, *, #2006, .T. ) ;
#752 = FACE_OUTER_BOUND ( 'NONE', #1826, .T. ) ;
#753 = SURFACE_SIDE_STYLE ('',( #2584 ) ) ;
#754 =( NAMED_UNIT ( * ) PLANE_ANGLE_UNIT ( ) SI_UNIT ( $, .RADIAN. ) );
#755 = VERTEX_POINT ( 'NONE', #1008 ) ;
#756 = CARTESIAN_POINT ( 'NONE',  ( 0.5500000000000000444, 0.1000000000000000056, 0.2499999999999998335 ) ) ;
#757 = SURFACE_SIDE_STYLE ('',( #994 ) ) ;
#758 = PRODUCT ( 'ASCO-12.000MHZ-EK-T3', 'ASCO-12.000MHZ-EK-T3', '', ( #2017 ) ) ;
#759 = LINE ( 'NONE', #1236, #2161 ) ;
#760 = VECTOR ( 'NONE', #2644, 1000.000000000000000 ) ;
#761 = ADVANCED_FACE ( 'NONE', ( #1471 ), #1281, .F. ) ;
#762 = PRESENTATION_LAYER_ASSIGNMENT (  '', '', ( #1193 ) ) ;
#763 = LINE ( 'NONE', #530, #56 ) ;
#764 = UNCERTAINTY_MEASURE_WITH_UNIT (LENGTH_MEASURE( 1.000000000000000082E-05 ), #1069, 'distance_accuracy_value', 'NONE');
#765 = EDGE_CURVE ( 'NONE', #1200, #2096, #773, .T. ) ;
#766 = MECHANICAL_DESIGN_GEOMETRIC_PRESENTATION_REPRESENTATION (  '', ( #2493 ), #1195 ) ;
#767 =( NAMED_UNIT ( * ) SI_UNIT ( $, .STERADIAN. ) SOLID_ANGLE_UNIT ( ) );
#768 = ORIENTED_EDGE ( 'NONE', *, *, #401, .T. ) ;
#769 = SURFACE_STYLE_USAGE ( .BOTH. , #2281 ) ;
#770 = DIRECTION ( 'NONE',  ( 1.000000000000000000, 0.000000000000000000, 0.000000000000000000 ) ) ;
#771 = ORIENTED_EDGE ( 'NONE', *, *, #1088, .T. ) ;
#772 = MECHANICAL_DESIGN_GEOMETRIC_PRESENTATION_REPRESENTATION (  '', ( #378 ), #860 ) ;
#773 = LINE ( 'NONE', #2826, #1158 ) ;
#774 = CARTESIAN_POINT ( 'NONE',  ( -0.1499999999999999112, 0.1000000000000000056, 0.7500000000000001110 ) ) ;
#775 = VECTOR ( 'NONE', #1167, 1000.000000000000000 ) ;
#776 = EDGE_CURVE ( 'NONE', #2285, #1424, #759, .T. ) ;
#777 = FILL_AREA_STYLE_COLOUR ( '', #1607 ) ;
#778 = EDGE_LOOP ( 'NONE', ( #1634, #1875, #845, #1159 ) ) ;
#779 = VECTOR ( 'NONE', #602, 1000.000000000000000 ) ;
#780 = ADVANCED_FACE ( 'NONE', ( #2155 ), #2605, .F. ) ;
#781 = AXIS2_PLACEMENT_3D ( 'NONE', #849, #2484, #1554 ) ;
#782 = EDGE_LOOP ( 'NONE', ( #519, #2546, #1228, #2094 ) ) ;
#783 = LINE ( 'NONE', #1217, #2416 ) ;
#784 = MECHANICAL_DESIGN_GEOMETRIC_PRESENTATION_REPRESENTATION (  '', ( #1503 ), #1834 ) ;
#785 = CARTESIAN_POINT ( 'NONE',  ( -0.5499999999999999334, 0.1000000000000000056, 0.000000000000000000 ) ) ;
#786 = CARTESIAN_POINT ( 'NONE',  ( -0.5999999999999998668, 0.000000000000000000, 0.8000000000000000444 ) ) ;
#787 = ORIENTED_EDGE ( 'NONE', *, *, #2764, .T. ) ;
#788 = STYLED_ITEM ( 'NONE', ( #701 ), #2485 ) ;
#789 = CARTESIAN_POINT ( 'NONE',  ( -0.5499999999999999334, 0.000000000000000000, 0.7500000000000000000 ) ) ;
#790 = FACE_BOUND ( 'NONE', #522, .T. ) ;
#791 = STYLED_ITEM ( 'NONE', ( #703 ), #2672 ) ;
#792 = SURFACE_STYLE_FILL_AREA ( #361 ) ;
#793 = SURFACE_STYLE_USAGE ( .BOTH. , #218 ) ;
#794 = VECTOR ( 'NONE', #2343, 1000.000000000000000 ) ;
#795 = SURFACE_STYLE_USAGE ( .BOTH. , #1027 ) ;
#796 = LINE ( 'NONE', #1705, #1144 ) ;
#797 =( NAMED_UNIT ( * ) PLANE_ANGLE_UNIT ( ) SI_UNIT ( $, .RADIAN. ) );
#798 = EDGE_CURVE ( 'NONE', #1417, #2166, #877, .T. ) ;
#799 = FILL_AREA_STYLE ('',( #825 ) ) ;
#800 = ORIENTED_EDGE ( 'NONE', *, *, #52, .T. ) ;
#801 = EDGE_CURVE ( 'NONE', #1710, #2439, #2003, .T. ) ;
#802 = FACE_OUTER_BOUND ( 'NONE', #2560, .T. ) ;
#803 = LINE ( 'NONE', #2384, #760 ) ;
#804 = LINE ( 'NONE', #2633, #525 ) ;
#805 = VERTEX_POINT ( 'NONE', #2469 ) ;
#806 = FILL_AREA_STYLE ('',( #83 ) ) ;
#807 =( NAMED_UNIT ( * ) SI_UNIT ( $, .STERADIAN. ) SOLID_ANGLE_UNIT ( ) );
#808 = CARTESIAN_POINT ( 'NONE',  ( -0.2999999999999999334, 0.1000000000000000056, -0.2500000000000000000 ) ) ;
#809 = SURFACE_STYLE_FILL_AREA ( #1715 ) ;
#810 = VECTOR ( 'NONE', #1291, 1000.000000000000000 ) ;
#811 = AXIS2_PLACEMENT_3D ( 'NONE', #2556, #2050, #1388 ) ;
#812 = FILL_AREA_STYLE ('',( #1261 ) ) ;
#813 = ORIENTED_EDGE ( 'NONE', *, *, #458, .T. ) ;
#814 = FACE_OUTER_BOUND ( 'NONE', #2495, .T. ) ;
#815 = EDGE_CURVE ( 'NONE', #2144, #704, #858, .T. ) ;
#816 = VERTEX_POINT ( 'NONE', #2958 ) ;
#817 = FILL_AREA_STYLE_COLOUR ( '', #1455 ) ;
#818 = FILL_AREA_STYLE_COLOUR ( '', #2992 ) ;
#819 = DIRECTION ( 'NONE',  ( -0.000000000000000000, -1.000000000000000000, 0.000000000000000000 ) ) ;
#820 =( GEOMETRIC_REPRESENTATION_CONTEXT ( 3 ) GLOBAL_UNCERTAINTY_ASSIGNED_CONTEXT ( ( #2908 ) ) GLOBAL_UNIT_ASSIGNED_CONTEXT ( ( #156, #2249, #1582 ) ) REPRESENTATION_CONTEXT ( 'NONE', 'WORKASPACE' ) );
#821 = SURFACE_STYLE_FILL_AREA ( #1936 ) ;
#822 =( GEOMETRIC_REPRESENTATION_CONTEXT ( 3 ) GLOBAL_UNCERTAINTY_ASSIGNED_CONTEXT ( ( #854 ) ) GLOBAL_UNIT_ASSIGNED_CONTEXT ( ( #1074, #2015, #167 ) ) REPRESENTATION_CONTEXT ( 'NONE', 'WORKASPACE' ) );
#823 = CARTESIAN_POINT ( 'NONE',  ( 0.1499999999999999944, 0.1000000000000000056, 0.2500000000000000000 ) ) ;
#824 = UNCERTAINTY_MEASURE_WITH_UNIT (LENGTH_MEASURE( 1.000000000000000082E-05 ), #846, 'distance_accuracy_value', 'NONE');
#825 = FILL_AREA_STYLE_COLOUR ( '', #1219 ) ;
#826 = VERTEX_POINT ( 'NONE', #848 ) ;
#827 = UNCERTAINTY_MEASURE_WITH_UNIT (LENGTH_MEASURE( 1.000000000000000082E-05 ), #1079, 'distance_accuracy_value', 'NONE');
#828 = VECTOR ( 'NONE', #1156, 1000.000000000000000 ) ;
#829 = FACE_OUTER_BOUND ( 'NONE', #1443, .T. ) ;
#830 = FILL_AREA_STYLE_COLOUR ( '', #2596 ) ;
#831 = ORIENTED_EDGE ( 'NONE', *, *, #798, .F. ) ;
#832 = MECHANICAL_DESIGN_GEOMETRIC_PRESENTATION_REPRESENTATION (  '', ( #191 ), #2623 ) ;
#833 = EDGE_CURVE ( 'NONE', #2181, #1737, #573, .T. ) ;
#834 = FILL_AREA_STYLE ('',( #1772 ) ) ;
#835 = PRESENTATION_LAYER_ASSIGNMENT (  '', '', ( #1735 ) ) ;
#836 = STYLED_ITEM ( 'NONE', ( #2494 ), #2761 ) ;
#837 = ADVANCED_FACE ( 'NONE', ( #1336 ), #428, .F. ) ;
#838 = PLANE ( 'NONE',  #1239 ) ;
#839 = MECHANICAL_DESIGN_GEOMETRIC_PRESENTATION_REPRESENTATION (  '', ( #1742 ), #1466 ) ;
#840 = DIRECTION ( 'NONE',  ( -1.000000000000000000, 0.000000000000000000, -0.000000000000000000 ) ) ;
#841 = CARTESIAN_POINT ( 'NONE',  ( 0.4999999999999997780, 0.5999999999999999778, -0.7500000000000001110 ) ) ;
#842 = ORIENTED_EDGE ( 'NONE', *, *, #1977, .T. ) ;
#843 = LINE ( 'NONE', #610, #2777 ) ;
#844 = CARTESIAN_POINT ( 'NONE',  ( 0.5500000000000000444, 0.1000000000000000056, 0.2499999999999998335 ) ) ;
#845 = ORIENTED_EDGE ( 'NONE', *, *, #555, .F. ) ;
#846 =( LENGTH_UNIT ( ) NAMED_UNIT ( * ) SI_UNIT ( .MILLI., .METRE. ) );
#847 = CARTESIAN_POINT ( 'NONE',  ( 0.5500000000000001554, 0.1000000000000000056, 0.7500000000000000000 ) ) ;
#848 = CARTESIAN_POINT ( 'NONE',  ( -0.5499999999999999334, 0.1000000000000000056, -0.2500000000000000555 ) ) ;
#849 = CARTESIAN_POINT ( 'NONE',  ( 0.4999999999999998890, 0.6500000000000000222, 0.6999999999999998446 ) ) ;
#850 = EDGE_CURVE ( 'NONE', #816, #1859, #387, .T. ) ;
#851 = PRESENTATION_STYLE_ASSIGNMENT (( #1501 ) ) ;
#852 = CARTESIAN_POINT ( 'NONE',  ( -0.4999999999999997780, 0.6500000000000000222, 0.6999999999999998446 ) ) ;
#853 = VERTEX_POINT ( 'NONE', #1521 ) ;
#854 = UNCERTAINTY_MEASURE_WITH_UNIT (LENGTH_MEASURE( 1.000000000000000082E-05 ), #1074, 'distance_accuracy_value', 'NONE');
#855 = MECHANICAL_DESIGN_GEOMETRIC_PRESENTATION_REPRESENTATION (  '', ( #1193 ), #2350 ) ;
#856 = SURFACE_SIDE_STYLE ('',( #1097 ) ) ;
#857 = VERTEX_POINT ( 'NONE', #956 ) ;
#858 = LINE ( 'NONE', #1310, #1248 ) ;
#859 = SHAPE_DEFINITION_REPRESENTATION ( #2882, #656 ) ;
#860 =( GEOMETRIC_REPRESENTATION_CONTEXT ( 3 ) GLOBAL_UNCERTAINTY_ASSIGNED_CONTEXT ( ( #2201 ) ) GLOBAL_UNIT_ASSIGNED_CONTEXT ( ( #183, #2210, #1800 ) ) REPRESENTATION_CONTEXT ( 'NONE', 'WORKASPACE' ) );
#861 =( LENGTH_UNIT ( ) NAMED_UNIT ( * ) SI_UNIT ( .MILLI., .METRE. ) );
#862 = FACE_OUTER_BOUND ( 'NONE', #1263, .T. ) ;
#863 =( NAMED_UNIT ( * ) PLANE_ANGLE_UNIT ( ) SI_UNIT ( $, .RADIAN. ) );
#864 = AXIS2_PLACEMENT_3D ( 'NONE', #2757, #2573, #499 ) ;
#865 = ADVANCED_FACE ( 'NONE', ( #1169 ), #942, .T. ) ;
#866 = VECTOR ( 'NONE', #282, 1000.000000000000000 ) ;
#867 = CARTESIAN_POINT ( 'NONE',  ( -0.5499999999999999334, 0.1000000000000000056, -0.7500000000000001110 ) ) ;
#868 = ORIENTED_EDGE ( 'NONE', *, *, #891, .F. ) ;
#869 = FILL_AREA_STYLE ('',( #2909 ) ) ;
#870 = EDGE_CURVE ( 'NONE', #308, #485, #725, .T. ) ;
#871 = DIRECTION ( 'NONE',  ( 2.168404344971008128E-16, 0.000000000000000000, -1.000000000000000000 ) ) ;
#872 = SURFACE_STYLE_FILL_AREA ( #1098 ) ;
#873 = PRESENTATION_LAYER_ASSIGNMENT (  '', '', ( #480 ) ) ;
#874 = ORIENTED_EDGE ( 'NONE', *, *, #721, .T. ) ;
#875 = FACE_BOUND ( 'NONE', #1692, .T. ) ;
#876 = PRESENTATION_LAYER_ASSIGNMENT (  '', '', ( #1883 ) ) ;
#877 = LINE ( 'NONE', #1076, #1923 ) ;
#878 = VECTOR ( 'NONE', #305, 1000.000000000000000 ) ;
#879 = CIRCLE ( 'NONE', #2218, 0.05000000000000002359 ) ;
#880 = PRESENTATION_STYLE_ASSIGNMENT (( #2943 ) ) ;
#881 = DIRECTION ( 'NONE',  ( -0.000000000000000000, -1.000000000000000000, -0.000000000000000000 ) ) ;
#882 =( NAMED_UNIT ( * ) PLANE_ANGLE_UNIT ( ) SI_UNIT ( $, .RADIAN. ) );
#883 = COLOUR_RGB ( '',0.8431372549019607865, 0.8431372549019607865, 0.8431372549019607865 ) ;
#884 =( GEOMETRIC_REPRESENTATION_CONTEXT ( 3 ) GLOBAL_UNCERTAINTY_ASSIGNED_CONTEXT ( ( #2744 ) ) GLOBAL_UNIT_ASSIGNED_CONTEXT ( ( #340, #2834, #767 ) ) REPRESENTATION_CONTEXT ( 'NONE', 'WORKASPACE' ) );
#885 = EDGE_LOOP ( 'NONE', ( #1178, #1938, #1556, #1768 ) ) ;
#886 = UNCERTAINTY_MEASURE_WITH_UNIT (LENGTH_MEASURE( 1.000000000000000082E-05 ), #2502, 'distance_accuracy_value', 'NONE');
#887 = SURFACE_STYLE_FILL_AREA ( #2026 ) ;
#888 = MECHANICAL_DESIGN_GEOMETRIC_PRESENTATION_REPRESENTATION (  '', ( #254 ), #1991 ) ;
#889 = VERTEX_POINT ( 'NONE', #493 ) ;
#890 = FACE_OUTER_BOUND ( 'NONE', #2936, .T. ) ;
#891 = EDGE_CURVE ( 'NONE', #2473, #2912, #461, .T. ) ;
#892 = CARTESIAN_POINT ( 'NONE',  ( -0.4999999999999997780, 0.6999999999999999556, 0.6999999999999998446 ) ) ;
#893 = DIRECTION ( 'NONE',  ( 1.000000000000000000, 0.000000000000000000, 0.000000000000000000 ) ) ;
#894 = DIRECTION ( 'NONE',  ( 0.000000000000000000, -0.000000000000000000, -1.000000000000000000 ) ) ;
#895 =( NAMED_UNIT ( * ) PLANE_ANGLE_UNIT ( ) SI_UNIT ( $, .RADIAN. ) );
#896 = SURFACE_STYLE_FILL_AREA ( #2719 ) ;
#897 =( LENGTH_UNIT ( ) NAMED_UNIT ( * ) SI_UNIT ( .MILLI., .METRE. ) );
#898 = CARTESIAN_POINT ( 'NONE',  ( -0.4999999999999997780, 0.6500000000000000222, -0.7000000000000000666 ) ) ;
#899 = ORIENTED_EDGE ( 'NONE', *, *, #1990, .T. ) ;
#900 = SURFACE_STYLE_USAGE ( .BOTH. , #2496 ) ;
#901 = LINE ( 'NONE', #2711, #2264 ) ;
#902 = ORIENTED_EDGE ( 'NONE', *, *, #2896, .F. ) ;
#903 = SURFACE_STYLE_FILL_AREA ( #939 ) ;
#904 =( LENGTH_UNIT ( ) NAMED_UNIT ( * ) SI_UNIT ( .MILLI., .METRE. ) );
#905 = MECHANICAL_DESIGN_GEOMETRIC_PRESENTATION_REPRESENTATION (  '', ( #1805 ), #2682 ) ;
#906 = SURFACE_STYLE_USAGE ( .BOTH. , #2770 ) ;
#907 = ADVANCED_FACE ( 'NONE', ( #1814 ), #2061, .F. ) ;
#908 =( NAMED_UNIT ( * ) SI_UNIT ( $, .STERADIAN. ) SOLID_ANGLE_UNIT ( ) );
#909 = CARTESIAN_POINT ( 'NONE',  ( 0.1500000000000001610, 0.000000000000000000, -0.7500000000000000000 ) ) ;
#910 =( NAMED_UNIT ( * ) SI_UNIT ( $, .STERADIAN. ) SOLID_ANGLE_UNIT ( ) );
#911 = CARTESIAN_POINT ( 'NONE',  ( 0.1500000000000001610, 0.1000000000000000056, 0.7500000000000001110 ) ) ;
#912 = FILL_AREA_STYLE_COLOUR ( '', #2088 ) ;
#913 = VECTOR ( 'NONE', #2085, 1000.000000000000000 ) ;
#914 = ORIENTED_EDGE ( 'NONE', *, *, #1321, .F. ) ;
#915 = VECTOR ( 'NONE', #2385, 1000.000000000000000 ) ;
#916 =( LENGTH_UNIT ( ) NAMED_UNIT ( * ) SI_UNIT ( .MILLI., .METRE. ) );
#917 = CARTESIAN_POINT ( 'NONE',  ( -0.4999999999999997780, 0.6500000000000000222, -0.7000000000000000666 ) ) ;
#918 = ORIENTED_EDGE ( 'NONE', *, *, #1588, .F. ) ;
#919 = AXIS2_PLACEMENT_3D ( 'NONE', #1976, #2265, #1771 ) ;
#920 =( NAMED_UNIT ( * ) SI_UNIT ( $, .STERADIAN. ) SOLID_ANGLE_UNIT ( ) );
#921 =( NAMED_UNIT ( * ) PLANE_ANGLE_UNIT ( ) SI_UNIT ( $, .RADIAN. ) );
#922 = MECHANICAL_DESIGN_GEOMETRIC_PRESENTATION_REPRESENTATION (  '', ( #2413 ), #2169 ) ;
#923 = PRESENTATION_STYLE_ASSIGNMENT (( #2982 ) ) ;
#924 = DIRECTION ( 'NONE',  ( 0.000000000000000000, -0.000000000000000000, -1.000000000000000000 ) ) ;
#925 = EDGE_LOOP ( 'NONE', ( #736, #2712, #1784, #2029 ) ) ;
#926 =( LENGTH_UNIT ( ) NAMED_UNIT ( * ) SI_UNIT ( .MILLI., .METRE. ) );
#927 = PRESENTATION_LAYER_ASSIGNMENT (  '', '', ( #1688 ) ) ;
#928 = CIRCLE ( 'NONE', #781, 0.05000000000000002359 ) ;
#929 = PLANE ( 'NONE',  #375 ) ;
#930 =( NAMED_UNIT ( * ) SI_UNIT ( $, .STERADIAN. ) SOLID_ANGLE_UNIT ( ) );
#931 = EDGE_CURVE ( 'NONE', #857, #1188, #227, .T. ) ;
#932 = CARTESIAN_POINT ( 'NONE',  ( -0.5499999999999998224, 0.6500000000000000222, 0.6999999999999998446 ) ) ;
#933 = ORIENTED_EDGE ( 'NONE', *, *, #458, .F. ) ;
#934 = LINE ( 'NONE', #193, #1553 ) ;
#935 = STYLED_ITEM ( 'NONE', ( #2765 ), #2631 ) ;
#936 = PLANE ( 'NONE',  #2954 ) ;
#937 = ORIENTED_EDGE ( 'NONE', *, *, #1786, .F. ) ;
#938 = VECTOR ( 'NONE', #2795, 1000.000000000000114 ) ;
#939 = FILL_AREA_STYLE ('',( #2979 ) ) ;
#940 = LINE ( 'NONE', #491, #2940 ) ;
#941 = DIRECTION ( 'NONE',  ( 0.000000000000000000, 0.000000000000000000, -1.000000000000000000 ) ) ;
#942 = CYLINDRICAL_SURFACE ( 'NONE', #1252, 0.05000000000000002359 ) ;
#943 = ORIENTED_EDGE ( 'NONE', *, *, #2966, .F. ) ;
#944 = DIRECTION ( 'NONE',  ( 0.7071067811865474617, 0.000000000000000000, -0.7071067811865474617 ) ) ;
#945 = PRESENTATION_STYLE_ASSIGNMENT (( #2 ) ) ;
#946 = DIRECTION ( 'NONE',  ( 1.000000000000000000, 0.000000000000000000, -0.000000000000000000 ) ) ;
#947 = UNCERTAINTY_MEASURE_WITH_UNIT (LENGTH_MEASURE( 1.000000000000000082E-05 ), #1558, 'distance_accuracy_value', 'NONE');
#948 = DIRECTION ( 'NONE',  ( -2.710505431213761085E-16, 0.000000000000000000, 1.000000000000000000 ) ) ;
#949 = EDGE_CURVE ( 'NONE', #2166, #1344, #693, .T. ) ;
#950 = DIRECTION ( 'NONE',  ( 1.000000000000000000, 0.000000000000000000, 0.000000000000000000 ) ) ;
#951 = ORIENTED_EDGE ( 'NONE', *, *, #1611, .T. ) ;
#952 =( NAMED_UNIT ( * ) PLANE_ANGLE_UNIT ( ) SI_UNIT ( $, .RADIAN. ) );
#953 = EDGE_LOOP ( 'NONE', ( #1094, #21, #1734, #1117 ) ) ;
#954 = LINE ( 'NONE', #1639, #775 ) ;
#955 = FILL_AREA_STYLE_COLOUR ( '', #115 ) ;
#956 = CARTESIAN_POINT ( 'NONE',  ( 0.5500000000000000444, 0.000000000000000000, -0.2499999999999998890 ) ) ;
#957 = EDGE_LOOP ( 'NONE', ( #2222, #1111, #294, #2362 ) ) ;
#958 = DIRECTION ( 'NONE',  ( 0.000000000000000000, 0.000000000000000000, -1.000000000000000000 ) ) ;
#959 = AXIS2_PLACEMENT_3D ( 'NONE', #1981, #1746, #2524 ) ;
#960 = CARTESIAN_POINT ( 'NONE',  ( -0.5500000000000000444, 0.1000000000000000056, -0.2500000000000000555 ) ) ;
#961 = CARTESIAN_POINT ( 'NONE',  ( -0.1499999999999999112, 0.000000000000000000, -0.7500000000000001110 ) ) ;
#962 = STYLED_ITEM ( 'NONE', ( #2318 ), #332 ) ;
#963 = DIRECTION ( 'NONE',  ( 0.7071067811865475727, 0.000000000000000000, -0.7071067811865474617 ) ) ;
#964 = EDGE_LOOP ( 'NONE', ( #2530, #503, #2147, #2232 ) ) ;
#965 = EDGE_CURVE ( 'NONE', #595, #704, #2150, .T. ) ;
#966 = COLOUR_RGB ( '',0.8431372549019607865, 0.8431372549019607865, 0.8431372549019607865 ) ;
#967 = CYLINDRICAL_SURFACE ( 'NONE', #2684, 0.05000000000000002359 ) ;
#968 =( NAMED_UNIT ( * ) SI_UNIT ( $, .STERADIAN. ) SOLID_ANGLE_UNIT ( ) );
#969 = ORIENTED_EDGE ( 'NONE', *, *, #2225, .T. ) ;
#970 = VECTOR ( 'NONE', #2533, 1000.000000000000000 ) ;
#971 = CARTESIAN_POINT ( 'NONE',  ( 0.4999999999999998890, 0.6999999999999999556, 0.6999999999999998446 ) ) ;
#972 = DIRECTION ( 'NONE',  ( 0.000000000000000000, 0.000000000000000000, 1.000000000000000000 ) ) ;
#973 = FILL_AREA_STYLE_COLOUR ( '', #2608 ) ;
#974 = COLOUR_RGB ( '',1.000000000000000000, 0.8117647058823529438, 0.5019607843137254832 ) ;
#975 = ORIENTED_EDGE ( 'NONE', *, *, #189, .T. ) ;
#976 = CARTESIAN_POINT ( 'NONE',  ( 0.000000000000000000, 0.000000000000000000, 0.000000000000000000 ) ) ;
#977 = AXIS2_PLACEMENT_3D ( 'NONE', #1770, #2431, #372 ) ;
#978 = SURFACE_SIDE_STYLE ('',( #1835 ) ) ;
#979 = AXIS2_PLACEMENT_3D ( 'NONE', #2066, #1661, #948 ) ;
#980 = SURFACE_STYLE_USAGE ( .BOTH. , #544 ) ;
#981 = DIRECTION ( 'NONE',  ( -2.710505431213761085E-16, -0.000000000000000000, -1.000000000000000000 ) ) ;
#982 = ORIENTED_EDGE ( 'NONE', *, *, #1407, .F. ) ;
#983 = VECTOR ( 'NONE', #1134, 1000.000000000000000 ) ;
#984 = COLOUR_RGB ( '',0.2509803921568627416, 0.2509803921568627416, 0.2509803921568627416 ) ;
#985 = ORIENTED_EDGE ( 'NONE', *, *, #1749, .T. ) ;
#986 =( NAMED_UNIT ( * ) SI_UNIT ( $, .STERADIAN. ) SOLID_ANGLE_UNIT ( ) );
#987 = VECTOR ( 'NONE', #2994, 1000.000000000000000 ) ;
#988 =( NAMED_UNIT ( * ) PLANE_ANGLE_UNIT ( ) SI_UNIT ( $, .RADIAN. ) );
#989 = PLANE ( 'NONE',  #166 ) ;
#990 = DIRECTION ( 'NONE',  ( -0.000000000000000000, -1.000000000000000000, -0.000000000000000000 ) ) ;
#991 = VECTOR ( 'NONE', #2614, 1000.000000000000000 ) ;
#992 = EDGE_CURVE ( 'NONE', #2786, #2870, #287, .T. ) ;
#993 = ORIENTED_EDGE ( 'NONE', *, *, #1899, .T. ) ;
#994 = SURFACE_STYLE_FILL_AREA ( #53 ) ;
#995 = PRESENTATION_LAYER_ASSIGNMENT (  '', '', ( #254 ) ) ;
#996 = DIRECTION ( 'NONE',  ( -0.000000000000000000, -1.000000000000000000, -0.000000000000000000 ) ) ;
#997 = FILL_AREA_STYLE ('',( #1255 ) ) ;
#998 = PRESENTATION_STYLE_ASSIGNMENT (( #1225 ) ) ;
#999 = PRESENTATION_STYLE_ASSIGNMENT (( #57 ) ) ;
#1000 = ORIENTED_EDGE ( 'NONE', *, *, #2206, .F. ) ;
#1001 =( NAMED_UNIT ( * ) SI_UNIT ( $, .STERADIAN. ) SOLID_ANGLE_UNIT ( ) );
#1002 = CARTESIAN_POINT ( 'NONE',  ( -0.4999999999999997780, 0.6500000000000000222, 0.6999999999999998446 ) ) ;
#1003 = VERTEX_POINT ( 'NONE', #1700 ) ;
#1004 = PRESENTATION_STYLE_ASSIGNMENT (( #554 ) ) ;
#1005 = CARTESIAN_POINT ( 'NONE',  ( 0.4999999999999997780, 0.6500000000000000222, -0.7000000000000000666 ) ) ;
#1006 = PRESENTATION_LAYER_ASSIGNMENT (  '', '', ( #1091 ) ) ;
#1007 = EDGE_CURVE ( 'NONE', #1859, #501, #1667, .T. ) ;
#1008 = CARTESIAN_POINT ( 'NONE',  ( -0.5499999999999999334, 0.000000000000000000, -0.7500000000000000000 ) ) ;
#1009 = COLOUR_RGB ( '',0.2509803921568627416, 0.2509803921568627416, 0.2509803921568627416 ) ;
#1010 = EDGE_CURVE ( 'NONE', #1488, #1067, #804, .T. ) ;
#1011 =( NAMED_UNIT ( * ) SI_UNIT ( $, .STERADIAN. ) SOLID_ANGLE_UNIT ( ) );
#1012 = ORIENTED_EDGE ( 'NONE', *, *, #1306, .T. ) ;
#1013 = UNCERTAINTY_MEASURE_WITH_UNIT (LENGTH_MEASURE( 1.000000000000000082E-05 ), #487, 'distance_accuracy_value', 'NONE');
#1014 = SURFACE_SIDE_STYLE ('',( #2611 ) ) ;
#1015 =( NAMED_UNIT ( * ) SI_UNIT ( $, .STERADIAN. ) SOLID_ANGLE_UNIT ( ) );
#1016 = ORIENTED_EDGE ( 'NONE', *, *, #2462, .F. ) ;
#1017 = EDGE_LOOP ( 'NONE', ( #109, #2772, #2276, #694 ) ) ;
#1018 = FILL_AREA_STYLE ('',( #2112 ) ) ;
#1019 = PLANE ( 'NONE',  #351 ) ;
#1020 = MECHANICAL_DESIGN_GEOMETRIC_PRESENTATION_REPRESENTATION (  '', ( #1449 ), #574 ) ;
#1021 = APPLICATION_CONTEXT ( 'automotive_design' ) ;
#1022 = SURFACE_STYLE_FILL_AREA ( #806 ) ;
#1023 = EDGE_CURVE ( 'NONE', #1737, #2246, #2369, .T. ) ;
#1024 = CARTESIAN_POINT ( 'NONE',  ( -0.2999999999999999334, -1.524659305057740610E-17, -0.2500000000000000000 ) ) ;
#1025 = STYLED_ITEM ( 'NONE', ( #198 ), #1325 ) ;
#1026 = DIRECTION ( 'NONE',  ( -1.000000000000000000, -0.000000000000000000, 0.000000000000000000 ) ) ;
#1027 = SURFACE_SIDE_STYLE ('',( #2626 ) ) ;
#1028 = EDGE_CURVE ( 'NONE', #2508, #1432, #1900, .T. ) ;
#1029 = EDGE_LOOP ( 'NONE', ( #1706, #716, #2647, #2766 ) ) ;
#1030 =( LENGTH_UNIT ( ) NAMED_UNIT ( * ) SI_UNIT ( .MILLI., .METRE. ) );
#1031 = ORIENTED_EDGE ( 'NONE', *, *, #801, .F. ) ;
#1032 = CARTESIAN_POINT ( 'NONE',  ( -0.5500000000000000444, 0.000000000000000000, 0.2500000000000000555 ) ) ;
#1033 = AXIS2_PLACEMENT_3D ( 'NONE', #2316, #2997, #212 ) ;
#1034 = CARTESIAN_POINT ( 'NONE',  ( 0.6000000000000000888, 0.5999999999999999778, 0.8000000000000000444 ) ) ;
#1035 = LINE ( 'NONE', #2655, #866 ) ;
#1036 = ORIENTED_EDGE ( 'NONE', *, *, #1203, .F. ) ;
#1037 = PRESENTATION_LAYER_ASSIGNMENT (  '', '', ( #247 ) ) ;
#1038 = SURFACE_STYLE_USAGE ( .BOTH. , #2858 ) ;
#1039 = VECTOR ( 'NONE', #963, 1000.000000000000000 ) ;
#1040 = ORIENTED_EDGE ( 'NONE', *, *, #1010, .F. ) ;
#1041 = EDGE_CURVE ( 'NONE', #1226, #805, #1709, .T. ) ;
#1042 = DIRECTION ( 'NONE',  ( -1.000000000000000000, 0.000000000000000000, -2.710505431213761085E-16 ) ) ;
#1043 = VERTEX_POINT ( 'NONE', #786 ) ;
#1044 = ORIENTED_EDGE ( 'NONE', *, *, #2157, .T. ) ;
#1045 = DIRECTION ( 'NONE',  ( 0.000000000000000000, 0.000000000000000000, -1.000000000000000000 ) ) ;
#1046 = SPHERICAL_SURFACE ( 'NONE', #44, 0.05000000000000000278 ) ;
#1047 = SURFACE_SIDE_STYLE ('',( #809 ) ) ;
#1048 = STYLED_ITEM ( 'NONE', ( #415 ), #599 ) ;
#1049 = MECHANICAL_DESIGN_GEOMETRIC_PRESENTATION_REPRESENTATION (  '', ( #1962 ), #614 ) ;
#1050 = FACE_OUTER_BOUND ( 'NONE', #1275, .T. ) ;
#1051 = ORIENTED_EDGE ( 'NONE', *, *, #1642, .F. ) ;
#1052 = LINE ( 'NONE', #639, #2129 ) ;
#1053 = COLOUR_RGB ( '',1.000000000000000000, 0.8117647058823529438, 0.5019607843137254832 ) ;
#1054 = SURFACE_STYLE_FILL_AREA ( #1084 ) ;
#1055 = ORIENTED_EDGE ( 'NONE', *, *, #965, .T. ) ;
#1056 = SURFACE_SIDE_STYLE ('',( #2941 ) ) ;
#1057 = EDGE_CURVE ( 'NONE', #1658, #2581, #79, .T. ) ;
#1058 = SURFACE_STYLE_USAGE ( .BOTH. , #1086 ) ;
#1059 = DIRECTION ( 'NONE',  ( -1.000000000000000000, 0.000000000000000000, -0.000000000000000000 ) ) ;
#1060 = LINE ( 'NONE', #1523, #1457 ) ;
#1061 = MECHANICAL_DESIGN_GEOMETRIC_PRESENTATION_REPRESENTATION (  '', ( #2651 ), #820 ) ;
#1062 = DIRECTION ( 'NONE',  ( -1.000000000000000000, -0.000000000000000000, 0.000000000000000000 ) ) ;
#1063 = VECTOR ( 'NONE', #596, 1000.000000000000000 ) ;
#1064 = PLANE ( 'NONE',  #959 ) ;
#1065 = UNCERTAINTY_MEASURE_WITH_UNIT (LENGTH_MEASURE( 1.000000000000000082E-05 ), #301, 'distance_accuracy_value', 'NONE');
#1066 = CARTESIAN_POINT ( 'NONE',  ( -0.5999999999999998668, 0.5999999999999999778, 0.8000000000000000444 ) ) ;
#1067 = VERTEX_POINT ( 'NONE', #2839 ) ;
#1068 = CARTESIAN_POINT ( 'NONE',  ( 0.5500000000000000444, 0.1000000000000000056, -0.2499999999999998335 ) ) ;
#1069 =( LENGTH_UNIT ( ) NAMED_UNIT ( * ) SI_UNIT ( .MILLI., .METRE. ) );
#1070 = ORIENTED_EDGE ( 'NONE', *, *, #2042, .F. ) ;
#1071 = PRESENTATION_STYLE_ASSIGNMENT (( #628 ) ) ;
#1072 = SURFACE_STYLE_FILL_AREA ( #612 ) ;
#1073 = PRESENTATION_LAYER_ASSIGNMENT (  '', '', ( #2661 ) ) ;
#1074 =( LENGTH_UNIT ( ) NAMED_UNIT ( * ) SI_UNIT ( .MILLI., .METRE. ) );
#1075 = EDGE_CURVE ( 'NONE', #2581, #308, #2412, .T. ) ;
#1076 = CARTESIAN_POINT ( 'NONE',  ( 0.5500000000000001554, 0.000000000000000000, 0.000000000000000000 ) ) ;
#1077 = COLOUR_RGB ( '',0.2509803921568627416, 0.2509803921568627416, 0.2509803921568627416 ) ;
#1078 = EDGE_CURVE ( 'NONE', #2231, #1417, #1450, .T. ) ;
#1079 =( LENGTH_UNIT ( ) NAMED_UNIT ( * ) SI_UNIT ( .MILLI., .METRE. ) );
#1080 = CARTESIAN_POINT ( 'NONE',  ( 0.4999999999999998890, 0.6500000000000000222, -0.7000000000000000666 ) ) ;
#1081 = DIRECTION ( 'NONE',  ( -0.000000000000000000, -1.000000000000000000, -0.000000000000000000 ) ) ;
#1082 = SURFACE_STYLE_FILL_AREA ( #1127 ) ;
#1083 = ORIENTED_EDGE ( 'NONE', *, *, #1426, .F. ) ;
#1084 = FILL_AREA_STYLE ('',( #830 ) ) ;
#1085 = ORIENTED_EDGE ( 'NONE', *, *, #2900, .T. ) ;
#1086 = SURFACE_SIDE_STYLE ('',( #386 ) ) ;
#1087 = CARTESIAN_POINT ( 'NONE',  ( -0.5500000000000000444, 0.1000000000000000056, 0.2500000000000000555 ) ) ;
#1088 = EDGE_CURVE ( 'NONE', #1452, #1811, #1035, .T. ) ;
#1089 = UNCERTAINTY_MEASURE_WITH_UNIT (LENGTH_MEASURE( 1.000000000000000082E-05 ), #2391, 'distance_accuracy_value', 'NONE');
#1090 = PRESENTATION_STYLE_ASSIGNMENT (( #648 ) ) ;
#1091 = STYLED_ITEM ( 'NONE', ( #2214 ), #69 ) ;
#1092 = DIRECTION ( 'NONE',  ( 0.000000000000000000, -0.000000000000000000, -1.000000000000000000 ) ) ;
#1093 = AXIS2_PLACEMENT_3D ( 'NONE', #1068, #1518, #871 ) ;
#1094 = ORIENTED_EDGE ( 'NONE', *, *, #1662, .F. ) ;
#1095 = DIRECTION ( 'NONE',  ( 0.000000000000000000, 0.000000000000000000, -1.000000000000000000 ) ) ;
#1096 = STYLED_ITEM ( 'NONE', ( #719 ), #515 ) ;
#1097 = SURFACE_STYLE_FILL_AREA ( #2923 ) ;
#1098 = FILL_AREA_STYLE ('',( #136 ) ) ;
#1099 = ORIENTED_EDGE ( 'NONE', *, *, #2227, .F. ) ;
#1100 =( LENGTH_UNIT ( ) NAMED_UNIT ( * ) SI_UNIT ( .MILLI., .METRE. ) );
#1101 =( GEOMETRIC_REPRESENTATION_CONTEXT ( 3 ) GLOBAL_UNCERTAINTY_ASSIGNED_CONTEXT ( ( #886 ) ) GLOBAL_UNIT_ASSIGNED_CONTEXT ( ( #2502, #1627, #460 ) ) REPRESENTATION_CONTEXT ( 'NONE', 'WORKASPACE' ) );
#1102 = SURFACE_SIDE_STYLE ('',( #1072 ) ) ;
#1103 = COLOUR_RGB ( '',0.2509803921568627416, 0.2509803921568627416, 0.2509803921568627416 ) ;
#1104 =( NAMED_UNIT ( * ) SI_UNIT ( $, .STERADIAN. ) SOLID_ANGLE_UNIT ( ) );
#1105 = CARTESIAN_POINT ( 'NONE',  ( -0.5500000000000000444, 0.1000000000000000056, 0.2500000000000000555 ) ) ;
#1106 = FILL_AREA_STYLE ('',( #187 ) ) ;
#1107 =( GEOMETRIC_REPRESENTATION_CONTEXT ( 3 ) GLOBAL_UNCERTAINTY_ASSIGNED_CONTEXT ( ( #2690 ) ) GLOBAL_UNIT_ASSIGNED_CONTEXT ( ( #1030, #797, #1415 ) ) REPRESENTATION_CONTEXT ( 'NONE', 'WORKASPACE' ) );
#1108 = AXIS2_PLACEMENT_3D ( 'NONE', #2981, #2999, #28 ) ;
#1109 = EDGE_CURVE ( 'NONE', #704, #709, #2398, .T. ) ;
#1110 = SURFACE_SIDE_STYLE ('',( #1082 ) ) ;
#1111 = ORIENTED_EDGE ( 'NONE', *, *, #2933, .T. ) ;
#1112 = SURFACE_STYLE_FILL_AREA ( #2962 ) ;
#1113 = PRESENTATION_LAYER_ASSIGNMENT (  '', '', ( #730 ) ) ;
#1114 = CARTESIAN_POINT ( 'NONE',  ( -0.4999999999999997780, 0.6500000000000000222, 0.6999999999999998446 ) ) ;
#1115 = FILL_AREA_STYLE ('',( #180 ) ) ;
#1116 = MECHANICAL_DESIGN_GEOMETRIC_PRESENTATION_REPRESENTATION (  '', ( #1883 ), #581 ) ;
#1117 = ORIENTED_EDGE ( 'NONE', *, *, #965, .F. ) ;
#1118 = PLANE ( 'NONE',  #484 ) ;
#1119 = LINE ( 'NONE', #2895, #1063 ) ;
#1120 = COLOUR_RGB ( '',1.000000000000000000, 0.8117647058823529438, 0.5019607843137254832 ) ;
#1121 = STYLED_ITEM ( 'NONE', ( #1425 ), #2142 ) ;
#1122 = CARTESIAN_POINT ( 'NONE',  ( -0.1499999999999999389, 0.1000000000000000056, -0.3999999999999999667 ) ) ;
#1123 = VECTOR ( 'NONE', #224, 1000.000000000000000 ) ;
#1124 = LINE ( 'NONE', #2228, #2927 ) ;
#1125 = AXIS2_PLACEMENT_3D ( 'NONE', #149, #381, #1288 ) ;
#1126 = MECHANICAL_DESIGN_GEOMETRIC_PRESENTATION_REPRESENTATION (  '', ( #2905 ), #1894 ) ;
#1127 = FILL_AREA_STYLE ('',( #637 ) ) ;
#1128 = ORIENTED_EDGE ( 'NONE', *, *, #2419, .T. ) ;
#1129 = PLANE ( 'NONE',  #1788 ) ;
#1130 = ADVANCED_FACE ( 'NONE', ( #538 ), #2136, .T. ) ;
#1131 = PRESENTATION_STYLE_ASSIGNMENT (( #195 ) ) ;
#1132 = ORIENTED_EDGE ( 'NONE', *, *, #2344, .T. ) ;
#1133 =( NAMED_UNIT ( * ) PLANE_ANGLE_UNIT ( ) SI_UNIT ( $, .RADIAN. ) );
#1134 = DIRECTION ( 'NONE',  ( 0.000000000000000000, -0.000000000000000000, 1.000000000000000000 ) ) ;
#1135 = LINE ( 'NONE', #230, #2794 ) ;
#1136 =( NAMED_UNIT ( * ) PLANE_ANGLE_UNIT ( ) SI_UNIT ( $, .RADIAN. ) );
#1137 = DIRECTION ( 'NONE',  ( -0.000000000000000000, -1.000000000000000000, -0.000000000000000000 ) ) ;
#1138 = CARTESIAN_POINT ( 'NONE',  ( 0.1500000000000001610, 0.1000000000000000056, -0.7500000000000001110 ) ) ;
#1139 = FACE_OUTER_BOUND ( 'NONE', #2294, .T. ) ;
#1140 = ORIENTED_EDGE ( 'NONE', *, *, #1862, .F. ) ;
#1141 =( LENGTH_UNIT ( ) NAMED_UNIT ( * ) SI_UNIT ( .MILLI., .METRE. ) );
#1142 = DIRECTION ( 'NONE',  ( 0.000000000000000000, 1.000000000000000000, 0.000000000000000000 ) ) ;
#1143 = VECTOR ( 'NONE', #941, 1000.000000000000000 ) ;
#1144 = VECTOR ( 'NONE', #1950, 1000.000000000000000 ) ;
#1145 = ORIENTED_EDGE ( 'NONE', *, *, #1780, .T. ) ;
#1146 =( NAMED_UNIT ( * ) SI_UNIT ( $, .STERADIAN. ) SOLID_ANGLE_UNIT ( ) );
#1147 = COLOUR_RGB ( '',0.2509803921568627416, 0.2509803921568627416, 0.2509803921568627416 ) ;
#1148 =( NAMED_UNIT ( * ) SI_UNIT ( $, .STERADIAN. ) SOLID_ANGLE_UNIT ( ) );
#1149 = PLANE ( 'NONE',  #1237 ) ;
#1150 = SURFACE_STYLE_USAGE ( .BOTH. , #1384 ) ;
#1151 = ADVANCED_FACE ( 'NONE', ( #1205 ), #59, .T. ) ;
#1152 = ORIENTED_EDGE ( 'NONE', *, *, #126, .F. ) ;
#1153 = CARTESIAN_POINT ( 'NONE',  ( 0.000000000000000000, 0.000000000000000000, 0.000000000000000000 ) ) ;
#1154 = DIRECTION ( 'NONE',  ( 0.000000000000000000, -0.000000000000000000, 1.000000000000000000 ) ) ;
#1155 = CARTESIAN_POINT ( 'NONE',  ( -0.1499999999999999112, 0.1000000000000000056, 0.000000000000000000 ) ) ;
#1156 = DIRECTION ( 'NONE',  ( 0.000000000000000000, 1.000000000000000000, -0.000000000000000000 ) ) ;
#1157 = DIRECTION ( 'NONE',  ( 0.7071067811865475727, -0.000000000000000000, 0.7071067811865475727 ) ) ;
#1158 = VECTOR ( 'NONE', #819, 1000.000000000000000 ) ;
#1159 = ORIENTED_EDGE ( 'NONE', *, *, #1921, .F. ) ;
#1160 = UNCERTAINTY_MEASURE_WITH_UNIT (LENGTH_MEASURE( 1.000000000000000082E-05 ), #1575, 'distance_accuracy_value', 'NONE');
#1161 = CARTESIAN_POINT ( 'NONE',  ( 0.5499999999999999334, 0.5999999999999999778, 0.6999999999999998446 ) ) ;
#1162 = SURFACE_STYLE_USAGE ( .BOTH. , #2951 ) ;
#1163 = DIRECTION ( 'NONE',  ( 1.000000000000000000, 0.000000000000000000, 0.000000000000000000 ) ) ;
#1164 = EDGE_LOOP ( 'NONE', ( #699, #2460, #1447, #11 ) ) ;
#1165 = MECHANICAL_DESIGN_GEOMETRIC_PRESENTATION_REPRESENTATION (  '', ( #421 ), #576 ) ;
#1166 = DIRECTION ( 'NONE',  ( -1.000000000000000000, -0.000000000000000000, 2.710505431213761085E-16 ) ) ;
#1167 = DIRECTION ( 'NONE',  ( -0.000000000000000000, -1.000000000000000000, -0.000000000000000000 ) ) ;
#1168 = PRESENTATION_LAYER_ASSIGNMENT (  '', '', ( #2413 ) ) ;
#1169 = FACE_OUTER_BOUND ( 'NONE', #964, .T. ) ;
#1170 = ORIENTED_EDGE ( 'NONE', *, *, #211, .F. ) ;
#1171 = FILL_AREA_STYLE_COLOUR ( '', #143 ) ;
#1172 = AXIS2_PLACEMENT_3D ( 'NONE', #2582, #504, #1436 ) ;
#1173 = ADVANCED_FACE ( 'NONE', ( #286 ), #1356, .F. ) ;
#1174 = DIRECTION ( 'NONE',  ( 0.000000000000000000, 1.000000000000000000, 0.000000000000000000 ) ) ;
#1175 = ORIENTED_EDGE ( 'NONE', *, *, #276, .T. ) ;
#1176 = PRESENTATION_LAYER_ASSIGNMENT (  '', '', ( #2086 ) ) ;
#1177 = CARTESIAN_POINT ( 'NONE',  ( -0.2999999999999999334, 0.1000000000000000056, -0.2500000000000000000 ) ) ;
#1178 = ORIENTED_EDGE ( 'NONE', *, *, #1402, .F. ) ;
#1179 = VECTOR ( 'NONE', #950, 1000.000000000000000 ) ;
#1180 = SURFACE_STYLE_USAGE ( .BOTH. , #246 ) ;
#1181 = DIRECTION ( 'NONE',  ( -0.000000000000000000, -1.000000000000000000, -0.000000000000000000 ) ) ;
#1182 = LINE ( 'NONE', #2270, #1460 ) ;
#1183 = FACE_OUTER_BOUND ( 'NONE', #2339, .T. ) ;
#1184 = CARTESIAN_POINT ( 'NONE',  ( -0.1499999999999999112, 0.1000000000000000056, -0.7500000000000001110 ) ) ;
#1185 = ORIENTED_EDGE ( 'NONE', *, *, #623, .F. ) ;
#1186 = FILL_AREA_STYLE_COLOUR ( '', #1395 ) ;
#1187 = SURFACE_SIDE_STYLE ('',( #2332 ) ) ;
#1188 = VERTEX_POINT ( 'NONE', #2824 ) ;
#1189 = DIRECTION ( 'NONE',  ( 1.000000000000000000, 0.000000000000000000, -2.710505431213761085E-16 ) ) ;
#1190 = ORIENTED_EDGE ( 'NONE', *, *, #659, .T. ) ;
#1191 = LINE ( 'NONE', #1870, #426 ) ;
#1192 = STYLED_ITEM ( 'NONE', ( #2124 ), #439 ) ;
#1193 = STYLED_ITEM ( 'NONE', ( #1500 ), #571 ) ;
#1194 =( NAMED_UNIT ( * ) SI_UNIT ( $, .STERADIAN. ) SOLID_ANGLE_UNIT ( ) );
#1195 =( GEOMETRIC_REPRESENTATION_CONTEXT ( 3 ) GLOBAL_UNCERTAINTY_ASSIGNED_CONTEXT ( ( #2447 ) ) GLOBAL_UNIT_ASSIGNED_CONTEXT ( ( #2591, #70, #1889 ) ) REPRESENTATION_CONTEXT ( 'NONE', 'WORKASPACE' ) );
#1196 = LINE ( 'NONE', #1821, #938 ) ;
#1197 = SURFACE_SIDE_STYLE ('',( #104 ) ) ;
#1198 = EDGE_CURVE ( 'NONE', #805, #1347, #68, .T. ) ;
#1199 = FACE_OUTER_BOUND ( 'NONE', #1901, .T. ) ;
#1200 = VERTEX_POINT ( 'NONE', #1917 ) ;
#1201 = SURFACE_SIDE_STYLE ('',( #1463 ) ) ;
#1202 = COLOUR_RGB ( '',0.2509803921568627416, 0.2509803921568627416, 0.2509803921568627416 ) ;
#1203 = EDGE_CURVE ( 'NONE', #501, #1710, #2842, .T. ) ;
#1204 = FILL_AREA_STYLE_COLOUR ( '', #1009 ) ;
#1205 = FACE_OUTER_BOUND ( 'NONE', #579, .T. ) ;
#1206 = ORIENTED_EDGE ( 'NONE', *, *, #52, .F. ) ;
#1207 = LINE ( 'NONE', #2400, #1978 ) ;
#1208 =( NAMED_UNIT ( * ) PLANE_ANGLE_UNIT ( ) SI_UNIT ( $, .RADIAN. ) );
#1209 = CIRCLE ( 'NONE', #1645, 0.05000000000000002359 ) ;
#1210 = DIRECTION ( 'NONE',  ( 0.000000000000000000, 0.000000000000000000, -1.000000000000000000 ) ) ;
#1211 = VECTOR ( 'NONE', #2250, 1000.000000000000000 ) ;
#1212 = FILL_AREA_STYLE_COLOUR ( '', #2224 ) ;
#1213 = FILL_AREA_STYLE ('',( #1484 ) ) ;
#1214 = UNCERTAINTY_MEASURE_WITH_UNIT (LENGTH_MEASURE( 1.000000000000000082E-05 ), #1141, 'distance_accuracy_value', 'NONE');
#1215 = SURFACE_STYLE_USAGE ( .BOTH. , #2365 ) ;
#1216 = EDGE_LOOP ( 'NONE', ( #1404, #65, #1000, #259 ) ) ;
#1217 = CARTESIAN_POINT ( 'NONE',  ( -0.5999999999999998668, 0.5999999999999999778, 0.8000000000000000444 ) ) ;
#1218 = ADVANCED_FACE ( 'NONE', ( #1234, #790, #557, #875, #2208 ), #1741, .T. ) ;
#1219 = COLOUR_RGB ( '',0.2509803921568627416, 0.2509803921568627416, 0.2509803921568627416 ) ;
#1220 =( NAMED_UNIT ( * ) PLANE_ANGLE_UNIT ( ) SI_UNIT ( $, .RADIAN. ) );
#1221 = VERTEX_POINT ( 'NONE', #892 ) ;
#1222 = EDGE_CURVE ( 'NONE', #1686, #1435, #629, .T. ) ;
#1223 = SURFACE_SIDE_STYLE ('',( #303 ) ) ;
#1224 = FACE_OUTER_BOUND ( 'NONE', #207, .T. ) ;
#1225 = SURFACE_STYLE_USAGE ( .BOTH. , #1704 ) ;
#1226 = VERTEX_POINT ( 'NONE', #847 ) ;
#1227 = CARTESIAN_POINT ( 'NONE',  ( -0.5499999999999998224, 0.6500000000000000222, 0.6999999999999998446 ) ) ;
#1228 = ORIENTED_EDGE ( 'NONE', *, *, #1379, .T. ) ;
#1229 = ADVANCED_FACE ( 'NONE', ( #1551 ), #1758, .F. ) ;
#1230 = CARTESIAN_POINT ( 'NONE',  ( 0.1500000000000001610, 0.1000000000000000056, 0.7500000000000001110 ) ) ;
#1231 = ORIENTED_EDGE ( 'NONE', *, *, #850, .F. ) ;
#1232 = LINE ( 'NONE', #33, #2022 ) ;
#1233 = PRESENTATION_STYLE_ASSIGNMENT (( #67 ) ) ;
#1234 = FACE_OUTER_BOUND ( 'NONE', #2126, .T. ) ;
#1235 = EDGE_CURVE ( 'NONE', #196, #2478, #1119, .T. ) ;
#1236 = CARTESIAN_POINT ( 'NONE',  ( 0.6000000000000000888, 0.5999999999999999778, -0.8000000000000000444 ) ) ;
#1237 = AXIS2_PLACEMENT_3D ( 'NONE', #2109, #2078, #2565 ) ;
#1238 = CARTESIAN_POINT ( 'NONE',  ( -0.1499999999999999389, 0.1000000000000000056, -0.3999999999999999667 ) ) ;
#1239 = AXIS2_PLACEMENT_3D ( 'NONE', #808, #2196, #1729 ) ;
#1240 = STYLED_ITEM ( 'NONE', ( #851 ), #84 ) ;
#1241 = LINE ( 'NONE', #2171, #2729 ) ;
#1242 = SURFACE_STYLE_FILL_AREA ( #2361 ) ;
#1243 = ORIENTED_EDGE ( 'NONE', *, *, #211, .T. ) ;
#1244 = UNCERTAINTY_MEASURE_WITH_UNIT (LENGTH_MEASURE( 1.000000000000000082E-05 ), #1529, 'distance_accuracy_value', 'NONE');
#1245 = DIRECTION ( 'NONE',  ( 1.000000000000000000, 0.000000000000000000, -0.000000000000000000 ) ) ;
#1246 = ORIENTED_EDGE ( 'NONE', *, *, #1786, .T. ) ;
#1247 = DIRECTION ( 'NONE',  ( 0.000000000000000000, 0.000000000000000000, -1.000000000000000000 ) ) ;
#1248 = VECTOR ( 'NONE', #2670, 1000.000000000000000 ) ;
#1249 = CARTESIAN_POINT ( 'NONE',  ( 0.000000000000000000, 0.000000000000000000, -0.7500000000000001110 ) ) ;
#1250 = CARTESIAN_POINT ( 'NONE',  ( -0.4999999999999997780, 0.6999999999999999556, -0.7500000000000001110 ) ) ;
#1251 = ORIENTED_EDGE ( 'NONE', *, *, #2237, .F. ) ;
#1252 = AXIS2_PLACEMENT_3D ( 'NONE', #30, #1181, #213 ) ;
#1253 = SURFACE_SIDE_STYLE ('',( #540 ) ) ;
#1254 = DIRECTION ( 'NONE',  ( 0.000000000000000000, -0.000000000000000000, 1.000000000000000000 ) ) ;
#1255 = FILL_AREA_STYLE_COLOUR ( '', #2420 ) ;
#1256 = ADVANCED_FACE ( 'NONE', ( #2002 ), #1520, .T. ) ;
#1257 = MECHANICAL_DESIGN_GEOMETRIC_PRESENTATION_REPRESENTATION (  '', ( #480 ), #2942 ) ;
#1258 = VERTEX_POINT ( 'NONE', #971 ) ;
#1259 = EDGE_CURVE ( 'NONE', #1432, #1668, #954, .T. ) ;
#1260 = VECTOR ( 'NONE', #1537, 1000.000000000000000 ) ;
#1261 = FILL_AREA_STYLE_COLOUR ( '', #1267 ) ;
#1262 = STYLED_ITEM ( 'NONE', ( #2433 ), #1919 ) ;
#1263 = EDGE_LOOP ( 'NONE', ( #1989, #2040, #3000 ) ) ;
#1264 = ORIENTED_EDGE ( 'NONE', *, *, #6, .T. ) ;
#1265 =( GEOMETRIC_REPRESENTATION_CONTEXT ( 3 ) GLOBAL_UNCERTAINTY_ASSIGNED_CONTEXT ( ( #58 ) ) GLOBAL_UNIT_ASSIGNED_CONTEXT ( ( #2735, #152, #2680 ) ) REPRESENTATION_CONTEXT ( 'NONE', 'WORKASPACE' ) );
#1266 =( NAMED_UNIT ( * ) PLANE_ANGLE_UNIT ( ) SI_UNIT ( $, .RADIAN. ) );
#1267 = COLOUR_RGB ( '',0.8431372549019607865, 0.8431372549019607865, 0.8431372549019607865 ) ;
#1268 = PRESENTATION_STYLE_ASSIGNMENT (( #317 ) ) ;
#1269 = FACE_OUTER_BOUND ( 'NONE', #1954, .T. ) ;
#1270 =( GEOMETRIC_REPRESENTATION_CONTEXT ( 3 ) GLOBAL_UNCERTAINTY_ASSIGNED_CONTEXT ( ( #2051 ) ) GLOBAL_UNIT_ASSIGNED_CONTEXT ( ( #926, #2286, #2269 ) ) REPRESENTATION_CONTEXT ( 'NONE', 'WORKASPACE' ) );
#1271 =( NAMED_UNIT ( * ) PLANE_ANGLE_UNIT ( ) SI_UNIT ( $, .RADIAN. ) );
#1272 = UNCERTAINTY_MEASURE_WITH_UNIT (LENGTH_MEASURE( 1.000000000000000082E-05 ), #2041, 'distance_accuracy_value', 'NONE');
#1273 = EDGE_CURVE ( 'NONE', #2974, #2135, #2563, .T. ) ;
#1274 = CARTESIAN_POINT ( 'NONE',  ( 0.1500000000000001610, 0.1000000000000000056, -0.7500000000000001110 ) ) ;
#1275 = EDGE_LOOP ( 'NONE', ( #121, #1012, #2894, #2354 ) ) ;
#1276 = UNCERTAINTY_MEASURE_WITH_UNIT (LENGTH_MEASURE( 1.000000000000000082E-05 ), #861, 'distance_accuracy_value', 'NONE');
#1277 = CARTESIAN_POINT ( 'NONE',  ( -0.5499999999999999334, 0.1000000000000000056, 0.7500000000000000000 ) ) ;
#1278 =( NAMED_UNIT ( * ) SI_UNIT ( $, .STERADIAN. ) SOLID_ANGLE_UNIT ( ) );
#1279 = ORIENTED_EDGE ( 'NONE', *, *, #2613, .F. ) ;
#1280 = CARTESIAN_POINT ( 'NONE',  ( -0.5499999999999998224, 0.6999999999999999556, 0.6999999999999998446 ) ) ;
#1281 = PLANE ( 'NONE',  #32 ) ;
#1282 = DIRECTION ( 'NONE',  ( 0.000000000000000000, 0.000000000000000000, -1.000000000000000000 ) ) ;
#1283 = COLOUR_RGB ( '',0.2509803921568627416, 0.2509803921568627416, 0.2509803921568627416 ) ;
#1284 = CLOSED_SHELL ( 'NONE', ( #84, #270, #2829, #2566, #2435, #729 ) ) ;
#1285 = PRESENTATION_STYLE_ASSIGNMENT (( #1652 ) ) ;
#1286 = FACE_OUTER_BOUND ( 'NONE', #452, .T. ) ;
#1287 = ORIENTED_EDGE ( 'NONE', *, *, #537, .F. ) ;
#1288 = DIRECTION ( 'NONE',  ( 1.000000000000000000, 0.000000000000000000, -0.000000000000000000 ) ) ;
#1289 = EDGE_CURVE ( 'NONE', #1806, #2876, #1929, .T. ) ;
#1290 =( GEOMETRIC_REPRESENTATION_CONTEXT ( 3 ) GLOBAL_UNCERTAINTY_ASSIGNED_CONTEXT ( ( #2331 ) ) GLOBAL_UNIT_ASSIGNED_CONTEXT ( ( #204, #433, #910 ) ) REPRESENTATION_CONTEXT ( 'NONE', 'WORKASPACE' ) );
#1291 = DIRECTION ( 'NONE',  ( -0.000000000000000000, -1.000000000000000000, -0.000000000000000000 ) ) ;
#1292 = ORIENTED_EDGE ( 'NONE', *, *, #742, .F. ) ;
#1293 = SURFACE_SIDE_STYLE ('',( #2683 ) ) ;
#1294 = MECHANICAL_DESIGN_GEOMETRIC_PRESENTATION_REPRESENTATION (  '', ( #473 ), #1970 ) ;
#1295 = FILL_AREA_STYLE_COLOUR ( '', #1624 ) ;
#1296 = STYLED_ITEM ( 'NONE', ( #1531 ), #1256 ) ;
#1297 = DIRECTION ( 'NONE',  ( -1.000000000000000000, 0.000000000000000000, 2.710505431213761085E-16 ) ) ;
#1298 = UNCERTAINTY_MEASURE_WITH_UNIT (LENGTH_MEASURE( 1.000000000000000082E-05 ), #2531, 'distance_accuracy_value', 'NONE');
#1299 = LINE ( 'NONE', #1763, #1406 ) ;
#1300 = MECHANICAL_DESIGN_GEOMETRIC_PRESENTATION_REPRESENTATION (  '', ( #2019 ), #2893 ) ;
#1301 = LINE ( 'NONE', #1996, #1179 ) ;
#1302 = UNCERTAINTY_MEASURE_WITH_UNIT (LENGTH_MEASURE( 1.000000000000000082E-05 ), #201, 'distance_accuracy_value', 'NONE');
#1303 = CARTESIAN_POINT ( 'NONE',  ( -0.2999999999999999334, -2.032879073410320814E-17, -0.2500000000000000000 ) ) ;
#1304 =( NAMED_UNIT ( * ) PLANE_ANGLE_UNIT ( ) SI_UNIT ( $, .RADIAN. ) );
#1305 = SURFACE_STYLE_FILL_AREA ( #1115 ) ;
#1306 = EDGE_CURVE ( 'NONE', #1806, #649, #692, .T. ) ;
#1307 = ORIENTED_EDGE ( 'NONE', *, *, #356, .F. ) ;
#1308 = PRESENTATION_STYLE_ASSIGNMENT (( #1671 ) ) ;
#1309 = PRESENTATION_STYLE_ASSIGNMENT (( #1058 ) ) ;
#1310 = CARTESIAN_POINT ( 'NONE',  ( 0.1500000000000001610, 0.000000000000000000, 0.7500000000000001110 ) ) ;
#1311 = AXIS2_PLACEMENT_3D ( 'NONE', #2881, #2677, #1969 ) ;
#1312 = EDGE_CURVE ( 'NONE', #26, #1452, #940, .T. ) ;
#1313 = LINE ( 'NONE', #2132, #2468 ) ;
#1314 = CARTESIAN_POINT ( 'NONE',  ( -0.4999999999999997780, 0.6500000000000000222, 0.6999999999999998446 ) ) ;
#1315 = AXIS2_PLACEMENT_3D ( 'NONE', #2520, #632, #2045 ) ;
#1316 = ORIENTED_EDGE ( 'NONE', *, *, #155, .T. ) ;
#1317 = ORIENTED_EDGE ( 'NONE', *, *, #1937, .F. ) ;
#1318 = SURFACE_STYLE_FILL_AREA ( #122 ) ;
#1319 = DIRECTION ( 'NONE',  ( 0.000000000000000000, -0.000000000000000000, -1.000000000000000000 ) ) ;
#1320 =( NAMED_UNIT ( * ) SI_UNIT ( $, .STERADIAN. ) SOLID_ANGLE_UNIT ( ) );
#1321 = EDGE_CURVE ( 'NONE', #2736, #2439, #459, .T. ) ;
#1322 = SURFACE_SIDE_STYLE ('',( #1568 ) ) ;
#1323 = APPLICATION_PROTOCOL_DEFINITION ( 'draft international standard', 'automotive_design', 1998, #1021 ) ;
#1324 = CARTESIAN_POINT ( 'NONE',  ( 0.1500000000000000500, 0.000000000000000000, -0.2500000000000001110 ) ) ;
#1325 = ADVANCED_FACE ( 'NONE', ( #2301 ), #2336, .F. ) ;
#1326 =( NAMED_UNIT ( * ) SI_UNIT ( $, .STERADIAN. ) SOLID_ANGLE_UNIT ( ) );
#1327 = LINE ( 'NONE', #1775, #185 ) ;
#1328 = LINE ( 'NONE', #2023, #685 ) ;
#1329 = AXIS2_PLACEMENT_3D ( 'NONE', #2678, #151, #135 ) ;
#1330 = ORIENTED_EDGE ( 'NONE', *, *, #2157, .F. ) ;
#1331 = SURFACE_SIDE_STYLE ('',( #608 ) ) ;
#1332 =( NAMED_UNIT ( * ) PLANE_ANGLE_UNIT ( ) SI_UNIT ( $, .RADIAN. ) );
#1333 = PLANE ( 'NONE',  #1727 ) ;
#1334 = PRESENTATION_LAYER_ASSIGNMENT (  '', '', ( #2299 ) ) ;
#1335 = FILL_AREA_STYLE ('',( #140 ) ) ;
#1336 = FACE_OUTER_BOUND ( 'NONE', #251, .T. ) ;
#1337 = CARTESIAN_POINT ( 'NONE',  ( -0.1499999999999999667, 0.1000000000000000056, -0.3999999999999999667 ) ) ;
#1338 = ADVANCED_FACE ( 'NONE', ( #802 ), #1708, .T. ) ;
#1339 = LINE ( 'NONE', #1155, #2008 ) ;
#1340 = DIRECTION ( 'NONE',  ( 2.710505431213761085E-16, 0.000000000000000000, -1.000000000000000000 ) ) ;
#1341 = STYLED_ITEM ( 'NONE', ( #299 ), #1130 ) ;
#1342 = COLOUR_RGB ( '',0.2509803921568627416, 0.2509803921568627416, 0.2509803921568627416 ) ;
#1343 = DIRECTION ( 'NONE',  ( 0.000000000000000000, -1.000000000000000000, 0.000000000000000000 ) ) ;
#1344 = VERTEX_POINT ( 'NONE', #162 ) ;
#1345 = SURFACE_STYLE_FILL_AREA ( #1610 ) ;
#1346 =( GEOMETRIC_REPRESENTATION_CONTEXT ( 3 ) GLOBAL_UNCERTAINTY_ASSIGNED_CONTEXT ( ( #391 ) ) GLOBAL_UNIT_ASSIGNED_CONTEXT ( ( #535, #76, #986 ) ) REPRESENTATION_CONTEXT ( 'NONE', 'WORKASPACE' ) );
#1347 = VERTEX_POINT ( 'NONE', #1781 ) ;
#1348 = DIRECTION ( 'NONE',  ( 2.710505431213761085E-16, 0.000000000000000000, 1.000000000000000000 ) ) ;
#1349 = PRESENTATION_STYLE_ASSIGNMENT (( #425 ) ) ;
#1350 = FILL_AREA_STYLE ('',( #1799 ) ) ;
#1351 = CARTESIAN_POINT ( 'NONE',  ( -0.4999999999999997780, 0.6999999999999999556, 0.7499999999999998890 ) ) ;
#1352 = CARTESIAN_POINT ( 'NONE',  ( -0.5499999999999998224, 0.6500000000000000222, -0.7000000000000000666 ) ) ;
#1353 = MECHANICAL_DESIGN_GEOMETRIC_PRESENTATION_REPRESENTATION (  '', ( #788 ), #51 ) ;
#1354 = SURFACE_STYLE_USAGE ( .BOTH. , #1524 ) ;
#1355 = COLOUR_RGB ( '',0.8431372549019607865, 0.8431372549019607865, 0.8431372549019607865 ) ;
#1356 = PLANE ( 'NONE',  #2698 ) ;
#1357 = EDGE_CURVE ( 'NONE', #75, #1686, #2708, .T. ) ;
#1358 = MECHANICAL_DESIGN_GEOMETRIC_PRESENTATION_REPRESENTATION (  '', ( #1896 ), #199 ) ;
#1359 = DIRECTION ( 'NONE',  ( 0.000000000000000000, 0.000000000000000000, -1.000000000000000000 ) ) ;
#1360 = SURFACE_STYLE_FILL_AREA ( #2781 ) ;
#1361 = AXIS2_PLACEMENT_3D ( 'NONE', #735, #5, #2973 ) ;
#1362 = EDGE_CURVE ( 'NONE', #1003, #606, #1191, .T. ) ;
#1363 = DIRECTION ( 'NONE',  ( 1.000000000000000000, 0.000000000000000000, -0.000000000000000000 ) ) ;
#1364 = VERTEX_POINT ( 'NONE', #674 ) ;
#1365 = CARTESIAN_POINT ( 'NONE',  ( 0.1499999999999999944, 0.1000000000000000056, 0.2500000000000000000 ) ) ;
#1366 = ORIENTED_EDGE ( 'NONE', *, *, #2187, .T. ) ;
#1367 = SURFACE_STYLE_USAGE ( .BOTH. , #444 ) ;
#1368 = SURFACE_SIDE_STYLE ('',( #2048 ) ) ;
#1369 = DIRECTION ( 'NONE',  ( 0.000000000000000000, -0.000000000000000000, 1.000000000000000000 ) ) ;
#1370 = CARTESIAN_POINT ( 'NONE',  ( -0.1499999999999999112, 0.1000000000000000056, 0.7500000000000001110 ) ) ;
#1371 = DIRECTION ( 'NONE',  ( 0.000000000000000000, 0.000000000000000000, -1.000000000000000000 ) ) ;
#1372 = CARTESIAN_POINT ( 'NONE',  ( 0.000000000000000000, 0.000000000000000000, 0.2500000000000000555 ) ) ;
#1373 = VERTEX_POINT ( 'NONE', #14 ) ;
#1374 = DIRECTION ( 'NONE',  ( -0.000000000000000000, -1.000000000000000000, -0.000000000000000000 ) ) ;
#1375 = DIRECTION ( 'NONE',  ( 0.000000000000000000, -0.000000000000000000, 1.000000000000000000 ) ) ;
#1376 = MECHANICAL_DESIGN_GEOMETRIC_PRESENTATION_REPRESENTATION (  '', ( #2395 ), #2238 ) ;
#1377 = ORIENTED_EDGE ( 'NONE', *, *, #1611, .F. ) ;
#1378 =( NAMED_UNIT ( * ) SI_UNIT ( $, .STERADIAN. ) SOLID_ANGLE_UNIT ( ) );
#1379 = EDGE_CURVE ( 'NONE', #2446, #80, #1135, .T. ) ;
#1380 =( NAMED_UNIT ( * ) SI_UNIT ( $, .STERADIAN. ) SOLID_ANGLE_UNIT ( ) );
#1381 = AXIS2_PLACEMENT_3D ( 'NONE', #661, #2442, #1585 ) ;
#1382 = DIRECTION ( 'NONE',  ( -0.000000000000000000, -1.000000000000000000, -0.000000000000000000 ) ) ;
#1383 = CARTESIAN_POINT ( 'NONE',  ( 0.1500000000000001610, 0.1000000000000000056, 0.7500000000000001110 ) ) ;
#1384 = SURFACE_SIDE_STYLE ('',( #1868 ) ) ;
#1385 = ORIENTED_EDGE ( 'NONE', *, *, #678, .F. ) ;
#1386 = ADVANCED_FACE ( 'NONE', ( #728 ), #2082, .T. ) ;
#1387 = FILL_AREA_STYLE_COLOUR ( '', #1103 ) ;
#1388 = DIRECTION ( 'NONE',  ( -1.000000000000000000, 0.000000000000000000, 0.000000000000000000 ) ) ;
#1389 =( NAMED_UNIT ( * ) SI_UNIT ( $, .STERADIAN. ) SOLID_ANGLE_UNIT ( ) );
#1390 = FILL_AREA_STYLE ('',( #912 ) ) ;
#1391 = PRESENTATION_LAYER_ASSIGNMENT (  '', '', ( #1817 ) ) ;
#1392 = ORIENTED_EDGE ( 'NONE', *, *, #1088, .F. ) ;
#1393 = UNCERTAINTY_MEASURE_WITH_UNIT (LENGTH_MEASURE( 1.000000000000000082E-05 ), #354, 'distance_accuracy_value', 'NONE');
#1394 = CARTESIAN_POINT ( 'NONE',  ( -0.1499999999999999112, 0.1000000000000000056, -0.7500000000000001110 ) ) ;
#1395 = COLOUR_RGB ( '',1.000000000000000000, 0.8117647058823529438, 0.5019607843137254832 ) ;
#1396 = CARTESIAN_POINT ( 'NONE',  ( -0.5499999999999999334, 0.000000000000000000, -0.7500000000000000000 ) ) ;
#1397 = ORIENTED_EDGE ( 'NONE', *, *, #119, .F. ) ;
#1398 =( GEOMETRIC_REPRESENTATION_CONTEXT ( 3 ) GLOBAL_UNCERTAINTY_ASSIGNED_CONTEXT ( ( #2198 ) ) GLOBAL_UNIT_ASSIGNED_CONTEXT ( ( #2697, #1581, #1320 ) ) REPRESENTATION_CONTEXT ( 'NONE', 'WORKASPACE' ) );
#1399 = FILL_AREA_STYLE ('',( #1797 ) ) ;
#1400 = DIRECTION ( 'NONE',  ( 0.000000000000000000, -0.000000000000000000, -1.000000000000000000 ) ) ;
#1401 = COLOUR_RGB ( '',1.000000000000000000, 0.8117647058823529438, 0.5019607843137254832 ) ;
#1402 = EDGE_CURVE ( 'NONE', #2989, #410, #1207, .T. ) ;
#1403 = SURFACE_SIDE_STYLE ('',( #265 ) ) ;
#1404 = ORIENTED_EDGE ( 'NONE', *, *, #2804, .F. ) ;
#1405 =( LENGTH_UNIT ( ) NAMED_UNIT ( * ) SI_UNIT ( .MILLI., .METRE. ) );
#1406 = VECTOR ( 'NONE', #2215, 1000.000000000000000 ) ;
#1407 = EDGE_CURVE ( 'NONE', #2921, #2891, #1468, .T. ) ;
#1408 = STYLED_ITEM ( 'NONE', ( #1689 ), #1941 ) ;
#1409 = CARTESIAN_POINT ( 'NONE',  ( 0.4999999999999997780, 0.6500000000000000222, 0.7499999999999998890 ) ) ;
#1410 = SPHERICAL_SURFACE ( 'NONE', #2802, 0.05000000000000000278 ) ;
#1411 =( GEOMETRIC_REPRESENTATION_CONTEXT ( 3 ) GLOBAL_UNCERTAINTY_ASSIGNED_CONTEXT ( ( #274 ) ) GLOBAL_UNIT_ASSIGNED_CONTEXT ( ( #691, #2335, #2737 ) ) REPRESENTATION_CONTEXT ( 'NONE', 'WORKASPACE' ) );
#1412 =( NAMED_UNIT ( * ) PLANE_ANGLE_UNIT ( ) SI_UNIT ( $, .RADIAN. ) );
#1413 =( GEOMETRIC_REPRESENTATION_CONTEXT ( 3 ) GLOBAL_UNCERTAINTY_ASSIGNED_CONTEXT ( ( #2816 ) ) GLOBAL_UNIT_ASSIGNED_CONTEXT ( ( #2922, #1985, #367 ) ) REPRESENTATION_CONTEXT ( 'NONE', 'WORKASPACE' ) );
#1414 = EDGE_LOOP ( 'NONE', ( #1822, #1055, #1572, #874 ) ) ;
#1415 =( NAMED_UNIT ( * ) SI_UNIT ( $, .STERADIAN. ) SOLID_ANGLE_UNIT ( ) );
#1416 = AXIS2_PLACEMENT_3D ( 'NONE', #844, #1755, #1999 ) ;
#1417 = VERTEX_POINT ( 'NONE', #1948 ) ;
#1418 = STYLED_ITEM ( 'NONE', ( #998 ), #2931 ) ;
#1419 = PRESENTATION_STYLE_ASSIGNMENT (( #769 ) ) ;
#1420 = DIRECTION ( 'NONE',  ( 0.000000000000000000, 1.000000000000000000, 0.000000000000000000 ) ) ;
#1421 = CARTESIAN_POINT ( 'NONE',  ( 0.4999999999999998890, 0.6500000000000000222, -0.7000000000000000666 ) ) ;
#1422 = CARTESIAN_POINT ( 'NONE',  ( 0.000000000000000000, 0.1000000000000000056, -0.2500000000000000555 ) ) ;
#1423 = FILL_AREA_STYLE ('',( #2803 ) ) ;
#1424 = VERTEX_POINT ( 'NONE', #2840 ) ;
#1425 = PRESENTATION_STYLE_ASSIGNMENT (( #1659 ) ) ;
#1426 = EDGE_CURVE ( 'NONE', #326, #2144, #1232, .T. ) ;
#1427 = CARTESIAN_POINT ( 'NONE',  ( -0.1499999999999999667, 0.1000000000000000056, 0.2500000000000000555 ) ) ;
#1428 = CARTESIAN_POINT ( 'NONE',  ( 0.000000000000000000, 0.000000000000000000, -0.2500000000000000555 ) ) ;
#1429 = FACE_OUTER_BOUND ( 'NONE', #283, .T. ) ;
#1430 = ADVANCED_FACE ( 'NONE', ( #2356 ), #2139, .T. ) ;
#1431 = DIRECTION ( 'NONE',  ( -0.000000000000000000, -1.000000000000000000, -0.000000000000000000 ) ) ;
#1432 = VERTEX_POINT ( 'NONE', #2855 ) ;
#1433 = SURFACE_STYLE_USAGE ( .BOTH. , #1014 ) ;
#1434 = SURFACE_STYLE_FILL_AREA ( #1879 ) ;
#1435 = VERTEX_POINT ( 'NONE', #789 ) ;
#1436 = DIRECTION ( 'NONE',  ( -2.168404344971008868E-16, 0.000000000000000000, 1.000000000000000000 ) ) ;
#1437 = VECTOR ( 'NONE', #36, 1000.000000000000000 ) ;
#1438 = ORIENTED_EDGE ( 'NONE', *, *, #2613, .T. ) ;
#1439 = PRESENTATION_LAYER_ASSIGNMENT (  '', '', ( #1192 ) ) ;
#1440 = COLOUR_RGB ( '',0.2509803921568627416, 0.2509803921568627416, 0.2509803921568627416 ) ;
#1441 = CARTESIAN_POINT ( 'NONE',  ( -0.1499999999999999112, 0.000000000000000000, 0.7500000000000001110 ) ) ;
#1442 = CARTESIAN_POINT ( 'NONE',  ( -0.5499999999999998224, 0.6999999999999999556, -0.7000000000000000666 ) ) ;
#1443 = EDGE_LOOP ( 'NONE', ( #1880, #2013, #2668, #441 ) ) ;
#1444 = AXIS2_PLACEMENT_3D ( 'NONE', #128, #2432, #1254 ) ;
#1445 = ADVANCED_FACE ( 'NONE', ( #347 ), #2167, .F. ) ;
#1446 = SURFACE_STYLE_FILL_AREA ( #812 ) ;
#1447 = ORIENTED_EDGE ( 'NONE', *, *, #870, .T. ) ;
#1448 = FILL_AREA_STYLE_COLOUR ( '', #1980 ) ;
#1449 = STYLED_ITEM ( 'NONE', ( #2319 ), #907 ) ;
#1450 = LINE ( 'NONE', #2645, #2889 ) ;
#1451 = MECHANICAL_DESIGN_GEOMETRIC_PRESENTATION_REPRESENTATION (  '', ( #2209 ), #1398 ) ;
#1452 = VERTEX_POINT ( 'NONE', #360 ) ;
#1453 = SURFACE_SIDE_STYLE ('',( #523 ) ) ;
#1454 = DIRECTION ( 'NONE',  ( 0.000000000000000000, 0.000000000000000000, -1.000000000000000000 ) ) ;
#1455 = COLOUR_RGB ( '',1.000000000000000000, 0.8117647058823529438, 0.5019607843137254832 ) ;
#1456 = LINE ( 'NONE', #960, #2241 ) ;
#1457 = VECTOR ( 'NONE', #404, 1000.000000000000000 ) ;
#1458 = DIRECTION ( 'NONE',  ( -0.000000000000000000, -1.000000000000000000, -0.000000000000000000 ) ) ;
#1459 = EDGE_LOOP ( 'NONE', ( #2075, #2392, #2280, #1083 ) ) ;
#1460 = VECTOR ( 'NONE', #1644, 1000.000000000000000 ) ;
#1461 =( GEOMETRIC_REPRESENTATION_CONTEXT ( 3 ) GLOBAL_UNCERTAINTY_ASSIGNED_CONTEXT ( ( #764 ) ) GLOBAL_UNIT_ASSIGNED_CONTEXT ( ( #1069, #409, #1795 ) ) REPRESENTATION_CONTEXT ( 'NONE', 'WORKASPACE' ) );
#1462 = ORIENTED_EDGE ( 'NONE', *, *, #1259, .T. ) ;
#1463 = SURFACE_STYLE_FILL_AREA ( #1881 ) ;
#1464 = EDGE_CURVE ( 'NONE', #2818, #2974, #1564, .T. ) ;
#1465 = DIRECTION ( 'NONE',  ( 0.000000000000000000, -1.000000000000000000, -0.000000000000000000 ) ) ;
#1466 =( GEOMETRIC_REPRESENTATION_CONTEXT ( 3 ) GLOBAL_UNCERTAINTY_ASSIGNED_CONTEXT ( ( #1604 ) ) GLOBAL_UNIT_ASSIGNED_CONTEXT ( ( #102, #2470, #403 ) ) REPRESENTATION_CONTEXT ( 'NONE', 'WORKASPACE' ) );
#1467 = ORIENTED_EDGE ( 'NONE', *, *, #1711, .F. ) ;
#1468 = LINE ( 'NONE', #2386, #673 ) ;
#1469 = DIRECTION ( 'NONE',  ( -5.421010862427521184E-16, 0.000000000000000000, 1.000000000000000000 ) ) ;
#1470 = DIRECTION ( 'NONE',  ( -2.168404344971008868E-16, 0.000000000000000000, 1.000000000000000000 ) ) ;
#1471 = FACE_OUTER_BOUND ( 'NONE', #1696, .T. ) ;
#1472 = DIRECTION ( 'NONE',  ( -2.168404344971007685E-15, 0.000000000000000000, 1.000000000000000000 ) ) ;
#1473 = ORIENTED_EDGE ( 'NONE', *, *, #2402, .F. ) ;
#1474 = SURFACE_SIDE_STYLE ('',( #90 ) ) ;
#1475 = ORIENTED_EDGE ( 'NONE', *, *, #1362, .F. ) ;
#1476 = DIRECTION ( 'NONE',  ( -0.000000000000000000, -1.000000000000000000, -0.000000000000000000 ) ) ;
#1477 = CARTESIAN_POINT ( 'NONE',  ( 0.5500000000000001554, 0.1000000000000000056, 0.000000000000000000 ) ) ;
#1478 = ORIENTED_EDGE ( 'NONE', *, *, #1464, .T. ) ;
#1479 = DIRECTION ( 'NONE',  ( 0.000000000000000000, 1.000000000000000000, 0.000000000000000000 ) ) ;
#1480 = MECHANICAL_DESIGN_GEOMETRIC_PRESENTATION_REPRESENTATION (  '', ( #2594 ), #1621 ) ;
#1481 = DIRECTION ( 'NONE',  ( -1.000000000000000000, 0.000000000000000000, -2.710505431213761085E-16 ) ) ;
#1482 = AXIS2_PLACEMENT_3D ( 'NONE', #208, #1142, #1375 ) ;
#1483 = FACE_OUTER_BOUND ( 'NONE', #778, .T. ) ;
#1484 = FILL_AREA_STYLE_COLOUR ( '', #17 ) ;
#1485 = MECHANICAL_DESIGN_GEOMETRIC_PRESENTATION_REPRESENTATION (  '', ( #2299 ), #1290 ) ;
#1486 = UNCERTAINTY_MEASURE_WITH_UNIT (LENGTH_MEASURE( 1.000000000000000082E-05 ), #2545, 'distance_accuracy_value', 'NONE');
#1487 = DIRECTION ( 'NONE',  ( -2.710505431213761085E-16, 0.000000000000000000, 1.000000000000000000 ) ) ;
#1488 = VERTEX_POINT ( 'NONE', #2696 ) ;
#1489 = PRESENTATION_STYLE_ASSIGNMENT (( #2642 ) ) ;
#1490 = PRESENTATION_LAYER_ASSIGNMENT (  '', '', ( #2360 ) ) ;
#1491 = DIRECTION ( 'NONE',  ( 1.000000000000000000, -0.000000000000000000, 0.000000000000000000 ) ) ;
#1492 = ORIENTED_EDGE ( 'NONE', *, *, #992, .F. ) ;
#1493 = AXIS2_PLACEMENT_3D ( 'NONE', #1677, #1157, #2068 ) ;
#1494 = DIRECTION ( 'NONE',  ( -0.000000000000000000, 0.000000000000000000, -1.000000000000000000 ) ) ;
#1495 = EDGE_CURVE ( 'NONE', #1658, #1364, #2205, .T. ) ;
#1496 = SURFACE_SIDE_STYLE ('',( #1022 ) ) ;
#1497 = LINE ( 'NONE', #1960, #2216 ) ;
#1498 = MECHANICAL_DESIGN_GEOMETRIC_PRESENTATION_REPRESENTATION (  '', ( #730 ), #2252 ) ;
#1499 = ADVANCED_FACE ( 'NONE', ( #1955 ), #2182, .F. ) ;
#1500 = PRESENTATION_STYLE_ASSIGNMENT (( #2158 ) ) ;
#1501 = SURFACE_STYLE_USAGE ( .BOTH. , #1047 ) ;
#1502 = PRESENTATION_LAYER_ASSIGNMENT (  '', '', ( #1121 ) ) ;
#1503 = STYLED_ITEM ( 'NONE', ( #1308 ), #2304 ) ;
#1504 = ORIENTED_EDGE ( 'NONE', *, *, #1762, .F. ) ;
#1505 = DIRECTION ( 'NONE',  ( 1.000000000000000000, 0.000000000000000000, 0.000000000000000000 ) ) ;
#1506 = VECTOR ( 'NONE', #2968, 1000.000000000000000 ) ;
#1507 = FACE_OUTER_BOUND ( 'NONE', #488, .T. ) ;
#1508 = ORIENTED_EDGE ( 'NONE', *, *, #1007, .T. ) ;
#1509 = VECTOR ( 'NONE', #1374, 1000.000000000000000 ) ;
#1510 =( NAMED_UNIT ( * ) SI_UNIT ( $, .STERADIAN. ) SOLID_ANGLE_UNIT ( ) );
#1511 = MANIFOLD_SOLID_BREP ( 'Pin[1]', #215 ) ;
#1512 = EDGE_CURVE ( 'NONE', #606, #1668, #2059, .T. ) ;
#1513 =( NAMED_UNIT ( * ) PLANE_ANGLE_UNIT ( ) SI_UNIT ( $, .RADIAN. ) );
#1514 = ADVANCED_FACE ( 'NONE', ( #2925 ), #1333, .T. ) ;
#1515 = ORIENTED_EDGE ( 'NONE', *, *, #1588, .T. ) ;
#1516 = UNCERTAINTY_MEASURE_WITH_UNIT (LENGTH_MEASURE( 1.000000000000000082E-05 ), #712, 'distance_accuracy_value', 'NONE');
#1517 = SURFACE_STYLE_USAGE ( .BOTH. , #2937 ) ;
#1518 = DIRECTION ( 'NONE',  ( 1.000000000000000000, -0.000000000000000000, 2.168404344971008128E-16 ) ) ;
#1519 = FACE_OUTER_BOUND ( 'NONE', #2410, .T. ) ;
#1520 = PLANE ( 'NONE',  #1108 ) ;
#1521 = CARTESIAN_POINT ( 'NONE',  ( 0.1500000000000000777, 0.1000000000000000056, 0.7500000000000001110 ) ) ;
#1522 = DIRECTION ( 'NONE',  ( -0.000000000000000000, -1.000000000000000000, 0.000000000000000000 ) ) ;
#1523 = CARTESIAN_POINT ( 'NONE',  ( 0.6000000000000000888, 0.000000000000000000, 0.8000000000000000444 ) ) ;
#1524 = SURFACE_SIDE_STYLE ('',( #2472 ) ) ;
#1525 = CARTESIAN_POINT ( 'NONE',  ( -0.4999999999999997780, 0.6500000000000000222, -0.7500000000000001110 ) ) ;
#1526 = ORIENTED_EDGE ( 'NONE', *, *, #1841, .F. ) ;
#1527 = ADVANCED_FACE ( 'NONE', ( #890 ), #1578, .F. ) ;
#1528 = EDGE_LOOP ( 'NONE', ( #300, #2849, #951, #96 ) ) ;
#1529 =( LENGTH_UNIT ( ) NAMED_UNIT ( * ) SI_UNIT ( .MILLI., .METRE. ) );
#1530 = PRESENTATION_STYLE_ASSIGNMENT (( #1565 ) ) ;
#1531 = PRESENTATION_STYLE_ASSIGNMENT (( #613 ) ) ;
#1532 = AXIS2_PLACEMENT_3D ( 'NONE', #2774, #2323, #1369 ) ;
#1533 = DIRECTION ( 'NONE',  ( 2.168404344971008128E-16, 0.000000000000000000, -1.000000000000000000 ) ) ;
#1534 = CARTESIAN_POINT ( 'NONE',  ( -0.1499999999999999112, 0.000000000000000000, 0.7500000000000001110 ) ) ;
#1535 = VECTOR ( 'NONE', #1491, 1000.000000000000000 ) ;
#1536 = SURFACE_STYLE_USAGE ( .BOTH. , #2701 ) ;
#1537 = DIRECTION ( 'NONE',  ( -0.000000000000000000, 0.000000000000000000, 1.000000000000000000 ) ) ;
#1538 = PRESENTATION_LAYER_ASSIGNMENT (  '', '', ( #2019 ) ) ;
#1539 = SURFACE_STYLE_USAGE ( .BOTH. , #174 ) ;
#1540 = ORIENTED_EDGE ( 'NONE', *, *, #949, .F. ) ;
#1541 = UNCERTAINTY_MEASURE_WITH_UNIT (LENGTH_MEASURE( 1.000000000000000082E-05 ), #2389, 'distance_accuracy_value', 'NONE');
#1542 = VECTOR ( 'NONE', #93, 1000.000000000000000 ) ;
#1543 = EDGE_CURVE ( 'NONE', #1811, #853, #223, .T. ) ;
#1544 = DIRECTION ( 'NONE',  ( -0.000000000000000000, 0.000000000000000000, 1.000000000000000000 ) ) ;
#1545 = MECHANICAL_DESIGN_GEOMETRIC_PRESENTATION_REPRESENTATION (  '', ( #293 ), #240 ) ;
#1546 = CARTESIAN_POINT ( 'NONE',  ( 0.5500000000000001554, 0.000000000000000000, -0.7500000000000000000 ) ) ;
#1547 =( NAMED_UNIT ( * ) PLANE_ANGLE_UNIT ( ) SI_UNIT ( $, .RADIAN. ) );
#1548 = ORIENTED_EDGE ( 'NONE', *, *, #142, .F. ) ;
#1549 = ADVANCED_FACE ( 'NONE', ( #1866 ), #1118, .F. ) ;
#1550 = PRESENTATION_LAYER_ASSIGNMENT (  '', '', ( #585 ) ) ;
#1551 = FACE_OUTER_BOUND ( 'NONE', #1017, .T. ) ;
#1552 = PRESENTATION_STYLE_ASSIGNMENT (( #2859 ) ) ;
#1553 = VECTOR ( 'NONE', #177, 1000.000000000000000 ) ;
#1554 = DIRECTION ( 'NONE',  ( 0.000000000000000000, 0.000000000000000000, -1.000000000000000000 ) ) ;
#1555 =( GEOMETRIC_REPRESENTATION_CONTEXT ( 3 ) GLOBAL_UNCERTAINTY_ASSIGNED_CONTEXT ( ( #309 ) ) GLOBAL_UNIT_ASSIGNED_CONTEXT ( ( #669, #1547, #2911 ) ) REPRESENTATION_CONTEXT ( 'NONE', 'WORKASPACE' ) );
#1556 = ORIENTED_EDGE ( 'NONE', *, *, #850, .T. ) ;
#1557 = FACE_OUTER_BOUND ( 'NONE', #782, .T. ) ;
#1558 =( LENGTH_UNIT ( ) NAMED_UNIT ( * ) SI_UNIT ( .MILLI., .METRE. ) );
#1559 = ORIENTED_EDGE ( 'NONE', *, *, #1306, .F. ) ;
#1560 = LINE ( 'NONE', #2202, #298 ) ;
#1561 = CARTESIAN_POINT ( 'NONE',  ( -0.5500000000000000444, 0.1000000000000000056, 0.2500000000000000555 ) ) ;
#1562 =( LENGTH_UNIT ( ) NAMED_UNIT ( * ) SI_UNIT ( .MILLI., .METRE. ) );
#1563 = VERTEX_POINT ( 'NONE', #2617 ) ;
#1564 = LINE ( 'NONE', #1280, #1687 ) ;
#1565 = SURFACE_STYLE_USAGE ( .BOTH. , #1102 ) ;
#1566 = CARTESIAN_POINT ( 'NONE',  ( -0.5500000000000000444, 0.000000000000000000, 0.2500000000000000555 ) ) ;
#1567 = EDGE_CURVE ( 'NONE', #371, #1710, #295, .T. ) ;
#1568 = SURFACE_STYLE_FILL_AREA ( #834 ) ;
#1569 = DIRECTION ( 'NONE',  ( -0.000000000000000000, -1.000000000000000000, -0.000000000000000000 ) ) ;
#1570 = CARTESIAN_POINT ( 'NONE',  ( 0.000000000000000000, 0.1000000000000000056, 0.000000000000000000 ) ) ;
#1571 = PRESENTATION_STYLE_ASSIGNMENT (( #1750 ) ) ;
#1572 = ORIENTED_EDGE ( 'NONE', *, *, #1109, .T. ) ;
#1573 = UNCERTAINTY_MEASURE_WITH_UNIT (LENGTH_MEASURE( 1.000000000000000082E-05 ), #48, 'distance_accuracy_value', 'NONE');
#1574 = MECHANICAL_DESIGN_GEOMETRIC_PRESENTATION_REPRESENTATION (  '', ( #1240 ), #1765 ) ;
#1575 =( LENGTH_UNIT ( ) NAMED_UNIT ( * ) SI_UNIT ( .MILLI., .METRE. ) );
#1576 = FACE_OUTER_BOUND ( 'NONE', #2542, .T. ) ;
#1577 = ORIENTED_EDGE ( 'NONE', *, *, #1057, .T. ) ;
#1578 = PLANE ( 'NONE',  #2618 ) ;
#1579 =( GEOMETRIC_REPRESENTATION_CONTEXT ( 3 ) GLOBAL_UNCERTAINTY_ASSIGNED_CONTEXT ( ( #1717 ) ) GLOBAL_UNIT_ASSIGNED_CONTEXT ( ( #707, #492, #442 ) ) REPRESENTATION_CONTEXT ( 'NONE', 'WORKASPACE' ) );
#1580 = LINE ( 'NONE', #2300, #681 ) ;
#1581 =( NAMED_UNIT ( * ) PLANE_ANGLE_UNIT ( ) SI_UNIT ( $, .RADIAN. ) );
#1582 =( NAMED_UNIT ( * ) SI_UNIT ( $, .STERADIAN. ) SOLID_ANGLE_UNIT ( ) );
#1583 = DIRECTION ( 'NONE',  ( 0.000000000000000000, 0.000000000000000000, 1.000000000000000000 ) ) ;
#1584 = MECHANICAL_DESIGN_GEOMETRIC_PRESENTATION_REPRESENTATION (  '', ( #2501 ), #2306 ) ;
#1585 = DIRECTION ( 'NONE',  ( 0.000000000000000000, -0.000000000000000000, 1.000000000000000000 ) ) ;
#1586 = SURFACE_STYLE_FILL_AREA ( #1665 ) ;
#1587 = VECTOR ( 'NONE', #1641, 1000.000000000000000 ) ;
#1588 = EDGE_CURVE ( 'NONE', #26, #1344, #1925, .T. ) ;
#1589 =( GEOMETRIC_REPRESENTATION_CONTEXT ( 3 ) GLOBAL_UNCERTAINTY_ASSIGNED_CONTEXT ( ( #22 ) ) GLOBAL_UNIT_ASSIGNED_CONTEXT ( ( #342, #988, #1682 ) ) REPRESENTATION_CONTEXT ( 'NONE', 'WORKASPACE' ) );
#1590 = DIRECTION ( 'NONE',  ( 0.000000000000000000, 0.000000000000000000, 1.000000000000000000 ) ) ;
#1591 = ORIENTED_EDGE ( 'NONE', *, *, #1078, .F. ) ;
#1592 =( NAMED_UNIT ( * ) SI_UNIT ( $, .STERADIAN. ) SOLID_ANGLE_UNIT ( ) );
#1593 =( GEOMETRIC_REPRESENTATION_CONTEXT ( 3 ) GLOBAL_UNCERTAINTY_ASSIGNED_CONTEXT ( ( #1065 ) ) GLOBAL_UNIT_ASSIGNED_CONTEXT ( ( #301, #2152, #2620 ) ) REPRESENTATION_CONTEXT ( 'NONE', 'WORKASPACE' ) );
#1594 = FILL_AREA_STYLE_COLOUR ( '', #2293 ) ;
#1595 = COLOUR_RGB ( '',0.2509803921568627416, 0.2509803921568627416, 0.2509803921568627416 ) ;
#1596 = ORIENTED_EDGE ( 'NONE', *, *, #2725, .T. ) ;
#1597 = SURFACE_STYLE_FILL_AREA ( #2076 ) ;
#1598 = SURFACE_STYLE_FILL_AREA ( #1399 ) ;
#1599 =( GEOMETRIC_REPRESENTATION_CONTEXT ( 3 ) GLOBAL_UNCERTAINTY_ASSIGNED_CONTEXT ( ( #145 ) ) GLOBAL_UNIT_ASSIGNED_CONTEXT ( ( #2321, #202, #2535 ) ) REPRESENTATION_CONTEXT ( 'NONE', 'WORKASPACE' ) );
#1600 = FACE_OUTER_BOUND ( 'NONE', #1029, .T. ) ;
#1601 = CIRCLE ( 'NONE', #536, 0.05000000000000002359 ) ;
#1602 = FILL_AREA_STYLE ('',( #2569 ) ) ;
#1603 = PRESENTATION_STYLE_ASSIGNMENT (( #447 ) ) ;
#1604 = UNCERTAINTY_MEASURE_WITH_UNIT (LENGTH_MEASURE( 1.000000000000000082E-05 ), #102, 'distance_accuracy_value', 'NONE');
#1605 = FILL_AREA_STYLE_COLOUR ( '', #2857 ) ;
#1606 = MECHANICAL_DESIGN_GEOMETRIC_PRESENTATION_REPRESENTATION (  '', ( #836 ), #2223 ) ;
#1607 = COLOUR_RGB ( '',0.2509803921568627416, 0.2509803921568627416, 0.2509803921568627416 ) ;
#1608 = FILL_AREA_STYLE_COLOUR ( '', #2717 ) ;
#1609 = ORIENTED_EDGE ( 'NONE', *, *, #603, .F. ) ;
#1610 = FILL_AREA_STYLE ('',( #1594 ) ) ;
#1611 = EDGE_CURVE ( 'NONE', #1612, #1043, #783, .T. ) ;
#1612 = VERTEX_POINT ( 'NONE', #2106 ) ;
#1613 = CARTESIAN_POINT ( 'NONE',  ( 0.000000000000000000, 0.000000000000000000, 0.2499999999999998335 ) ) ;
#1614 = ORIENTED_EDGE ( 'NONE', *, *, #815, .F. ) ;
#1615 = DIRECTION ( 'NONE',  ( -0.000000000000000000, -1.000000000000000000, -0.000000000000000000 ) ) ;
#1616 = SURFACE_SIDE_STYLE ('',( #2791 ) ) ;
#1617 = SURFACE_STYLE_FILL_AREA ( #449 ) ;
#1618 = ORIENTED_EDGE ( 'NONE', *, *, #1882, .T. ) ;
#1619 = CLOSED_SHELL ( 'NONE', ( #907, #439, #2985, #2788, #1549, #1218, #214, #780, #2142, #549, #1694, #1499, #761, #1325, #2631, #318, #1527, #1445, #2593, #2931, #2449, #2692, #470, #599, #2328, #171, #683 ) ) ;
#1620 = PRESENTATION_STYLE_ASSIGNMENT (( #2734 ) ) ;
#1621 =( GEOMETRIC_REPRESENTATION_CONTEXT ( 3 ) GLOBAL_UNCERTAINTY_ASSIGNED_CONTEXT ( ( #117 ) ) GLOBAL_UNIT_ASSIGNED_CONTEXT ( ( #344, #551, #1001 ) ) REPRESENTATION_CONTEXT ( 'NONE', 'WORKASPACE' ) );
#1622 = ORIENTED_EDGE ( 'NONE', *, *, #1990, .F. ) ;
#1623 = FACE_OUTER_BOUND ( 'NONE', #2995, .T. ) ;
#1624 = COLOUR_RGB ( '',1.000000000000000000, 0.8117647058823529438, 0.5019607843137254832 ) ;
#1625 = DIRECTION ( 'NONE',  ( 1.000000000000000000, -0.000000000000000000, -5.421010862427521184E-16 ) ) ;
#1626 = VECTOR ( 'NONE', #1631, 1000.000000000000000 ) ;
#1627 =( NAMED_UNIT ( * ) PLANE_ANGLE_UNIT ( ) SI_UNIT ( $, .RADIAN. ) );
#1628 = CARTESIAN_POINT ( 'NONE',  ( 0.5499999999999999334, 0.6999999999999999556, 0.6999999999999998446 ) ) ;
#1629 = ORIENTED_EDGE ( 'NONE', *, *, #1816, .F. ) ;
#1630 = SURFACE_STYLE_FILL_AREA ( #1 ) ;
#1631 = DIRECTION ( 'NONE',  ( -1.000000000000000000, -0.000000000000000000, 0.000000000000000000 ) ) ;
#1632 = LINE ( 'NONE', #512, #828 ) ;
#1633 = DIRECTION ( 'NONE',  ( -0.000000000000000000, -1.000000000000000000, -0.000000000000000000 ) ) ;
#1634 = ORIENTED_EDGE ( 'NONE', *, *, #870, .F. ) ;
#1635 =( NAMED_UNIT ( * ) PLANE_ANGLE_UNIT ( ) SI_UNIT ( $, .RADIAN. ) );
#1636 = PRESENTATION_LAYER_ASSIGNMENT (  '', '', ( #1025 ) ) ;
#1637 = ORIENTED_EDGE ( 'NONE', *, *, #603, .T. ) ;
#1638 = VECTOR ( 'NONE', #2532, 1000.000000000000000 ) ;
#1639 = CARTESIAN_POINT ( 'NONE',  ( -0.1499999999999999112, 0.1000000000000000056, -0.7500000000000001110 ) ) ;
#1640 = VECTOR ( 'NONE', #2955, 1000.000000000000000 ) ;
#1641 = DIRECTION ( 'NONE',  ( 2.168404344971008128E-16, 0.000000000000000000, -1.000000000000000000 ) ) ;
#1642 = EDGE_CURVE ( 'NONE', #2080, #1769, #2122, .T. ) ;
#1643 = ORIENTED_EDGE ( 'NONE', *, *, #798, .T. ) ;
#1644 = DIRECTION ( 'NONE',  ( 1.000000000000000000, -0.000000000000000000, 2.710505431213761085E-16 ) ) ;
#1645 = AXIS2_PLACEMENT_3D ( 'NONE', #852, #2932, #2052 ) ;
#1646 = PRESENTATION_LAYER_ASSIGNMENT (  '', '', ( #293 ) ) ;
#1647 = DIRECTION ( 'NONE',  ( 0.000000000000000000, 0.000000000000000000, -1.000000000000000000 ) ) ;
#1648 = CARTESIAN_POINT ( 'NONE',  ( -0.5500000000000000444, 0.000000000000000000, 0.2500000000000000555 ) ) ;
#1649 = PRESENTATION_LAYER_ASSIGNMENT (  '', '', ( #191 ) ) ;
#1650 = FACE_OUTER_BOUND ( 'NONE', #569, .T. ) ;
#1651 = ORIENTED_EDGE ( 'NONE', *, *, #2628, .T. ) ;
#1652 = SURFACE_STYLE_USAGE ( .BOTH. , #589 ) ;
#1653 = EDGE_LOOP ( 'NONE', ( #1984, #1596, #1526, #2847 ) ) ;
#1654 = PRESENTATION_LAYER_ASSIGNMENT (  '', '', ( #1791 ) ) ;
#1655 = PLANE ( 'NONE',  #1172 ) ;
#1656 = CARTESIAN_POINT ( 'NONE',  ( -0.2999999999999999334, 0.1000000000000000056, -0.2500000000000000000 ) ) ;
#1657 = LINE ( 'NONE', #1783, #810 ) ;
#1658 = VERTEX_POINT ( 'NONE', #46 ) ;
#1659 = SURFACE_STYLE_USAGE ( .BOTH. , #2097 ) ;
#1660 = CARTESIAN_POINT ( 'NONE',  ( -0.1499999999999999112, 0.1000000000000000056, -0.7500000000000001110 ) ) ;
#1661 = DIRECTION ( 'NONE',  ( -1.000000000000000000, 0.000000000000000000, -2.710505431213761085E-16 ) ) ;
#1662 = EDGE_CURVE ( 'NONE', #326, #595, #520, .T. ) ;
#1663 = ORIENTED_EDGE ( 'NONE', *, *, #1007, .F. ) ;
#1664 = ORIENTED_EDGE ( 'NONE', *, *, #1057, .F. ) ;
#1665 = FILL_AREA_STYLE ('',( #1448 ) ) ;
#1666 = PRESENTATION_LAYER_ASSIGNMENT (  '', '', ( #2395 ) ) ;
#1667 = LINE ( 'NONE', #329, #2408 ) ;
#1668 = VERTEX_POINT ( 'NONE', #2334 ) ;
#1669 = FILL_AREA_STYLE_COLOUR ( '', #39 ) ;
#1670 = STYLED_ITEM ( 'NONE', ( #130 ), #560 ) ;
#1671 = SURFACE_STYLE_USAGE ( .BOTH. , #757 ) ;
#1672 = PRESENTATION_STYLE_ASSIGNMENT (( #1038 ) ) ;
#1673 = DIRECTION ( 'NONE',  ( -0.000000000000000000, -1.000000000000000000, 0.000000000000000000 ) ) ;
#1674 = AXIS2_PLACEMENT_3D ( 'NONE', #1660, #1210, #18 ) ;
#1675 = PRESENTATION_STYLE_ASSIGNMENT (( #71 ) ) ;
#1676 = EDGE_LOOP ( 'NONE', ( #1377, #2789, #1997, #1307 ) ) ;
#1677 = CARTESIAN_POINT ( 'NONE',  ( -0.1499999999999999389, 0.1000000000000000056, -0.3999999999999999667 ) ) ;
#1678 = CARTESIAN_POINT ( 'NONE',  ( 0.6000000000000000888, 0.5999999999999999778, 0.000000000000000000 ) ) ;
#1679 = ORIENTED_EDGE ( 'NONE', *, *, #833, .F. ) ;
#1680 = PLANE ( 'NONE',  #1779 ) ;
#1681 = VECTOR ( 'NONE', #345, 1000.000000000000000 ) ;
#1682 =( NAMED_UNIT ( * ) SI_UNIT ( $, .STERADIAN. ) SOLID_ANGLE_UNIT ( ) );
#1683 =( NAMED_UNIT ( * ) PLANE_ANGLE_UNIT ( ) SI_UNIT ( $, .RADIAN. ) );
#1684 = DIRECTION ( 'NONE',  ( 0.000000000000000000, 0.000000000000000000, -1.000000000000000000 ) ) ;
#1685 = MECHANICAL_DESIGN_GEOMETRIC_PRESENTATION_REPRESENTATION (  '', ( #479 ), #822 ) ;
#1686 = VERTEX_POINT ( 'NONE', #1032 ) ;
#1687 = VECTOR ( 'NONE', #611, 1000.000000000000000 ) ;
#1688 = STYLED_ITEM ( 'NONE', ( #182 ), #1527 ) ;
#1689 = PRESENTATION_STYLE_ASSIGNMENT (( #362 ) ) ;
#1690 = VECTOR ( 'NONE', #1569, 1000.000000000000000 ) ;
#1691 = DIRECTION ( 'NONE',  ( -1.000000000000000000, 0.000000000000000000, -2.168404344971008079E-15 ) ) ;
#1692 = EDGE_LOOP ( 'NONE', ( #800, #2664, #1643, #2315 ) ) ;
#1693 = AXIS2_PLACEMENT_3D ( 'NONE', #2466, #2715, #1319 ) ;
#1694 = ADVANCED_FACE ( 'NONE', ( #2630 ), #1655, .F. ) ;
#1695 =( NAMED_UNIT ( * ) PLANE_ANGLE_UNIT ( ) SI_UNIT ( $, .RADIAN. ) );
#1696 = EDGE_LOOP ( 'NONE', ( #1385, #1279, #842, #2345 ) ) ;
#1697 = DIRECTION ( 'NONE',  ( 0.000000000000000000, -0.000000000000000000, 1.000000000000000000 ) ) ;
#1698 = COLOUR_RGB ( '',0.8431372549019607865, 0.8431372549019607865, 0.8431372549019607865 ) ;
#1699 = DIRECTION ( 'NONE',  ( 0.000000000000000000, -0.000000000000000000, 1.000000000000000000 ) ) ;
#1700 = CARTESIAN_POINT ( 'NONE',  ( -0.1499999999999999667, 0.1000000000000000056, -0.3999999999999999667 ) ) ;
#1701 = ORIENTED_EDGE ( 'NONE', *, *, #623, .T. ) ;
#1702 = SURFACE_SIDE_STYLE ('',( #792 ) ) ;
#1703 = CARTESIAN_POINT ( 'NONE',  ( 0.5499999999999999334, 0.6500000000000000222, 0.6999999999999998446 ) ) ;
#1704 = SURFACE_SIDE_STYLE ('',( #451 ) ) ;
#1705 = CARTESIAN_POINT ( 'NONE',  ( -0.5500000000000000444, 0.000000000000000000, 0.000000000000000000 ) ) ;
#1706 = ORIENTED_EDGE ( 'NONE', *, *, #401, .F. ) ;
#1707 = ADVANCED_FACE ( 'NONE', ( #752 ), #1680, .T. ) ;
#1708 = CYLINDRICAL_SURFACE ( 'NONE', #2363, 0.05000000000000002359 ) ;
#1709 = LINE ( 'NONE', #1477, #915 ) ;
#1710 = VERTEX_POINT ( 'NONE', #2254 ) ;
#1711 = EDGE_CURVE ( 'NONE', #2380, #1221, #1209, .T. ) ;
#1712 = COLOUR_RGB ( '',0.8431372549019607865, 0.8431372549019607865, 0.8431372549019607865 ) ;
#1713 = COLOUR_RGB ( '',0.8431372549019607865, 0.8431372549019607865, 0.8431372549019607865 ) ;
#1714 = PRESENTATION_LAYER_ASSIGNMENT (  '', '', ( #1670 ) ) ;
#1715 = FILL_AREA_STYLE ('',( #2474 ) ) ;
#1716 = ORIENTED_EDGE ( 'NONE', *, *, #1953, .F. ) ;
#1717 = UNCERTAINTY_MEASURE_WITH_UNIT (LENGTH_MEASURE( 1.000000000000000082E-05 ), #707, 'distance_accuracy_value', 'NONE');
#1718 = CARTESIAN_POINT ( 'NONE',  ( -0.4999999999999997780, 0.6999999999999999556, 0.6999999999999998446 ) ) ;
#1719 = PRESENTATION_LAYER_ASSIGNMENT (  '', '', ( #2651 ) ) ;
#1720 = DIRECTION ( 'NONE',  ( 1.000000000000000000, 0.000000000000000000, 0.000000000000000000 ) ) ;
#1721 = ORIENTED_EDGE ( 'NONE', *, *, #418, .T. ) ;
#1722 = COLOUR_RGB ( '',0.8431372549019607865, 0.8431372549019607865, 0.8431372549019607865 ) ;
#1723 = FACE_OUTER_BOUND ( 'NONE', #2805, .T. ) ;
#1724 = PRESENTATION_LAYER_ASSIGNMENT (  '', '', ( #2793 ) ) ;
#1725 = EDGE_CURVE ( 'NONE', #709, #1347, #377, .T. ) ;
#1726 = LINE ( 'NONE', #1703, #878 ) ;
#1727 = AXIS2_PLACEMENT_3D ( 'NONE', #653, #690, #2030 ) ;
#1728 = EDGE_CURVE ( 'NONE', #2478, #727, #2918, .T. ) ;
#1729 = DIRECTION ( 'NONE',  ( 1.000000000000000000, 0.000000000000000000, 2.168404344971008128E-16 ) ) ;
#1730 = STYLED_ITEM ( 'NONE', ( #1090 ), #1707 ) ;
#1731 = CARTESIAN_POINT ( 'NONE',  ( 0.6000000000000000888, 0.000000000000000000, 0.8000000000000000444 ) ) ;
#1732 = VECTOR ( 'NONE', #269, 1000.000000000000000 ) ;
#1733 = AXIS2_PLACEMENT_3D ( 'NONE', #1718, #1753, #1095 ) ;
#1734 = ORIENTED_EDGE ( 'NONE', *, *, #815, .T. ) ;
#1735 = STYLED_ITEM ( 'NONE', ( #1131 ), #2593 ) ;
#1736 = FACE_OUTER_BOUND ( 'NONE', #1164, .T. ) ;
#1737 = VERTEX_POINT ( 'NONE', #1525 ) ;
#1738 = VECTOR ( 'NONE', #2597, 1000.000000000000000 ) ;
#1739 = FILL_AREA_STYLE ('',( #2482 ) ) ;
#1740 = CARTESIAN_POINT ( 'NONE',  ( 0.000000000000000000, 0.000000000000000000, -0.2500000000000000555 ) ) ;
#1741 = PLANE ( 'NONE',  #919 ) ;
#1742 = STYLED_ITEM ( 'NONE', ( #2405 ), #2985 ) ;
#1743 = DIRECTION ( 'NONE',  ( 7.744301232039314216E-17, 0.000000000000000000, -1.000000000000000000 ) ) ;
#1744 = EDGE_CURVE ( 'NONE', #485, #2800, #2490, .T. ) ;
#1745 = FILL_AREA_STYLE_COLOUR ( '', #369 ) ;
#1746 = DIRECTION ( 'NONE',  ( 0.000000000000000000, 1.000000000000000000, 0.000000000000000000 ) ) ;
#1747 = UNCERTAINTY_MEASURE_WITH_UNIT (LENGTH_MEASURE( 1.000000000000000082E-05 ), #1100, 'distance_accuracy_value', 'NONE');
#1748 = DIRECTION ( 'NONE',  ( -1.000000000000000000, 0.000000000000000000, -2.710505431213761085E-16 ) ) ;
#1749 = EDGE_CURVE ( 'NONE', #755, #2333, #405, .T. ) ;
#1750 = SURFACE_STYLE_USAGE ( .BOTH. , #1110 ) ;
#1751 = EDGE_LOOP ( 'NONE', ( #1190, #665, #751, #2831 ) ) ;
#1752 = UNCERTAINTY_MEASURE_WITH_UNIT (LENGTH_MEASURE( 1.000000000000000082E-05 ), #2338, 'distance_accuracy_value', 'NONE');
#1753 = DIRECTION ( 'NONE',  ( -0.000000000000000000, -1.000000000000000000, -0.000000000000000000 ) ) ;
#1754 = FACE_OUTER_BOUND ( 'NONE', #1751, .T. ) ;
#1755 = DIRECTION ( 'NONE',  ( 1.000000000000000000, 0.000000000000000000, -2.168404344971008128E-16 ) ) ;
#1756 = ORIENTED_EDGE ( 'NONE', *, *, #2804, .T. ) ;
#1757 = CARTESIAN_POINT ( 'NONE',  ( 0.000000000000000000, 0.1000000000000000056, -0.2500000000000000555 ) ) ;
#1758 = PLANE ( 'NONE',  #38 ) ;
#1759 = PRESENTATION_STYLE_ASSIGNMENT (( #2235 ) ) ;
#1760 = CARTESIAN_POINT ( 'NONE',  ( -0.5499999999999998224, 0.5999999999999999778, 0.6999999999999998446 ) ) ;
#1761 = FILL_AREA_STYLE ('',( #2685 ) ) ;
#1762 = EDGE_CURVE ( 'NONE', #2989, #816, #1327, .T. ) ;
#1763 = CARTESIAN_POINT ( 'NONE',  ( 0.1500000000000001610, 0.1000000000000000056, -0.7500000000000001110 ) ) ;
#1764 =( GEOMETRIC_REPRESENTATION_CONTEXT ( 3 ) GLOBAL_UNCERTAINTY_ASSIGNED_CONTEXT ( ( #1393 ) ) GLOBAL_UNIT_ASSIGNED_CONTEXT ( ( #354, #1979, #2901 ) ) REPRESENTATION_CONTEXT ( 'NONE', 'WORKASPACE' ) );
#1765 =( GEOMETRIC_REPRESENTATION_CONTEXT ( 3 ) GLOBAL_UNCERTAINTY_ASSIGNED_CONTEXT ( ( #2056 ) ) GLOBAL_UNIT_ASSIGNED_CONTEXT ( ( #2443, #1271, #159 ) ) REPRESENTATION_CONTEXT ( 'NONE', 'WORKASPACE' ) );
#1766 = EDGE_CURVE ( 'NONE', #1200, #889, #1299, .T. ) ;
#1767 = FILL_AREA_STYLE_COLOUR ( '', #1355 ) ;
#1768 = ORIENTED_EDGE ( 'NONE', *, *, #2880, .F. ) ;
#1769 = VERTEX_POINT ( 'NONE', #2021 ) ;
#1770 = CARTESIAN_POINT ( 'NONE',  ( 0.5500000000000000444, 0.1000000000000000056, 0.2499999999999998335 ) ) ;
#1771 = DIRECTION ( 'NONE',  ( 0.000000000000000000, -0.000000000000000000, -1.000000000000000000 ) ) ;
#1772 = FILL_AREA_STYLE_COLOUR ( '', #966 ) ;
#1773 = VECTOR ( 'NONE', #2753, 1000.000000000000000 ) ;
#1774 = FACE_OUTER_BOUND ( 'NONE', #2370, .T. ) ;
#1775 = CARTESIAN_POINT ( 'NONE',  ( -0.1499999999999999389, 0.1000000000000000056, -0.3999999999999999667 ) ) ;
#1776 = AXIS2_PLACEMENT_3D ( 'NONE', #2465, #2657, #2001 ) ;
#1777 = CARTESIAN_POINT ( 'NONE',  ( 0.5500000000000001554, 0.1000000000000000056, -0.7500000000000000000 ) ) ;
#1778 = EDGE_LOOP ( 'NONE', ( #1637, #1629, #1794, #160 ) ) ;
#1779 = AXIS2_PLACEMENT_3D ( 'NONE', #1138, #1340, #1748 ) ;
#1780 = EDGE_CURVE ( 'NONE', #1943, #2219, #2274, .T. ) ;
#1781 = CARTESIAN_POINT ( 'NONE',  ( 0.5500000000000001554, 0.000000000000000000, 0.2499999999999998335 ) ) ;
#1782 = VECTOR ( 'NONE', #2156, 1000.000000000000000 ) ;
#1783 = CARTESIAN_POINT ( 'NONE',  ( 0.5500000000000000444, 0.1000000000000000056, -0.2499999999999998335 ) ) ;
#1784 = ORIENTED_EDGE ( 'NONE', *, *, #276, .F. ) ;
#1785 =( NAMED_UNIT ( * ) PLANE_ANGLE_UNIT ( ) SI_UNIT ( $, .RADIAN. ) );
#1786 = EDGE_CURVE ( 'NONE', #2298, #2870, #2239, .T. ) ;
#1787 = SURFACE_STYLE_FILL_AREA ( #412 ) ;
#1788 = AXIS2_PLACEMENT_3D ( 'NONE', #1394, #2510, #241 ) ;
#1789 = LINE ( 'NONE', #1087, #2564 ) ;
#1790 = CARTESIAN_POINT ( 'NONE',  ( -0.4999999999999997780, 0.6500000000000000222, -0.7000000000000000666 ) ) ;
#1791 = STYLED_ITEM ( 'NONE', ( #1571 ), #2788 ) ;
#1792 = FILL_AREA_STYLE_COLOUR ( '', #2197 ) ;
#1793 = AXIS2_PLACEMENT_3D ( 'NONE', #1153, #1583, #893 ) ;
#1794 = ORIENTED_EDGE ( 'NONE', *, *, #2846, .F. ) ;
#1795 =( NAMED_UNIT ( * ) SI_UNIT ( $, .STERADIAN. ) SOLID_ANGLE_UNIT ( ) );
#1796 = ADVANCED_FACE ( 'NONE', ( #205 ), #619, .T. ) ;
#1797 = FILL_AREA_STYLE_COLOUR ( '', #2705 ) ;
#1798 = DIRECTION ( 'NONE',  ( 1.000000000000000000, -0.000000000000000000, 0.000000000000000000 ) ) ;
#1799 = FILL_AREA_STYLE_COLOUR ( '', #2967 ) ;
#1800 =( NAMED_UNIT ( * ) SI_UNIT ( $, .STERADIAN. ) SOLID_ANGLE_UNIT ( ) );
#1801 = CARTESIAN_POINT ( 'NONE',  ( 0.1500000000000001332, 0.1000000000000000056, 0.7500000000000001110 ) ) ;
#1802 = CARTESIAN_POINT ( 'NONE',  ( 0.5500000000000001554, 0.1000000000000000056, -0.7500000000000000000 ) ) ;
#1803 = STYLED_ITEM ( 'NONE', ( #249 ), #318 ) ;
#1804 = DIRECTION ( 'NONE',  ( 0.000000000000000000, 0.000000000000000000, -1.000000000000000000 ) ) ;
#1805 = STYLED_ITEM ( 'NONE', ( #2601 ), #450 ) ;
#1806 = VERTEX_POINT ( 'NONE', #483 ) ;
#1807 = UNCERTAINTY_MEASURE_WITH_UNIT (LENGTH_MEASURE( 1.000000000000000082E-05 ), #9, 'distance_accuracy_value', 'NONE');
#1808 = PRESENTATION_STYLE_ASSIGNMENT (( #900 ) ) ;
#1809 = MECHANICAL_DESIGN_GEOMETRIC_PRESENTATION_REPRESENTATION (  '', ( #2779 ), #2491 ) ;
#1810 = PLANE ( 'NONE',  #682 ) ;
#1811 = VERTEX_POINT ( 'NONE', #2557 ) ;
#1812 = PRESENTATION_STYLE_ASSIGNMENT (( #2767 ) ) ;
#1813 = CARTESIAN_POINT ( 'NONE',  ( -0.5999999999999998668, 0.000000000000000000, 0.8000000000000000444 ) ) ;
#1814 = FACE_OUTER_BOUND ( 'NONE', #1216, .T. ) ;
#1815 = LINE ( 'NONE', #464, #1506 ) ;
#1816 = EDGE_CURVE ( 'NONE', #649, #1221, #236, .T. ) ;
#1817 = STYLED_ITEM ( 'NONE', ( #1268 ), #761 ) ;
#1818 = DIRECTION ( 'NONE',  ( 0.000000000000000000, 0.000000000000000000, 1.000000000000000000 ) ) ;
#1819 = FILL_AREA_STYLE ('',( #2743 ) ) ;
#1820 = DIRECTION ( 'NONE',  ( 0.000000000000000000, 1.000000000000000000, 0.000000000000000000 ) ) ;
#1821 = CARTESIAN_POINT ( 'NONE',  ( -0.1499999999999999389, -5.421010862427522170E-17, -0.3999999999999999667 ) ) ;
#1822 = ORIENTED_EDGE ( 'NONE', *, *, #2933, .F. ) ;
#1823 = MECHANICAL_DESIGN_GEOMETRIC_PRESENTATION_REPRESENTATION (  '', ( #2211 ), #1593 ) ;
#1824 = DIRECTION ( 'NONE',  ( -0.000000000000000000, -1.000000000000000000, -0.000000000000000000 ) ) ;
#1825 = COLOUR_RGB ( '',0.2509803921568627416, 0.2509803921568627416, 0.2509803921568627416 ) ;
#1826 = EDGE_LOOP ( 'NONE', ( #209, #443, #495, #2121 ) ) ;
#1827 = CARTESIAN_POINT ( 'NONE',  ( 0.1500000000000001610, 0.1000000000000000056, 0.7500000000000001110 ) ) ;
#1828 = CARTESIAN_POINT ( 'NONE',  ( 0.000000000000000000, 0.1000000000000000056, 0.000000000000000000 ) ) ;
#1829 = DIRECTION ( 'NONE',  ( 0.000000000000000000, 0.000000000000000000, 1.000000000000000000 ) ) ;
#1830 =( GEOMETRIC_REPRESENTATION_CONTEXT ( 3 ) GLOBAL_UNCERTAINTY_ASSIGNED_CONTEXT ( ( #1907 ) ) GLOBAL_UNIT_ASSIGNED_CONTEXT ( ( #1405, #252, #15 ) ) REPRESENTATION_CONTEXT ( 'NONE', 'WORKASPACE' ) );
#1831 = SURFACE_STYLE_FILL_AREA ( #200 ) ;
#1832 = CARTESIAN_POINT ( 'NONE',  ( 0.5500000000000000444, 0.000000000000000000, 0.000000000000000000 ) ) ;
#1833 = ORIENTED_EDGE ( 'NONE', *, *, #1289, .T. ) ;
#1834 =( GEOMETRIC_REPRESENTATION_CONTEXT ( 3 ) GLOBAL_UNCERTAINTY_ASSIGNED_CONTEXT ( ( #1995 ) ) GLOBAL_UNIT_ASSIGNED_CONTEXT ( ( #2192, #125, #1975 ) ) REPRESENTATION_CONTEXT ( 'NONE', 'WORKASPACE' ) );
#1835 = SURFACE_STYLE_FILL_AREA ( #2358 ) ;
#1836 = DIRECTION ( 'NONE',  ( 0.000000000000000000, -0.000000000000000000, 1.000000000000000000 ) ) ;
#1837 = DIRECTION ( 'NONE',  ( -0.000000000000000000, -1.000000000000000000, -0.000000000000000000 ) ) ;
#1838 = AXIS2_PLACEMENT_3D ( 'NONE', #1274, #1042, #1487 ) ;
#1839 = AXIS2_PLACEMENT_3D ( 'NONE', #1066, #604, #2445 ) ;
#1840 = SURFACE_SIDE_STYLE ('',( #238 ) ) ;
#1841 = EDGE_CURVE ( 'NONE', #31, #365, #1632, .T. ) ;
#1842 = ORIENTED_EDGE ( 'NONE', *, *, #510, .T. ) ;
#1843 = SURFACE_STYLE_USAGE ( .BOTH. , #2244 ) ;
#1844 = LINE ( 'NONE', #1177, #563 ) ;
#1845 = FILL_AREA_STYLE_COLOUR ( '', #1698 ) ;
#1846 = ORIENTED_EDGE ( 'NONE', *, *, #1766, .T. ) ;
#1847 = CARTESIAN_POINT ( 'NONE',  ( -0.5500000000000000444, 0.1000000000000000056, 0.000000000000000000 ) ) ;
#1848 =( LENGTH_UNIT ( ) NAMED_UNIT ( * ) SI_UNIT ( .MILLI., .METRE. ) );
#1849 = PLANE ( 'NONE',  #2291 ) ;
#1850 = CARTESIAN_POINT ( 'NONE',  ( 0.5500000000000000444, 0.000000000000000000, -0.2499999999999998335 ) ) ;
#1851 = ORIENTED_EDGE ( 'NONE', *, *, #2462, .T. ) ;
#1852 = DIRECTION ( 'NONE',  ( -0.000000000000000000, -1.000000000000000000, -0.000000000000000000 ) ) ;
#1853 = FACE_OUTER_BOUND ( 'NONE', #2815, .T. ) ;
#1854 = FILL_AREA_STYLE_COLOUR ( '', #2980 ) ;
#1855 = LINE ( 'NONE', #416, #660 ) ;
#1856 = FILL_AREA_STYLE ('',( #257 ) ) ;
#1857 = ADVANCED_FACE ( 'NONE', ( #1429 ), #1410, .T. ) ;
#1858 =( LENGTH_UNIT ( ) NAMED_UNIT ( * ) SI_UNIT ( .MILLI., .METRE. ) );
#1859 = VERTEX_POINT ( 'NONE', #961 ) ;
#1860 = STYLED_ITEM ( 'NONE', ( #999 ), #23 ) ;
#1861 = DIRECTION ( 'NONE',  ( 1.000000000000000000, 0.000000000000000000, -0.000000000000000000 ) ) ;
#1862 = EDGE_CURVE ( 'NONE', #853, #2231, #748, .T. ) ;
#1863 =( NAMED_UNIT ( * ) PLANE_ANGLE_UNIT ( ) SI_UNIT ( $, .RADIAN. ) );
#1864 = FACE_OUTER_BOUND ( 'NONE', #1778, .T. ) ;
#1865 = ORIENTED_EDGE ( 'NONE', *, *, #1023, .F. ) ;
#1866 = FACE_OUTER_BOUND ( 'NONE', #1528, .T. ) ;
#1867 = VECTOR ( 'NONE', #2434, 1000.000000000000000 ) ;
#1868 = SURFACE_STYLE_FILL_AREA ( #2079 ) ;
#1869 = ORIENTED_EDGE ( 'NONE', *, *, #765, .F. ) ;
#1870 = CARTESIAN_POINT ( 'NONE',  ( -0.1499999999999999389, 0.1000000000000000056, -0.3999999999999999667 ) ) ;
#1871 = PLANE ( 'NONE',  #864 ) ;
#1872 = DIRECTION ( 'NONE',  ( 2.168404344971008868E-16, -0.000000000000000000, -1.000000000000000000 ) ) ;
#1873 = VECTOR ( 'NONE', #255, 1000.000000000000000 ) ;
#1874 = VECTOR ( 'NONE', #1743, 1000.000000000000000 ) ;
#1875 = ORIENTED_EDGE ( 'NONE', *, *, #1075, .F. ) ;
#1876 = UNCERTAINTY_MEASURE_WITH_UNIT (LENGTH_MEASURE( 1.000000000000000082E-05 ), #897, 'distance_accuracy_value', 'NONE');
#1877 = COLOUR_RGB ( '',0.8431372549019607865, 0.8431372549019607865, 0.8431372549019607865 ) ;
#1878 = FILL_AREA_STYLE_COLOUR ( '', #2054 ) ;
#1879 = FILL_AREA_STYLE ('',( #1845 ) ) ;
#1880 = ORIENTED_EDGE ( 'NONE', *, *, #1379, .F. ) ;
#1881 = FILL_AREA_STYLE ('',( #2801 ) ) ;
#1882 = EDGE_CURVE ( 'NONE', #2394, #1686, #2290, .T. ) ;
#1883 = STYLED_ITEM ( 'NONE', ( #392 ), #1796 ) ;
#1884 = DIRECTION ( 'NONE',  ( -2.168404344971008128E-16, 0.000000000000000000, 1.000000000000000000 ) ) ;
#1885 = EDGE_LOOP ( 'NONE', ( #2498, #471, #2864, #914 ) ) ;
#1886 = DIRECTION ( 'NONE',  ( 0.000000000000000000, 1.000000000000000000, 0.000000000000000000 ) ) ;
#1887 = PRESENTATION_LAYER_ASSIGNMENT (  '', '', ( #677 ) ) ;
#1888 = PRESENTATION_STYLE_ASSIGNMENT (( #2340 ) ) ;
#1889 =( NAMED_UNIT ( * ) SI_UNIT ( $, .STERADIAN. ) SOLID_ANGLE_UNIT ( ) );
#1890 = MECHANICAL_DESIGN_GEOMETRIC_PRESENTATION_REPRESENTATION (  '', ( #353 ), #1461 ) ;
#1891 =( NAMED_UNIT ( * ) PLANE_ANGLE_UNIT ( ) SI_UNIT ( $, .RADIAN. ) );
#1892 = PRESENTATION_LAYER_ASSIGNMENT (  '', '', ( #353 ) ) ;
#1893 = ORIENTED_EDGE ( 'NONE', *, *, #2367, .F. ) ;
#1894 =( GEOMETRIC_REPRESENTATION_CONTEXT ( 3 ) GLOBAL_UNCERTAINTY_ASSIGNED_CONTEXT ( ( #482 ) ) GLOBAL_UNIT_ASSIGNED_CONTEXT ( ( #578, #1695, #2146 ) ) REPRESENTATION_CONTEXT ( 'NONE', 'WORKASPACE' ) );
#1895 = ORIENTED_EDGE ( 'NONE', *, *, #531, .T. ) ;
#1896 = STYLED_ITEM ( 'NONE', ( #1675 ), #2956 ) ;
#1897 = PRESENTATION_STYLE_ASSIGNMENT (( #2599 ) ) ;
#1898 = FILL_AREA_STYLE_COLOUR ( '', #2149 ) ;
#1899 = EDGE_CURVE ( 'NONE', #853, #26, #37, .T. ) ;
#1900 = LINE ( 'NONE', #313, #1535 ) ;
#1901 = EDGE_LOOP ( 'NONE', ( #1865, #899, #1170, #642 ) ) ;
#1902 = DIRECTION ( 'NONE',  ( 0.000000000000000000, 0.000000000000000000, 1.000000000000000000 ) ) ;
#1903 = EDGE_CURVE ( 'NONE', #2135, #2181, #2759, .T. ) ;
#1904 = DIRECTION ( 'NONE',  ( 2.168404344971008868E-16, 0.000000000000000000, 1.000000000000000000 ) ) ;
#1905 = DIRECTION ( 'NONE',  ( 7.744301232039314216E-17, 0.000000000000000000, -1.000000000000000000 ) ) ;
#1906 = CARTESIAN_POINT ( 'NONE',  ( 0.000000000000000000, 0.000000000000000000, 0.000000000000000000 ) ) ;
#1907 = UNCERTAINTY_MEASURE_WITH_UNIT (LENGTH_MEASURE( 1.000000000000000082E-05 ), #1405, 'distance_accuracy_value', 'NONE');
#1908 = ORIENTED_EDGE ( 'NONE', *, *, #335, .T. ) ;
#1909 = CARTESIAN_POINT ( 'NONE',  ( 0.1499999999999999944, 0.1000000000000000056, 0.000000000000000000 ) ) ;
#1910 = PRESENTATION_LAYER_ASSIGNMENT (  '', '', ( #1805 ) ) ;
#1911 = AXIS2_PLACEMENT_3D ( 'NONE', #2917, #1297, #2888 ) ;
#1912 = SURFACE_SIDE_STYLE ('',( #281 ) ) ;
#1913 = SURFACE_STYLE_FILL_AREA ( #2179 ) ;
#1914 = EDGE_LOOP ( 'NONE', ( #315, #1397, #61, #2320 ) ) ;
#1915 = MECHANICAL_DESIGN_GEOMETRIC_PRESENTATION_REPRESENTATION (  '', ( #1096 ), #74 ) ;
#1916 = FACE_OUTER_BOUND ( 'NONE', #652, .T. ) ;
#1917 = CARTESIAN_POINT ( 'NONE',  ( 0.1500000000000000777, 0.1000000000000000056, -0.2500000000000001110 ) ) ;
#1918 = DIRECTION ( 'NONE',  ( -1.000000000000000000, 0.000000000000000000, 2.168404344971008868E-16 ) ) ;
#1919 = ADVANCED_FACE ( 'NONE', ( #2359 ), #680, .T. ) ;
#1920 = ORIENTED_EDGE ( 'NONE', *, *, #1899, .F. ) ;
#1921 = EDGE_CURVE ( 'NONE', #485, #2219, #320, .T. ) ;
#1922 = PRESENTATION_STYLE_ASSIGNMENT (( #1433 ) ) ;
#1923 = VECTOR ( 'NONE', #2914, 1000.000000000000000 ) ;
#1924 = ORIENTED_EDGE ( 'NONE', *, *, #2659, .T. ) ;
#1925 = LINE ( 'NONE', #2381, #1542 ) ;
#1926 = MECHANICAL_DESIGN_GEOMETRIC_PRESENTATION_REPRESENTATION (  '', ( #1341 ), #2695 ) ;
#1927 = LINE ( 'NONE', #785, #605 ) ;
#1928 = CARTESIAN_POINT ( 'NONE',  ( 0.4999999999999998890, 0.5999999999999999778, -0.7000000000000000666 ) ) ;
#1929 = CIRCLE ( 'NONE', #231, 0.05000000000000002359 ) ;
#1930 = EDGE_LOOP ( 'NONE', ( #937, #239, #868, #1473 ) ) ;
#1931 = DIRECTION ( 'NONE',  ( -0.000000000000000000, -1.000000000000000000, -0.000000000000000000 ) ) ;
#1932 = STYLED_ITEM ( 'NONE', ( #1071 ), #1499 ) ;
#1933 = MECHANICAL_DESIGN_GEOMETRIC_PRESENTATION_REPRESENTATION (  '', ( #2213 ), #1346 ) ;
#1934 = LINE ( 'NONE', #2726, #99 ) ;
#1935 =( GEOMETRIC_REPRESENTATION_CONTEXT ( 3 ) GLOBAL_UNCERTAINTY_ASSIGNED_CONTEXT ( ( #1089 ) ) GLOBAL_UNIT_ASSIGNED_CONTEXT ( ( #2391, #352, #807 ) ) REPRESENTATION_CONTEXT ( 'NONE', 'WORKASPACE' ) );
#1936 = FILL_AREA_STYLE ('',( #336 ) ) ;
#1937 = EDGE_CURVE ( 'NONE', #2298, #2912, #1726, .T. ) ;
#1938 = ORIENTED_EDGE ( 'NONE', *, *, #1762, .T. ) ;
#1939 = UNCERTAINTY_MEASURE_WITH_UNIT (LENGTH_MEASURE( 1.000000000000000082E-05 ), #904, 'distance_accuracy_value', 'NONE');
#1940 = MECHANICAL_DESIGN_GEOMETRIC_PRESENTATION_REPRESENTATION (  '', ( #247 ), #2709 ) ;
#1941 = ADVANCED_FACE ( 'NONE', ( #2404 ), #1046, .T. ) ;
#1942 = PRESENTATION_STYLE_ASSIGNMENT (( #2409 ) ) ;
#1943 = VERTEX_POINT ( 'NONE', #112 ) ;
#1944 =( GEOMETRIC_REPRESENTATION_CONTEXT ( 3 ) GLOBAL_UNCERTAINTY_ASSIGNED_CONTEXT ( ( #1486 ) ) GLOBAL_UNIT_ASSIGNED_CONTEXT ( ( #2545, #2175, #1015 ) ) REPRESENTATION_CONTEXT ( 'NONE', 'WORKASPACE' ) );
#1945 = FILL_AREA_STYLE ('',( #1204 ) ) ;
#1946 =( LENGTH_UNIT ( ) NAMED_UNIT ( * ) SI_UNIT ( .MILLI., .METRE. ) );
#1947 = EDGE_LOOP ( 'NONE', ( #1040, #1756, #2055, #517 ) ) ;
#1948 = CARTESIAN_POINT ( 'NONE',  ( 0.5500000000000001554, 0.000000000000000000, 0.7500000000000000000 ) ) ;
#1949 = LINE ( 'NONE', #575, #1867 ) ;
#1950 = DIRECTION ( 'NONE',  ( -0.000000000000000000, 0.000000000000000000, 1.000000000000000000 ) ) ;
#1951 = EDGE_CURVE ( 'NONE', #805, #326, #1497, .T. ) ;
#1952 = EDGE_LOOP ( 'NONE', ( #1140, #91, #2062, #1591 ) ) ;
#1953 = EDGE_CURVE ( 'NONE', #196, #2380, #55, .T. ) ;
#1954 = EDGE_LOOP ( 'NONE', ( #1833, #1622, #565, #1559 ) ) ;
#1955 = FACE_OUTER_BOUND ( 'NONE', #2723, .T. ) ;
#1956 = CARTESIAN_POINT ( 'NONE',  ( -0.5500000000000000444, 0.1000000000000000056, 0.2500000000000000555 ) ) ;
#1957 = CLOSED_SHELL ( 'NONE', ( #515, #1514, #23, #1430, #1256, #2172 ) ) ;
#1958 =( NAMED_UNIT ( * ) PLANE_ANGLE_UNIT ( ) SI_UNIT ( $, .RADIAN. ) );
#1959 =( GEOMETRIC_REPRESENTATION_CONTEXT ( 3 ) GLOBAL_UNCERTAINTY_ASSIGNED_CONTEXT ( ( #1573 ) ) GLOBAL_UNIT_ASSIGNED_CONTEXT ( ( #48, #1683, #567 ) ) REPRESENTATION_CONTEXT ( 'NONE', 'WORKASPACE' ) );
#1960 = CARTESIAN_POINT ( 'NONE',  ( 0.000000000000000000, 0.1000000000000000056, 0.2499999999999998335 ) ) ;
#1961 = VECTOR ( 'NONE', #1062, 1000.000000000000000 ) ;
#1962 = STYLED_ITEM ( 'NONE', ( #1603 ), #171 ) ;
#1963 = SURFACE_STYLE_USAGE ( .BOTH. , #1187 ) ;
#1964 =( NAMED_UNIT ( * ) PLANE_ANGLE_UNIT ( ) SI_UNIT ( $, .RADIAN. ) );
#1965 = UNCERTAINTY_MEASURE_WITH_UNIT (LENGTH_MEASURE( 1.000000000000000082E-05 ), #1848, 'distance_accuracy_value', 'NONE');
#1966 = PLANE ( 'NONE',  #1838 ) ;
#1967 = VERTEX_POINT ( 'NONE', #1024 ) ;
#1968 = UNCERTAINTY_MEASURE_WITH_UNIT (LENGTH_MEASURE( 1.000000000000000082E-05 ), #481, 'distance_accuracy_value', 'NONE');
#1969 = DIRECTION ( 'NONE',  ( 0.000000000000000000, 0.000000000000000000, -1.000000000000000000 ) ) ;
#1970 =( GEOMETRIC_REPRESENTATION_CONTEXT ( 3 ) GLOBAL_UNCERTAINTY_ASSIGNED_CONTEXT ( ( #2665 ) ) GLOBAL_UNIT_ASSIGNED_CONTEXT ( ( #446, #1208, #2098 ) ) REPRESENTATION_CONTEXT ( 'NONE', 'WORKASPACE' ) );
#1971 = PRESENTATION_STYLE_ASSIGNMENT (( #382 ) ) ;
#1972 = EDGE_CURVE ( 'NONE', #1612, #1488, #1934, .T. ) ;
#1973 = ORIENTED_EDGE ( 'NONE', *, *, #2825, .T. ) ;
#1974 = PRESENTATION_LAYER_ASSIGNMENT (  '', '', ( #1341 ) ) ;
#1975 =( NAMED_UNIT ( * ) SI_UNIT ( $, .STERADIAN. ) SOLID_ANGLE_UNIT ( ) );
#1976 = CARTESIAN_POINT ( 'NONE',  ( 0.000000000000000000, 0.000000000000000000, 0.000000000000000000 ) ) ;
#1977 = EDGE_CURVE ( 'NONE', #7, #1563, #1789, .T. ) ;
#1978 = VECTOR ( 'NONE', #1494, 1000.000000000000000 ) ;
#1979 =( NAMED_UNIT ( * ) PLANE_ANGLE_UNIT ( ) SI_UNIT ( $, .RADIAN. ) );
#1980 = COLOUR_RGB ( '',1.000000000000000000, 0.8117647058823529438, 0.5019607843137254832 ) ;
#1981 = CARTESIAN_POINT ( 'NONE',  ( 0.000000000000000000, 0.1000000000000000056, 0.000000000000000000 ) ) ;
#1982 = PRESENTATION_LAYER_ASSIGNMENT (  '', '', ( #1262 ) ) ;
#1983 = CIRCLE ( 'NONE', #1311, 0.05000000000000002359 ) ;
#1984 = ORIENTED_EDGE ( 'NONE', *, *, #776, .F. ) ;
#1985 =( NAMED_UNIT ( * ) PLANE_ANGLE_UNIT ( ) SI_UNIT ( $, .RADIAN. ) );
#1986 = DIRECTION ( 'NONE',  ( 0.000000000000000000, 0.000000000000000000, -1.000000000000000000 ) ) ;
#1987 = STYLED_ITEM ( 'NONE', ( #107 ), #2435 ) ;
#1988 = SURFACE_STYLE_FILL_AREA ( #370 ) ;
#1989 = ORIENTED_EDGE ( 'NONE', *, *, #2277, .T. ) ;
#1990 = EDGE_CURVE ( 'NONE', #1737, #2876, #2718, .T. ) ;
#1991 =( GEOMETRIC_REPRESENTATION_CONTEXT ( 3 ) GLOBAL_UNCERTAINTY_ASSIGNED_CONTEXT ( ( #2776 ) ) GLOBAL_UNIT_ASSIGNED_CONTEXT ( ( #1858, #1412, #2292 ) ) REPRESENTATION_CONTEXT ( 'NONE', 'WORKASPACE' ) );
#1992 = CARTESIAN_POINT ( 'NONE',  ( 0.5500000000000000444, 0.1000000000000000056, -0.2499999999999998335 ) ) ;
#1993 = EDGE_CURVE ( 'NONE', #2912, #196, #928, .T. ) ;
#1994 = CARTESIAN_POINT ( 'NONE',  ( 0.1499999999999999944, 0.000000000000000000, 0.000000000000000000 ) ) ;
#1995 = UNCERTAINTY_MEASURE_WITH_UNIT (LENGTH_MEASURE( 1.000000000000000082E-05 ), #2192, 'distance_accuracy_value', 'NONE');
#1996 = CARTESIAN_POINT ( 'NONE',  ( 0.000000000000000000, 0.5999999999999999778, -0.8000000000000000444 ) ) ;
#1997 = ORIENTED_EDGE ( 'NONE', *, *, #1010, .T. ) ;
#1998 = UNCERTAINTY_MEASURE_WITH_UNIT (LENGTH_MEASURE( 1.000000000000000082E-05 ), #2873, 'distance_accuracy_value', 'NONE');
#1999 = DIRECTION ( 'NONE',  ( -2.168404344971008128E-16, 0.000000000000000000, -1.000000000000000000 ) ) ;
#2000 = ORIENTED_EDGE ( 'NONE', *, *, #2825, .F. ) ;
#2001 = DIRECTION ( 'NONE',  ( 2.168404344971008868E-16, 0.000000000000000000, 1.000000000000000000 ) ) ;
#2002 = FACE_OUTER_BOUND ( 'NONE', #2706, .T. ) ;
#2003 = LINE ( 'NONE', #2699, #2553 ) ;
#2004 = MECHANICAL_DESIGN_GEOMETRIC_PRESENTATION_REPRESENTATION (  '', ( #1860 ), #2537 ) ;
#2005 = PRESENTATION_LAYER_ASSIGNMENT (  '', '', ( #2643 ) ) ;
#2006 = EDGE_CURVE ( 'NONE', #889, #13, #646, .T. ) ;
#2007 = PRESENTATION_LAYER_ASSIGNMENT (  '', '', ( #323 ) ) ;
#2008 = VECTOR ( 'NONE', #2308, 1000.000000000000000 ) ;
#2009 = DIRECTION ( 'NONE',  ( -0.000000000000000000, -1.000000000000000000, -0.000000000000000000 ) ) ;
#2010 = ORIENTED_EDGE ( 'NONE', *, *, #2966, .T. ) ;
#2011 = SURFACE_STYLE_USAGE ( .BOTH. , #1331 ) ;
#2012 = PLANE ( 'NONE',  #1329 ) ;
#2013 = ORIENTED_EDGE ( 'NONE', *, *, #2764, .F. ) ;
#2014 = SURFACE_SIDE_STYLE ('',( #1318 ) ) ;
#2015 =( NAMED_UNIT ( * ) PLANE_ANGLE_UNIT ( ) SI_UNIT ( $, .RADIAN. ) );
#2016 = VECTOR ( 'NONE', #474, 1000.000000000000000 ) ;
#2017 = PRODUCT_CONTEXT ( 'NONE', #2971, 'mechanical' ) ;
#2018 = FACE_OUTER_BOUND ( 'NONE', #2821, .T. ) ;
#2019 = STYLED_ITEM ( 'NONE', ( #643 ), #1445 ) ;
#2020 = LINE ( 'NONE', #1994, #607 ) ;
#2021 = CARTESIAN_POINT ( 'NONE',  ( -0.1499999999999999389, 0.000000000000000000, 0.2500000000000001110 ) ) ;
#2022 = VECTOR ( 'NONE', #81, 1000.000000000000000 ) ;
#2023 = CARTESIAN_POINT ( 'NONE',  ( -0.5499999999999999334, 0.1000000000000000056, 0.7500000000000000000 ) ) ;
#2024 = ORIENTED_EDGE ( 'NONE', *, *, #2087, .T. ) ;
#2025 = UNCERTAINTY_MEASURE_WITH_UNIT (LENGTH_MEASURE( 1.000000000000000082E-05 ), #600, 'distance_accuracy_value', 'NONE');
#2026 = FILL_AREA_STYLE ('',( #2295 ) ) ;
#2027 = VECTOR ( 'NONE', #429, 1000.000000000000000 ) ;
#2028 = SURFACE_STYLE_USAGE ( .BOTH. , #2480 ) ;
#2029 = ORIENTED_EDGE ( 'NONE', *, *, #2454, .F. ) ;
#2030 = DIRECTION ( 'NONE',  ( 1.000000000000000000, 0.000000000000000000, -2.710505431213761085E-16 ) ) ;
#2031 = COLOUR_RGB ( '',0.8431372549019607865, 0.8431372549019607865, 0.8431372549019607865 ) ;
#2032 = SURFACE_SIDE_STYLE ('',( #1787 ) ) ;
#2033 = DIRECTION ( 'NONE',  ( 1.000000000000000000, 0.000000000000000000, 2.168404344971008128E-16 ) ) ;
#2034 = DIRECTION ( 'NONE',  ( -0.000000000000000000, 0.000000000000000000, -1.000000000000000000 ) ) ;
#2035 = COLOUR_RGB ( '',0.8431372549019607865, 0.8431372549019607865, 0.8431372549019607865 ) ;
#2036 = DIRECTION ( 'NONE',  ( 0.000000000000000000, 1.000000000000000000, 0.000000000000000000 ) ) ;
#2037 = CARTESIAN_POINT ( 'NONE',  ( -0.4999999999999997780, 0.6999999999999999556, -0.7000000000000000666 ) ) ;
#2038 = ORIENTED_EDGE ( 'NONE', *, *, #454, .F. ) ;
#2039 = CARTESIAN_POINT ( 'NONE',  ( -0.1499999999999999112, 0.000000000000000000, 0.7500000000000001110 ) ) ;
#2040 = ORIENTED_EDGE ( 'NONE', *, *, #232, .F. ) ;
#2041 =( LENGTH_UNIT ( ) NAMED_UNIT ( * ) SI_UNIT ( .MILLI., .METRE. ) );
#2042 = EDGE_CURVE ( 'NONE', #1432, #1003, #129, .T. ) ;
#2043 = FILL_AREA_STYLE ('',( #722 ) ) ;
#2044 = CARTESIAN_POINT ( 'NONE',  ( -0.5499999999999998224, 0.5999999999999999778, -0.7000000000000000666 ) ) ;
#2045 = DIRECTION ( 'NONE',  ( 1.000000000000000000, 0.000000000000000000, -0.000000000000000000 ) ) ;
#2046 = DIRECTION ( 'NONE',  ( 1.000000000000000000, 0.000000000000000000, -0.000000000000000000 ) ) ;
#2047 = EDGE_CURVE ( 'NONE', #1364, #2800, #617, .T. ) ;
#2048 = SURFACE_STYLE_FILL_AREA ( #478 ) ;
#2049 =( NAMED_UNIT ( * ) SI_UNIT ( $, .STERADIAN. ) SOLID_ANGLE_UNIT ( ) );
#2050 = DIRECTION ( 'NONE',  ( 0.000000000000000000, 0.000000000000000000, -1.000000000000000000 ) ) ;
#2051 = UNCERTAINTY_MEASURE_WITH_UNIT (LENGTH_MEASURE( 1.000000000000000082E-05 ), #926, 'distance_accuracy_value', 'NONE');
#2052 = DIRECTION ( 'NONE',  ( 0.000000000000000000, 0.000000000000000000, 1.000000000000000000 ) ) ;
#2053 = DIRECTION ( 'NONE',  ( -1.000000000000000000, 0.000000000000000000, 0.000000000000000000 ) ) ;
#2054 = COLOUR_RGB ( '',0.8431372549019607865, 0.8431372549019607865, 0.8431372549019607865 ) ;
#2055 = ORIENTED_EDGE ( 'NONE', *, *, #776, .T. ) ;
#2056 = UNCERTAINTY_MEASURE_WITH_UNIT (LENGTH_MEASURE( 1.000000000000000082E-05 ), #2443, 'distance_accuracy_value', 'NONE');
#2057 = LINE ( 'NONE', #2561, #1509 ) ;
#2058 = ORIENTED_EDGE ( 'NONE', *, *, #2880, .T. ) ;
#2059 = LINE ( 'NONE', #245, #1640 ) ;
#2060 = LINE ( 'NONE', #1813, #1143 ) ;
#2061 = PLANE ( 'NONE',  #178 ) ;
#2062 = ORIENTED_EDGE ( 'NONE', *, *, #226, .F. ) ;
#2063 = PLANE ( 'NONE',  #2946 ) ;
#2064 = PRESENTATION_LAYER_ASSIGNMENT (  '', '', ( #378 ) ) ;
#2065 = CARTESIAN_POINT ( 'NONE',  ( 0.5500000000000001554, 0.000000000000000000, 0.7500000000000000000 ) ) ;
#2066 = CARTESIAN_POINT ( 'NONE',  ( 0.1500000000000001610, 0.1000000000000000056, -0.7500000000000001110 ) ) ;
#2067 = COLOUR_RGB ( '',0.8431372549019607865, 0.8431372549019607865, 0.8431372549019607865 ) ;
#2068 = DIRECTION ( 'NONE',  ( 0.7071067811865474617, 0.000000000000000000, -0.7071067811865474617 ) ) ;
#2069 = LINE ( 'NONE', #1372, #794 ) ;
#2070 = EDGE_LOOP ( 'NONE', ( #330, #1264, #1721, #50 ) ) ;
#2071 = FACE_OUTER_BOUND ( 'NONE', #2430, .T. ) ;
#2072 =( NAMED_UNIT ( * ) SI_UNIT ( $, .STERADIAN. ) SOLID_ANGLE_UNIT ( ) );
#2073 = FILL_AREA_STYLE ('',( #469 ) ) ;
#2074 =( GEOMETRIC_REPRESENTATION_CONTEXT ( 3 ) GLOBAL_UNCERTAINTY_ASSIGNED_CONTEXT ( ( #1876 ) ) GLOBAL_UNIT_ASSIGNED_CONTEXT ( ( #897, #863, #2728 ) ) REPRESENTATION_CONTEXT ( 'NONE', 'WORKASPACE' ) );
#2075 = ORIENTED_EDGE ( 'NONE', *, *, #1951, .F. ) ;
#2076 = FILL_AREA_STYLE ('',( #2263 ) ) ;
#2077 = SURFACE_SIDE_STYLE ('',( #2500 ) ) ;
#2078 = DIRECTION ( 'NONE',  ( -1.000000000000000000, 0.000000000000000000, -2.168404344971008868E-16 ) ) ;
#2079 = FILL_AREA_STYLE ('',( #973 ) ) ;
#2080 = VERTEX_POINT ( 'NONE', #1534 ) ;
#2081 = STYLED_ITEM ( 'NONE', ( #1530 ), #2328 ) ;
#2082 = PLANE ( 'NONE',  #626 ) ;
#2083 = CARTESIAN_POINT ( 'NONE',  ( 0.5500000000000001554, 0.000000000000000000, 0.2499999999999998335 ) ) ;
#2084 = VECTOR ( 'NONE', #1861, 1000.000000000000000 ) ;
#2085 = DIRECTION ( 'NONE',  ( 0.000000000000000000, 1.000000000000000000, 0.000000000000000000 ) ) ;
#2086 = STYLED_ITEM ( 'NONE', ( #261 ), #2646 ) ;
#2087 = EDGE_CURVE ( 'NONE', #1424, #31, #1060, .T. ) ;
#2088 = COLOUR_RGB ( '',1.000000000000000000, 0.8117647058823529438, 0.5019607843137254832 ) ;
#2089 = SURFACE_STYLE_USAGE ( .BOTH. , #1840 ) ;
#2090 = EDGE_LOOP ( 'NONE', ( #1330, #539, #2010, #41 ) ) ;
#2091 = FILL_AREA_STYLE_COLOUR ( '', #883 ) ;
#2092 = CARTESIAN_POINT ( 'NONE',  ( 0.000000000000000000, 0.1000000000000000056, -0.7500000000000000000 ) ) ;
#2093 = CARTESIAN_POINT ( 'NONE',  ( 0.000000000000000000, 0.000000000000000000, -0.7500000000000000000 ) ) ;
#2094 = ORIENTED_EDGE ( 'NONE', *, *, #142, .T. ) ;
#2095 = LINE ( 'NONE', #1422, #120 ) ;
#2096 = VERTEX_POINT ( 'NONE', #1324 ) ;
#2097 = SURFACE_SIDE_STYLE ('',( #1630 ) ) ;
#2098 =( NAMED_UNIT ( * ) SI_UNIT ( $, .STERADIAN. ) SOLID_ANGLE_UNIT ( ) );
#2099 = LINE ( 'NONE', #774, #2929 ) ;
#2100 = SURFACE_STYLE_FILL_AREA ( #1856 ) ;
#2101 = LINE ( 'NONE', #20, #1039 ) ;
#2102 = ORIENTED_EDGE ( 'NONE', *, *, #2419, .F. ) ;
#2103 = PRESENTATION_LAYER_ASSIGNMENT (  '', '', ( #655 ) ) ;
#2104 = CYLINDRICAL_SURFACE ( 'NONE', #2464, 0.05000000000000002359 ) ;
#2105 = EDGE_LOOP ( 'NONE', ( #2924, #2200, #1515, #1540 ) ) ;
#2106 = CARTESIAN_POINT ( 'NONE',  ( -0.5999999999999998668, 0.5999999999999999778, 0.8000000000000000444 ) ) ;
#2107 = SURFACE_STYLE_USAGE ( .BOTH. , #263 ) ;
#2108 = COLOUR_RGB ( '',1.000000000000000000, 0.8117647058823529438, 0.5019607843137254832 ) ;
#2109 = CARTESIAN_POINT ( 'NONE',  ( -0.5500000000000000444, 0.1000000000000000056, -0.2500000000000000555 ) ) ;
#2110 = SURFACE_STYLE_USAGE ( .BOTH. , #1403 ) ;
#2111 = ORIENTED_EDGE ( 'NONE', *, *, #1495, .T. ) ;
#2112 = FILL_AREA_STYLE_COLOUR ( '', #1401 ) ;
#2113 = PRESENTATION_STYLE_ASSIGNMENT (( #2570 ) ) ;
#2114 = PRESENTATION_LAYER_ASSIGNMENT (  '', '', ( #2501 ) ) ;
#2115 = CARTESIAN_POINT ( 'NONE',  ( 0.5499999999999999334, 0.6500000000000000222, 0.6999999999999998446 ) ) ;
#2116 = PRESENTATION_LAYER_ASSIGNMENT (  '', '', ( #421 ) ) ;
#2117 =( LENGTH_UNIT ( ) NAMED_UNIT ( * ) SI_UNIT ( .MILLI., .METRE. ) );
#2118 = UNCERTAINTY_MEASURE_WITH_UNIT (LENGTH_MEASURE( 1.000000000000000082E-05 ), #12, 'distance_accuracy_value', 'NONE');
#2119 = PRODUCT_RELATED_PRODUCT_CATEGORY ( 'part', '', ( #758 ) ) ;
#2120 = SURFACE_STYLE_USAGE ( .BOTH. , #2348 ) ;
#2121 = ORIENTED_EDGE ( 'NONE', *, *, #1780, .F. ) ;
#2122 = LINE ( 'NONE', #62, #291 ) ;
#2123 = MECHANICAL_DESIGN_GEOMETRIC_PRESENTATION_REPRESENTATION (  '', ( #1730 ), #2074 ) ;
#2124 = PRESENTATION_STYLE_ASSIGNMENT (( #2868 ) ) ;
#2125 = FILL_AREA_STYLE_COLOUR ( '', #2067 ) ;
#2126 = EDGE_LOOP ( 'NONE', ( #72, #975, #2024, #2861 ) ) ;
#2127 =( NAMED_UNIT ( * ) PLANE_ANGLE_UNIT ( ) SI_UNIT ( $, .RADIAN. ) );
#2128 = PLANE ( 'NONE',  #1693 ) ;
#2129 = VECTOR ( 'NONE', #2448, 1000.000000000000000 ) ;
#2130 = LINE ( 'NONE', #2376, #2355 ) ;
#2131 = COLOUR_RGB ( '',1.000000000000000000, 0.8117647058823529438, 0.5019607843137254832 ) ;
#2132 = CARTESIAN_POINT ( 'NONE',  ( 0.000000000000000000, 0.1000000000000000056, 0.7500000000000001110 ) ) ;
#2133 = DIRECTION ( 'NONE',  ( -1.000000000000000000, -0.000000000000000000, -2.168404344971008128E-16 ) ) ;
#2134 = PRESENTATION_LAYER_ASSIGNMENT (  '', '', ( #1742 ) ) ;
#2135 = VERTEX_POINT ( 'NONE', #2236 ) ;
#2136 = SPHERICAL_SURFACE ( 'NONE', #723, 0.05000000000000000278 ) ;
#2137 = EDGE_CURVE ( 'NONE', #2473, #2478, #2898, .T. ) ;
#2138 = ORIENTED_EDGE ( 'NONE', *, *, #258, .T. ) ;
#2139 = PLANE ( 'NONE',  #2850 ) ;
#2140 = CARTESIAN_POINT ( 'NONE',  ( 0.5500000000000000444, 0.000000000000000000, 0.2499999999999998335 ) ) ;
#2141 = DIRECTION ( 'NONE',  ( 0.000000000000000000, -0.000000000000000000, 1.000000000000000000 ) ) ;
#2142 = ADVANCED_FACE ( 'NONE', ( #34 ), #2063, .F. ) ;
#2143 = PRESENTATION_STYLE_ASSIGNMENT (( #980 ) ) ;
#2144 = VERTEX_POINT ( 'NONE', #267 ) ;
#2145 = FILL_AREA_STYLE ('',( #1186 ) ) ;
#2146 =( NAMED_UNIT ( * ) SI_UNIT ( $, .STERADIAN. ) SOLID_ANGLE_UNIT ( ) );
#2147 = ORIENTED_EDGE ( 'NONE', *, *, #1235, .T. ) ;
#2148 = DIRECTION ( 'NONE',  ( -5.421010862427522170E-17, 0.000000000000000000, -1.000000000000000000 ) ) ;
#2149 = COLOUR_RGB ( '',1.000000000000000000, 0.8117647058823529438, 0.5019607843137254832 ) ;
#2150 = LINE ( 'NONE', #1230, #132 ) ;
#2151 = ORIENTED_EDGE ( 'NONE', *, *, #1725, .T. ) ;
#2152 =( NAMED_UNIT ( * ) PLANE_ANGLE_UNIT ( ) SI_UNIT ( $, .RADIAN. ) );
#2153 = CIRCLE ( 'NONE', #2541, 0.05000000000000002359 ) ;
#2154 = AXIS2_PLACEMENT_3D ( 'NONE', #527, #1918, #1904 ) ;
#2155 = FACE_OUTER_BOUND ( 'NONE', #2676, .T. ) ;
#2156 = DIRECTION ( 'NONE',  ( -1.000000000000000000, -0.000000000000000000, -0.000000000000000000 ) ) ;
#2157 = EDGE_CURVE ( 'NONE', #826, #2333, #2588, .T. ) ;
#2158 = SURFACE_STYLE_USAGE ( .BOTH. , #2625 ) ;
#2159 = FACE_OUTER_BOUND ( 'NONE', #1947, .T. ) ;
#2160 = ORIENTED_EDGE ( 'NONE', *, *, #1495, .F. ) ;
#2161 = VECTOR ( 'NONE', #1673, 1000.000000000000000 ) ;
#2162 = COLOUR_RGB ( '',1.000000000000000000, 0.8117647058823529438, 0.5019607843137254832 ) ;
#2163 = DIRECTION ( 'NONE',  ( -1.000000000000000000, -0.000000000000000000, -0.000000000000000000 ) ) ;
#2164 = SURFACE_SIDE_STYLE ('',( #1913 ) ) ;
#2165 = VECTOR ( 'NONE', #1931, 1000.000000000000000 ) ;
#2166 = VERTEX_POINT ( 'NONE', #2083 ) ;
#2167 = PLANE ( 'NONE',  #977 ) ;
#2168 =( LENGTH_UNIT ( ) NAMED_UNIT ( * ) SI_UNIT ( .MILLI., .METRE. ) );
#2169 =( GEOMETRIC_REPRESENTATION_CONTEXT ( 3 ) GLOBAL_UNCERTAINTY_ASSIGNED_CONTEXT ( ( #2877 ) ) GLOBAL_UNIT_ASSIGNED_CONTEXT ( ( #2587, #2127, #2822 ) ) REPRESENTATION_CONTEXT ( 'NONE', 'WORKASPACE' ) );
#2170 = COLOUR_RGB ( '',1.000000000000000000, 0.8117647058823529438, 0.5019607843137254832 ) ;
#2171 = CARTESIAN_POINT ( 'NONE',  ( 0.000000000000000000, 0.1000000000000000056, -0.7500000000000001110 ) ) ;
#2172 = ADVANCED_FACE ( 'NONE', ( #1853 ), #2755, .F. ) ;
#2173 = CARTESIAN_POINT ( 'NONE',  ( -0.2999999999999999334, 0.1000000000000000056, -0.2500000000000000000 ) ) ;
#2174 = MECHANICAL_DESIGN_GEOMETRIC_PRESENTATION_REPRESENTATION (  '', ( #2571 ), #1265 ) ;
#2175 =( NAMED_UNIT ( * ) PLANE_ANGLE_UNIT ( ) SI_UNIT ( $, .RADIAN. ) );
#2176 = ORIENTED_EDGE ( 'NONE', *, *, #6, .F. ) ;
#2177 =( GEOMETRIC_REPRESENTATION_CONTEXT ( 3 ) GLOBAL_UNCERTAINTY_ASSIGNED_CONTEXT ( ( #1013 ) ) GLOBAL_UNIT_ASSIGNED_CONTEXT ( ( #487, #2580, #277 ) ) REPRESENTATION_CONTEXT ( 'NONE', 'WORKASPACE' ) );
#2178 = DIRECTION ( 'NONE',  ( -1.000000000000000000, 0.000000000000000000, 0.000000000000000000 ) ) ;
#2179 = FILL_AREA_STYLE ('',( #2125 ) ) ;
#2180 =( GEOMETRIC_REPRESENTATION_CONTEXT ( 3 ) GLOBAL_UNCERTAINTY_ASSIGNED_CONTEXT ( ( #2325 ) ) GLOBAL_UNIT_ASSIGNED_CONTEXT ( ( #2638, #2814, #1011 ) ) REPRESENTATION_CONTEXT ( 'NONE', 'WORKASPACE' ) );
#2181 = VERTEX_POINT ( 'NONE', #1352 ) ;
#2182 = PLANE ( 'NONE',  #1776 ) ;
#2183 = CARTESIAN_POINT ( 'NONE',  ( 0.6000000000000000888, 0.5999999999999999778, -0.8000000000000000444 ) ) ;
#2184 = CARTESIAN_POINT ( 'NONE',  ( 0.1500000000000001610, 0.1000000000000000056, 0.000000000000000000 ) ) ;
#2185 =( NAMED_UNIT ( * ) PLANE_ANGLE_UNIT ( ) SI_UNIT ( $, .RADIAN. ) );
#2186 = DIRECTION ( 'NONE',  ( 1.000000000000000000, 0.000000000000000000, 0.000000000000000000 ) ) ;
#2187 = EDGE_CURVE ( 'NONE', #889, #2748, #1182, .T. ) ;
#2188 = LINE ( 'NONE', #1678, #2576 ) ;
#2189 = ORIENTED_EDGE ( 'NONE', *, *, #434, .F. ) ;
#2190 =( NAMED_UNIT ( * ) SI_UNIT ( $, .STERADIAN. ) SOLID_ANGLE_UNIT ( ) );
#2191 = ORIENTED_EDGE ( 'NONE', *, *, #2782, .T. ) ;
#2192 =( LENGTH_UNIT ( ) NAMED_UNIT ( * ) SI_UNIT ( .MILLI., .METRE. ) );
#2193 = CIRCLE ( 'NONE', #566, 0.05000000000000002359 ) ;
#2194 = FACE_OUTER_BOUND ( 'NONE', #925, .T. ) ;
#2195 = AXIS2_PLACEMENT_3D ( 'NONE', #468, #1824, #422 ) ;
#2196 = DIRECTION ( 'NONE',  ( -2.168404344971008128E-16, 0.000000000000000000, 1.000000000000000000 ) ) ;
#2197 = COLOUR_RGB ( '',0.2509803921568627416, 0.2509803921568627416, 0.2509803921568627416 ) ;
#2198 = UNCERTAINTY_MEASURE_WITH_UNIT (LENGTH_MEASURE( 1.000000000000000082E-05 ), #2697, 'distance_accuracy_value', 'NONE');
#2199 =( NAMED_UNIT ( * ) SI_UNIT ( $, .STERADIAN. ) SOLID_ANGLE_UNIT ( ) );
#2200 = ORIENTED_EDGE ( 'NONE', *, *, #1312, .F. ) ;
#2201 = UNCERTAINTY_MEASURE_WITH_UNIT (LENGTH_MEASURE( 1.000000000000000082E-05 ), #183, 'distance_accuracy_value', 'NONE');
#2202 = CARTESIAN_POINT ( 'NONE',  ( 0.5499999999999999334, 0.5999999999999999778, -0.7000000000000000666 ) ) ;
#2203 = ORIENTED_EDGE ( 'NONE', *, *, #2322, .T. ) ;
#2204 = VECTOR ( 'NONE', #552, 1000.000000000000000 ) ;
#2205 = LINE ( 'NONE', #1757, #234 ) ;
#2206 = EDGE_CURVE ( 'NONE', #365, #1612, #1815, .T. ) ;
#2207 = DIRECTION ( 'NONE',  ( 1.000000000000000000, 0.000000000000000000, 0.000000000000000000 ) ) ;
#2208 = FACE_BOUND ( 'NONE', #2732, .T. ) ;
#2209 = STYLED_ITEM ( 'NONE', ( #1309 ), #1229 ) ;
#2210 =( NAMED_UNIT ( * ) PLANE_ANGLE_UNIT ( ) SI_UNIT ( $, .RADIAN. ) );
#2211 = STYLED_ITEM ( 'NONE', ( #2287 ), #1386 ) ;
#2212 = FILL_AREA_STYLE ('',( #1295 ) ) ;
#2213 = STYLED_ITEM ( 'NONE', ( #1419 ), #1549 ) ;
#2214 = PRESENTATION_STYLE_ASSIGNMENT (( #1536 ) ) ;
#2215 = DIRECTION ( 'NONE',  ( 2.710505431213761085E-16, -0.000000000000000000, -1.000000000000000000 ) ) ;
#2216 = VECTOR ( 'NONE', #2887, 1000.000000000000000 ) ;
#2217 = SURFACE_STYLE_FILL_AREA ( #2920 ) ;
#2218 = AXIS2_PLACEMENT_3D ( 'NONE', #556, #2872, #570 ) ;
#2219 = VERTEX_POINT ( 'NONE', #909 ) ;
#2220 = CARTESIAN_POINT ( 'NONE',  ( -0.4999999999999997780, 0.6999999999999999556, 0.6999999999999998446 ) ) ;
#2221 = AXIS2_PLACEMENT_3D ( 'NONE', #134, #221, #420 ) ;
#2222 = ORIENTED_EDGE ( 'NONE', *, *, #1662, .T. ) ;
#2223 =( GEOMETRIC_REPRESENTATION_CONTEXT ( 3 ) GLOBAL_UNCERTAINTY_ASSIGNED_CONTEXT ( ( #947 ) ) GLOBAL_UNIT_ASSIGNED_CONTEXT ( ( #1558, #2477, #2256 ) ) REPRESENTATION_CONTEXT ( 'NONE', 'WORKASPACE' ) );
#2224 = COLOUR_RGB ( '',1.000000000000000000, 0.8117647058823529438, 0.5019607843137254832 ) ;
#2225 = EDGE_CURVE ( 'NONE', #1373, #1200, #2740, .T. ) ;
#2226 = DIRECTION ( 'NONE',  ( -0.000000000000000000, -1.000000000000000000, -0.000000000000000000 ) ) ;
#2227 = EDGE_CURVE ( 'NONE', #2891, #7, #82, .T. ) ;
#2228 = CARTESIAN_POINT ( 'NONE',  ( -0.4999999999999997780, 0.6999999999999999556, 0.7499999999999998890 ) ) ;
#2229 =( LENGTH_UNIT ( ) NAMED_UNIT ( * ) SI_UNIT ( .MILLI., .METRE. ) );
#2230 = CYLINDRICAL_SURFACE ( 'NONE', #306, 0.05000000000000002359 ) ;
#2231 = VERTEX_POINT ( 'NONE', #110 ) ;
#2232 = ORIENTED_EDGE ( 'NONE', *, *, #2137, .F. ) ;
#2233 = PRESENTATION_STYLE_ASSIGNMENT (( #138 ) ) ;
#2234 = CARTESIAN_POINT ( 'NONE',  ( -0.5499999999999998224, 0.6999999999999999556, 0.6999999999999998446 ) ) ;
#2235 = SURFACE_STYLE_USAGE ( .BOTH. , #1322 ) ;
#2236 = CARTESIAN_POINT ( 'NONE',  ( -0.5499999999999998224, 0.5999999999999999778, -0.7000000000000000666 ) ) ;
#2237 = EDGE_CURVE ( 'NONE', #1347, #2144, #2604, .T. ) ;
#2238 =( GEOMETRIC_REPRESENTATION_CONTEXT ( 3 ) GLOBAL_UNCERTAINTY_ASSIGNED_CONTEXT ( ( #453 ) ) GLOBAL_UNIT_ASSIGNED_CONTEXT ( ( #1562, #1332, #2190 ) ) REPRESENTATION_CONTEXT ( 'NONE', 'WORKASPACE' ) );
#2239 = LINE ( 'NONE', #2688, #94 ) ;
#2240 = MECHANICAL_DESIGN_GEOMETRIC_PRESENTATION_REPRESENTATION (  '', ( #1670 ), #1764 ) ;
#2241 = VECTOR ( 'NONE', #1872, 1000.000000000000000 ) ;
#2242 = DIRECTION ( 'NONE',  ( 0.000000000000000000, 1.000000000000000000, 0.000000000000000000 ) ) ;
#2243 = ORIENTED_EDGE ( 'NONE', *, *, #1028, .F. ) ;
#2244 = SURFACE_SIDE_STYLE ('',( #887 ) ) ;
#2245 = CARTESIAN_POINT ( 'NONE',  ( -0.1499999999999999112, 0.1000000000000000056, 0.7500000000000001110 ) ) ;
#2246 = VERTEX_POINT ( 'NONE', #2357 ) ;
#2247 = SURFACE_STYLE_FILL_AREA ( #411 ) ;
#2248 = AXIS2_PLACEMENT_3D ( 'NONE', #402, #2226, #168 ) ;
#2249 =( NAMED_UNIT ( * ) PLANE_ANGLE_UNIT ( ) SI_UNIT ( $, .RADIAN. ) );
#2250 = DIRECTION ( 'NONE',  ( -7.744301232039314216E-17, -0.000000000000000000, 1.000000000000000000 ) ) ;
#2251 = PRESENTATION_LAYER_ASSIGNMENT (  '', '', ( #2209 ) ) ;
#2252 =( GEOMETRIC_REPRESENTATION_CONTEXT ( 3 ) GLOBAL_UNCERTAINTY_ASSIGNED_CONTEXT ( ( #1272 ) ) GLOBAL_UNIT_ASSIGNED_CONTEXT ( ( #2041, #2752, #920 ) ) REPRESENTATION_CONTEXT ( 'NONE', 'WORKASPACE' ) );
#2253 = PRESENTATION_STYLE_ASSIGNMENT (( #647 ) ) ;
#2254 = CARTESIAN_POINT ( 'NONE',  ( -0.5499999999999999334, 0.000000000000000000, -0.2500000000000000555 ) ) ;
#2255 = ADVANCED_FACE ( 'NONE', ( #1723 ), #1019, .T. ) ;
#2256 =( NAMED_UNIT ( * ) SI_UNIT ( $, .STERADIAN. ) SOLID_ANGLE_UNIT ( ) );
#2257 = ORIENTED_EDGE ( 'NONE', *, *, #155, .F. ) ;
#2258 = UNCERTAINTY_MEASURE_WITH_UNIT (LENGTH_MEASURE( 1.000000000000000082E-05 ), #521, 'distance_accuracy_value', 'NONE');
#2259 = MECHANICAL_DESIGN_GEOMETRIC_PRESENTATION_REPRESENTATION (  '', ( #677 ), #1830 ) ;
#2260 = CARTESIAN_POINT ( 'NONE',  ( -0.1499999999999999112, 0.1000000000000000056, 0.7500000000000001110 ) ) ;
#2261 = SURFACE_SIDE_STYLE ('',( #1305 ) ) ;
#2262 = ORIENTED_EDGE ( 'NONE', *, *, #2225, .F. ) ;
#2263 = FILL_AREA_STYLE_COLOUR ( '', #141 ) ;
#2264 = VECTOR ( 'NONE', #2952, 1000.000000000000000 ) ;
#2265 = DIRECTION ( 'NONE',  ( 0.000000000000000000, -1.000000000000000000, 0.000000000000000000 ) ) ;
#2266 = SURFACE_STYLE_FILL_AREA ( #1350 ) ;
#2267 = DIRECTION ( 'NONE',  ( 0.000000000000000000, 0.000000000000000000, -1.000000000000000000 ) ) ;
#2268 = AXIS2_PLACEMENT_3D ( 'NONE', #2037, #1343, #1092 ) ;
#2269 =( NAMED_UNIT ( * ) SI_UNIT ( $, .STERADIAN. ) SOLID_ANGLE_UNIT ( ) );
#2270 = CARTESIAN_POINT ( 'NONE',  ( 0.1500000000000001610, 0.1000000000000000056, -0.7500000000000001110 ) ) ;
#2271 = PRESENTATION_LAYER_ASSIGNMENT (  '', '', ( #791 ) ) ;
#2272 = AXIS2_PLACEMENT_3D ( 'NONE', #1906, #2377, #514 ) ;
#2273 = DIRECTION ( 'NONE',  ( 0.000000000000000000, 0.000000000000000000, -1.000000000000000000 ) ) ;
#2274 = LINE ( 'NONE', #146, #430 ) ;
#2275 = CARTESIAN_POINT ( 'NONE',  ( 0.5499999999999999334, 0.5999999999999999778, -0.7000000000000000666 ) ) ;
#2276 = ORIENTED_EDGE ( 'NONE', *, *, #1903, .F. ) ;
#2277 = EDGE_CURVE ( 'NONE', #1806, #2298, #1601, .T. ) ;
#2278 = PLANE ( 'NONE',  #1482 ) ;
#2279 = FILL_AREA_STYLE ('',( #2977 ) ) ;
#2280 = ORIENTED_EDGE ( 'NONE', *, *, #2237, .T. ) ;
#2281 = SURFACE_SIDE_STYLE ('',( #1597 ) ) ;
#2282 = CYLINDRICAL_SURFACE ( 'NONE', #1733, 0.05000000000000002359 ) ;
#2283 = EDGE_CURVE ( 'NONE', #2135, #2246, #879, .T. ) ;
#2284 = SURFACE_SIDE_STYLE ('',( #2266 ) ) ;
#2285 = VERTEX_POINT ( 'NONE', #2183 ) ;
#2286 =( NAMED_UNIT ( * ) PLANE_ANGLE_UNIT ( ) SI_UNIT ( $, .RADIAN. ) );
#2287 = PRESENTATION_STYLE_ASSIGNMENT (( #1367 ) ) ;
#2288 = CARTESIAN_POINT ( 'NONE',  ( 0.000000000000000000, 0.1000000000000000056, 0.000000000000000000 ) ) ;
#2289 =( NAMED_UNIT ( * ) SI_UNIT ( $, .STERADIAN. ) SOLID_ANGLE_UNIT ( ) );
#2290 = LINE ( 'NONE', #1648, #1732 ) ;
#2291 = AXIS2_PLACEMENT_3D ( 'NONE', #2352, #1884, #328 ) ;
#2292 =( NAMED_UNIT ( * ) SI_UNIT ( $, .STERADIAN. ) SOLID_ANGLE_UNIT ( ) );
#2293 = COLOUR_RGB ( '',1.000000000000000000, 0.8117647058823529438, 0.5019607843137254832 ) ;
#2294 = EDGE_LOOP ( 'NONE', ( #933, #2038, #116, #2619 ) ) ;
#2295 = FILL_AREA_STYLE_COLOUR ( '', #2422 ) ;
#2296 = LINE ( 'NONE', #2092, #1961 ) ;
#2297 = DIRECTION ( 'NONE',  ( 1.000000000000000000, -0.000000000000000000, 0.000000000000000000 ) ) ;
#2298 = VERTEX_POINT ( 'NONE', #285 ) ;
#2299 = STYLED_ITEM ( 'NONE', ( #2253 ), #214 ) ;
#2300 = CARTESIAN_POINT ( 'NONE',  ( -0.5499999999999999334, 0.1000000000000000056, -0.7500000000000001110 ) ) ;
#2301 = FACE_OUTER_BOUND ( 'NONE', #133, .T. ) ;
#2302 = PLANE ( 'NONE',  #714 ) ;
#2303 =( NAMED_UNIT ( * ) PLANE_ANGLE_UNIT ( ) SI_UNIT ( $, .RADIAN. ) );
#2304 = ADVANCED_FACE ( 'NONE', ( #1916 ), #2128, .T. ) ;
#2305 = ORIENTED_EDGE ( 'NONE', *, *, #1953, .T. ) ;
#2306 =( GEOMETRIC_REPRESENTATION_CONTEXT ( 3 ) GLOBAL_UNCERTAINTY_ASSIGNED_CONTEXT ( ( #1516 ) ) GLOBAL_UNIT_ASSIGNED_CONTEXT ( ( #712, #2986, #1194 ) ) REPRESENTATION_CONTEXT ( 'NONE', 'WORKASPACE' ) );
#2307 = DIRECTION ( 'NONE',  ( 0.000000000000000000, 1.000000000000000000, 0.000000000000000000 ) ) ;
#2308 = DIRECTION ( 'NONE',  ( -0.000000000000000000, 0.000000000000000000, -1.000000000000000000 ) ) ;
#2309 = VECTOR ( 'NONE', #1382, 1000.000000000000000 ) ;
#2310 = ORIENTED_EDGE ( 'NONE', *, *, #1357, .F. ) ;
#2311 =( NAMED_UNIT ( * ) PLANE_ANGLE_UNIT ( ) SI_UNIT ( $, .RADIAN. ) );
#2312 = MECHANICAL_DESIGN_GEOMETRIC_PRESENTATION_REPRESENTATION (  '', ( #1932 ), #92 ) ;
#2313 = SURFACE_STYLE_USAGE ( .BOTH. , #2785 ) ;
#2314 =( GEOMETRIC_REPRESENTATION_CONTEXT ( 3 ) GLOBAL_UNCERTAINTY_ASSIGNED_CONTEXT ( ( #2903 ) ) GLOBAL_UNIT_ASSIGNED_CONTEXT ( ( #327, #2866, #262 ) ) REPRESENTATION_CONTEXT ( 'NONE', 'WORKASPACE' ) );
#2315 = ORIENTED_EDGE ( 'NONE', *, *, #949, .T. ) ;
#2316 = CARTESIAN_POINT ( 'NONE',  ( 0.4999999999999997780, 0.6500000000000000222, -0.7000000000000000666 ) ) ;
#2317 = PRESENTATION_LAYER_ASSIGNMENT (  '', '', ( #1408 ) ) ;
#2318 = PRESENTATION_STYLE_ASSIGNMENT (( #906 ) ) ;
#2319 = PRESENTATION_STYLE_ASSIGNMENT (( #2110 ) ) ;
#2320 = ORIENTED_EDGE ( 'NONE', *, *, #418, .F. ) ;
#2321 =( LENGTH_UNIT ( ) NAMED_UNIT ( * ) SI_UNIT ( .MILLI., .METRE. ) );
#2322 = EDGE_CURVE ( 'NONE', #2333, #1967, #165, .T. ) ;
#2323 = DIRECTION ( 'NONE',  ( 0.000000000000000000, 1.000000000000000000, 0.000000000000000000 ) ) ;
#2324 = DIRECTION ( 'NONE',  ( 0.000000000000000000, 1.000000000000000000, 0.000000000000000000 ) ) ;
#2325 = UNCERTAINTY_MEASURE_WITH_UNIT (LENGTH_MEASURE( 1.000000000000000082E-05 ), #2638, 'distance_accuracy_value', 'NONE');
#2326 = SURFACE_STYLE_USAGE ( .BOTH. , #2745 ) ;
#2327 = STYLED_ITEM ( 'NONE', ( #1942 ), #2692 ) ;
#2328 = ADVANCED_FACE ( 'NONE', ( #1519 ), #373, .F. ) ;
#2329 = VECTOR ( 'NONE', #1633, 1000.000000000000000 ) ;
#2330 = ORIENTED_EDGE ( 'NONE', *, *, #1023, .T. ) ;
#2331 = UNCERTAINTY_MEASURE_WITH_UNIT (LENGTH_MEASURE( 1.000000000000000082E-05 ), #204, 'distance_accuracy_value', 'NONE');
#2332 = SURFACE_STYLE_FILL_AREA ( #363 ) ;
#2333 = VERTEX_POINT ( 'NONE', #457 ) ;
#2334 = CARTESIAN_POINT ( 'NONE',  ( -0.1499999999999999112, 0.000000000000000000, -0.7500000000000001110 ) ) ;
#2335 =( NAMED_UNIT ( * ) PLANE_ANGLE_UNIT ( ) SI_UNIT ( $, .RADIAN. ) );
#2336 = PLANE ( 'NONE',  #2411 ) ;
#2337 = FILL_AREA_STYLE ('',( #724 ) ) ;
#2338 =( LENGTH_UNIT ( ) NAMED_UNIT ( * ) SI_UNIT ( .MILLI., .METRE. ) );
#2339 = EDGE_LOOP ( 'NONE', ( #548, #2243, #2751, #2189 ) ) ;
#2340 = SURFACE_STYLE_USAGE ( .BOTH. , #1616 ) ;
#2341 = EDGE_CURVE ( 'NONE', #501, #106, #1580, .T. ) ;
#2342 = DIRECTION ( 'NONE',  ( 1.000000000000000000, 0.000000000000000000, 0.000000000000000000 ) ) ;
#2343 = DIRECTION ( 'NONE',  ( -1.000000000000000000, -0.000000000000000000, -0.000000000000000000 ) ) ;
#2344 = EDGE_CURVE ( 'NONE', #2246, #2786, #2787, .T. ) ;
#2345 = ORIENTED_EDGE ( 'NONE', *, *, #2885, .F. ) ;
#2346 = PRESENTATION_LAYER_ASSIGNMENT (  '', '', ( #1860 ) ) ;
#2347 =( GEOMETRIC_REPRESENTATION_CONTEXT ( 3 ) GLOBAL_UNCERTAINTY_ASSIGNED_CONTEXT ( ( #1807 ) ) GLOBAL_UNIT_ASSIGNED_CONTEXT ( ( #9, #2976, #179 ) ) REPRESENTATION_CONTEXT ( 'NONE', 'WORKASPACE' ) );
#2348 = SURFACE_SIDE_STYLE ('',( #1434 ) ) ;
#2349 = ORIENTED_EDGE ( 'NONE', *, *, #2949, .T. ) ;
#2350 =( GEOMETRIC_REPRESENTATION_CONTEXT ( 3 ) GLOBAL_UNCERTAINTY_ASSIGNED_CONTEXT ( ( #2424 ) ) GLOBAL_UNIT_ASSIGNED_CONTEXT ( ( #203, #895, #1104 ) ) REPRESENTATION_CONTEXT ( 'NONE', 'WORKASPACE' ) );
#2351 = FILL_AREA_STYLE ('',( #77 ) ) ;
#2352 = CARTESIAN_POINT ( 'NONE',  ( -0.2999999999999999334, 0.1000000000000000056, -0.2500000000000000000 ) ) ;
#2353 = CARTESIAN_POINT ( 'NONE',  ( 0.5500000000000000444, 0.000000000000000000, -0.2499999999999998335 ) ) ;
#2354 = ORIENTED_EDGE ( 'NONE', *, *, #2387, .T. ) ;
#2355 = VECTOR ( 'NONE', #304, 1000.000000000000000 ) ;
#2356 = FACE_OUTER_BOUND ( 'NONE', #1459, .T. ) ;
#2357 = CARTESIAN_POINT ( 'NONE',  ( -0.4999999999999997780, 0.5999999999999999778, -0.7500000000000001110 ) ) ;
#2358 = FILL_AREA_STYLE ('',( #1387 ) ) ;
#2359 = FACE_OUTER_BOUND ( 'NONE', #885, .T. ) ;
#2360 = STYLED_ITEM ( 'NONE', ( #2874 ), #729 ) ;
#2361 = FILL_AREA_STYLE ('',( #1212 ) ) ;
#2362 = ORIENTED_EDGE ( 'NONE', *, *, #1951, .T. ) ;
#2363 = AXIS2_PLACEMENT_3D ( 'NONE', #1114, #2427, #1986 ) ;
#2364 = ADVANCED_FACE ( 'NONE', ( #2768 ), #197, .T. ) ;
#2365 = SURFACE_SIDE_STYLE ('',( #1446 ) ) ;
#2366 = ORIENTED_EDGE ( 'NONE', *, *, #1028, .T. ) ;
#2367 = EDGE_CURVE ( 'NONE', #75, #2446, #672, .T. ) ;
#2368 = COLOUR_RGB ( '',0.8431372549019607865, 0.8431372549019607865, 0.8431372549019607865 ) ;
#2369 = LINE ( 'NONE', #1250, #2204 ) ;
#2370 = EDGE_LOOP ( 'NONE', ( #1663, #1231, #147, #1031, #1036 ) ) ;
#2371 = SURFACE_STYLE_USAGE ( .BOTH. , #1453 ) ;
#2372 = VECTOR ( 'NONE', #1837, 1000.000000000000000 ) ;
#2373 = CARTESIAN_POINT ( 'NONE',  ( 0.5500000000000000444, 0.1000000000000000056, 0.2499999999999998335 ) ) ;
#2374 = FILL_AREA_STYLE ('',( #526 ) ) ;
#2375 = COLOUR_RGB ( '',0.8431372549019607865, 0.8431372549019607865, 0.8431372549019607865 ) ;
#2376 = CARTESIAN_POINT ( 'NONE',  ( 0.5500000000000001554, 0.1000000000000000056, 0.7500000000000000000 ) ) ;
#2377 = DIRECTION ( 'NONE',  ( 0.000000000000000000, 1.000000000000000000, 0.000000000000000000 ) ) ;
#2378 = ORIENTED_EDGE ( 'NONE', *, *, #2846, .T. ) ;
#2379 = VECTOR ( 'NONE', #1359, 1000.000000000000000 ) ;
#2380 = VERTEX_POINT ( 'NONE', #705 ) ;
#2381 = CARTESIAN_POINT ( 'NONE',  ( 0.1500000000000000222, 0.1000000000000000056, 0.2500000000000001110 ) ) ;
#2382 = ADVANCED_FACE ( 'NONE', ( #1623 ), #2282, .T. ) ;
#2383 =( NAMED_UNIT ( * ) SI_UNIT ( $, .STERADIAN. ) SOLID_ANGLE_UNIT ( ) );
#2384 = CARTESIAN_POINT ( 'NONE',  ( 0.000000000000000000, 0.000000000000000000, 0.7500000000000001110 ) ) ;
#2385 = DIRECTION ( 'NONE',  ( -0.000000000000000000, 0.000000000000000000, -1.000000000000000000 ) ) ;
#2386 = CARTESIAN_POINT ( 'NONE',  ( -0.5499999999999999334, 0.1000000000000000056, 0.7500000000000000000 ) ) ;
#2387 = EDGE_CURVE ( 'NONE', #1221, #1258, #2707, .T. ) ;
#2388 = CARTESIAN_POINT ( 'NONE',  ( 0.5500000000000000444, 0.1000000000000000056, -0.2499999999999998335 ) ) ;
#2389 =( LENGTH_UNIT ( ) NAMED_UNIT ( * ) SI_UNIT ( .MILLI., .METRE. ) );
#2390 = PLANE ( 'NONE',  #2154 ) ;
#2391 =( LENGTH_UNIT ( ) NAMED_UNIT ( * ) SI_UNIT ( .MILLI., .METRE. ) );
#2392 = ORIENTED_EDGE ( 'NONE', *, *, #1198, .T. ) ;
#2393 = UNCERTAINTY_MEASURE_WITH_UNIT (LENGTH_MEASURE( 1.000000000000000082E-05 ), #2892, 'distance_accuracy_value', 'NONE');
#2394 = VERTEX_POINT ( 'NONE', #118 ) ;
#2395 = STYLED_ITEM ( 'NONE', ( #641 ), #470 ) ;
#2396 = FACE_OUTER_BOUND ( 'NONE', #1653, .T. ) ;
#2397 = EDGE_CURVE ( 'NONE', #358, #2534, #1052, .T. ) ;
#2398 = LINE ( 'NONE', #49, #668 ) ;
#2399 = ORIENTED_EDGE ( 'NONE', *, *, #1862, .T. ) ;
#2400 = CARTESIAN_POINT ( 'NONE',  ( -0.1499999999999999389, 0.1000000000000000056, 0.000000000000000000 ) ) ;
#2401 = CIRCLE ( 'NONE', #811, 0.05000000000000002359 ) ;
#2402 = EDGE_CURVE ( 'NONE', #2870, #2473, #1560, .T. ) ;
#2403 = COLOUR_RGB ( '',1.000000000000000000, 0.8117647058823529438, 0.5019607843137254832 ) ;
#2404 = FACE_OUTER_BOUND ( 'NONE', #546, .T. ) ;
#2405 = PRESENTATION_STYLE_ASSIGNMENT (( #795 ) ) ;
#2406 = ORIENTED_EDGE ( 'NONE', *, *, #2915, .T. ) ;
#2407 =( GEOMETRIC_REPRESENTATION_CONTEXT ( 3 ) GLOBAL_UNCERTAINTY_ASSIGNED_CONTEXT ( ( #366 ) ) GLOBAL_UNIT_ASSIGNED_CONTEXT ( ( #558, #1958, #2650 ) ) REPRESENTATION_CONTEXT ( 'NONE', 'WORKASPACE' ) );
#2408 = VECTOR ( 'NONE', #64, 1000.000000000000000 ) ;
#2409 = SURFACE_STYLE_USAGE ( .BOTH. , #1474 ) ;
#2410 = EDGE_LOOP ( 'NONE', ( #534, #1438, #2609, #2514 ) ) ;
#2411 = AXIS2_PLACEMENT_3D ( 'NONE', #312, #2837, #2148 ) ;
#2412 = LINE ( 'NONE', #2353, #1681 ) ;
#2413 = STYLED_ITEM ( 'NONE', ( #1004 ), #1430 ) ;
#2414 = ORIENTED_EDGE ( 'NONE', *, *, #2047, .T. ) ;
#2415 = CARTESIAN_POINT ( 'NONE',  ( 0.000000000000000000, 0.1000000000000000056, 0.000000000000000000 ) ) ;
#2416 = VECTOR ( 'NONE', #1476, 1000.000000000000000 ) ;
#2417 = MECHANICAL_DESIGN_GEOMETRIC_PRESENTATION_REPRESENTATION (  '', ( #2944 ), #2314 ) ;
#2418 = SURFACE_SIDE_STYLE ('',( #2875 ) ) ;
#2419 = EDGE_CURVE ( 'NONE', #2380, #2818, #1983, .T. ) ;
#2420 = COLOUR_RGB ( '',0.8431372549019607865, 0.8431372549019607865, 0.8431372549019607865 ) ;
#2421 = VECTOR ( 'NONE', #302, 1000.000000000000000 ) ;
#2422 = COLOUR_RGB ( '',1.000000000000000000, 0.8117647058823529438, 0.5019607843137254832 ) ;
#2423 = VERTEX_POINT ( 'NONE', #2479 ) ;
#2424 = UNCERTAINTY_MEASURE_WITH_UNIT (LENGTH_MEASURE( 1.000000000000000082E-05 ), #203, 'distance_accuracy_value', 'NONE');
#2425 =( NAMED_UNIT ( * ) PLANE_ANGLE_UNIT ( ) SI_UNIT ( $, .RADIAN. ) );
#2426 = MECHANICAL_DESIGN_GEOMETRIC_PRESENTATION_REPRESENTATION (  '', ( #935 ), #2812 ) ;
#2427 = DIRECTION ( 'NONE',  ( 1.000000000000000000, 0.000000000000000000, 0.000000000000000000 ) ) ;
#2428 = CYLINDRICAL_SURFACE ( 'NONE', #2195, 0.05000000000000002359 ) ;
#2429 = AXIS2_PLACEMENT_3D ( 'NONE', #898, #663, #1590 ) ;
#2430 = EDGE_LOOP ( 'NONE', ( #1287, #2058, #1508, #688 ) ) ;
#2431 = DIRECTION ( 'NONE',  ( -5.421010862427521184E-16, 0.000000000000000000, -1.000000000000000000 ) ) ;
#2432 = DIRECTION ( 'NONE',  ( 0.000000000000000000, 1.000000000000000000, 0.000000000000000000 ) ) ;
#2433 = PRESENTATION_STYLE_ASSIGNMENT (( #793 ) ) ;
#2434 = DIRECTION ( 'NONE',  ( -2.710505431213761085E-16, 0.000000000000000000, 1.000000000000000000 ) ) ;
#2435 = ADVANCED_FACE ( 'NONE', ( #829 ), #2666, .T. ) ;
#2436 = ORIENTED_EDGE ( 'NONE', *, *, #1222, .T. ) ;
#2437 = PRESENTATION_STYLE_ASSIGNMENT (( #1517 ) ) ;
#2438 = FILL_AREA_STYLE_COLOUR ( '', #1713 ) ;
#2439 = VERTEX_POINT ( 'NONE', #1303 ) ;
#2440 = STYLED_ITEM ( 'NONE', ( #2544 ), #500 ) ;
#2441 = FILL_AREA_STYLE_COLOUR ( '', #2612 ) ;
#2442 = DIRECTION ( 'NONE',  ( 0.000000000000000000, 1.000000000000000000, 0.000000000000000000 ) ) ;
#2443 =( LENGTH_UNIT ( ) NAMED_UNIT ( * ) SI_UNIT ( .MILLI., .METRE. ) );
#2444 = CARTESIAN_POINT ( 'NONE',  ( -0.5499999999999999334, 0.000000000000000000, 0.000000000000000000 ) ) ;
#2445 = DIRECTION ( 'NONE',  ( 0.000000000000000000, 0.000000000000000000, -1.000000000000000000 ) ) ;
#2446 = VERTEX_POINT ( 'NONE', #1277 ) ;
#2447 = UNCERTAINTY_MEASURE_WITH_UNIT (LENGTH_MEASURE( 1.000000000000000082E-05 ), #2591, 'distance_accuracy_value', 'NONE');
#2448 = DIRECTION ( 'NONE',  ( 5.421010862427522170E-17, -0.000000000000000000, 1.000000000000000000 ) ) ;
#2449 = ADVANCED_FACE ( 'NONE', ( #814 ), #161, .F. ) ;
#2450 = SURFACE_SIDE_STYLE ('',( #1988 ) ) ;
#2451 = DIRECTION ( 'NONE',  ( -5.421010862427522170E-17, 0.000000000000000000, -1.000000000000000000 ) ) ;
#2452 = ORIENTED_EDGE ( 'NONE', *, *, #1362, .T. ) ;
#2453 = STYLED_ITEM ( 'NONE', ( #2771 ), #865 ) ;
#2454 = EDGE_CURVE ( 'NONE', #1435, #2423, #667, .T. ) ;
#2455 = VECTOR ( 'NONE', #1400, 1000.000000000000000 ) ;
#2456 = PRESENTATION_LAYER_ASSIGNMENT (  '', '', ( #1730 ) ) ;
#2457 = SURFACE_STYLE_FILL_AREA ( #1106 ) ;
#2458 = MECHANICAL_DESIGN_GEOMETRIC_PRESENTATION_REPRESENTATION (  '', ( #1121 ), #1599 ) ;
#2459 = MECHANICAL_DESIGN_GEOMETRIC_PRESENTATION_REPRESENTATION (  '', ( #2081 ), #2568 ) ;
#2460 = ORIENTED_EDGE ( 'NONE', *, *, #2867, .T. ) ;
#2461 = CARTESIAN_POINT ( 'NONE',  ( -0.5500000000000000444, 0.1000000000000000056, 0.2500000000000000555 ) ) ;
#2462 = EDGE_CURVE ( 'NONE', #2948, #2394, #2057, .T. ) ;
#2463 = ORIENTED_EDGE ( 'NONE', *, *, #3, .T. ) ;
#2464 = AXIS2_PLACEMENT_3D ( 'NONE', #917, #502, #1163 ) ;
#2465 = CARTESIAN_POINT ( 'NONE',  ( -0.5500000000000000444, 0.1000000000000000056, 0.2500000000000000555 ) ) ;
#2466 = CARTESIAN_POINT ( 'NONE',  ( -0.4999999999999997780, 0.5999999999999999778, -0.7000000000000000666 ) ) ;
#2467 = DIRECTION ( 'NONE',  ( 2.168404344971008868E-16, 0.000000000000000000, 1.000000000000000000 ) ) ;
#2468 = VECTOR ( 'NONE', #40, 1000.000000000000000 ) ;
#2469 = CARTESIAN_POINT ( 'NONE',  ( 0.5500000000000001554, 0.1000000000000000056, 0.2499999999999998335 ) ) ;
#2470 =( NAMED_UNIT ( * ) PLANE_ANGLE_UNIT ( ) SI_UNIT ( $, .RADIAN. ) );
#2471 = CARTESIAN_POINT ( 'NONE',  ( 0.1500000000000001610, 0.1000000000000000056, -0.7500000000000001110 ) ) ;
#2472 = SURFACE_STYLE_FILL_AREA ( #1761 ) ;
#2473 = VERTEX_POINT ( 'NONE', #1161 ) ;
#2474 = FILL_AREA_STYLE_COLOUR ( '', #2108 ) ;
#2475 = PRODUCT_DEFINITION_CONTEXT ( 'detailed design', #1021, 'design' ) ;
#2476 = SURFACE_STYLE_USAGE ( .BOTH. , #173 ) ;
#2477 =( NAMED_UNIT ( * ) PLANE_ANGLE_UNIT ( ) SI_UNIT ( $, .RADIAN. ) );
#2478 = VERTEX_POINT ( 'NONE', #2527 ) ;
#2479 = CARTESIAN_POINT ( 'NONE',  ( -0.1499999999999999112, 0.000000000000000000, 0.7500000000000001110 ) ) ;
#2480 = SURFACE_SIDE_STYLE ('',( #872 ) ) ;
#2481 = ORIENTED_EDGE ( 'NONE', *, *, #1357, .T. ) ;
#2482 = FILL_AREA_STYLE_COLOUR ( '', #384 ) ;
#2483 = DIRECTION ( 'NONE',  ( 0.000000000000000000, 0.000000000000000000, -1.000000000000000000 ) ) ;
#2484 = DIRECTION ( 'NONE',  ( -0.000000000000000000, -1.000000000000000000, -0.000000000000000000 ) ) ;
#2485 = MANIFOLD_SOLID_BREP ( 'NONE', #1957 ) ;
#2486 = EDGE_CURVE ( 'NONE', #2948, #75, #934, .T. ) ;
#2487 = MECHANICAL_DESIGN_GEOMETRIC_PRESENTATION_REPRESENTATION (  '', ( #655 ), #2347 ) ;
#2488 = DIRECTION ( 'NONE',  ( -1.000000000000000000, 0.000000000000000000, 0.000000000000000000 ) ) ;
#2489 =( NAMED_UNIT ( * ) PLANE_ANGLE_UNIT ( ) SI_UNIT ( $, .RADIAN. ) );
#2490 = LINE ( 'NONE', #1802, #2700 ) ;
#2491 =( GEOMETRIC_REPRESENTATION_CONTEXT ( 3 ) GLOBAL_UNCERTAINTY_ASSIGNED_CONTEXT ( ( #700 ) ) GLOBAL_UNIT_ASSIGNED_CONTEXT ( ( #2637, #2185, #260 ) ) REPRESENTATION_CONTEXT ( 'NONE', 'WORKASPACE' ) );
#2492 = VECTOR ( 'NONE', #881, 1000.000000000000000 ) ;
#2493 = STYLED_ITEM ( 'NONE', ( #2143 ), #270 ) ;
#2494 = PRESENTATION_STYLE_ASSIGNMENT (( #1539 ) ) ;
#2495 = EDGE_LOOP ( 'NONE', ( #1869, #2262, #813, #2627 ) ) ;
#2496 = SURFACE_SIDE_STYLE ('',( #1112 ) ) ;
#2497 = PLANE ( 'NONE',  #1416 ) ;
#2498 = ORIENTED_EDGE ( 'NONE', *, *, #335, .F. ) ;
#2499 = DIRECTION ( 'NONE',  ( -1.000000000000000000, 0.000000000000000000, 2.710505431213761085E-16 ) ) ;
#2500 = SURFACE_STYLE_FILL_AREA ( #2043 ) ;
#2501 = STYLED_ITEM ( 'NONE', ( #1888 ), #702 ) ;
#2502 =( LENGTH_UNIT ( ) NAMED_UNIT ( * ) SI_UNIT ( .MILLI., .METRE. ) );
#2503 = AXIS2_PLACEMENT_3D ( 'NONE', #1928, #990, #2869 ) ;
#2504 = APPLICATION_PROTOCOL_DEFINITION ( 'draft international standard', 'automotive_design', 1998, #2971 ) ;
#2505 = PLANE ( 'NONE',  #1532 ) ;
#2506 =( GEOMETRIC_REPRESENTATION_CONTEXT ( 3 ) GLOBAL_UNCERTAINTY_ASSIGNED_CONTEXT ( ( #1298 ) ) GLOBAL_UNIT_ASSIGNED_CONTEXT ( ( #2531, #1133, #1378 ) ) REPRESENTATION_CONTEXT ( 'NONE', 'WORKASPACE' ) );
#2507 = LINE ( 'NONE', #435, #2379 ) ;
#2508 = VERTEX_POINT ( 'NONE', #717 ) ;
#2509 =( GEOMETRIC_REPRESENTATION_CONTEXT ( 3 ) GLOBAL_UNCERTAINTY_ASSIGNED_CONTEXT ( ( #601 ) ) GLOBAL_UNIT_ASSIGNED_CONTEXT ( ( #545, #333, #588 ) ) REPRESENTATION_CONTEXT ( 'NONE', 'WORKASPACE' ) );
#2510 = DIRECTION ( 'NONE',  ( 0.000000000000000000, 0.000000000000000000, -1.000000000000000000 ) ) ;
#2511 = PRESENTATION_LAYER_ASSIGNMENT (  '', '', ( #1503 ) ) ;
#2512 = FACE_OUTER_BOUND ( 'NONE', #957, .T. ) ;
#2513 = PRESENTATION_STYLE_ASSIGNMENT (( #2028 ) ) ;
#2514 = ORIENTED_EDGE ( 'NONE', *, *, #119, .T. ) ;
#2515 = CARTESIAN_POINT ( 'NONE',  ( 0.1500000000000001610, 0.1000000000000000056, 0.7500000000000001110 ) ) ;
#2516 = PRESENTATION_STYLE_ASSIGNMENT (( #1180 ) ) ;
#2517 = MECHANICAL_DESIGN_GEOMETRIC_PRESENTATION_REPRESENTATION (  '', ( #1987 ), #393 ) ;
#2518 = SURFACE_STYLE_FILL_AREA ( #2337 ) ;
#2519 = PRESENTATION_LAYER_ASSIGNMENT (  '', '', ( #836 ) ) ;
#2520 = CARTESIAN_POINT ( 'NONE',  ( -0.5999999999999998668, 0.5999999999999999778, -0.8000000000000000444 ) ) ;
#2521 = SURFACE_STYLE_FILL_AREA ( #1602 ) ;
#2522 = CARTESIAN_POINT ( 'NONE',  ( -0.1499999999999999389, 0.1000000000000000056, -0.3999999999999999667 ) ) ;
#2523 =( GEOMETRIC_REPRESENTATION_CONTEXT ( 3 ) GLOBAL_UNCERTAINTY_ASSIGNED_CONTEXT ( ( #448 ) ) GLOBAL_UNIT_ASSIGNED_CONTEXT ( ( #364, #2674, #2199 ) ) REPRESENTATION_CONTEXT ( 'NONE', 'WORKASPACE' ) );
#2524 = DIRECTION ( 'NONE',  ( 0.000000000000000000, -0.000000000000000000, 1.000000000000000000 ) ) ;
#2525 = FILL_AREA_STYLE ('',( #1608 ) ) ;
#2526 = EDGE_LOOP ( 'NONE', ( #720, #395, #744, #2586 ) ) ;
#2527 = CARTESIAN_POINT ( 'NONE',  ( 0.4999999999999997780, 0.5999999999999999778, 0.7499999999999997780 ) ) ;
#2528 =( NAMED_UNIT ( * ) PLANE_ANGLE_UNIT ( ) SI_UNIT ( $, .RADIAN. ) );
#2529 = SURFACE_SIDE_STYLE ('',( #43 ) ) ;
#2530 = ORIENTED_EDGE ( 'NONE', *, *, #891, .T. ) ;
#2531 =( LENGTH_UNIT ( ) NAMED_UNIT ( * ) SI_UNIT ( .MILLI., .METRE. ) );
#2532 = DIRECTION ( 'NONE',  ( -1.000000000000000000, 0.000000000000000000, 0.000000000000000000 ) ) ;
#2533 = DIRECTION ( 'NONE',  ( -1.000000000000000000, -0.000000000000000000, -0.000000000000000000 ) ) ;
#2534 = VERTEX_POINT ( 'NONE', #2260 ) ;
#2535 =( NAMED_UNIT ( * ) SI_UNIT ( $, .STERADIAN. ) SOLID_ANGLE_UNIT ( ) );
#2536 = LINE ( 'NONE', #465, #620 ) ;
#2537 =( GEOMETRIC_REPRESENTATION_CONTEXT ( 3 ) GLOBAL_UNCERTAINTY_ASSIGNED_CONTEXT ( ( #486 ) ) GLOBAL_UNIT_ASSIGNED_CONTEXT ( ( #2117, #1964, #376 ) ) REPRESENTATION_CONTEXT ( 'NONE', 'WORKASPACE' ) );
#2538 = FACE_OUTER_BOUND ( 'NONE', #359, .T. ) ;
#2539 =( GEOMETRIC_REPRESENTATION_CONTEXT ( 3 ) GLOBAL_UNCERTAINTY_ASSIGNED_CONTEXT ( ( #580 ) ) GLOBAL_UNIT_ASSIGNED_CONTEXT ( ( #2884, #1304, #594 ) ) REPRESENTATION_CONTEXT ( 'NONE', 'WORKASPACE' ) );
#2540 = PLANE ( 'NONE',  #1361 ) ;
#2541 = AXIS2_PLACEMENT_3D ( 'NONE', #1314, #2916, #389 ) ;
#2542 = EDGE_LOOP ( 'NONE', ( #1548, #2138, #1175, #1016 ) ) ;
#2543 = MECHANICAL_DESIGN_GEOMETRIC_PRESENTATION_REPRESENTATION (  '', ( #1803 ), #1101 ) ;
#2544 = PRESENTATION_STYLE_ASSIGNMENT (( #1162 ) ) ;
#2545 =( LENGTH_UNIT ( ) NAMED_UNIT ( * ) SI_UNIT ( .MILLI., .METRE. ) );
#2546 = ORIENTED_EDGE ( 'NONE', *, *, #2367, .T. ) ;
#2547 = SURFACE_STYLE_USAGE ( .BOTH. , #2996 ) ;
#2548 = ADVANCED_FACE ( 'NONE', ( #2071 ), #1129, .T. ) ;
#2549 = CARTESIAN_POINT ( 'NONE',  ( -0.4999999999999997780, 0.5999999999999999778, -0.7500000000000001110 ) ) ;
#2550 =( NAMED_UNIT ( * ) PLANE_ANGLE_UNIT ( ) SI_UNIT ( $, .RADIAN. ) );
#2551 = SURFACE_SIDE_STYLE ('',( #1831 ) ) ;
#2552 = ORIENTED_EDGE ( 'NONE', *, *, #721, .F. ) ;
#2553 = VECTOR ( 'NONE', #2033, 1000.000000000000000 ) ;
#2554 = MANIFOLD_SOLID_BREP ( 'Cap', #408 ) ;
#2555 = LINE ( 'NONE', #1427, #1873 ) ;
#2556 = CARTESIAN_POINT ( 'NONE',  ( 0.4999999999999998890, 0.6500000000000000222, 0.6999999999999998446 ) ) ;
#2557 = CARTESIAN_POINT ( 'NONE',  ( 0.5500000000000001554, 0.1000000000000000056, 0.7500000000000000000 ) ) ;
#2558 = MECHANICAL_DESIGN_GEOMETRIC_PRESENTATION_REPRESENTATION (  '', ( #86 ), #1107 ) ;
#2559 = CARTESIAN_POINT ( 'NONE',  ( -0.5499999999999999334, 0.1000000000000000056, 0.7500000000000000000 ) ) ;
#2560 = EDGE_LOOP ( 'NONE', ( #2349, #2579, #1467, #1716 ) ) ;
#2561 = CARTESIAN_POINT ( 'NONE',  ( -0.1499999999999999667, 0.1000000000000000056, 0.2500000000000000555 ) ) ;
#2562 = SURFACE_STYLE_FILL_AREA ( #2279 ) ;
#2563 = LINE ( 'NONE', #2044, #2455 ) ;
#2564 = VECTOR ( 'NONE', #169, 1000.000000000000000 ) ;
#2565 = DIRECTION ( 'NONE',  ( -2.168404344971008868E-16, 0.000000000000000000, 1.000000000000000000 ) ) ;
#2566 = ADVANCED_FACE ( 'NONE', ( #1576 ), #1810, .T. ) ;
#2567 = EDGE_LOOP ( 'NONE', ( #2102, #2964, #1609 ) ) ;
#2568 =( GEOMETRIC_REPRESENTATION_CONTEXT ( 3 ) GLOBAL_UNCERTAINTY_ASSIGNED_CONTEXT ( ( #1939 ) ) GLOBAL_UNIT_ASSIGNED_CONTEXT ( ( #904, #27, #1380 ) ) REPRESENTATION_CONTEXT ( 'NONE', 'WORKASPACE' ) );
#2569 = FILL_AREA_STYLE_COLOUR ( '', #339 ) ;
#2570 = SURFACE_STYLE_USAGE ( .BOTH. , #1368 ) ;
#2571 = STYLED_ITEM ( 'NONE', ( #1808 ), #2554 ) ;
#2572 = EDGE_CURVE ( 'NONE', #13, #2096, #901, .T. ) ;
#2573 = DIRECTION ( 'NONE',  ( 0.000000000000000000, 1.000000000000000000, 0.000000000000000000 ) ) ;
#2574 = LINE ( 'NONE', #1428, #275 ) ;
#2575 = DIRECTION ( 'NONE',  ( 0.000000000000000000, 0.000000000000000000, 1.000000000000000000 ) ) ;
#2576 = VECTOR ( 'NONE', #114, 1000.000000000000000 ) ;
#2577 = PRESENTATION_LAYER_ASSIGNMENT (  '', '', ( #1418 ) ) ;
#2578 = CARTESIAN_POINT ( 'NONE',  ( -0.4999999999999997780, 0.6500000000000000222, -0.7000000000000000666 ) ) ;
#2579 = ORIENTED_EDGE ( 'NONE', *, *, #2387, .F. ) ;
#2580 =( NAMED_UNIT ( * ) PLANE_ANGLE_UNIT ( ) SI_UNIT ( $, .RADIAN. ) );
#2581 = VERTEX_POINT ( 'NONE', #383 ) ;
#2582 = CARTESIAN_POINT ( 'NONE',  ( -0.5500000000000000444, 0.1000000000000000056, -0.2500000000000000555 ) ) ;
#2583 = FILL_AREA_STYLE ('',( #248 ) ) ;
#2584 = SURFACE_STYLE_FILL_AREA ( #2819 ) ;
#2585 = CARTESIAN_POINT ( 'NONE',  ( 0.000000000000000000, 0.5999999999999999778, 0.000000000000000000 ) ) ;
#2586 = ORIENTED_EDGE ( 'NONE', *, *, #2572, .F. ) ;
#2587 =( LENGTH_UNIT ( ) NAMED_UNIT ( * ) SI_UNIT ( .MILLI., .METRE. ) );
#2588 = LINE ( 'NONE', #445, #2621 ) ;
#2589 = FILL_AREA_STYLE ('',( #2760 ) ) ;
#2590 = CARTESIAN_POINT ( 'NONE',  ( 0.5500000000000001554, 0.1000000000000000056, -0.7500000000000000000 ) ) ;
#2591 =( LENGTH_UNIT ( ) NAMED_UNIT ( * ) SI_UNIT ( .MILLI., .METRE. ) );
#2592 = ORIENTED_EDGE ( 'NONE', *, *, #1321, .T. ) ;
#2593 = ADVANCED_FACE ( 'NONE', ( #2693 ), #2497, .F. ) ;
#2594 = STYLED_ITEM ( 'NONE', ( #923 ), #368 ) ;
#2595 = CLOSED_SHELL ( 'NONE', ( #1386, #476, #2255, #1796, #1707, #2956 ) ) ;
#2596 = COLOUR_RGB ( '',1.000000000000000000, 0.8117647058823529438, 0.5019607843137254832 ) ;
#2597 = DIRECTION ( 'NONE',  ( -1.000000000000000000, 0.000000000000000000, -0.000000000000000000 ) ) ;
#2598 = ORIENTED_EDGE ( 'NONE', *, *, #2283, .F. ) ;
#2599 = SURFACE_STYLE_USAGE ( .BOTH. , #1201 ) ;
#2600 = MECHANICAL_DESIGN_GEOMETRIC_PRESENTATION_REPRESENTATION (  '', ( #1048 ), #609 ) ;
#2601 = PRESENTATION_STYLE_ASSIGNMENT (( #505 ) ) ;
#2602 = ORIENTED_EDGE ( 'NONE', *, *, #1512, .T. ) ;
#2603 = FILL_AREA_STYLE ('',( #1669 ) ) ;
#2604 = LINE ( 'NONE', #2140, #2806 ) ;
#2605 = PLANE ( 'NONE',  #2844 ) ;
#2606 = CARTESIAN_POINT ( 'NONE',  ( -0.4999999999999997780, 0.6500000000000000222, -0.7000000000000000666 ) ) ;
#2607 = PLANE ( 'NONE',  #2272 ) ;
#2608 = COLOUR_RGB ( '',0.8431372549019607865, 0.8431372549019607865, 0.8431372549019607865 ) ;
#2609 = ORIENTED_EDGE ( 'NONE', *, *, #2397, .T. ) ;
#2610 = UNCERTAINTY_MEASURE_WITH_UNIT (LENGTH_MEASURE( 1.000000000000000082E-05 ), #2987, 'distance_accuracy_value', 'NONE');
#2611 = SURFACE_STYLE_FILL_AREA ( #2145 ) ;
#2612 = COLOUR_RGB ( '',0.2509803921568627416, 0.2509803921568627416, 0.2509803921568627416 ) ;
#2613 = EDGE_CURVE ( 'NONE', #7, #358, #625, .T. ) ;
#2614 = DIRECTION ( 'NONE',  ( -0.000000000000000000, -0.000000000000000000, -1.000000000000000000 ) ) ;
#2615 = ORIENTED_EDGE ( 'NONE', *, *, #1903, .T. ) ;
#2616 = PRESENTATION_LAYER_ASSIGNMENT (  '', '', ( #2211 ) ) ;
#2617 = CARTESIAN_POINT ( 'NONE',  ( -0.5500000000000000444, 0.000000000000000000, 0.2500000000000000555 ) ) ;
#2618 = AXIS2_PLACEMENT_3D ( 'NONE', #2515, #2499, #1348 ) ;
#2619 = ORIENTED_EDGE ( 'NONE', *, *, #931, .F. ) ;
#2620 =( NAMED_UNIT ( * ) SI_UNIT ( $, .STERADIAN. ) SOLID_ANGLE_UNIT ( ) );
#2621 = VECTOR ( 'NONE', #745, 1000.000000000000000 ) ;
#2622 = PLANE ( 'NONE',  #1444 ) ;
#2623 =( GEOMETRIC_REPRESENTATION_CONTEXT ( 3 ) GLOBAL_UNCERTAINTY_ASSIGNED_CONTEXT ( ( #2687 ) ) GLOBAL_UNIT_ASSIGNED_CONTEXT ( ( #2168, #98, #541 ) ) REPRESENTATION_CONTEXT ( 'NONE', 'WORKASPACE' ) );
#2624 = CARTESIAN_POINT ( 'NONE',  ( 0.4999999999999998890, 0.6500000000000000222, -0.7000000000000000666 ) ) ;
#2625 = SURFACE_SIDE_STYLE ('',( #738 ) ) ;
#2626 = SURFACE_STYLE_FILL_AREA ( #85 ) ;
#2627 = ORIENTED_EDGE ( 'NONE', *, *, #314, .F. ) ;
#2628 = EDGE_CURVE ( 'NONE', #1188, #13, #243, .T. ) ;
#2629 = EDGE_LOOP ( 'NONE', ( #943, #2000, #2452, #902 ) ) ;
#2630 = FACE_OUTER_BOUND ( 'NONE', #627, .T. ) ;
#2631 = ADVANCED_FACE ( 'NONE', ( #25 ), #2817, .F. ) ;
#2632 = LINE ( 'NONE', #1249, #2832 ) ;
#2633 = CARTESIAN_POINT ( 'NONE',  ( -0.5999999999999998668, 0.5999999999999999778, -0.8000000000000000444 ) ) ;
#2634 = EDGE_LOOP ( 'NONE', ( #1316, #1317, #399, #192 ) ) ;
#2635 = FILL_AREA_STYLE ('',( #818 ) ) ;
#2636 = DIRECTION ( 'NONE',  ( 1.000000000000000000, -0.000000000000000000, 7.744301232039314216E-17 ) ) ;
#2637 =( LENGTH_UNIT ( ) NAMED_UNIT ( * ) SI_UNIT ( .MILLI., .METRE. ) );
#2638 =( LENGTH_UNIT ( ) NAMED_UNIT ( * ) SI_UNIT ( .MILLI., .METRE. ) );
#2639 = CARTESIAN_POINT ( 'NONE',  ( 0.1500000000000001610, 0.000000000000000000, -0.7500000000000000000 ) ) ;
#2640 = EDGE_LOOP ( 'NONE', ( #1292, #1145, #506, #1664 ) ) ;
#2641 = VECTOR ( 'NONE', #2133, 1000.000000000000000 ) ;
#2642 = SURFACE_STYLE_USAGE ( .BOTH. , #280 ) ;
#2643 = STYLED_ITEM ( 'NONE', ( #1971 ), #476 ) ;
#2644 = DIRECTION ( 'NONE',  ( 1.000000000000000000, 0.000000000000000000, 0.000000000000000000 ) ) ;
#2645 = CARTESIAN_POINT ( 'NONE',  ( 0.000000000000000000, 0.000000000000000000, 0.7500000000000001110 ) ) ;
#2646 = ADVANCED_FACE ( 'NONE', ( #1864 ), #2104, .T. ) ;
#2647 = ORIENTED_EDGE ( 'NONE', *, *, #1203, .T. ) ;
#2648 =( GEOMETRIC_REPRESENTATION_CONTEXT ( 3 ) GLOBAL_UNCERTAINTY_ASSIGNED_CONTEXT ( ( #1160 ) ) GLOBAL_UNIT_ASSIGNED_CONTEXT ( ( #1575, #1863, #2072 ) ) REPRESENTATION_CONTEXT ( 'NONE', 'WORKASPACE' ) );
#2649 = PRESENTATION_LAYER_ASSIGNMENT (  '', '', ( #962 ) ) ;
#2650 =( NAMED_UNIT ( * ) SI_UNIT ( $, .STERADIAN. ) SOLID_ANGLE_UNIT ( ) );
#2651 = STYLED_ITEM ( 'NONE', ( #1759 ), #837 ) ;
#2652 = EDGE_LOOP ( 'NONE', ( #2111, #2414, #1895, #2722 ) ) ;
#2653 = FILL_AREA_STYLE_COLOUR ( '', #2663 ) ;
#2654 = MECHANICAL_DESIGN_GEOMETRIC_PRESENTATION_REPRESENTATION (  '', ( #1296 ), #2984 ) ;
#2655 = CARTESIAN_POINT ( 'NONE',  ( 0.5500000000000000444, 0.1000000000000000056, 0.2499999999999998335 ) ) ;
#2656 = ORIENTED_EDGE ( 'NONE', *, *, #1273, .T. ) ;
#2657 = DIRECTION ( 'NONE',  ( -1.000000000000000000, 0.000000000000000000, 2.168404344971008868E-16 ) ) ;
#2658 = VECTOR ( 'NONE', #2575, 1000.000000000000000 ) ;
#2659 = EDGE_CURVE ( 'NONE', #1452, #2166, #687, .T. ) ;
#2660 = FILL_AREA_STYLE_COLOUR ( '', #718 ) ;
#2661 = STYLED_ITEM ( 'NONE', ( #2516 ), #2382 ) ;
#2662 = UNCERTAINTY_MEASURE_WITH_UNIT (LENGTH_MEASURE( 1.000000000000000082E-05 ), #2229, 'distance_accuracy_value', 'NONE');
#2663 = COLOUR_RGB ( '',1.000000000000000000, 0.8117647058823529438, 0.5019607843137254832 ) ;
#2664 = ORIENTED_EDGE ( 'NONE', *, *, #1078, .T. ) ;
#2665 = UNCERTAINTY_MEASURE_WITH_UNIT (LENGTH_MEASURE( 1.000000000000000082E-05 ), #446, 'distance_accuracy_value', 'NONE');
#2666 = PLANE ( 'NONE',  #1125 ) ;
#2667 = AXIS2_PLACEMENT_3D ( 'NONE', #1992, #388, #1533 ) ;
#2668 = ORIENTED_EDGE ( 'NONE', *, *, #2454, .T. ) ;
#2669 =( NAMED_UNIT ( * ) PLANE_ANGLE_UNIT ( ) SI_UNIT ( $, .RADIAN. ) );
#2670 = DIRECTION ( 'NONE',  ( 2.710505431213761085E-16, 0.000000000000000000, 1.000000000000000000 ) ) ;
#2671 = FACE_OUTER_BOUND ( 'NONE', #2090, .T. ) ;
#2672 = ADVANCED_FACE ( 'NONE', ( #1199 ), #936, .F. ) ;
#2673 = CARTESIAN_POINT ( 'NONE',  ( -0.1499999999999999112, 0.1000000000000000056, 0.7500000000000001110 ) ) ;
#2674 =( NAMED_UNIT ( * ) PLANE_ANGLE_UNIT ( ) SI_UNIT ( $, .RADIAN. ) );
#2675 = EDGE_CURVE ( 'NONE', #2818, #2181, #60, .T. ) ;
#2676 = EDGE_LOOP ( 'NONE', ( #1475, #1070, #1462, #176 ) ) ;
#2677 = DIRECTION ( 'NONE',  ( -0.000000000000000000, -1.000000000000000000, -0.000000000000000000 ) ) ;
#2678 = CARTESIAN_POINT ( 'NONE',  ( 0.1500000000000001610, 0.1000000000000000056, -0.7500000000000001110 ) ) ;
#2679 = MECHANICAL_DESIGN_GEOMETRIC_PRESENTATION_REPRESENTATION (  '', ( #1091 ), #2883 ) ;
#2680 =( NAMED_UNIT ( * ) SI_UNIT ( $, .STERADIAN. ) SOLID_ANGLE_UNIT ( ) );
#2681 = ORIENTED_EDGE ( 'NONE', *, *, #126, .T. ) ;
#2682 =( GEOMETRIC_REPRESENTATION_CONTEXT ( 3 ) GLOBAL_UNCERTAINTY_ASSIGNED_CONTEXT ( ( #2258 ) ) GLOBAL_UNIT_ASSIGNED_CONTEXT ( ( #521, #1220, #1278 ) ) REPRESENTATION_CONTEXT ( 'NONE', 'WORKASPACE' ) );
#2683 = SURFACE_STYLE_FILL_AREA ( #374 ) ;
#2684 = AXIS2_PLACEMENT_3D ( 'NONE', #1790, #2488, #1818 ) ;
#2685 = FILL_AREA_STYLE_COLOUR ( '', #1147 ) ;
#2686 = FILL_AREA_STYLE_COLOUR ( '', #1712 ) ;
#2687 = UNCERTAINTY_MEASURE_WITH_UNIT (LENGTH_MEASURE( 1.000000000000000082E-05 ), #2168, 'distance_accuracy_value', 'NONE');
#2688 = CARTESIAN_POINT ( 'NONE',  ( 0.5499999999999999334, 0.6999999999999999556, -0.7000000000000000666 ) ) ;
#2689 = ORIENTED_EDGE ( 'NONE', *, *, #454, .T. ) ;
#2690 = UNCERTAINTY_MEASURE_WITH_UNIT (LENGTH_MEASURE( 1.000000000000000082E-05 ), #1030, 'distance_accuracy_value', 'NONE');
#2691 =( GEOMETRIC_REPRESENTATION_CONTEXT ( 3 ) GLOBAL_UNCERTAINTY_ASSIGNED_CONTEXT ( ( #1541 ) ) GLOBAL_UNIT_ASSIGNED_CONTEXT ( ( #2389, #2843, #543 ) ) REPRESENTATION_CONTEXT ( 'NONE', 'WORKASPACE' ) );
#2692 = ADVANCED_FACE ( 'NONE', ( #2863 ), #1966, .F. ) ;
#2693 = FACE_OUTER_BOUND ( 'NONE', #310, .T. ) ;
#2694 = ORIENTED_EDGE ( 'NONE', *, *, #1312, .T. ) ;
#2695 =( GEOMETRIC_REPRESENTATION_CONTEXT ( 3 ) GLOBAL_UNCERTAINTY_ASSIGNED_CONTEXT ( ( #148 ) ) GLOBAL_UNIT_ASSIGNED_CONTEXT ( ( #1946, #754, #568 ) ) REPRESENTATION_CONTEXT ( 'NONE', 'WORKASPACE' ) );
#2696 = CARTESIAN_POINT ( 'NONE',  ( -0.5999999999999998668, 0.5999999999999999778, -0.8000000000000000444 ) ) ;
#2697 =( LENGTH_UNIT ( ) NAMED_UNIT ( * ) SI_UNIT ( .MILLI., .METRE. ) );
#2698 = AXIS2_PLACEMENT_3D ( 'NONE', #111, #127, #1902 ) ;
#2699 = CARTESIAN_POINT ( 'NONE',  ( -0.2999999999999999334, 0.000000000000000000, -0.2500000000000000000 ) ) ;
#2700 = VECTOR ( 'NONE', #2036, 1000.000000000000000 ) ;
#2701 = SURFACE_SIDE_STYLE ('',( #390 ) ) ;
#2702 = DIRECTION ( 'NONE',  ( -0.000000000000000000, -1.000000000000000000, 0.000000000000000000 ) ) ;
#2703 = AXIS2_PLACEMENT_3D ( 'NONE', #496, #1615, #958 ) ;
#2704 = CARTESIAN_POINT ( 'NONE',  ( -0.4999999999999997780, 0.6999999999999999556, -0.7000000000000000666 ) ) ;
#2705 = COLOUR_RGB ( '',0.8431372549019607865, 0.8431372549019607865, 0.8431372549019607865 ) ;
#2706 = EDGE_LOOP ( 'NONE', ( #2907, #2552, #2151, #670 ) ) ;
#2707 = LINE ( 'NONE', #2220, #47 ) ;
#2708 = LINE ( 'NONE', #1561, #671 ) ;
#2709 =( GEOMETRIC_REPRESENTATION_CONTEXT ( 3 ) GLOBAL_UNCERTAINTY_ASSIGNED_CONTEXT ( ( #1214 ) ) GLOBAL_UNIT_ASSIGNED_CONTEXT ( ( #1141, #1635, #1592 ) ) REPRESENTATION_CONTEXT ( 'NONE', 'WORKASPACE' ) );
#2710 = SURFACE_STYLE_USAGE ( .BOTH. , #856 ) ;
#2711 = CARTESIAN_POINT ( 'NONE',  ( 0.1500000000000001610, 0.000000000000000000, 0.000000000000000000 ) ) ;
#2712 = ORIENTED_EDGE ( 'NONE', *, *, #1882, .F. ) ;
#2713 = MECHANICAL_DESIGN_GEOMETRIC_PRESENTATION_REPRESENTATION (  '', ( #2327 ), #884 ) ;
#2714 = EDGE_CURVE ( 'NONE', #31, #1043, #564, .T. ) ;
#2715 = DIRECTION ( 'NONE',  ( 0.000000000000000000, -1.000000000000000000, 0.000000000000000000 ) ) ;
#2716 = SURFACE_STYLE_USAGE ( .BOTH. , #2032 ) ;
#2717 = COLOUR_RGB ( '',0.2509803921568627416, 0.2509803921568627416, 0.2509803921568627416 ) ;
#2718 = LINE ( 'NONE', #184, #2027 ) ;
#2719 = FILL_AREA_STYLE ('',( #1792 ) ) ;
#2720 = SURFACE_SIDE_STYLE ('',( #1586 ) ) ;
#2721 = FACE_OUTER_BOUND ( 'NONE', #1676, .T. ) ;
#2722 = ORIENTED_EDGE ( 'NONE', *, *, #742, .T. ) ;
#2723 = EDGE_LOOP ( 'NONE', ( #244, #1099, #982, #2176 ) ) ;
#2724 = PRESENTATION_STYLE_ASSIGNMENT (( #2716 ) ) ;
#2725 = EDGE_CURVE ( 'NONE', #2285, #365, #2188, .T. ) ;
#2726 = CARTESIAN_POINT ( 'NONE',  ( -0.5999999999999998668, 0.5999999999999999778, 0.000000000000000000 ) ) ;
#2727 = SURFACE_SIDE_STYLE ('',( #896 ) ) ;
#2728 =( NAMED_UNIT ( * ) SI_UNIT ( $, .STERADIAN. ) SOLID_ANGLE_UNIT ( ) );
#2729 = VECTOR ( 'NONE', #1026, 1000.000000000000000 ) ;
#2730 = COLOUR_RGB ( '',0.2509803921568627416, 0.2509803921568627416, 0.2509803921568627416 ) ;
#2731 = PRESENTATION_STYLE_ASSIGNMENT (( #2089 ) ) ;
#2732 = EDGE_LOOP ( 'NONE', ( #153, #164, #1651, #406 ) ) ;
#2733 = SURFACE_STYLE_USAGE ( .BOTH. , #437 ) ;
#2734 = SURFACE_STYLE_USAGE ( .BOTH. , #2450 ) ;
#2735 =( LENGTH_UNIT ( ) NAMED_UNIT ( * ) SI_UNIT ( .MILLI., .METRE. ) );
#2736 = VERTEX_POINT ( 'NONE', #2878 ) ;
#2737 =( NAMED_UNIT ( * ) SI_UNIT ( $, .STERADIAN. ) SOLID_ANGLE_UNIT ( ) );
#2738 = SURFACE_STYLE_FILL_AREA ( #2583 ) ;
#2739 = FACE_OUTER_BOUND ( 'NONE', #1885, .T. ) ;
#2740 = LINE ( 'NONE', #675, #144 ) ;
#2741 = PRESENTATION_LAYER_ASSIGNMENT (  '', '', ( #479 ) ) ;
#2742 = PRESENTATION_LAYER_ASSIGNMENT (  '', '', ( #1932 ) ) ;
#2743 = FILL_AREA_STYLE_COLOUR ( '', #2730 ) ;
#2744 = UNCERTAINTY_MEASURE_WITH_UNIT (LENGTH_MEASURE( 1.000000000000000082E-05 ), #340, 'distance_accuracy_value', 'NONE');
#2745 = SURFACE_SIDE_STYLE ('',( #2100 ) ) ;
#2746 = ADVANCED_FACE ( 'NONE', ( #1050 ), #547, .F. ) ;
#2747 = PLANE ( 'NONE',  #2667 ) ;
#2748 = VERTEX_POINT ( 'NONE', #1777 ) ;
#2749 = VECTOR ( 'NONE', #1820, 1000.000000000000000 ) ;
#2750 = CARTESIAN_POINT ( 'NONE',  ( 0.5500000000000000444, 0.1000000000000000056, 0.2499999999999998335 ) ) ;
#2751 = ORIENTED_EDGE ( 'NONE', *, *, #2782, .F. ) ;
#2752 =( NAMED_UNIT ( * ) PLANE_ANGLE_UNIT ( ) SI_UNIT ( $, .RADIAN. ) );
#2753 = DIRECTION ( 'NONE',  ( 0.000000000000000000, -0.000000000000000000, -1.000000000000000000 ) ) ;
#2754 = ORIENTED_EDGE ( 'NONE', *, *, #833, .T. ) ;
#2755 = PLANE ( 'NONE',  #533 ) ;
#2756 = PRESENTATION_LAYER_ASSIGNMENT (  '', '', ( #1896 ) ) ;
#2757 = CARTESIAN_POINT ( 'NONE',  ( 0.000000000000000000, 0.1000000000000000056, 0.000000000000000000 ) ) ;
#2758 = SURFACE_STYLE_FILL_AREA ( #1819 ) ;
#2759 = LINE ( 'NONE', #1442, #2749 ) ;
#2760 = FILL_AREA_STYLE_COLOUR ( '', #1722 ) ;
#2761 = ADVANCED_FACE ( 'NONE', ( #1286 ), #2230, .T. ) ;
#2762 = DIRECTION ( 'NONE',  ( -0.7071067811865474617, -0.000000000000000000, 0.7071067811865474617 ) ) ;
#2763 = ORIENTED_EDGE ( 'NONE', *, *, #678, .T. ) ;
#2764 = EDGE_CURVE ( 'NONE', #1435, #2446, #1328, .T. ) ;
#2765 = PRESENTATION_STYLE_ASSIGNMENT (( #739 ) ) ;
#2766 = ORIENTED_EDGE ( 'NONE', *, *, #1567, .F. ) ;
#2767 = SURFACE_STYLE_USAGE ( .BOTH. , #210 ) ;
#2768 = FACE_OUTER_BOUND ( 'NONE', #2634, .T. ) ;
#2769 = DIRECTION ( 'NONE',  ( -1.000000000000000000, 0.000000000000000000, 0.000000000000000000 ) ) ;
#2770 = SURFACE_SIDE_STYLE ('',( #2518 ) ) ;
#2771 = PRESENTATION_STYLE_ASSIGNMENT (( #1150 ) ) ;
#2772 = ORIENTED_EDGE ( 'NONE', *, *, #2675, .T. ) ;
#2773 = FILL_AREA_STYLE_COLOUR ( '', #1120 ) ;
#2774 = CARTESIAN_POINT ( 'NONE',  ( 0.000000000000000000, 0.000000000000000000, 0.000000000000000000 ) ) ;
#2775 = LINE ( 'NONE', #1370, #1626 ) ;
#2776 = UNCERTAINTY_MEASURE_WITH_UNIT (LENGTH_MEASURE( 1.000000000000000082E-05 ), #1858, 'distance_accuracy_value', 'NONE');
#2777 = VECTOR ( 'NONE', #2910, 1000.000000000000000 ) ;
#2778 = CARTESIAN_POINT ( 'NONE',  ( 0.4999999999999998890, 0.6500000000000000222, -0.7500000000000001110 ) ) ;
#2779 = STYLED_ITEM ( 'NONE', ( #1285 ), #549 ) ;
#2780 = ORIENTED_EDGE ( 'NONE', *, *, #2137, .T. ) ;
#2781 = FILL_AREA_STYLE ('',( #8 ) ) ;
#2782 = EDGE_CURVE ( 'NONE', #755, #2508, #591, .T. ) ;
#2783 = VECTOR ( 'NONE', #946, 1000.000000000000000 ) ;
#2784 = SURFACE_SIDE_STYLE ('',( #1345 ) ) ;
#2785 = SURFACE_SIDE_STYLE ('',( #2562 ) ) ;
#2786 = VERTEX_POINT ( 'NONE', #841 ) ;
#2787 = LINE ( 'NONE', #2549, #1123 ) ;
#2788 = ADVANCED_FACE ( 'NONE', ( #2721 ), #190, .F. ) ;
#2789 = ORIENTED_EDGE ( 'NONE', *, *, #1972, .T. ) ;
#2790 =( GEOMETRIC_REPRESENTATION_CONTEXT ( 3 ) GLOBAL_UNCERTAINTY_ASSIGNED_CONTEXT ( ( #1752 ) ) GLOBAL_UNIT_ASSIGNED_CONTEXT ( ( #2338, #743, #708 ) ) REPRESENTATION_CONTEXT ( 'NONE', 'WORKASPACE' ) );
#2791 = SURFACE_STYLE_FILL_AREA ( #16 ) ;
#2792 = DIRECTION ( 'NONE',  ( 1.000000000000000000, 0.000000000000000000, 0.000000000000000000 ) ) ;
#2793 = STYLED_ITEM ( 'NONE', ( #1489 ), #1338 ) ;
#2794 = VECTOR ( 'NONE', #2046, 1000.000000000000000 ) ;
#2795 = DIRECTION ( 'NONE',  ( 0.7071067811865474617, 0.000000000000000000, -0.7071067811865474617 ) ) ;
#2796 = ORIENTED_EDGE ( 'NONE', *, *, #2867, .F. ) ;
#2797 = MECHANICAL_DESIGN_GEOMETRIC_PRESENTATION_REPRESENTATION (  '', ( #1688 ), #2506 ) ;
#2798 = FILL_AREA_STYLE ('',( #1878 ) ) ;
#2799 = VECTOR ( 'NONE', #2034, 1000.000000000000000 ) ;
#2800 = VERTEX_POINT ( 'NONE', #380 ) ;
#2801 = FILL_AREA_STYLE_COLOUR ( '', #1595 ) ;
#2802 = AXIS2_PLACEMENT_3D ( 'NONE', #2811, #2792, #1371 ) ;
#2803 = FILL_AREA_STYLE_COLOUR ( '', #1202 ) ;
#2804 = EDGE_CURVE ( 'NONE', #1488, #2285, #1301, .T. ) ;
#2805 = EDGE_LOOP ( 'NONE', ( #2160, #1577, #477, #2796 ) ) ;
#2806 = VECTOR ( 'NONE', #348, 1000.000000000000000 ) ;
#2807 = DIRECTION ( 'NONE',  ( 0.000000000000000000, 1.000000000000000000, -0.000000000000000000 ) ) ;
#2808 = DIRECTION ( 'NONE',  ( 0.000000000000000000, -0.000000000000000000, 1.000000000000000000 ) ) ;
#2809 = COLOUR_RGB ( '',0.2509803921568627416, 0.2509803921568627416, 0.2509803921568627416 ) ;
#2810 = SURFACE_STYLE_FILL_AREA ( #319 ) ;
#2811 = CARTESIAN_POINT ( 'NONE',  ( 0.4999999999999998890, 0.6500000000000000222, 0.6999999999999998446 ) ) ;
#2812 =( GEOMETRIC_REPRESENTATION_CONTEXT ( 3 ) GLOBAL_UNCERTAINTY_ASSIGNED_CONTEXT ( ( #88 ) ) GLOBAL_UNIT_ASSIGNED_CONTEXT ( ( #10, #952, #968 ) ) REPRESENTATION_CONTEXT ( 'NONE', 'WORKASPACE' ) );
#2813 = AXIS2_PLACEMENT_3D ( 'NONE', #289, #1691, #1472 ) ;
#2814 =( NAMED_UNIT ( * ) PLANE_ANGLE_UNIT ( ) SI_UNIT ( $, .RADIAN. ) );
#2815 = EDGE_LOOP ( 'NONE', ( #462, #1614, #1251, #137 ) ) ;
#2816 = UNCERTAINTY_MEASURE_WITH_UNIT (LENGTH_MEASURE( 1.000000000000000082E-05 ), #2922, 'distance_accuracy_value', 'NONE');
#2817 = PLANE ( 'NONE',  #636 ) ;
#2818 = VERTEX_POINT ( 'NONE', #932 ) ;
#2819 = FILL_AREA_STYLE ('',( #1898 ) ) ;
#2820 = SURFACE_STYLE_USAGE ( .BOTH. , #2164 ) ;
#2821 = EDGE_LOOP ( 'NONE', ( #2366, #740, #1973, #2463, #229 ) ) ;
#2822 =( NAMED_UNIT ( * ) SI_UNIT ( $, .STERADIAN. ) SOLID_ANGLE_UNIT ( ) );
#2823 = FILL_AREA_STYLE_COLOUR ( '', #2031 ) ;
#2824 = CARTESIAN_POINT ( 'NONE',  ( 0.5500000000000001554, 0.000000000000000000, -0.7500000000000000000 ) ) ;
#2825 = EDGE_CURVE ( 'NONE', #1003, #2835, #698, .T. ) ;
#2826 = CARTESIAN_POINT ( 'NONE',  ( 0.1499999999999999667, 0.1000000000000000056, -0.2500000000000000555 ) ) ;
#2827 = DIRECTION ( 'NONE',  ( -0.000000000000000000, -1.000000000000000000, -0.000000000000000000 ) ) ;
#2828 = CARTESIAN_POINT ( 'NONE',  ( -0.4999999999999997780, 0.6500000000000000222, 0.7499999999999998890 ) ) ;
#2829 = ADVANCED_FACE ( 'NONE', ( #1650 ), #2540, .T. ) ;
#2830 = SURFACE_SIDE_STYLE ('',( #1242 ) ) ;
#2831 = ORIENTED_EDGE ( 'NONE', *, *, #2628, .F. ) ;
#2832 = VECTOR ( 'NONE', #2163, 1000.000000000000000 ) ;
#2833 = PRESENTATION_LAYER_ASSIGNMENT (  '', '', ( #2440 ) ) ;
#2834 =( NAMED_UNIT ( * ) PLANE_ANGLE_UNIT ( ) SI_UNIT ( $, .RADIAN. ) );
#2835 = VERTEX_POINT ( 'NONE', #2988 ) ;
#2836 = CARTESIAN_POINT ( 'NONE',  ( -0.5500000000000000444, 0.1000000000000000056, -0.2500000000000000555 ) ) ;
#2837 = DIRECTION ( 'NONE',  ( 1.000000000000000000, 0.000000000000000000, -5.421010862427522170E-17 ) ) ;
#2838 = CARTESIAN_POINT ( 'NONE',  ( -0.1499999999999999112, 0.1000000000000000056, -0.7500000000000001110 ) ) ;
#2839 = CARTESIAN_POINT ( 'NONE',  ( -0.5999999999999998668, 0.000000000000000000, -0.8000000000000000444 ) ) ;
#2840 = CARTESIAN_POINT ( 'NONE',  ( 0.6000000000000000888, 0.000000000000000000, -0.8000000000000000444 ) ) ;
#2841 = DIRECTION ( 'NONE',  ( -1.000000000000000000, 0.000000000000000000, 0.000000000000000000 ) ) ;
#2842 = LINE ( 'NONE', #542, #2848 ) ;
#2843 =( NAMED_UNIT ( * ) PLANE_ANGLE_UNIT ( ) SI_UNIT ( $, .RADIAN. ) );
#2844 = AXIS2_PLACEMENT_3D ( 'NONE', #644, #631, #615 ) ;
#2845 = AXIS2_PLACEMENT_3D ( 'NONE', #1351, #2267, #1059 ) ;
#2846 = EDGE_CURVE ( 'NONE', #2181, #649, #397, .T. ) ;
#2847 = ORIENTED_EDGE ( 'NONE', *, *, #2087, .F. ) ;
#2848 = VECTOR ( 'NONE', #1470, 1000.000000000000000 ) ;
#2849 = ORIENTED_EDGE ( 'NONE', *, *, #2206, .T. ) ;
#2850 = AXIS2_PLACEMENT_3D ( 'NONE', #756, #2871, #66 ) ;
#2851 = DIRECTION ( 'NONE',  ( -0.000000000000000000, -1.000000000000000000, 0.000000000000000000 ) ) ;
#2852 = VECTOR ( 'NONE', #1166, 1000.000000000000000 ) ;
#2853 = DIRECTION ( 'NONE',  ( -0.000000000000000000, -1.000000000000000000, -0.000000000000000000 ) ) ;
#2854 = ORIENTED_EDGE ( 'NONE', *, *, #537, .T. ) ;
#2855 = CARTESIAN_POINT ( 'NONE',  ( -0.1499999999999999112, 0.1000000000000000056, -0.7500000000000001110 ) ) ;
#2856 = DIRECTION ( 'NONE',  ( 1.000000000000000000, 0.000000000000000000, 5.421010862427521184E-16 ) ) ;
#2857 = COLOUR_RGB ( '',1.000000000000000000, 0.8117647058823529438, 0.5019607843137254832 ) ;
#2858 = SURFACE_SIDE_STYLE ('',( #100 ) ) ;
#2859 = SURFACE_STYLE_USAGE ( .BOTH. , #1223 ) ;
#2860 = STYLED_ITEM ( 'NONE', ( #2437 ), #2449 ) ;
#2861 = ORIENTED_EDGE ( 'NONE', *, *, #2714, .T. ) ;
#2862 = MECHANICAL_DESIGN_GEOMETRIC_PRESENTATION_REPRESENTATION (  '', ( #1791 ), #2523 ) ;
#2863 = FACE_OUTER_BOUND ( 'NONE', #2526, .T. ) ;
#2864 = ORIENTED_EDGE ( 'NONE', *, *, #801, .T. ) ;
#2865 = PRODUCT_DEFINITION_FORMATION_WITH_SPECIFIED_SOURCE ( 'ANY', '', #758, .NOT_KNOWN. ) ;
#2866 =( NAMED_UNIT ( * ) PLANE_ANGLE_UNIT ( ) SI_UNIT ( $, .RADIAN. ) );
#2867 = EDGE_CURVE ( 'NONE', #1364, #308, #271, .T. ) ;
#2868 = SURFACE_STYLE_USAGE ( .BOTH. , #1912 ) ;
#2869 = DIRECTION ( 'NONE',  ( 0.000000000000000000, 0.000000000000000000, -1.000000000000000000 ) ) ;
#2870 = VERTEX_POINT ( 'NONE', #2275 ) ;
#2871 = DIRECTION ( 'NONE',  ( -5.421010862427521184E-16, 0.000000000000000000, -1.000000000000000000 ) ) ;
#2872 = DIRECTION ( 'NONE',  ( -0.000000000000000000, -1.000000000000000000, -0.000000000000000000 ) ) ;
#2873 =( LENGTH_UNIT ( ) NAMED_UNIT ( * ) SI_UNIT ( .MILLI., .METRE. ) );
#2874 = PRESENTATION_STYLE_ASSIGNMENT (( #2886 ) ) ;
#2875 = SURFACE_STYLE_FILL_AREA ( #997 ) ;
#2876 = VERTEX_POINT ( 'NONE', #2778 ) ;
#2877 = UNCERTAINTY_MEASURE_WITH_UNIT (LENGTH_MEASURE( 1.000000000000000082E-05 ), #2587, 'distance_accuracy_value', 'NONE');
#2878 = CARTESIAN_POINT ( 'NONE',  ( -0.2999999999999999334, 0.1000000000000000056, -0.2500000000000000000 ) ) ;
#2879 = ORIENTED_EDGE ( 'NONE', *, *, #2949, .F. ) ;
#2880 = EDGE_CURVE ( 'NONE', #410, #1859, #715, .T. ) ;
#2881 = CARTESIAN_POINT ( 'NONE',  ( -0.4999999999999997780, 0.6500000000000000222, 0.6999999999999998446 ) ) ;
#2882 = PRODUCT_DEFINITION_SHAPE ( 'NONE', 'NONE',  #253 ) ;
#2883 =( GEOMETRIC_REPRESENTATION_CONTEXT ( 3 ) GLOBAL_UNCERTAINTY_ASSIGNED_CONTEXT ( ( #2025 ) ) GLOBAL_UNIT_ASSIGNED_CONTEXT ( ( #600, #1513, #1326 ) ) REPRESENTATION_CONTEXT ( 'NONE', 'WORKASPACE' ) );
#2884 =( LENGTH_UNIT ( ) NAMED_UNIT ( * ) SI_UNIT ( .MILLI., .METRE. ) );
#2885 = EDGE_CURVE ( 'NONE', #1769, #1563, #2069, .T. ) ;
#2886 = SURFACE_STYLE_USAGE ( .BOTH. , #1496 ) ;
#2887 = DIRECTION ( 'NONE',  ( -1.000000000000000000, -0.000000000000000000, 0.000000000000000000 ) ) ;
#2888 = DIRECTION ( 'NONE',  ( 2.710505431213761085E-16, 0.000000000000000000, 1.000000000000000000 ) ) ;
#2889 = VECTOR ( 'NONE', #1720, 1000.000000000000000 ) ;
#2890 = CARTESIAN_POINT ( 'NONE',  ( -0.5999999999999998668, 0.000000000000000000, 0.8000000000000000444 ) ) ;
#2891 = VERTEX_POINT ( 'NONE', #2559 ) ;
#2892 =( LENGTH_UNIT ( ) NAMED_UNIT ( * ) SI_UNIT ( .MILLI., .METRE. ) );
#2893 =( GEOMETRIC_REPRESENTATION_CONTEXT ( 3 ) GLOBAL_UNCERTAINTY_ASSIGNED_CONTEXT ( ( #824 ) ) GLOBAL_UNIT_ASSIGNED_CONTEXT ( ( #846, #2913, #154 ) ) REPRESENTATION_CONTEXT ( 'NONE', 'WORKASPACE' ) );
#2894 = ORIENTED_EDGE ( 'NONE', *, *, #1816, .T. ) ;
#2895 = CARTESIAN_POINT ( 'NONE',  ( 0.4999999999999997780, 0.6999999999999999556, 0.7499999999999998890 ) ) ;
#2896 = EDGE_CURVE ( 'NONE', #1967, #606, #2101, .T. ) ;
#2897 = CARTESIAN_POINT ( 'NONE',  ( -0.1499999999999999389, 0.000000000000000000, -0.3999999999999999667 ) ) ;
#2898 = CIRCLE ( 'NONE', #2703, 0.05000000000000002359 ) ;
#2899 = COLOUR_RGB ( '',0.2509803921568627416, 0.2509803921568627416, 0.2509803921568627416 ) ;
#2900 = EDGE_CURVE ( 'NONE', #2439, #816, #1196, .T. ) ;
#2901 =( NAMED_UNIT ( * ) SI_UNIT ( $, .STERADIAN. ) SOLID_ANGLE_UNIT ( ) );
#2902 = FILL_AREA_STYLE ('',( #2686 ) ) ;
#2903 = UNCERTAINTY_MEASURE_WITH_UNIT (LENGTH_MEASURE( 1.000000000000000082E-05 ), #327, 'distance_accuracy_value', 'NONE');
#2904 = MECHANICAL_DESIGN_GEOMETRIC_PRESENTATION_REPRESENTATION (  '', ( #1735 ), #1555 ) ;
#2905 = STYLED_ITEM ( 'NONE', ( #532 ), #2746 ) ;
#2906 = DIRECTION ( 'NONE',  ( 0.000000000000000000, 1.000000000000000000, -0.000000000000000000 ) ) ;
#2907 = ORIENTED_EDGE ( 'NONE', *, *, #1041, .F. ) ;
#2908 = UNCERTAINTY_MEASURE_WITH_UNIT (LENGTH_MEASURE( 1.000000000000000082E-05 ), #156, 'distance_accuracy_value', 'NONE');
#2909 = FILL_AREA_STYLE_COLOUR ( '', #2809 ) ;
#2910 = DIRECTION ( 'NONE',  ( -2.168404344971008128E-16, -0.000000000000000000, 1.000000000000000000 ) ) ;
#2911 =( NAMED_UNIT ( * ) SI_UNIT ( $, .STERADIAN. ) SOLID_ANGLE_UNIT ( ) );
#2912 = VERTEX_POINT ( 'NONE', #2115 ) ;
#2913 =( NAMED_UNIT ( * ) PLANE_ANGLE_UNIT ( ) SI_UNIT ( $, .RADIAN. ) );
#2914 = DIRECTION ( 'NONE',  ( 0.000000000000000000, -0.000000000000000000, -1.000000000000000000 ) ) ;
#2915 = EDGE_CURVE ( 'NONE', #649, #1737, #497, .T. ) ;
#2916 = DIRECTION ( 'NONE',  ( 0.000000000000000000, 0.000000000000000000, -1.000000000000000000 ) ) ;
#2917 = CARTESIAN_POINT ( 'NONE',  ( 0.1500000000000001610, 0.1000000000000000056, 0.7500000000000001110 ) ) ;
#2918 = LINE ( 'NONE', #2960, #779 ) ;
#2919 = EDGE_CURVE ( 'NONE', #1258, #1806, #2507, .T. ) ;
#2920 = FILL_AREA_STYLE ('',( #1767 ) ) ;
#2921 = VERTEX_POINT ( 'NONE', #206 ) ;
#2922 =( LENGTH_UNIT ( ) NAMED_UNIT ( * ) SI_UNIT ( .MILLI., .METRE. ) );
#2923 = FILL_AREA_STYLE ('',( #398 ) ) ;
#2924 = ORIENTED_EDGE ( 'NONE', *, *, #2659, .F. ) ;
#2925 = FACE_OUTER_BOUND ( 'NONE', #1414, .T. ) ;
#2926 = FILL_AREA_STYLE_COLOUR ( '', #974 ) ;
#2927 = VECTOR ( 'NONE', #170, 1000.000000000000000 ) ;
#2928 = PRESENTATION_LAYER_ASSIGNMENT (  '', '', ( #1240 ) ) ;
#2929 = VECTOR ( 'NONE', #2827, 1000.000000000000000 ) ;
#2930 =( NAMED_UNIT ( * ) SI_UNIT ( $, .STERADIAN. ) SOLID_ANGLE_UNIT ( ) );
#2931 = ADVANCED_FACE ( 'NONE', ( #1139 ), #2747, .F. ) ;
#2932 = DIRECTION ( 'NONE',  ( -1.000000000000000000, 0.000000000000000000, 0.000000000000000000 ) ) ;
#2933 = EDGE_CURVE ( 'NONE', #595, #1226, #1313, .T. ) ;
#2934 = DIRECTION ( 'NONE',  ( 0.000000000000000000, 0.000000000000000000, -1.000000000000000000 ) ) ;
#2935 = MECHANICAL_DESIGN_GEOMETRIC_PRESENTATION_REPRESENTATION (  '', ( #1817 ), #2407 ) ;
#2936 = EDGE_LOOP ( 'NONE', ( #918, #1920, #2399, #1206 ) ) ;
#2937 = SURFACE_SIDE_STYLE ('',( #593 ) ) ;
#2938 = PRESENTATION_LAYER_ASSIGNMENT (  '', '', ( #2453 ) ) ;
#2939 = ORIENTED_EDGE ( 'NONE', *, *, #2402, .T. ) ;
#2940 = VECTOR ( 'NONE', #1625, 1000.000000000000000 ) ;
#2941 = SURFACE_STYLE_FILL_AREA ( #1739 ) ;
#2942 =( GEOMETRIC_REPRESENTATION_CONTEXT ( 3 ) GLOBAL_UNCERTAINTY_ASSIGNED_CONTEXT ( ( #1747 ) ) GLOBAL_UNIT_ASSIGNED_CONTEXT ( ( #1100, #1785, #1146 ) ) REPRESENTATION_CONTEXT ( 'NONE', 'WORKASPACE' ) );
#2943 = SURFACE_STYLE_USAGE ( .BOTH. , #431 ) ;
#2944 = STYLED_ITEM ( 'NONE', ( #1897 ), #1694 ) ;
#2945 = PLANE ( 'NONE',  #1674 ) ;
#2946 = AXIS2_PLACEMENT_3D ( 'NONE', #2522, #710, #944 ) ;
#2947 =( GEOMETRIC_REPRESENTATION_CONTEXT ( 3 ) GLOBAL_UNCERTAINTY_ASSIGNED_CONTEXT ( ( #2118 ) ) GLOBAL_UNIT_ASSIGNED_CONTEXT ( ( #12, #921, #2383 ) ) REPRESENTATION_CONTEXT ( 'NONE', 'WORKASPACE' ) );
#2948 = VERTEX_POINT ( 'NONE', #321 ) ;
#2949 = EDGE_CURVE ( 'NONE', #196, #1258, #2957, .T. ) ;
#2950 = COLOUR_RGB ( '',1.000000000000000000, 0.8117647058823529438, 0.5019607843137254832 ) ;
#2951 = SURFACE_SIDE_STYLE ('',( #455 ) ) ;
#2952 = DIRECTION ( 'NONE',  ( -0.000000000000000000, 0.000000000000000000, 1.000000000000000000 ) ) ;
#2953 = ORIENTED_EDGE ( 'NONE', *, *, #1728, .F. ) ;
#2954 = AXIS2_PLACEMENT_3D ( 'NONE', #325, #292, #1245 ) ;
#2955 = DIRECTION ( 'NONE',  ( 0.000000000000000000, -0.000000000000000000, -1.000000000000000000 ) ) ;
#2956 = ADVANCED_FACE ( 'NONE', ( #1483 ), #2607, .F. ) ;
#2957 = CIRCLE ( 'NONE', #2813, 0.05000000000000002359 ) ;
#2958 = CARTESIAN_POINT ( 'NONE',  ( -0.1499999999999999667, -2.032879073410320814E-17, -0.3999999999999999667 ) ) ;
#2959 = LINE ( 'NONE', #4, #2783 ) ;
#2960 = CARTESIAN_POINT ( 'NONE',  ( -0.4999999999999997780, 0.5999999999999999778, 0.7499999999999997780 ) ) ;
#2961 = ORIENTED_EDGE ( 'NONE', *, *, #1749, .F. ) ;
#2962 = FILL_AREA_STYLE ('',( #2091 ) ) ;
#2963 =( NAMED_UNIT ( * ) SI_UNIT ( $, .STERADIAN. ) SOLID_ANGLE_UNIT ( ) );
#2964 = ORIENTED_EDGE ( 'NONE', *, *, #1711, .T. ) ;
#2965 = SURFACE_STYLE_USAGE ( .BOTH. , #2551 ) ;
#2966 = EDGE_CURVE ( 'NONE', #2835, #1967, #763, .T. ) ;
#2967 = COLOUR_RGB ( '',1.000000000000000000, 0.8117647058823529438, 0.5019607843137254832 ) ;
#2968 = DIRECTION ( 'NONE',  ( -1.000000000000000000, -0.000000000000000000, -0.000000000000000000 ) ) ;
#2969 = CARTESIAN_POINT ( 'NONE',  ( -0.1499999999999999667, -3.049318610115481221E-17, -0.3999999999999999667 ) ) ;
#2970 = CARTESIAN_POINT ( 'NONE',  ( 0.5500000000000000444, 0.000000000000000000, 0.2499999999999998335 ) ) ;
#2971 = APPLICATION_CONTEXT ( 'automotive_design' ) ;
#2972 = PRESENTATION_LAYER_ASSIGNMENT (  '', '', ( #2493 ) ) ;
#2973 = DIRECTION ( 'NONE',  ( -1.000000000000000000, 0.000000000000000000, -0.000000000000000000 ) ) ;
#2974 = VERTEX_POINT ( 'NONE', #1760 ) ;
#2975 =( LENGTH_UNIT ( ) NAMED_UNIT ( * ) SI_UNIT ( .MILLI., .METRE. ) );
#2976 =( NAMED_UNIT ( * ) PLANE_ANGLE_UNIT ( ) SI_UNIT ( $, .RADIAN. ) );
#2977 = FILL_AREA_STYLE_COLOUR ( '', #2035 ) ;
#2978 = ORIENTED_EDGE ( 'NONE', *, *, #992, .T. ) ;
#2979 = FILL_AREA_STYLE_COLOUR ( '', #341 ) ;
#2980 = COLOUR_RGB ( '',1.000000000000000000, 0.8117647058823529438, 0.5019607843137254832 ) ;
#2981 = CARTESIAN_POINT ( 'NONE',  ( 0.5500000000000000444, 0.1000000000000000056, 0.2499999999999998335 ) ) ;
#2982 = SURFACE_STYLE_USAGE ( .BOTH. , #2284 ) ;
#2983 = DIRECTION ( 'NONE',  ( 0.000000000000000000, -1.000000000000000000, 0.000000000000000000 ) ) ;
#2984 =( GEOMETRIC_REPRESENTATION_CONTEXT ( 3 ) GLOBAL_UNCERTAINTY_ASSIGNED_CONTEXT ( ( #1965 ) ) GLOBAL_UNIT_ASSIGNED_CONTEXT ( ( #1848, #2550, #1148 ) ) REPRESENTATION_CONTEXT ( 'NONE', 'WORKASPACE' ) );
#2985 = ADVANCED_FACE ( 'NONE', ( #2159 ), #307, .F. ) ;
#2986 =( NAMED_UNIT ( * ) PLANE_ANGLE_UNIT ( ) SI_UNIT ( $, .RADIAN. ) );
#2987 =( LENGTH_UNIT ( ) NAMED_UNIT ( * ) SI_UNIT ( .MILLI., .METRE. ) );
#2988 = CARTESIAN_POINT ( 'NONE',  ( -0.2999999999999999334, 0.1000000000000000056, -0.2500000000000000000 ) ) ;
#2989 = VERTEX_POINT ( 'NONE', #1337 ) ;
#2990 = VECTOR ( 'NONE', #981, 1000.000000000000000 ) ;
#2991 =( NAMED_UNIT ( * ) SI_UNIT ( $, .STERADIAN. ) SOLID_ANGLE_UNIT ( ) );
#2992 = COLOUR_RGB ( '',1.000000000000000000, 0.8117647058823529438, 0.5019607843137254832 ) ;
#2993 = SURFACE_STYLE_USAGE ( .BOTH. , #2784 ) ;
#2994 = DIRECTION ( 'NONE',  ( -0.000000000000000000, -1.000000000000000000, -0.000000000000000000 ) ) ;
#2995 = EDGE_LOOP ( 'NONE', ( #1701, #1128, #1478, #1152 ) ) ;
#2996 = SURFACE_SIDE_STYLE ('',( #2247 ) ) ;
#2997 = DIRECTION ( 'NONE',  ( 0.000000000000000000, 0.000000000000000000, -1.000000000000000000 ) ) ;
#2998 = MECHANICAL_DESIGN_GEOMETRIC_PRESENTATION_REPRESENTATION (  '', ( #2860 ), #1413 ) ;
#2999 = DIRECTION ( 'NONE',  ( 1.000000000000000000, 0.000000000000000000, -2.168404344971008128E-16 ) ) ;
#3000 = ORIENTED_EDGE ( 'NONE', *, *, #1289, .F. ) ;
ENDSEC;
END-ISO-10303-21;
