ISO-10303-21;
HEADER;
FILE_DESCRIPTION (( 'STEP AP214' ),
    '1' );
FILE_NAME ('SIT1552AI-JE-DCC-32.768E.STEP',
    '2026-02-04T07:57:43',
    ( '' ),
    ( '' ),
    'SwSTEP 2.0',
    'SolidWorks 2023',
    '' );
FILE_SCHEMA (( 'AUTOMOTIVE_DESIGN' ));
ENDSEC;

DATA;
#1 = CARTESIAN_POINT ( 'NONE',  ( -0.2100000000000000200, -0.2300000000000000100, 0.02700000000000000663 ) ) ;
#2 = LINE ( 'NONE', #660, #327 ) ;
#3 = APPLICATION_PROTOCOL_DEFINITION ( 'draft international standard', 'automotive_design', 1998, #339 ) ;
#4 = SURFACE_STYLE_USAGE ( .BOTH. , #193 ) ;
#5 = ORIENTED_EDGE ( 'NONE', *, *, #1016, .F. ) ;
#6 = CARTESIAN_POINT ( 'NONE',  ( 0.3624999999999999889, 0.5000000000000000000, 0.1575000000000000011 ) ) ;
#7 = FILL_AREA_STYLE ('',( #867 ) ) ;
#8 = DIRECTION ( 'NONE',  ( 0.000000000000000000, 0.000000000000000000, -1.000000000000000000 ) ) ;
#9 = STYLED_ITEM ( 'NONE', ( #1254 ), #611 ) ;
#10 = EDGE_CURVE ( 'NONE', #658, #918, #350, .T. ) ;
#11 = SURFACE_STYLE_FILL_AREA ( #1663 ) ;
#12 = COLOUR_RGB ( '',0.8313725490196077761, 0.8313725490196077761, 0.8313725490196077761 ) ;
#13 = AXIS2_PLACEMENT_3D ( 'NONE', #208, #1683, #1703 ) ;
#14 = STYLED_ITEM ( 'NONE', ( #446 ), #1390 ) ;
#15 = CARTESIAN_POINT ( 'NONE',  ( 0.4115470053837925746, -0.7615470053837923858, 0.5915470053837926789 ) ) ;
#16 = CARTESIAN_POINT ( 'NONE',  ( -0.4048189779096634799, 0.7833868263297211199, 0.5616317454963928313 ) ) ;
#17 = COLOUR_RGB ( '',0.2862745098039215508, 0.2862745098039215508, 0.2862745098039215508 ) ;
#18 = FACE_OUTER_BOUND ( 'NONE', #707, .T. ) ;
#19 = COLOUR_RGB ( '',0.8313725490196077761, 0.8313725490196077761, 0.8313725490196077761 ) ;
#20 = EDGE_LOOP ( 'NONE', ( #666, #913, #1088, #1786 ) ) ;
#21 =( NAMED_UNIT ( * ) PLANE_ANGLE_UNIT ( ) SI_UNIT ( $, .RADIAN. ) );
#22 = LINE ( 'NONE', #684, #436 ) ;
#23 = CARTESIAN_POINT ( 'NONE',  ( 0.04749999999999999362, 0.5000000000000000000, 0.1575000000000000011 ) ) ;
#24 = PRODUCT_DEFINITION_FORMATION_WITH_SPECIFIED_SOURCE ( 'ANY', '', #1055, .NOT_KNOWN. ) ;
#25 = DIRECTION ( 'NONE',  ( -0.000000000000000000, 1.000000000000000000, 0.000000000000000000 ) ) ;
#26 = ORIENTED_EDGE ( 'NONE', *, *, #1935, .F. ) ;
#27 =( NAMED_UNIT ( * ) PLANE_ANGLE_UNIT ( ) SI_UNIT ( $, .RADIAN. ) );
#28 = ADVANCED_FACE ( 'NONE', ( #1457 ), #1647, .T. ) ;
#29 = CARTESIAN_POINT ( 'NONE',  ( 0.4182061327852280019, -0.7566125165785925200, 0.5750189003719570202 ) ) ;
#30 = VERTEX_POINT ( 'NONE', #2002 ) ;
#31 = DIRECTION ( 'NONE',  ( 1.000000000000000000, -0.000000000000000000, -0.000000000000000000 ) ) ;
#32 =( LENGTH_UNIT ( ) NAMED_UNIT ( * ) SI_UNIT ( .MILLI., .METRE. ) );
#33 = DIRECTION ( 'NONE',  ( -0.000000000000000000, -0.000000000000000000, 1.000000000000000000 ) ) ;
#34 = EDGE_CURVE ( 'NONE', #1353, #650, #1154, .T. ) ;
#35 = CARTESIAN_POINT ( 'NONE',  ( -0.4186619601788932887, 0.7597678529894932309, 0.5808737458000930998 ) ) ;
#36 = EDGE_LOOP ( 'NONE', ( #2134, #699, #340, #1916, #1302 ) ) ;
#37 = SURFACE_STYLE_FILL_AREA ( #692 ) ;
#38 = CARTESIAN_POINT ( 'NONE',  ( 0.3624999999999999889, 0.5000000000000000000, 0.1575000000000000011 ) ) ;
#39 = PRESENTATION_LAYER_ASSIGNMENT (  '', '', ( #2095 ) ) ;
#40 = AXIS2_PLACEMENT_3D ( 'NONE', #1561, #2080, #1771 ) ;
#41 = CARTESIAN_POINT ( 'NONE',  ( 0.4083919298188905533, 0.7803079137094997009, 0.5706037154400901423 ) ) ;
#42 = CARTESIAN_POINT ( 'NONE',  ( -0.4315932876607924129, -0.7298382068274636980, 0.5884060552475214312 ) ) ;
#43 = CIRCLE ( 'NONE', #825, 0.1575000000000000011 ) ;
#44 = CIRCLE ( 'NONE', #126, 0.01999999999999999695 ) ;
#45 = FILL_AREA_STYLE_COLOUR ( '', #90 ) ;
#46 = CARTESIAN_POINT ( 'NONE',  ( 0.4000000000000000222, 0.7589442719099991352, 0.5978885438199983415 ) ) ;
#47 = ORIENTED_EDGE ( 'NONE', *, *, #1286, .F. ) ;
#48 = CARTESIAN_POINT ( 'NONE',  ( 0.3624999999999999889, 0.1850000000000000810, 0.1575000000000000844 ) ) ;
#49 = CARTESIAN_POINT ( 'NONE',  ( -0.4178885438199983482, 0.7589442719099991352, 0.5799999999999999600 ) ) ;
#50 =( GEOMETRIC_REPRESENTATION_CONTEXT ( 3 ) GLOBAL_UNCERTAINTY_ASSIGNED_CONTEXT ( ( #1653 ) ) GLOBAL_UNIT_ASSIGNED_CONTEXT ( ( #961, #1441, #2102 ) ) REPRESENTATION_CONTEXT ( 'NONE', 'WORKASPACE' ) );
#51 = CARTESIAN_POINT ( 'NONE',  ( 0.04749999999999998668, 0.5000000000000000000, 0.1575000000000000011 ) ) ;
#52 = VECTOR ( 'NONE', #909, 1000.000000000000000 ) ;
#53 = DIRECTION ( 'NONE',  ( 0.000000000000000000, -1.000000000000000000, -0.000000000000000000 ) ) ;
#54 = VERTEX_POINT ( 'NONE', #1837 ) ;
#55 = CARTESIAN_POINT ( 'NONE',  ( 0.3950189003719571934, 0.7566125165785926310, 0.5982061327852281618 ) ) ;
#56 = UNCERTAINTY_MEASURE_WITH_UNIT (LENGTH_MEASURE( 1.000000000000000082E-05 ), #2072, 'distance_accuracy_value', 'NONE');
#57 = DIRECTION ( 'NONE',  ( 1.000000000000000000, 0.000000000000000000, 0.000000000000000000 ) ) ;
#58 = ORIENTED_EDGE ( 'NONE', *, *, #1323, .T. ) ;
#59 =( BOUNDED_SURFACE ( )  B_SPLINE_SURFACE ( 3, 3, ( 
 ( #1409, #15, #1992, #636 ),
 ( #1137, #486, #740, #75 ),
 ( #771, #915, #593, #1934 ),
 ( #416, #1277, #764, #1403 ) ),
 .UNSPECIFIED., .F., .F., .T. ) 
 B_SPLINE_SURFACE_WITH_KNOTS ( ( 4, 4 ),
 ( 4, 4 ),
 ( 0.000000000000000000, 1.000000000000000000 ),
 ( 0.000000000000000000, 1.000000000000000000 ),
 .UNSPECIFIED. ) 
 GEOMETRIC_REPRESENTATION_ITEM ( )  RATIONAL_B_SPLINE_SURFACE ( (
 ( 1.000000000000000000, 0.3333333333333305393, 0.3333333333333305393, 1.000000000000000000),
 ( 0.9245018060306373631, 0.3081672686768765490, 0.3081672686768765490, 0.9245018060306373631),
 ( 0.9245018060306373631, 0.3081672686768765490, 0.3081672686768765490, 0.9245018060306373631),
 ( 1.000000000000000000, 0.3333333333333305393, 0.3333333333333305393, 1.000000000000000000) ) ) 
 REPRESENTATION_ITEM ( '' )  SURFACE ( )  );
#60 = SURFACE_STYLE_FILL_AREA ( #1889 ) ;
#61 = EDGE_CURVE ( 'NONE', #30, #2089, #1666, .T. ) ;
#62 = CARTESIAN_POINT ( 'NONE',  ( -0.2300000000000000100, 0.2100000000000000200, 0.2200000000000000011 ) ) ;
#63 = CARTESIAN_POINT ( 'NONE',  ( -0.2300000000000000100, 0.000000000000000000, 0.2200000000000000011 ) ) ;
#64 = FILL_AREA_STYLE_COLOUR ( '', #1532 ) ;
#65 = DIRECTION ( 'NONE',  ( -0.000000000000000000, 1.000000000000000000, 0.000000000000000000 ) ) ;
#66 = CARTESIAN_POINT ( 'NONE',  ( -0.3624999999999999334, 0.8149999999999999467, 0.1575000000000000289 ) ) ;
#67 = CYLINDRICAL_SURFACE ( 'NONE', #362, 0.02000000000000005246 ) ;
#68 =( LENGTH_UNIT ( ) NAMED_UNIT ( * ) SI_UNIT ( .MILLI., .METRE. ) );
#69 =( LENGTH_UNIT ( ) NAMED_UNIT ( * ) SI_UNIT ( .MILLI., .METRE. ) );
#70 = ORIENTED_EDGE ( 'NONE', *, *, #1629, .T. ) ;
#71 = CARTESIAN_POINT ( 'NONE',  ( -0.04749999999999999362, 0.5000000000000000000, 0.1575000000000000011 ) ) ;
#72 = EDGE_LOOP ( 'NONE', ( #836, #1618, #953, #263 ) ) ;
#73 = CARTESIAN_POINT ( 'NONE',  ( -0.4200000000000000400, 0.3850000000000000089, 0.5799999999999999600 ) ) ;
#74 = SURFACE_STYLE_FILL_AREA ( #922 ) ;
#75 = CARTESIAN_POINT ( 'NONE',  ( 0.4162609814903365790, -0.7615470053837924969, 0.5868330292772481194 ) ) ;
#76 = DIRECTION ( 'NONE',  ( 1.000000000000000000, 0.000000000000000000, 0.000000000000000000 ) ) ;
#77 = UNCERTAINTY_MEASURE_WITH_UNIT (LENGTH_MEASURE( 1.000000000000000082E-05 ), #1478, 'distance_accuracy_value', 'NONE');
#78 = STYLED_ITEM ( 'NONE', ( #1937 ), #548 ) ;
#79 = PRESENTATION_STYLE_ASSIGNMENT (( #897 ) ) ;
#80 = VECTOR ( 'NONE', #757, 1000.000000000000000 ) ;
#81 = MECHANICAL_DESIGN_GEOMETRIC_PRESENTATION_REPRESENTATION (  '', ( #572 ), #672 ) ;
#82 = ORIENTED_EDGE ( 'NONE', *, *, #1604, .F. ) ;
#83 = PRESENTATION_LAYER_ASSIGNMENT (  '', '', ( #1028 ) ) ;
#84 = SURFACE_SIDE_STYLE ('',( #919 ) ) ;
#85 = SURFACE_SIDE_STYLE ('',( #60 ) ) ;
#86 = EDGE_LOOP ( 'NONE', ( #82, #719, #1550, #481, #1539 ) ) ;
#87 = AXIS2_PLACEMENT_3D ( 'NONE', #1224, #1114, #1107 ) ;
#88 = COLOUR_RGB ( '',0.8313725490196077761, 0.8313725490196077761, 0.8313725490196077761 ) ;
#89 = CARTESIAN_POINT ( 'NONE',  ( 0.4000000000000000222, 0.7500000000000000000, 0.2200000000000000011 ) ) ;
#90 = COLOUR_RGB ( '',0.2862745098039215508, 0.2862745098039215508, 0.2862745098039215508 ) ;
#91 = CARTESIAN_POINT ( 'NONE',  ( 0.000000000000000000, 0.000000000000000000, 0.02699999999999999969 ) ) ;
#92 = UNCERTAINTY_MEASURE_WITH_UNIT (LENGTH_MEASURE( 1.000000000000000082E-05 ), #384, 'distance_accuracy_value', 'NONE');
#93 = ADVANCED_FACE ( 'NONE', ( #1659 ), #594, .T. ) ;
#94 = CARTESIAN_POINT ( 'NONE',  ( -0.3624999999999999334, 0.1850000000000000810, 0.1575000000000000844 ) ) ;
#95 = FILL_AREA_STYLE_COLOUR ( '', #967 ) ;
#96 = CARTESIAN_POINT ( 'NONE',  ( -0.4000000000000000222, -0.7500000000000000000, 0.6000000000000000888 ) ) ;
#97 = ORIENTED_EDGE ( 'NONE', *, *, #718, .F. ) ;
#98 = FACE_OUTER_BOUND ( 'NONE', #1242, .T. ) ;
#99 = VERTEX_POINT ( 'NONE', #1864 ) ;
#100 =( BOUNDED_SURFACE ( )  B_SPLINE_SURFACE ( 3, 3, ( 
 ( #1822, #301, #1012, #331 ),
 ( #809, #1327, #161, #1656 ),
 ( #1296, #172, #1461, #2117 ),
 ( #1664, #661, #474, #1977 ) ),
 .UNSPECIFIED., .F., .F., .T. ) 
 B_SPLINE_SURFACE_WITH_KNOTS ( ( 4, 4 ),
 ( 4, 4 ),
 ( 0.000000000000000000, 1.000000000000000000 ),
 ( 0.000000000000000000, 1.000000000000000000 ),
 .UNSPECIFIED. ) 
 GEOMETRIC_REPRESENTATION_ITEM ( )  RATIONAL_B_SPLINE_SURFACE ( (
 ( 1.000000000000000000, 0.3333333333333334259, 0.3333333333333334259, 1.000000000000000000),
 ( 0.3333333333333333703, 0.1111111111111111605, 0.1111111111111111605, 0.3333333333333333703),
 ( 0.3333333333333333703, 0.1111111111111111605, 0.1111111111111111605, 0.3333333333333333703),
 ( 1.000000000000000000, 0.3333333333333334259, 0.3333333333333334259, 1.000000000000000000) ) ) 
 REPRESENTATION_ITEM ( '' )  SURFACE ( )  );
#101 = FACE_OUTER_BOUND ( 'NONE', #227, .T. ) ;
#102 = FILL_AREA_STYLE_COLOUR ( '', #325 ) ;
#103 =( LENGTH_UNIT ( ) NAMED_UNIT ( * ) SI_UNIT ( .MILLI., .METRE. ) );
#104 = FILL_AREA_STYLE_COLOUR ( '', #1751 ) ;
#105 = SURFACE_STYLE_USAGE ( .BOTH. , #1423 ) ;
#106 = UNCERTAINTY_MEASURE_WITH_UNIT (LENGTH_MEASURE( 1.000000000000000082E-05 ), #1970, 'distance_accuracy_value', 'NONE');
#107 = ADVANCED_FACE ( 'NONE', ( #1343 ), #1699, .T. ) ;
#108 =( NAMED_UNIT ( * ) SI_UNIT ( $, .STERADIAN. ) SOLID_ANGLE_UNIT ( ) );
#109 = VERTEX_POINT ( 'NONE', #597 ) ;
#110 = ADVANCED_FACE ( 'NONE', ( #741 ), #215, .T. ) ;
#111 = FILL_AREA_STYLE ('',( #1908 ) ) ;
#112 = FILL_AREA_STYLE_COLOUR ( '', #17 ) ;
#113 = UNCERTAINTY_MEASURE_WITH_UNIT (LENGTH_MEASURE( 1.000000000000000082E-05 ), #1560, 'distance_accuracy_value', 'NONE');
#114 = VERTEX_POINT ( 'NONE', #2028 ) ;
#115 = DIRECTION ( 'NONE',  ( 0.000000000000000000, 0.000000000000000000, -1.000000000000000000 ) ) ;
#116 = CARTESIAN_POINT ( 'NONE',  ( 0.04749999999999998668, -0.5000000000000000000, 0.1575000000000000011 ) ) ;
#117 = FILL_AREA_STYLE ('',( #64 ) ) ;
#118 = FILL_AREA_STYLE ('',( #104 ) ) ;
#119 = CARTESIAN_POINT ( 'NONE',  ( 0.04750000000000004913, -0.8150000000000001688, 0.7874999999999997558 ) ) ;
#120 = SURFACE_STYLE_USAGE ( .BOTH. , #1287 ) ;
#121 = DIRECTION ( 'NONE',  ( -0.000000000000000000, -1.000000000000000000, 0.000000000000000000 ) ) ;
#122 = ORIENTED_EDGE ( 'NONE', *, *, #1835, .F. ) ;
#123 = AXIS2_PLACEMENT_3D ( 'NONE', #502, #1832, #754 ) ;
#124 = ORIENTED_EDGE ( 'NONE', *, *, #941, .F. ) ;
#125 = STYLED_ITEM ( 'NONE', ( #1320 ), #107 ) ;
#126 = AXIS2_PLACEMENT_3D ( 'NONE', #2096, #1276, #453 ) ;
#127 = CARTESIAN_POINT ( 'NONE',  ( 0.4115470053837925191, -0.7615470053837928299, 0.5915470053837923459 ) ) ;
#128 = AXIS2_PLACEMENT_3D ( 'NONE', #1717, #845, #1335 ) ;
#129 = CARTESIAN_POINT ( 'NONE',  ( 0.04749999999999999362, -0.5000000000000000000, 0.1575000000000000011 ) ) ;
#130 = COLOUR_RGB ( '',0.2862745098039215508, 0.2862745098039215508, 0.2862745098039215508 ) ;
#131 = UNCERTAINTY_MEASURE_WITH_UNIT (LENGTH_MEASURE( 1.000000000000000082E-05 ), #916, 'distance_accuracy_value', 'NONE');
#132 = DIRECTION ( 'NONE',  ( 0.000000000000000000, -1.000000000000000000, -0.000000000000000000 ) ) ;
#133 = MECHANICAL_DESIGN_GEOMETRIC_PRESENTATION_REPRESENTATION (  '', ( #1651 ), #972 ) ;
#134 = CARTESIAN_POINT ( 'NONE',  ( -0.4162609814903367456, 0.7615470053837926079, 0.5868330292772483414 ) ) ;
#135 =( NAMED_UNIT ( * ) PLANE_ANGLE_UNIT ( ) SI_UNIT ( $, .RADIAN. ) );
#136 = VECTOR ( 'NONE', #728, 1000.000000000000000 ) ;
#137 = VERTEX_POINT ( 'NONE', #551 ) ;
#138 = DIRECTION ( 'NONE',  ( -0.000000000000000000, -0.000000000000000000, 1.000000000000000000 ) ) ;
#139 = UNCERTAINTY_MEASURE_WITH_UNIT (LENGTH_MEASURE( 1.000000000000000082E-05 ), #1272, 'distance_accuracy_value', 'NONE');
#140 = ORIENTED_EDGE ( 'NONE', *, *, #2004, .T. ) ;
#141 = ADVANCED_FACE ( 'NONE', ( #304 ), #288, .T. ) ;
#142 = SURFACE_STYLE_USAGE ( .BOTH. , #1486 ) ;
#143 = DIRECTION ( 'NONE',  ( 1.000000000000000000, 0.000000000000000000, 0.000000000000000000 ) ) ;
#144 = ORIENTED_EDGE ( 'NONE', *, *, #202, .F. ) ;
#145 = VERTEX_POINT ( 'NONE', #619 ) ;
#146 = DIRECTION ( 'NONE',  ( 1.000000000000000000, 0.000000000000000000, 0.000000000000000000 ) ) ;
#147 = CARTESIAN_POINT ( 'NONE',  ( 0.4084060552475214378, 0.7298382068274638090, 0.6115932876607922397 ) ) ;
#148 = SURFACE_SIDE_STYLE ('',( #313 ) ) ;
#149 = EDGE_CURVE ( 'NONE', #114, #30, #1026, .T. ) ;
#150 = CARTESIAN_POINT ( 'NONE',  ( -0.4315932876607921909, 0.7298382068274639201, 0.5884060552475214312 ) ) ;
#151 = PRODUCT ( '1', '1', '', ( #1136 ) ) ;
#152 = ORIENTED_EDGE ( 'NONE', *, *, #847, .F. ) ;
#153 = UNCERTAINTY_MEASURE_WITH_UNIT (LENGTH_MEASURE( 1.000000000000000082E-05 ), #2029, 'distance_accuracy_value', 'NONE');
#154 = EDGE_LOOP ( 'NONE', ( #552, #805, #2115, #1017 ) ) ;
#155 = PRESENTATION_LAYER_ASSIGNMENT (  '', '', ( #888 ) ) ;
#156 = DIRECTION ( 'NONE',  ( 0.000000000000000000, -1.224646799147353207E-16, -1.000000000000000000 ) ) ;
#157 = CARTESIAN_POINT ( 'NONE',  ( 0.4200000000000000400, 0.7500000000000000000, 0.2200000000000000011 ) ) ;
#158 = AXIS2_PLACEMENT_3D ( 'NONE', #1086, #904, #1206 ) ;
#159 = CIRCLE ( 'NONE', #1756, 0.01999999999999998307 ) ;
#160 =( GEOMETRIC_REPRESENTATION_CONTEXT ( 3 ) GLOBAL_UNCERTAINTY_ASSIGNED_CONTEXT ( ( #1453 ) ) GLOBAL_UNIT_ASSIGNED_CONTEXT ( ( #69, #1886, #884 ) ) REPRESENTATION_CONTEXT ( 'NONE', 'WORKASPACE' ) );
#161 = CARTESIAN_POINT ( 'NONE',  ( -0.04749999999999999362, -0.1850000000000001921, -0.4724999999999999201 ) ) ;
#162 =( BOUNDED_SURFACE ( )  B_SPLINE_SURFACE ( 3, 3, ( 
 ( #724, #676, #1357, #1694 ),
 ( #879, #391, #1339, #550 ),
 ( #1705, #906, #517, #566 ),
 ( #602, #1221, #1075, #116 ) ),
 .UNSPECIFIED., .F., .F., .T. ) 
 B_SPLINE_SURFACE_WITH_KNOTS ( ( 4, 4 ),
 ( 4, 4 ),
 ( 0.000000000000000000, 1.000000000000000000 ),
 ( 0.000000000000000000, 1.000000000000000000 ),
 .UNSPECIFIED. ) 
 GEOMETRIC_REPRESENTATION_ITEM ( )  RATIONAL_B_SPLINE_SURFACE ( (
 ( 1.000000000000000000, 0.3333333333333334259, 0.3333333333333334259, 1.000000000000000000),
 ( 0.3333333333333333703, 0.1111111111111111605, 0.1111111111111111605, 0.3333333333333333703),
 ( 0.3333333333333333703, 0.1111111111111111605, 0.1111111111111111605, 0.3333333333333333703),
 ( 1.000000000000000000, 0.3333333333333334259, 0.3333333333333334259, 1.000000000000000000) ) ) 
 REPRESENTATION_ITEM ( '' )  SURFACE ( )  );
#163 = DIRECTION ( 'NONE',  ( 1.000000000000000000, 0.000000000000000000, 0.000000000000000000 ) ) ;
#164 = VECTOR ( 'NONE', #2045, 1000.000000000000000 ) ;
#165 = ORIENTED_EDGE ( 'NONE', *, *, #698, .F. ) ;
#166 = DIRECTION ( 'NONE',  ( 0.000000000000000000, 0.000000000000000000, 1.000000000000000000 ) ) ;
#167 = CIRCLE ( 'NONE', #2024, 0.02000000000000004552 ) ;
#168 = CARTESIAN_POINT ( 'NONE',  ( -0.4162609814903367456, -0.7615470053837926079, 0.5868330292772483414 ) ) ;
#169 = VERTEX_POINT ( 'NONE', #974 ) ;
#170 =( GEOMETRIC_REPRESENTATION_CONTEXT ( 3 ) GLOBAL_UNCERTAINTY_ASSIGNED_CONTEXT ( ( #430 ) ) GLOBAL_UNIT_ASSIGNED_CONTEXT ( ( #818, #1824, #1633 ) ) REPRESENTATION_CONTEXT ( 'NONE', 'WORKASPACE' ) );
#171 = DIRECTION ( 'NONE',  ( 1.000000000000000000, 0.000000000000000000, 0.000000000000000000 ) ) ;
#172 = CARTESIAN_POINT ( 'NONE',  ( -0.3624999999999999334, -0.8150000000000001688, -0.4724999999999997535 ) ) ;
#173 =( LENGTH_UNIT ( ) NAMED_UNIT ( * ) SI_UNIT ( .MILLI., .METRE. ) );
#174 = EDGE_CURVE ( 'NONE', #1681, #546, #627, .T. ) ;
#175 = ORIENTED_EDGE ( 'NONE', *, *, #1607, .F. ) ;
#176 = PRESENTATION_STYLE_ASSIGNMENT (( #341 ) ) ;
#177 = LINE ( 'NONE', #2109, #965 ) ;
#178 = FACE_OUTER_BOUND ( 'NONE', #1444, .T. ) ;
#179 = FILL_AREA_STYLE ('',( #506 ) ) ;
#180 = CARTESIAN_POINT ( 'NONE',  ( -0.4182061327852279464, -0.7566125165785924089, 0.5750189003719570202 ) ) ;
#181 = ORIENTED_EDGE ( 'NONE', *, *, #1742, .F. ) ;
#182 = DIRECTION ( 'NONE',  ( 0.000000000000000000, 0.000000000000000000, 1.000000000000000000 ) ) ;
#183 = PLANE ( 'NONE',  #13 ) ;
#184 = PRESENTATION_LAYER_ASSIGNMENT (  '', '', ( #1123 ) ) ;
#185 = DIRECTION ( 'NONE',  ( -1.000000000000000000, -0.000000000000000000, 0.000000000000000000 ) ) ;
#186 =( GEOMETRIC_REPRESENTATION_CONTEXT ( 3 ) GLOBAL_UNCERTAINTY_ASSIGNED_CONTEXT ( ( #303 ) ) GLOBAL_UNIT_ASSIGNED_CONTEXT ( ( #500, #21, #1346 ) ) REPRESENTATION_CONTEXT ( 'NONE', 'WORKASPACE' ) );
#187 = EDGE_CURVE ( 'NONE', #1465, #1024, #1936, .T. ) ;
#188 = CARTESIAN_POINT ( 'NONE',  ( -0.4000000000000000222, -0.7500000000000001110, 0.5799999999999999600 ) ) ;
#189 = STYLED_ITEM ( 'NONE', ( #1448 ), #1089 ) ;
#190 = VECTOR ( 'NONE', #132, 1000.000000000000000 ) ;
#191 = DIRECTION ( 'NONE',  ( 0.000000000000000000, 0.000000000000000000, 1.000000000000000000 ) ) ;
#192 = AXIS2_PLACEMENT_3D ( 'NONE', #1605, #1636, #1649 ) ;
#193 = SURFACE_SIDE_STYLE ('',( #2014 ) ) ;
#194 = CARTESIAN_POINT ( 'NONE',  ( -0.4186619601788935108, -0.7597678529894933419, 0.5808737458000932108 ) ) ;
#195 = ORIENTED_EDGE ( 'NONE', *, *, #723, .F. ) ;
#196 = AXIS2_PLACEMENT_3D ( 'NONE', #1379, #33, #1873 ) ;
#197 = CARTESIAN_POINT ( 'NONE',  ( 0.3624999999999999889, 0.1850000000000001366, 0.7874999999999998668 ) ) ;
#198 = LINE ( 'NONE', #1510, #639 ) ;
#199 = EDGE_CURVE ( 'NONE', #1119, #498, #1298, .T. ) ;
#200 = FILL_AREA_STYLE ('',( #1861 ) ) ;
#201 = FILL_AREA_STYLE ('',( #705 ) ) ;
#202 = EDGE_CURVE ( 'NONE', #885, #2061, #1572, .T. ) ;
#203 = CARTESIAN_POINT ( 'NONE',  ( 0.4048189779096637575, 0.7833868263297215639, 0.5616317454963926092 ) ) ;
#204 = PRODUCT_DEFINITION ( 'UNKNOWN', '', #1479, #1989 ) ;
#205 = CARTESIAN_POINT ( 'NONE',  ( 0.4000000000000000777, -0.7589442719099991352, 0.5978885438199983415 ) ) ;
#206 = ORIENTED_EDGE ( 'NONE', *, *, #1925, .T. ) ;
#207 = PRESENTATION_STYLE_ASSIGNMENT (( #1159 ) ) ;
#208 = CARTESIAN_POINT ( 'NONE',  ( -0.4200000000000000400, -0.7700000000000000178, 0.2200000000000000011 ) ) ;
#209 =( NAMED_UNIT ( * ) PLANE_ANGLE_UNIT ( ) SI_UNIT ( $, .RADIAN. ) );
#210 = DIRECTION ( 'NONE',  ( -0.000000000000000000, -0.000000000000000000, 1.000000000000000000 ) ) ;
#211 = CARTESIAN_POINT ( 'NONE',  ( 0.4000000000000000222, 0.7700000000000000178, 0.5799999999999999600 ) ) ;
#212 = DIRECTION ( 'NONE',  ( 0.000000000000000000, -0.000000000000000000, -1.000000000000000000 ) ) ;
#213 = CARTESIAN_POINT ( 'NONE',  ( 0.2100000000000000200, 0.2100000000000000200, 0.02700000000000000663 ) ) ;
#214 = VERTEX_POINT ( 'NONE', #1268 ) ;
#215 =( BOUNDED_SURFACE ( )  B_SPLINE_SURFACE ( 3, 3, ( 
 ( #1727, #1736, #244, #1897 ),
 ( #765, #908, #1252, #2076 ),
 ( #429, #1096, #1543, #1763 ),
 ( #272, #939, #42, #713 ) ),
 .UNSPECIFIED., .F., .F., .T. ) 
 B_SPLINE_SURFACE_WITH_KNOTS ( ( 4, 4 ),
 ( 4, 4 ),
 ( 0.000000000000000000, 1.000000000000000000 ),
 ( 0.000000000000000000, 1.000000000000000000 ),
 .UNSPECIFIED. ) 
 GEOMETRIC_REPRESENTATION_ITEM ( )  RATIONAL_B_SPLINE_SURFACE ( (
 ( 1.000000000000000000, 0.3333333333333334259, 0.3333333333333334259, 1.000000000000000000),
 ( 0.9245018060306373631, 0.3081672686768792135, 0.3081672686768792135, 0.9245018060306373631),
 ( 0.9245018060306373631, 0.3081672686768792135, 0.3081672686768792135, 0.9245018060306373631),
 ( 1.000000000000000000, 0.3333333333333334259, 0.3333333333333334259, 1.000000000000000000) ) ) 
 REPRESENTATION_ITEM ( '' )  SURFACE ( )  );
#216 = SURFACE_SIDE_STYLE ('',( #1869 ) ) ;
#217 = VECTOR ( 'NONE', #1011, 1000.000000000000000 ) ;
#218 = FILL_AREA_STYLE_COLOUR ( '', #1499 ) ;
#219 = UNCERTAINTY_MEASURE_WITH_UNIT (LENGTH_MEASURE( 1.000000000000000082E-05 ), #1850, 'distance_accuracy_value', 'NONE');
#220 = CIRCLE ( 'NONE', #1297, 0.02000000000000004552 ) ;
#221 = COLOUR_RGB ( '',0.9607843137254902244, 0.9607843137254902244, 0.9607843137254902244 ) ;
#222 = CARTESIAN_POINT ( 'NONE',  ( -0.3624999999999999889, 0.5000000000000000000, 0.1575000000000000011 ) ) ;
#223 = FILL_AREA_STYLE_COLOUR ( '', #2097 ) ;
#224 = ADVANCED_FACE ( 'NONE', ( #1927 ), #442, .T. ) ;
#225 = VECTOR ( 'NONE', #1498, 1000.000000000000000 ) ;
#226 =( LENGTH_UNIT ( ) NAMED_UNIT ( * ) SI_UNIT ( .MILLI., .METRE. ) );
#227 = EDGE_LOOP ( 'NONE', ( #1358, #175, #1650, #1198, #1158, #2069, #315, #450 ) ) ;
#228 =( GEOMETRIC_REPRESENTATION_CONTEXT ( 3 ) GLOBAL_UNCERTAINTY_ASSIGNED_CONTEXT ( ( #243 ) ) GLOBAL_UNIT_ASSIGNED_CONTEXT ( ( #585, #454, #1589 ) ) REPRESENTATION_CONTEXT ( 'NONE', 'WORKASPACE' ) );
#229 = CARTESIAN_POINT ( 'NONE',  ( 0.04750000000000002831, 0.8149999999999999467, 0.1574999999999999456 ) ) ;
#230 =( NAMED_UNIT ( * ) SI_UNIT ( $, .STERADIAN. ) SOLID_ANGLE_UNIT ( ) );
#231 = SURFACE_STYLE_USAGE ( .BOTH. , #1598 ) ;
#232 = CARTESIAN_POINT ( 'NONE',  ( -0.2300000000000000100, -0.2100000000000000200, 0.2200000000000000011 ) ) ;
#233 = UNCERTAINTY_MEASURE_WITH_UNIT (LENGTH_MEASURE( 1.000000000000000082E-05 ), #1045, 'distance_accuracy_value', 'NONE');
#234 = CARTESIAN_POINT ( 'NONE',  ( -0.04749999999999999362, 0.5000000000000000000, 0.1575000000000000011 ) ) ;
#235 =( NAMED_UNIT ( * ) PLANE_ANGLE_UNIT ( ) SI_UNIT ( $, .RADIAN. ) );
#236 = SURFACE_SIDE_STYLE ('',( #561 ) ) ;
#237 = ORIENTED_EDGE ( 'NONE', *, *, #1004, .F. ) ;
#238 = ORIENTED_EDGE ( 'NONE', *, *, #1316, .T. ) ;
#239 = DIRECTION ( 'NONE',  ( -0.000000000000000000, 1.000000000000000000, 0.000000000000000000 ) ) ;
#240 = MANIFOLD_SOLID_BREP ( 'Imported4', #877 ) ;
#241 = CARTESIAN_POINT ( 'NONE',  ( -0.04749999999999999362, -0.1850000000000000810, 0.7874999999999997558 ) ) ;
#242 =( LENGTH_UNIT ( ) NAMED_UNIT ( * ) SI_UNIT ( .MILLI., .METRE. ) );
#243 = UNCERTAINTY_MEASURE_WITH_UNIT (LENGTH_MEASURE( 1.000000000000000082E-05 ), #585, 'distance_accuracy_value', 'NONE');
#244 = CARTESIAN_POINT ( 'NONE',  ( -0.4115470053837926856, -0.7615470053837924969, 0.5915470053837926789 ) ) ;
#245 = CARTESIAN_POINT ( 'NONE',  ( -0.4111437761600960639, 0.7392277922694873160, 0.6089319905388964616 ) ) ;
#246 = PRESENTATION_STYLE_ASSIGNMENT (( #1051 ) ) ;
#247 =( LENGTH_UNIT ( ) NAMED_UNIT ( * ) SI_UNIT ( .MILLI., .METRE. ) );
#248 = ORIENTED_EDGE ( 'NONE', *, *, #1710, .F. ) ;
#249 = CARTESIAN_POINT ( 'NONE',  ( -0.4000000000000000222, -0.7500000000000000000, 0.2200000000000000011 ) ) ;
#250 =( NAMED_UNIT ( * ) SI_UNIT ( $, .STERADIAN. ) SOLID_ANGLE_UNIT ( ) );
#251 = ADVANCED_FACE ( 'NONE', ( #279 ), #656, .T. ) ;
#252 = DIRECTION ( 'NONE',  ( 0.000000000000000000, -1.000000000000000000, 0.000000000000000000 ) ) ;
#253 = CARTESIAN_POINT ( 'NONE',  ( 0.3624999999999999889, -0.5000000000000000000, 0.1575000000000000011 ) ) ;
#254 = CARTESIAN_POINT ( 'NONE',  ( -0.04750000000000000056, 0.1850000000000000810, 0.1575000000000000844 ) ) ;
#255 = SURFACE_SIDE_STYLE ('',( #1406 ) ) ;
#256 =( GEOMETRIC_REPRESENTATION_CONTEXT ( 3 ) GLOBAL_UNCERTAINTY_ASSIGNED_CONTEXT ( ( #1111 ) ) GLOBAL_UNIT_ASSIGNED_CONTEXT ( ( #549, #2009, #1502 ) ) REPRESENTATION_CONTEXT ( 'NONE', 'WORKASPACE' ) );
#257 = STYLED_ITEM ( 'NONE', ( #582 ), #224 ) ;
#258 = DIRECTION ( 'NONE',  ( 0.4082482904638631838, 0.8164965809277260345, -0.4082482904638627952 ) ) ;
#259 = EDGE_LOOP ( 'NONE', ( #732, #1102, #290, #522, #1770, #1627 ) ) ;
#260 = VECTOR ( 'NONE', #1640, 1000.000000000000000 ) ;
#261 = CARTESIAN_POINT ( 'NONE',  ( -0.3624999999999999334, 0.8149999999999999467, 0.1574999999999999456 ) ) ;
#262 = PRESENTATION_LAYER_ASSIGNMENT (  '', '', ( #1189 ) ) ;
#263 = ORIENTED_EDGE ( 'NONE', *, *, #1991, .T. ) ;
#264 = COLOUR_RGB ( '',0.2862745098039215508, 0.2862745098039215508, 0.2862745098039215508 ) ;
#265 = CARTESIAN_POINT ( 'NONE',  ( 0.4000000000000000222, -0.7700000000000000178, 0.5799999999999999600 ) ) ;
#266 = SURFACE_STYLE_USAGE ( .BOTH. , #1082 ) ;
#267 = CARTESIAN_POINT ( 'NONE',  ( -0.3624999999999999334, -0.8149999999999999467, 0.1575000000000000289 ) ) ;
#268 = MECHANICAL_DESIGN_GEOMETRIC_PRESENTATION_REPRESENTATION (  '', ( #1764 ), #366 ) ;
#269 = EDGE_CURVE ( 'NONE', #284, #378, #1890, .T. ) ;
#270 =( NAMED_UNIT ( * ) PLANE_ANGLE_UNIT ( ) SI_UNIT ( $, .RADIAN. ) );
#271 = AXIS2_PLACEMENT_3D ( 'NONE', #509, #334, #1005 ) ;
#272 = CARTESIAN_POINT ( 'NONE',  ( -0.3950189003719570824, -0.7566125165785924089, 0.5982061327852280508 ) ) ;
#273 = PRESENTATION_STYLE_ASSIGNMENT (( #1905 ) ) ;
#274 = EDGE_LOOP ( 'NONE', ( #122, #1730 ) ) ;
#275 = CONTEXT_DEPENDENT_SHAPE_REPRESENTATION ( #789, #2139 ) ;
#276 = ORIENTED_EDGE ( 'NONE', *, *, #2078, .T. ) ;
#277 = SURFACE_STYLE_FILL_AREA ( #1772 ) ;
#278 = CARTESIAN_POINT ( 'NONE',  ( -0.4000000000000000777, 0.7500000000000000000, 0.6000000000000000888 ) ) ;
#279 = FACE_OUTER_BOUND ( 'NONE', #978, .T. ) ;
#280 = DIRECTION ( 'NONE',  ( -1.000000000000000000, 0.000000000000000000, 0.000000000000000000 ) ) ;
#281 = EDGE_CURVE ( 'NONE', #1085, #1255, #644, .T. ) ;
#282 = CYLINDRICAL_SURFACE ( 'NONE', #1396, 0.01999999999999999695 ) ;
#283 = VERTEX_POINT ( 'NONE', #798 ) ;
#284 = VERTEX_POINT ( 'NONE', #2110 ) ;
#285 =( NAMED_UNIT ( * ) PLANE_ANGLE_UNIT ( ) SI_UNIT ( $, .RADIAN. ) );
#286 = CARTESIAN_POINT ( 'NONE',  ( -0.3999999999999999667, 0.7700000000000000178, 0.2200000000000000011 ) ) ;
#287 = PRODUCT ( '2', '2', '', ( #1342 ) ) ;
#288 = CYLINDRICAL_SURFACE ( 'NONE', #1823, 0.01999999999999999695 ) ;
#289 = SURFACE_STYLE_FILL_AREA ( #1097 ) ;
#290 = ORIENTED_EDGE ( 'NONE', *, *, #354, .T. ) ;
#291 = ADVANCED_FACE ( 'NONE', ( #1306 ), #1609, .T. ) ;
#292 = STYLED_ITEM ( 'NONE', ( #1849 ), #924 ) ;
#293 = CIRCLE ( 'NONE', #539, 0.06000000000000015737 ) ;
#294 = EDGE_LOOP ( 'NONE', ( #1965, #760, #355, #1383 ) ) ;
#295 = AXIS2_PLACEMENT_3D ( 'NONE', #1796, #960, #1615 ) ;
#296 = STYLED_ITEM ( 'NONE', ( #1195 ), #1377 ) ;
#297 = FILL_AREA_STYLE ('',( #841 ) ) ;
#298 = SURFACE_STYLE_USAGE ( .BOTH. , #1622 ) ;
#299 = VECTOR ( 'NONE', #1954, 1000.000000000000000 ) ;
#300 =( LENGTH_UNIT ( ) NAMED_UNIT ( * ) SI_UNIT ( .MILLI., .METRE. ) );
#301 = CARTESIAN_POINT ( 'NONE',  ( -0.04749999999999999362, -0.5000000000000000000, 0.1575000000000000011 ) ) ;
#302 = AXIS2_PLACEMENT_3D ( 'NONE', #1641, #1623, #1001 ) ;
#303 = UNCERTAINTY_MEASURE_WITH_UNIT (LENGTH_MEASURE( 1.000000000000000082E-05 ), #500, 'distance_accuracy_value', 'NONE');
#304 = FACE_OUTER_BOUND ( 'NONE', #1477, .T. ) ;
#305 =( NAMED_UNIT ( * ) SI_UNIT ( $, .STERADIAN. ) SOLID_ANGLE_UNIT ( ) );
#306 =( GEOMETRIC_REPRESENTATION_CONTEXT ( 3 ) GLOBAL_UNCERTAINTY_ASSIGNED_CONTEXT ( ( #1462 ) ) GLOBAL_UNIT_ASSIGNED_CONTEXT ( ( #923, #1248, #305 ) ) REPRESENTATION_CONTEXT ( 'NONE', 'WORKASPACE' ) );
#307 = ORIENTED_EDGE ( 'NONE', *, *, #1127, .T. ) ;
#308 = ORIENTED_EDGE ( 'NONE', *, *, #1210, .T. ) ;
#309 = PRODUCT ( 'Pin1_Dot', 'Pin1_Dot', '', ( #1487 ) ) ;
#310 = PRESENTATION_STYLE_ASSIGNMENT (( #328 ) ) ;
#311 = CARTESIAN_POINT ( 'NONE',  ( 0.4186619601788935663, 0.7597678529894933419, 0.5808737458000933218 ) ) ;
#312 = SURFACE_SIDE_STYLE ('',( #11 ) ) ;
#313 = SURFACE_STYLE_FILL_AREA ( #179 ) ;
#314 = DIRECTION ( 'NONE',  ( 0.000000000000000000, 0.000000000000000000, 1.000000000000000000 ) ) ;
#315 = ORIENTED_EDGE ( 'NONE', *, *, #938, .F. ) ;
#316 = CLOSED_SHELL ( 'NONE', ( #110, #1860, #93, #1472, #1482, #1390, #635, #1349, #881, #1116, #1814, #611, #816, #1435, #1377, #251, #385, #1698, #842, #1326, #291, #614, #1089, #1069, #1946, #141, #1312, #548, #834, #1898, #1549 ) ) ;
#317 = ORIENTED_EDGE ( 'NONE', *, *, #938, .T. ) ;
#318 = FILL_AREA_STYLE_COLOUR ( '', #505 ) ;
#319 = EDGE_CURVE ( 'NONE', #2136, #30, #1064, .T. ) ;
#320 = LINE ( 'NONE', #1834, #437 ) ;
#321 = EDGE_CURVE ( 'NONE', #1255, #811, #44, .T. ) ;
#322 = SHAPE_REPRESENTATION ( 'SIT1552AI-JE-DCC-32.768E', ( #1931, #1193, #271, #1410 ), #170 ) ;
#323 = PRESENTATION_STYLE_ASSIGNMENT (( #1146 ) ) ;
#324 = CARTESIAN_POINT ( 'NONE',  ( -0.4000000000000000222, 0.7500000000000000000, 0.5799999999999999600 ) ) ;
#325 = COLOUR_RGB ( '',0.8313725490196077761, 0.8313725490196077761, 0.8313725490196077761 ) ;
#326 = ORIENTED_EDGE ( 'NONE', *, *, #319, .F. ) ;
#327 = VECTOR ( 'NONE', #1975, 1000.000000000000000 ) ;
#328 = SURFACE_STYLE_USAGE ( .BOTH. , #1801 ) ;
#329 =( GEOMETRIC_REPRESENTATION_CONTEXT ( 3 ) GLOBAL_UNCERTAINTY_ASSIGNED_CONTEXT ( ( #408 ) ) GLOBAL_UNIT_ASSIGNED_CONTEXT ( ( #1389, #1743, #1235 ) ) REPRESENTATION_CONTEXT ( 'NONE', 'WORKASPACE' ) );
#330 = CARTESIAN_POINT ( 'NONE',  ( 0.2300000000000000100, -0.2100000000000000200, 0.2200000000000000011 ) ) ;
#331 = CARTESIAN_POINT ( 'NONE',  ( -0.04749999999999998668, -0.5000000000000000000, 0.1575000000000000011 ) ) ;
#332 =( GEOMETRIC_REPRESENTATION_CONTEXT ( 3 ) GLOBAL_UNCERTAINTY_ASSIGNED_CONTEXT ( ( #139 ) ) GLOBAL_UNIT_ASSIGNED_CONTEXT ( ( #1272, #977, #1281 ) ) REPRESENTATION_CONTEXT ( 'NONE', 'WORKASPACE' ) );
#333 = MECHANICAL_DESIGN_GEOMETRIC_PRESENTATION_REPRESENTATION (  '', ( #1762 ), #898 ) ;
#334 = DIRECTION ( 'NONE',  ( 0.000000000000000000, 0.000000000000000000, 1.000000000000000000 ) ) ;
#335 = EDGE_CURVE ( 'NONE', #284, #1024, #1933, .T. ) ;
#336 = STYLED_ITEM ( 'NONE', ( #538 ), #1667 ) ;
#337 = CIRCLE ( 'NONE', #903, 0.01999999999999998307 ) ;
#338 = SURFACE_STYLE_FILL_AREA ( #297 ) ;
#339 = APPLICATION_CONTEXT ( 'automotive_design' ) ;
#340 = ORIENTED_EDGE ( 'NONE', *, *, #269, .T. ) ;
#341 = SURFACE_STYLE_USAGE ( .BOTH. , #216 ) ;
#342 = SURFACE_SIDE_STYLE ('',( #1811 ) ) ;
#343 = CARTESIAN_POINT ( 'NONE',  ( -0.2049999999999999878, 0.5000000000000000000, 0.1575000000000000011 ) ) ;
#344 = SHAPE_DEFINITION_REPRESENTATION ( #1602, #464 ) ;
#345 =( NAMED_UNIT ( * ) SI_UNIT ( $, .STERADIAN. ) SOLID_ANGLE_UNIT ( ) );
#346 = CARTESIAN_POINT ( 'NONE',  ( -0.4115470053837924080, -0.7615470053837929409, 0.5915470053837923459 ) ) ;
#347 = VERTEX_POINT ( 'NONE', #1325 ) ;
#348 = CARTESIAN_POINT ( 'NONE',  ( 0.04749999999999999362, 0.5000000000000000000, 0.1575000000000000011 ) ) ;
#349 = SURFACE_STYLE_FILL_AREA ( #201 ) ;
#350 = CIRCLE ( 'NONE', #1634, 0.06000000000000015737 ) ;
#351 = PRODUCT_DEFINITION_CONTEXT ( 'detailed design', #1175, 'design' ) ;
#352 = CARTESIAN_POINT ( 'NONE',  ( 0.000000000000000000, 0.000000000000000000, 0.5999999999999999778 ) ) ;
#353 = CARTESIAN_POINT ( 'NONE',  ( 0.4068330292772483481, -0.7615470053837926079, 0.5962609814903369054 ) ) ;
#354 = EDGE_CURVE ( 'NONE', #30, #650, #670, .T. ) ;
#355 = ORIENTED_EDGE ( 'NONE', *, *, #1041, .T. ) ;
#356 = SURFACE_STYLE_USAGE ( .BOTH. , #1848 ) ;
#357 = PRESENTATION_LAYER_ASSIGNMENT (  '', '', ( #1948 ) ) ;
#358 = CARTESIAN_POINT ( 'NONE',  ( 0.3624999999999999889, 0.1850000000000000533, -0.4724999999999997535 ) ) ;
#359 = PRESENTATION_LAYER_ASSIGNMENT (  '', '', ( #1092 ) ) ;
#360 = STYLED_ITEM ( 'NONE', ( #802 ), #141 ) ;
#361 = CARTESIAN_POINT ( 'NONE',  ( 0.2300000000000000100, 0.000000000000000000, 0.2200000000000000011 ) ) ;
#362 = AXIS2_PLACEMENT_3D ( 'NONE', #2054, #1202, #574 ) ;
#363 = CARTESIAN_POINT ( 'NONE',  ( -0.4115470053837923525, 0.7615470053837926079, 0.5915470053837924569 ) ) ;
#364 = AXIS2_PLACEMENT_3D ( 'NONE', #1784, #1239, #1776 ) ;
#365 = DIRECTION ( 'NONE',  ( 0.000000000000000000, 1.000000000000000000, 0.000000000000000000 ) ) ;
#366 =( GEOMETRIC_REPRESENTATION_CONTEXT ( 3 ) GLOBAL_UNCERTAINTY_ASSIGNED_CONTEXT ( ( #596 ) ) GLOBAL_UNIT_ASSIGNED_CONTEXT ( ( #32, #526, #230 ) ) REPRESENTATION_CONTEXT ( 'NONE', 'WORKASPACE' ) );
#367 = VERTEX_POINT ( 'NONE', #46 ) ;
#368 = CARTESIAN_POINT ( 'NONE',  ( 0.4000000000000000222, 0.7500000000000001110, 0.5799999999999999600 ) ) ;
#369 = SURFACE_STYLE_FILL_AREA ( #7 ) ;
#370 = PRODUCT_DEFINITION_FORMATION_WITH_SPECIFIED_SOURCE ( 'ANY', '', #309, .NOT_KNOWN. ) ;
#371 = SURFACE_SIDE_STYLE ('',( #1842 ) ) ;
#372 = CARTESIAN_POINT ( 'NONE',  ( 0.2300000000000000100, 0.2300000000000000100, 0.02700000000000000663 ) ) ;
#373 = APPLICATION_CONTEXT ( 'automotive_design' ) ;
#374 = SURFACE_STYLE_FILL_AREA ( #696 ) ;
#375 =( LENGTH_UNIT ( ) NAMED_UNIT ( * ) SI_UNIT ( .MILLI., .METRE. ) );
#376 = CARTESIAN_POINT ( 'NONE',  ( -0.9916260141688221230, -0.5001434826427200164, 0.000000000000000000 ) ) ;
#377 = SURFACE_STYLE_USAGE ( .BOTH. , #236 ) ;
#378 = VERTEX_POINT ( 'NONE', #1337 ) ;
#379 = CARTESIAN_POINT ( 'NONE',  ( 0.3624999999999999889, 0.8149999999999999467, 0.1575000000000000289 ) ) ;
#380 =( BOUNDED_SURFACE ( )  B_SPLINE_SURFACE ( 3, 3, ( 
 ( #253, #958, #2098, #2084 ),
 ( #605, #1903, #772, #1599 ),
 ( #444, #751, #119, #1083 ),
 ( #1238, #129, #1782, #801 ) ),
 .UNSPECIFIED., .F., .F., .T. ) 
 B_SPLINE_SURFACE_WITH_KNOTS ( ( 4, 4 ),
 ( 4, 4 ),
 ( 0.000000000000000000, 1.000000000000000000 ),
 ( 0.000000000000000000, 1.000000000000000000 ),
 .UNSPECIFIED. ) 
 GEOMETRIC_REPRESENTATION_ITEM ( )  RATIONAL_B_SPLINE_SURFACE ( (
 ( 1.000000000000000000, 0.3333333333333334259, 0.3333333333333334259, 1.000000000000000000),
 ( 0.3333333333333333703, 0.1111111111111111605, 0.1111111111111111605, 0.3333333333333333703),
 ( 0.3333333333333333703, 0.1111111111111111605, 0.1111111111111111605, 0.3333333333333333703),
 ( 1.000000000000000000, 0.3333333333333334259, 0.3333333333333334259, 1.000000000000000000) ) ) 
 REPRESENTATION_ITEM ( '' )  SURFACE ( )  );
#381 = OPEN_SHELL ( 'NONE', ( #28, #399 ) ) ;
#382 = CARTESIAN_POINT ( 'NONE',  ( -0.2100000000000000200, -0.2300000000000000100, 0.2200000000000000011 ) ) ;
#383 = EDGE_CURVE ( 'NONE', #283, #1100, #1430, .T. ) ;
#384 =( LENGTH_UNIT ( ) NAMED_UNIT ( * ) SI_UNIT ( .MILLI., .METRE. ) );
#385 = ADVANCED_FACE ( 'NONE', ( #178 ), #388, .T. ) ;
#386 = FILL_AREA_STYLE ('',( #1417 ) ) ;
#387 = FILL_AREA_STYLE ('',( #900 ) ) ;
#388 = PLANE ( 'NONE',  #1708 ) ;
#389 = EDGE_LOOP ( 'NONE', ( #1071, #1938, #1838, #1483, #1546 ) ) ;
#390 = SURFACE_STYLE_USAGE ( .BOTH. , #371 ) ;
#391 = CARTESIAN_POINT ( 'NONE',  ( 0.3624999999999999889, -0.8150000000000001688, -0.4724999999999997535 ) ) ;
#392 =( GEOMETRIC_REPRESENTATION_CONTEXT ( 3 ) GLOBAL_UNCERTAINTY_ASSIGNED_CONTEXT ( ( #606 ) ) GLOBAL_UNIT_ASSIGNED_CONTEXT ( ( #1249, #270, #1237 ) ) REPRESENTATION_CONTEXT ( 'NONE', 'WORKASPACE' ) );
#393 = PRODUCT_DEFINITION_SHAPE ( 'NONE', 'NONE',  #618 ) ;
#394 = CIRCLE ( 'NONE', #1328, 0.1574999999999999734 ) ;
#395 = PRESENTATION_STYLE_ASSIGNMENT (( #1211 ) ) ;
#396 = AXIS2_PLACEMENT_3D ( 'NONE', #249, #553, #731 ) ;
#397 =( NAMED_UNIT ( * ) PLANE_ANGLE_UNIT ( ) SI_UNIT ( $, .RADIAN. ) );
#398 = CIRCLE ( 'NONE', #1157, 0.01999999999999999695 ) ;
#399 = ADVANCED_FACE ( 'NONE', ( #729 ), #742, .T. ) ;
#400 = PRESENTATION_LAYER_ASSIGNMENT (  '', '', ( #1258 ) ) ;
#401 = ORIENTED_EDGE ( 'NONE', *, *, #1775, .T. ) ;
#402 =( NAMED_UNIT ( * ) PLANE_ANGLE_UNIT ( ) SI_UNIT ( $, .RADIAN. ) );
#403 = LINE ( 'NONE', #1101, #1223 ) ;
#404 = CIRCLE ( 'NONE', #87, 0.01999999999999998307 ) ;
#405 = DIRECTION ( 'NONE',  ( 1.000000000000000000, 0.000000000000000000, 0.000000000000000000 ) ) ;
#406 = DIRECTION ( 'NONE',  ( 0.000000000000000000, 0.000000000000000000, 1.000000000000000000 ) ) ;
#407 = DIRECTION ( 'NONE',  ( 1.000000000000000000, 0.000000000000000000, 0.000000000000000000 ) ) ;
#408 = UNCERTAINTY_MEASURE_WITH_UNIT (LENGTH_MEASURE( 1.000000000000000082E-05 ), #1389, 'distance_accuracy_value', 'NONE');
#409 = CARTESIAN_POINT ( 'NONE',  ( -0.04750000000000000056, 0.8149999999999999467, 0.1575000000000000289 ) ) ;
#410 = CARTESIAN_POINT ( 'NONE',  ( -0.4289319905388964682, 0.7392277922694869829, 0.5911437761600965013 ) ) ;
#411 = PRESENTATION_STYLE_ASSIGNMENT (( #377 ) ) ;
#412 = ORIENTED_EDGE ( 'NONE', *, *, #383, .F. ) ;
#413 =( NAMED_UNIT ( * ) PLANE_ANGLE_UNIT ( ) SI_UNIT ( $, .RADIAN. ) );
#414 = CARTESIAN_POINT ( 'NONE',  ( -0.04750000000000000056, 0.1850000000000000810, 0.1575000000000000289 ) ) ;
#415 = FILL_AREA_STYLE ('',( #592 ) ) ;
#416 = CARTESIAN_POINT ( 'NONE',  ( 0.3950189003719571379, -0.7566125165785925200, 0.5982061327852279398 ) ) ;
#417 = FACE_OUTER_BOUND ( 'NONE', #1489, .T. ) ;
#418 = UNCERTAINTY_MEASURE_WITH_UNIT (LENGTH_MEASURE( 1.000000000000000082E-05 ), #634, 'distance_accuracy_value', 'NONE');
#419 =( NAMED_UNIT ( * ) SI_UNIT ( $, .STERADIAN. ) SOLID_ANGLE_UNIT ( ) );
#420 = LINE ( 'NONE', #608, #499 ) ;
#421 = ORIENTED_EDGE ( 'NONE', *, *, #424, .F. ) ;
#422 = CARTESIAN_POINT ( 'NONE',  ( 0.4200000000000000400, 0.7500000000000000000, 0.5799999999999999600 ) ) ;
#423 = EDGE_CURVE ( 'NONE', #918, #658, #1188, .T. ) ;
#424 = EDGE_CURVE ( 'NONE', #1046, #137, #2, .T. ) ;
#425 = FILL_AREA_STYLE ('',( #1246 ) ) ;
#426 =( NAMED_UNIT ( * ) PLANE_ANGLE_UNIT ( ) SI_UNIT ( $, .RADIAN. ) );
#427 =( NAMED_UNIT ( * ) PLANE_ANGLE_UNIT ( ) SI_UNIT ( $, .RADIAN. ) );
#428 = MECHANICAL_DESIGN_GEOMETRIC_PRESENTATION_REPRESENTATION (  '', ( #888 ), #702 ) ;
#429 = CARTESIAN_POINT ( 'NONE',  ( -0.4008737458000931064, -0.7597678529894934529, 0.5986619601788933931 ) ) ;
#430 = UNCERTAINTY_MEASURE_WITH_UNIT (LENGTH_MEASURE( 1.000000000000000082E-05 ), #818, 'distance_accuracy_value', 'NONE');
#431 = COLOUR_RGB ( '',0.8313725490196077761, 0.8313725490196077761, 0.8313725490196077761 ) ;
#432 =( NAMED_UNIT ( * ) PLANE_ANGLE_UNIT ( ) SI_UNIT ( $, .RADIAN. ) );
#433 = ORIENTED_EDGE ( 'NONE', *, *, #819, .T. ) ;
#434 = AXIS2_PLACEMENT_3D ( 'NONE', #837, #1791, #1283 ) ;
#435 = LINE ( 'NONE', #1901, #928 ) ;
#436 = VECTOR ( 'NONE', #758, 1000.000000000000000 ) ;
#437 = VECTOR ( 'NONE', #1145, 1000.000000000000000 ) ;
#438 = CARTESIAN_POINT ( 'NONE',  ( 0.4000000000000000222, 0.7500000000000000000, 0.5799999999999999600 ) ) ;
#439 = CARTESIAN_POINT ( 'NONE',  ( -0.04750000000000000056, -0.1850000000000000810, 0.1575000000000000289 ) ) ;
#440 = COLOUR_RGB ( '',0.2862745098039215508, 0.2862745098039215508, 0.2862745098039215508 ) ;
#441 = PRESENTATION_STYLE_ASSIGNMENT (( #1924 ) ) ;
#442 =( BOUNDED_SURFACE ( )  B_SPLINE_SURFACE ( 3, 3, ( 
 ( #763, #2073, #1732, #1415 ),
 ( #439, #241, #1902, #914 ),
 ( #1247, #1722, #1563, #267 ),
 ( #2046, #947, #1260, #567 ) ),
 .UNSPECIFIED., .F., .F., .T. ) 
 B_SPLINE_SURFACE_WITH_KNOTS ( ( 4, 4 ),
 ( 4, 4 ),
 ( 0.000000000000000000, 1.000000000000000000 ),
 ( 0.000000000000000000, 1.000000000000000000 ),
 .UNSPECIFIED. ) 
 GEOMETRIC_REPRESENTATION_ITEM ( )  RATIONAL_B_SPLINE_SURFACE ( (
 ( 1.000000000000000000, 0.3333333333333334259, 0.3333333333333334259, 1.000000000000000000),
 ( 0.3333333333333333703, 0.1111111111111111605, 0.1111111111111111605, 0.3333333333333333703),
 ( 0.3333333333333333703, 0.1111111111111111605, 0.1111111111111111605, 0.3333333333333333703),
 ( 1.000000000000000000, 0.3333333333333334259, 0.3333333333333334259, 1.000000000000000000) ) ) 
 REPRESENTATION_ITEM ( '' )  SURFACE ( )  );
#443 = AXIS2_PLACEMENT_3D ( 'NONE', #188, #1518, #2025 ) ;
#444 = CARTESIAN_POINT ( 'NONE',  ( 0.04750000000000002831, -0.1850000000000000810, 0.1575000000000000289 ) ) ;
#445 = CARTESIAN_POINT ( 'NONE',  ( -0.9316260141688219587, -0.5001434826427200164, 0.003000000000000000062 ) ) ;
#446 = PRESENTATION_STYLE_ASSIGNMENT (( #951 ) ) ;
#447 = SURFACE_STYLE_FILL_AREA ( #2103 ) ;
#448 = ORIENTED_EDGE ( 'NONE', *, *, #1245, .F. ) ;
#449 = LINE ( 'NONE', #1244, #1128 ) ;
#450 = ORIENTED_EDGE ( 'NONE', *, *, #625, .F. ) ;
#451 = FILL_AREA_STYLE ('',( #1949 ) ) ;
#452 = FACE_OUTER_BOUND ( 'NONE', #458, .T. ) ;
#453 = DIRECTION ( 'NONE',  ( 1.000000000000000000, 0.000000000000000000, 0.000000000000000000 ) ) ;
#454 =( NAMED_UNIT ( * ) PLANE_ANGLE_UNIT ( ) SI_UNIT ( $, .RADIAN. ) );
#455 = EDGE_CURVE ( 'NONE', #1681, #214, #957, .T. ) ;
#456 = CARTESIAN_POINT ( 'NONE',  ( -0.4115470053837925191, 0.7615470053837923858, 0.5915470053837926789 ) ) ;
#457 =( NAMED_UNIT ( * ) SI_UNIT ( $, .STERADIAN. ) SOLID_ANGLE_UNIT ( ) );
#458 = EDGE_LOOP ( 'NONE', ( #826, #2019, #1816, #326 ) ) ;
#459 = FILL_AREA_STYLE ('',( #631 ) ) ;
#460 = VERTEX_POINT ( 'NONE', #1777 ) ;
#461 = CARTESIAN_POINT ( 'NONE',  ( -0.2049999999999999878, 0.5000000000000000000, 0.1575000000000000011 ) ) ;
#462 = CARTESIAN_POINT ( 'NONE',  ( -0.4115470053837925746, -0.7615470053837926079, 0.5915470053837923459 ) ) ;
#463 = PRESENTATION_STYLE_ASSIGNMENT (( #142 ) ) ;
#464 = SHAPE_REPRESENTATION ( 'Pin1_Dot', ( #1506 ), #306 ) ;
#465 = VERTEX_POINT ( 'NONE', #2088 ) ;
#466 = PRESENTATION_LAYER_ASSIGNMENT (  '', '', ( #2055 ) ) ;
#467 = MECHANICAL_DESIGN_GEOMETRIC_PRESENTATION_REPRESENTATION (  '', ( #1573 ), #962 ) ;
#468 = EDGE_LOOP ( 'NONE', ( #97, #1419 ) ) ;
#469 = SURFACE_SIDE_STYLE ('',( #641 ) ) ;
#470 = SURFACE_STYLE_FILL_AREA ( #642 ) ;
#471 = COLOUR_RGB ( '',0.2862745098039215508, 0.2862745098039215508, 0.2862745098039215508 ) ;
#472 = DIRECTION ( 'NONE',  ( 0.000000000000000000, 0.000000000000000000, 1.000000000000000000 ) ) ;
#473 = CIRCLE ( 'NONE', #1859, 0.02000000000000005246 ) ;
#474 = CARTESIAN_POINT ( 'NONE',  ( -0.3624999999999999889, -0.5000000000000000000, 0.1575000000000000011 ) ) ;
#475 = UNCERTAINTY_MEASURE_WITH_UNIT (LENGTH_MEASURE( 1.000000000000000082E-05 ), #1142, 'distance_accuracy_value', 'NONE');
#476 = APPLICATION_PROTOCOL_DEFINITION ( 'draft international standard', 'automotive_design', 1998, #1175 ) ;
#477 = CARTESIAN_POINT ( 'NONE',  ( -0.9316260141688219587, -0.5001434826427200164, 0.000000000000000000 ) ) ;
#478 = LINE ( 'NONE', #835, #829 ) ;
#479 = UNCERTAINTY_MEASURE_WITH_UNIT (LENGTH_MEASURE( 1.000000000000000082E-05 ), #1516, 'distance_accuracy_value', 'NONE');
#480 = EDGE_CURVE ( 'NONE', #99, #1681, #1434, .T. ) ;
#481 = ORIENTED_EDGE ( 'NONE', *, *, #1804, .F. ) ;
#482 = PRESENTATION_STYLE_ASSIGNMENT (( #813 ) ) ;
#483 = DIRECTION ( 'NONE',  ( 0.000000000000000000, 0.000000000000000000, -1.000000000000000000 ) ) ;
#484 = DIRECTION ( 'NONE',  ( 1.000000000000000000, 0.000000000000000000, 0.000000000000000000 ) ) ;
#485 = CARTESIAN_POINT ( 'NONE',  ( 0.4200000000000000400, -0.7700000000000000178, 0.2200000000000000011 ) ) ;
#486 = CARTESIAN_POINT ( 'NONE',  ( 0.4013897985291149384, -0.7724334668800594272, 0.5908177507422032182 ) ) ;
#487 = SURFACE_SIDE_STYLE ('',( #630 ) ) ;
#488 = ADVANCED_BREP_SHAPE_REPRESENTATION ( '', ( #944, #1446 ), #863 ) ;
#489 = EDGE_LOOP ( 'NONE', ( #2140, #1053 ) ) ;
#490 = EDGE_CURVE ( 'NONE', #745, #114, #747, .T. ) ;
#491 = CARTESIAN_POINT ( 'NONE',  ( 0.4068330292772484036, 0.7615470053837924969, 0.5962609814903366834 ) ) ;
#492 =( NAMED_UNIT ( * ) SI_UNIT ( $, .STERADIAN. ) SOLID_ANGLE_UNIT ( ) );
#493 = ITEM_DEFINED_TRANSFORMATION ( 'NONE', 'NONE', #1193,  #1446 ) ;
#494 = CARTESIAN_POINT ( 'NONE',  ( -0.4162609814903367456, 0.7615470053837923858, 0.5868330292772483414 ) ) ;
#495 = DIRECTION ( 'NONE',  ( 0.000000000000000000, 0.000000000000000000, 1.000000000000000000 ) ) ;
#496 =( GEOMETRIC_REPRESENTATION_CONTEXT ( 3 ) GLOBAL_UNCERTAINTY_ASSIGNED_CONTEXT ( ( #1735 ) ) GLOBAL_UNIT_ASSIGNED_CONTEXT ( ( #226, #1878, #1162 ) ) REPRESENTATION_CONTEXT ( 'NONE', 'WORKASPACE' ) );
#497 = DIRECTION ( 'NONE',  ( 0.000000000000000000, 0.000000000000000000, 1.000000000000000000 ) ) ;
#498 = VERTEX_POINT ( 'NONE', #942 ) ;
#499 = VECTOR ( 'NONE', #2112, 1000.000000000000000 ) ;
#500 =( LENGTH_UNIT ( ) NAMED_UNIT ( * ) SI_UNIT ( .MILLI., .METRE. ) );
#501 = FACE_OUTER_BOUND ( 'NONE', #985, .T. ) ;
#502 = CARTESIAN_POINT ( 'NONE',  ( -0.4000000000000000222, 0.7500000000000000000, 0.5799999999999999600 ) ) ;
#503 = AXIS2_PLACEMENT_3D ( 'NONE', #1676, #840, #1980 ) ;
#504 = CIRCLE ( 'NONE', #434, 0.01999999999999999695 ) ;
#505 = COLOUR_RGB ( '',0.2862745098039215508, 0.2862745098039215508, 0.2862745098039215508 ) ;
#506 = FILL_AREA_STYLE_COLOUR ( '', #680 ) ;
#507 =( GEOMETRIC_REPRESENTATION_CONTEXT ( 3 ) GLOBAL_UNCERTAINTY_ASSIGNED_CONTEXT ( ( #113 ) ) GLOBAL_UNIT_ASSIGNED_CONTEXT ( ( #1560, #579, #250 ) ) REPRESENTATION_CONTEXT ( 'NONE', 'WORKASPACE' ) );
#508 = VECTOR ( 'NONE', #1697, 1000.000000000000000 ) ;
#509 = CARTESIAN_POINT ( 'NONE',  ( 0.000000000000000000, 0.000000000000000000, 0.000000000000000000 ) ) ;
#510 = MECHANICAL_DESIGN_GEOMETRIC_PRESENTATION_REPRESENTATION (  '', ( #646 ), #860 ) ;
#511 = FILL_AREA_STYLE ('',( #1351 ) ) ;
#512 =( BOUNDED_SURFACE ( )  B_SPLINE_SURFACE ( 3, 3, ( 
 ( #38, #889, #694, #1367 ),
 ( #1534, #358, #1704, #1999 ),
 ( #1058, #1552, #878, #229 ),
 ( #1685, #23, #516, #51 ) ),
 .UNSPECIFIED., .F., .F., .T. ) 
 B_SPLINE_SURFACE_WITH_KNOTS ( ( 4, 4 ),
 ( 4, 4 ),
 ( 0.000000000000000000, 1.000000000000000000 ),
 ( 0.000000000000000000, 1.000000000000000000 ),
 .UNSPECIFIED. ) 
 GEOMETRIC_REPRESENTATION_ITEM ( )  RATIONAL_B_SPLINE_SURFACE ( (
 ( 1.000000000000000000, 0.3333333333333334259, 0.3333333333333334259, 1.000000000000000000),
 ( 0.3333333333333333703, 0.1111111111111111605, 0.1111111111111111605, 0.3333333333333333703),
 ( 0.3333333333333333703, 0.1111111111111111605, 0.1111111111111111605, 0.3333333333333333703),
 ( 1.000000000000000000, 0.3333333333333334259, 0.3333333333333334259, 1.000000000000000000) ) ) 
 REPRESENTATION_ITEM ( '' )  SURFACE ( )  );
#513 = ORIENTED_EDGE ( 'NONE', *, *, #1243, .F. ) ;
#514 = CARTESIAN_POINT ( 'NONE',  ( 0.3624999999999999889, 0.5000000000000000000, 0.1575000000000000011 ) ) ;
#515 = CARTESIAN_POINT ( 'NONE',  ( -0.4000000000000000222, -0.7500000000000000000, 0.2200000000000000011 ) ) ;
#516 = CARTESIAN_POINT ( 'NONE',  ( 0.04749999999999999362, 0.5000000000000000000, 0.1575000000000000011 ) ) ;
#517 = CARTESIAN_POINT ( 'NONE',  ( 0.04750000000000004913, -0.1850000000000001921, -0.4724999999999999201 ) ) ;
#518 = EDGE_CURVE ( 'NONE', #378, #775, #2068, .T. ) ;
#519 = APPLICATION_PROTOCOL_DEFINITION ( 'draft international standard', 'automotive_design', 1998, #1303 ) ;
#520 = FILL_AREA_STYLE_COLOUR ( '', #750 ) ;
#521 = CARTESIAN_POINT ( 'NONE',  ( 0.4162609814903367456, -0.7615470053837926079, 0.5868330292772486745 ) ) ;
#522 = ORIENTED_EDGE ( 'NONE', *, *, #673, .T. ) ;
#523 = CARTESIAN_POINT ( 'NONE',  ( 0.04749999999999999362, 0.5000000000000000000, 0.1575000000000000011 ) ) ;
#524 = DIRECTION ( 'NONE',  ( 1.000000000000000000, 0.000000000000000000, 0.000000000000000000 ) ) ;
#525 = SURFACE_SIDE_STYLE ('',( #1672 ) ) ;
#526 =( NAMED_UNIT ( * ) PLANE_ANGLE_UNIT ( ) SI_UNIT ( $, .RADIAN. ) );
#527 = DIRECTION ( 'NONE',  ( -0.4082482904638630727, -0.8164965809277261455, -0.4082482904638630727 ) ) ;
#528 = APPLICATION_CONTEXT ( 'automotive_design' ) ;
#529 = CARTESIAN_POINT ( 'NONE',  ( 0.4008737458000933285, 0.7597678529894935640, 0.5986619601788935041 ) ) ;
#530 =( NAMED_UNIT ( * ) PLANE_ANGLE_UNIT ( ) SI_UNIT ( $, .RADIAN. ) );
#531 = CARTESIAN_POINT ( 'NONE',  ( 0.4186619601788934553, -0.7597678529894934529, 0.5808737458000932108 ) ) ;
#532 = ORIENTED_EDGE ( 'NONE', *, *, #61, .T. ) ;
#533 = DIRECTION ( 'NONE',  ( -1.000000000000000000, 0.000000000000000000, 0.000000000000000000 ) ) ;
#534 = FACE_OUTER_BOUND ( 'NONE', #683, .T. ) ;
#535 = DIRECTION ( 'NONE',  ( 0.000000000000000000, 0.000000000000000000, 1.000000000000000000 ) ) ;
#536 = STYLED_ITEM ( 'NONE', ( #176 ), #834 ) ;
#537 = VECTOR ( 'NONE', #1488, 1000.000000000000000 ) ;
#538 = PRESENTATION_STYLE_ASSIGNMENT (( #1061 ) ) ;
#539 = AXIS2_PLACEMENT_3D ( 'NONE', #554, #1207, #1054 ) ;
#540 = MECHANICAL_DESIGN_GEOMETRIC_PRESENTATION_REPRESENTATION (  '', ( #2095 ), #1474 ) ;
#541 = COLOUR_RGB ( '',0.8313725490196077761, 0.8313725490196077761, 0.8313725490196077761 ) ;
#542 = COLOUR_RGB ( '',0.2862745098039215508, 0.2862745098039215508, 0.2862745098039215508 ) ;
#543 = FACE_OUTER_BOUND ( 'NONE', #955, .T. ) ;
#544 = FILL_AREA_STYLE ('',( #2031 ) ) ;
#545 = MECHANICAL_DESIGN_GEOMETRIC_PRESENTATION_REPRESENTATION (  '', ( #336 ), #1033 ) ;
#546 = VERTEX_POINT ( 'NONE', #96 ) ;
#547 = PLANE ( 'NONE',  #158 ) ;
#548 = ADVANCED_FACE ( 'NONE', ( #1929 ), #282, .T. ) ;
#549 =( LENGTH_UNIT ( ) NAMED_UNIT ( * ) SI_UNIT ( .MILLI., .METRE. ) );
#550 = CARTESIAN_POINT ( 'NONE',  ( 0.3624999999999999889, -0.1850000000000000810, 0.1574999999999999456 ) ) ;
#551 = CARTESIAN_POINT ( 'NONE',  ( 0.4000000000000000222, 0.7500000000000000000, 0.6000000000000000888 ) ) ;
#552 = ORIENTED_EDGE ( 'NONE', *, *, #1871, .T. ) ;
#553 = DIRECTION ( 'NONE',  ( 0.000000000000000000, 0.000000000000000000, 1.000000000000000000 ) ) ;
#554 = CARTESIAN_POINT ( 'NONE',  ( -0.9316260141688219587, -0.5001434826427200164, 0.003000000000000000062 ) ) ;
#555 = SURFACE_STYLE_USAGE ( .BOTH. , #2034 ) ;
#556 = EDGE_CURVE ( 'NONE', #1637, #2061, #420, .T. ) ;
#557 = UNCERTAINTY_MEASURE_WITH_UNIT (LENGTH_MEASURE( 1.000000000000000082E-05 ), #1562, 'distance_accuracy_value', 'NONE');
#558 = CARTESIAN_POINT ( 'NONE',  ( -0.3624999999999999889, 0.5000000000000000000, 0.1575000000000000011 ) ) ;
#559 = SURFACE_STYLE_USAGE ( .BOTH. , #715 ) ;
#560 = CARTESIAN_POINT ( 'NONE',  ( 0.4000000000000000777, -0.7500000000000000000, 0.5799999999999999600 ) ) ;
#561 = SURFACE_STYLE_FILL_AREA ( #576 ) ;
#562 = ORIENTED_EDGE ( 'NONE', *, *, #1007, .T. ) ;
#563 = PRESENTATION_STYLE_ASSIGNMENT (( #1547 ) ) ;
#564 = ORIENTED_EDGE ( 'NONE', *, *, #1991, .F. ) ;
#565 = DIRECTION ( 'NONE',  ( 1.000000000000000000, 0.000000000000000000, 0.000000000000000000 ) ) ;
#566 = CARTESIAN_POINT ( 'NONE',  ( 0.04750000000000002831, -0.1850000000000000810, 0.1574999999999999456 ) ) ;
#567 = CARTESIAN_POINT ( 'NONE',  ( -0.3624999999999999889, -0.5000000000000000000, 0.1575000000000000011 ) ) ;
#568 = DIRECTION ( 'NONE',  ( -0.000000000000000000, -0.000000000000000000, 1.000000000000000000 ) ) ;
#569 =( GEOMETRIC_REPRESENTATION_CONTEXT ( 3 ) GLOBAL_UNCERTAINTY_ASSIGNED_CONTEXT ( ( #1067 ) ) GLOBAL_UNIT_ASSIGNED_CONTEXT ( ( #590, #402, #1716 ) ) REPRESENTATION_CONTEXT ( 'NONE', 'WORKASPACE' ) );
#570 =( NAMED_UNIT ( * ) SI_UNIT ( $, .STERADIAN. ) SOLID_ANGLE_UNIT ( ) );
#571 = CIRCLE ( 'NONE', #2093, 0.01999999999999999695 ) ;
#572 = STYLED_ITEM ( 'NONE', ( #79 ), #110 ) ;
#573 = CARTESIAN_POINT ( 'NONE',  ( -0.3624999999999999334, 0.8150000000000001688, 0.7874999999999997558 ) ) ;
#574 = DIRECTION ( 'NONE',  ( 0.000000000000000000, 0.000000000000000000, 1.000000000000000000 ) ) ;
#575 =( NAMED_UNIT ( * ) PLANE_ANGLE_UNIT ( ) SI_UNIT ( $, .RADIAN. ) );
#576 = FILL_AREA_STYLE ('',( #1204 ) ) ;
#577 = PRESENTATION_LAYER_ASSIGNMENT (  '', '', ( #755 ) ) ;
#578 = ORIENTED_EDGE ( 'NONE', *, *, #1577, .T. ) ;
#579 =( NAMED_UNIT ( * ) PLANE_ANGLE_UNIT ( ) SI_UNIT ( $, .RADIAN. ) );
#580 = COLOUR_RGB ( '',0.2862745098039215508, 0.2862745098039215508, 0.2862745098039215508 ) ;
#581 = PLANE ( 'NONE',  #1799 ) ;
#582 = PRESENTATION_STYLE_ASSIGNMENT (( #1576 ) ) ;
#583 = VECTOR ( 'NONE', #53, 1000.000000000000000 ) ;
#584 =( NAMED_UNIT ( * ) SI_UNIT ( $, .STERADIAN. ) SOLID_ANGLE_UNIT ( ) );
#585 =( LENGTH_UNIT ( ) NAMED_UNIT ( * ) SI_UNIT ( .MILLI., .METRE. ) );
#586 = EDGE_CURVE ( 'NONE', #1464, #99, #2124, .T. ) ;
#587 = FACE_OUTER_BOUND ( 'NONE', #154, .T. ) ;
#588 = SURFACE_STYLE_FILL_AREA ( #1766 ) ;
#589 = EDGE_LOOP ( 'NONE', ( #1427, #1525, #1571, #730, #1332, #993 ) ) ;
#590 =( LENGTH_UNIT ( ) NAMED_UNIT ( * ) SI_UNIT ( .MILLI., .METRE. ) );
#591 = FILL_AREA_STYLE_COLOUR ( '', #440 ) ;
#592 = FILL_AREA_STYLE_COLOUR ( '', #431 ) ;
#593 = CARTESIAN_POINT ( 'NONE',  ( 0.4083919298188904423, -0.7803079137094995898, 0.5706037154400901423 ) ) ;
#594 =( BOUNDED_SURFACE ( )  B_SPLINE_SURFACE ( 3, 3, ( 
 ( #363, #1330, #1993, #1689 ),
 ( #1014, #872, #1495, #494 ),
 ( #1043, #697, #883, #35 ),
 ( #1359, #1194, #16, #688 ) ),
 .UNSPECIFIED., .F., .F., .T. ) 
 B_SPLINE_SURFACE_WITH_KNOTS ( ( 4, 4 ),
 ( 4, 4 ),
 ( 0.000000000000000000, 1.000000000000000000 ),
 ( 0.000000000000000000, 1.000000000000000000 ),
 .UNSPECIFIED. ) 
 GEOMETRIC_REPRESENTATION_ITEM ( )  RATIONAL_B_SPLINE_SURFACE ( (
 ( 1.000000000000000000, 0.3333333333333326487, 0.3333333333333326487, 1.000000000000000000),
 ( 0.9245018060306389174, 0.3081672686768789915, 0.3081672686768789915, 0.9245018060306389174),
 ( 0.9245018060306389174, 0.3081672686768789915, 0.3081672686768789915, 0.9245018060306389174),
 ( 1.000000000000000000, 0.3333333333333326487, 0.3333333333333326487, 1.000000000000000000) ) ) 
 REPRESENTATION_ITEM ( '' )  SURFACE ( )  );
#595 = DIRECTION ( 'NONE',  ( -1.000000000000000000, 0.000000000000000000, -0.000000000000000000 ) ) ;
#596 = UNCERTAINTY_MEASURE_WITH_UNIT (LENGTH_MEASURE( 1.000000000000000082E-05 ), #32, 'distance_accuracy_value', 'NONE');
#597 = CARTESIAN_POINT ( 'NONE',  ( 0.4115470053837925746, -0.7615470053837924969, 0.5915470053837924569 ) ) ;
#598 = DIRECTION ( 'NONE',  ( 0.000000000000000000, 0.000000000000000000, 1.000000000000000000 ) ) ;
#599 = EDGE_LOOP ( 'NONE', ( #1176, #433, #124, #1798, #934 ) ) ;
#600 = CARTESIAN_POINT ( 'NONE',  ( -0.3624999999999999889, 0.5000000000000000000, 0.1575000000000000011 ) ) ;
#601 = DIRECTION ( 'NONE',  ( 1.000000000000000000, 0.000000000000000000, 0.000000000000000000 ) ) ;
#602 = CARTESIAN_POINT ( 'NONE',  ( 0.04749999999999998668, -0.5000000000000000000, 0.1575000000000000011 ) ) ;
#603 = CYLINDRICAL_SURFACE ( 'NONE', #1569, 0.01999999999999999695 ) ;
#604 = VECTOR ( 'NONE', #901, 1000.000000000000000 ) ;
#605 = CARTESIAN_POINT ( 'NONE',  ( 0.3624999999999999889, -0.1850000000000000810, 0.1575000000000000289 ) ) ;
#606 = UNCERTAINTY_MEASURE_WITH_UNIT (LENGTH_MEASURE( 1.000000000000000082E-05 ), #1249, 'distance_accuracy_value', 'NONE');
#607 = CARTESIAN_POINT ( 'NONE',  ( -0.2100000000000000200, 0.2100000000000000200, 0.2200000000000000011 ) ) ;
#608 = CARTESIAN_POINT ( 'NONE',  ( -0.2300000000000000100, -0.2100000000000000200, 0.2200000000000000011 ) ) ;
#609 = ORIENTED_EDGE ( 'NONE', *, *, #1696, .T. ) ;
#610 = ORIENTED_EDGE ( 'NONE', *, *, #1447, .F. ) ;
#611 = ADVANCED_FACE ( 'NONE', ( #929 ), #59, .T. ) ;
#612 = DIRECTION ( 'NONE',  ( -0.000000000000000000, -0.000000000000000000, 1.000000000000000000 ) ) ;
#613 = PRESENTATION_LAYER_ASSIGNMENT (  '', '', ( #1651 ) ) ;
#614 = ADVANCED_FACE ( 'NONE', ( #2049 ), #603, .T. ) ;
#615 = AXIS2_PLACEMENT_3D ( 'NONE', #1121, #1449, #2067 ) ;
#616 = FILL_AREA_STYLE_COLOUR ( '', #130 ) ;
#617 =( BOUNDED_SURFACE ( )  B_SPLINE_SURFACE ( 3, 3, ( 
 ( #682, #1344, #127, #1994 ),
 ( #521, #1174, #1845, #353 ),
 ( #531, #1023, #622, #1679 ),
 ( #29, #690, #1352, #1856 ) ),
 .UNSPECIFIED., .F., .F., .T. ) 
 B_SPLINE_SURFACE_WITH_KNOTS ( ( 4, 4 ),
 ( 4, 4 ),
 ( 0.000000000000000000, 1.000000000000000000 ),
 ( 0.000000000000000000, 1.000000000000000000 ),
 .UNSPECIFIED. ) 
 GEOMETRIC_REPRESENTATION_ITEM ( )  RATIONAL_B_SPLINE_SURFACE ( (
 ( 1.000000000000000000, 0.3333333333333334259, 0.3333333333333334259, 1.000000000000000000),
 ( 0.9245018060306363639, 0.3081672686768788805, 0.3081672686768788805, 0.9245018060306363639),
 ( 0.9245018060306363639, 0.3081672686768788805, 0.3081672686768788805, 0.9245018060306363639),
 ( 1.000000000000000000, 0.3333333333333334259, 0.3333333333333334259, 1.000000000000000000) ) ) 
 REPRESENTATION_ITEM ( '' )  SURFACE ( )  );
#618 = PRODUCT_DEFINITION ( 'UNKNOWN', '', #24, #2051 ) ;
#619 = CARTESIAN_POINT ( 'NONE',  ( 0.3624999999999999889, 0.5000000000000000000, 0.1575000000000000011 ) ) ;
#620 = ORIENTED_EDGE ( 'NONE', *, *, #321, .F. ) ;
#621 = ORIENTED_EDGE ( 'NONE', *, *, #556, .F. ) ;
#622 = CARTESIAN_POINT ( 'NONE',  ( 0.4111437761600961749, -0.7392277922694870940, 0.6089319905388967946 ) ) ;
#623 = SURFACE_STYLE_FILL_AREA ( #1961 ) ;
#624 = CARTESIAN_POINT ( 'NONE',  ( -0.2300000000000000100, 0.2100000000000000200, 0.02700000000000000663 ) ) ;
#625 = EDGE_CURVE ( 'NONE', #1085, #1868, #1821, .T. ) ;
#626 = UNCERTAINTY_MEASURE_WITH_UNIT (LENGTH_MEASURE( 1.000000000000000082E-05 ), #1912, 'distance_accuracy_value', 'NONE');
#627 = LINE ( 'NONE', #2100, #190 ) ;
#628 = SURFACE_SIDE_STYLE ('',( #289 ) ) ;
#629 = DIRECTION ( 'NONE',  ( 1.000000000000000000, -0.000000000000000000, -0.000000000000000000 ) ) ;
#630 = SURFACE_STYLE_FILL_AREA ( #1481 ) ;
#631 = FILL_AREA_STYLE_COLOUR ( '', #2018 ) ;
#632 = ORIENTED_EDGE ( 'NONE', *, *, #2118, .F. ) ;
#633 = CARTESIAN_POINT ( 'NONE',  ( -0.4200000000000000400, 0.7500000000000000000, 0.2200000000000000011 ) ) ;
#634 =( LENGTH_UNIT ( ) NAMED_UNIT ( * ) SI_UNIT ( .MILLI., .METRE. ) );
#635 = ADVANCED_FACE ( 'NONE', ( #956 ), #1077, .T. ) ;
#636 = CARTESIAN_POINT ( 'NONE',  ( 0.4115470053837923525, -0.7615470053837926079, 0.5915470053837925679 ) ) ;
#637 = ORIENTED_EDGE ( 'NONE', *, *, #847, .T. ) ;
#638 = CARTESIAN_POINT ( 'NONE',  ( 0.04749999999999998668, -0.5000000000000000000, 0.1575000000000000011 ) ) ;
#639 = VECTOR ( 'NONE', #1530, 1000.000000000000000 ) ;
#640 = ORIENTED_EDGE ( 'NONE', *, *, #1127, .F. ) ;
#641 = SURFACE_STYLE_FILL_AREA ( #451 ) ;
#642 = FILL_AREA_STYLE ('',( #1120 ) ) ;
#643 = PRESENTATION_LAYER_ASSIGNMENT (  '', '', ( #14 ) ) ;
#644 = LINE ( 'NONE', #157, #260 ) ;
#645 = CIRCLE ( 'NONE', #1227, 0.1575000000000000011 ) ;
#646 = STYLED_ITEM ( 'NONE', ( #1104 ), #1698 ) ;
#647 = STYLED_ITEM ( 'NONE', ( #1079 ), #1946 ) ;
#648 = CONTEXT_DEPENDENT_SHAPE_REPRESENTATION ( #1983, #937 ) ;
#649 = ORIENTED_EDGE ( 'NONE', *, *, #1874, .F. ) ;
#650 = VERTEX_POINT ( 'NONE', #265 ) ;
#651 =( NAMED_UNIT ( * ) SI_UNIT ( $, .STERADIAN. ) SOLID_ANGLE_UNIT ( ) );
#652 = DIRECTION ( 'NONE',  ( 0.000000000000000000, 0.000000000000000000, 1.000000000000000000 ) ) ;
#653 =( NAMED_UNIT ( * ) PLANE_ANGLE_UNIT ( ) SI_UNIT ( $, .RADIAN. ) );
#654 = DIRECTION ( 'NONE',  ( 0.000000000000000000, 0.000000000000000000, -1.000000000000000000 ) ) ;
#655 = SURFACE_SIDE_STYLE ('',( #862 ) ) ;
#656 =( BOUNDED_SURFACE ( )  B_SPLINE_SURFACE ( 3, 3, ( 
 ( #1628, #1467, #1122, #814 ),
 ( #491, #1942, #1150, #988 ),
 ( #1802, #981, #1450, #311 ),
 ( #971, #147, #1781, #1144 ) ),
 .UNSPECIFIED., .F., .F., .T. ) 
 B_SPLINE_SURFACE_WITH_KNOTS ( ( 4, 4 ),
 ( 4, 4 ),
 ( 0.000000000000000000, 1.000000000000000000 ),
 ( 0.000000000000000000, 1.000000000000000000 ),
 .UNSPECIFIED. ) 
 GEOMETRIC_REPRESENTATION_ITEM ( )  RATIONAL_B_SPLINE_SURFACE ( (
 ( 1.000000000000000000, 0.3333333333333339810, 0.3333333333333339810, 1.000000000000000000),
 ( 0.9245018060306366969, 0.3081672686768794911, 0.3081672686768794911, 0.9245018060306366969),
 ( 0.9245018060306366969, 0.3081672686768794911, 0.3081672686768794911, 0.9245018060306366969),
 ( 1.000000000000000000, 0.3333333333333339810, 0.3333333333333339810, 1.000000000000000000) ) ) 
 REPRESENTATION_ITEM ( '' )  SURFACE ( )  );
#657 = CARTESIAN_POINT ( 'NONE',  ( -0.2049999999999999878, -0.5000000000000000000, 0.1575000000000000011 ) ) ;
#658 = VERTEX_POINT ( 'NONE', #1585 ) ;
#659 = FILL_AREA_STYLE_COLOUR ( '', #1531 ) ;
#660 = CARTESIAN_POINT ( 'NONE',  ( 0.4000000000000000222, 0.000000000000000000, 0.5999999999999999778 ) ) ;
#661 = CARTESIAN_POINT ( 'NONE',  ( -0.3624999999999999889, -0.5000000000000000000, 0.1575000000000000011 ) ) ;
#662 = DIRECTION ( 'NONE',  ( 0.000000000000000000, 0.000000000000000000, 1.000000000000000000 ) ) ;
#663 = PRESENTATION_STYLE_ASSIGNMENT (( #4 ) ) ;
#664 = AXIS2_PLACEMENT_3D ( 'NONE', #945, #1596, #115 ) ;
#665 =( NAMED_UNIT ( * ) PLANE_ANGLE_UNIT ( ) SI_UNIT ( $, .RADIAN. ) );
#666 = ORIENTED_EDGE ( 'NONE', *, *, #10, .T. ) ;
#667 = STYLED_ITEM ( 'NONE', ( #685 ), #912 ) ;
#668 = CARTESIAN_POINT ( 'NONE',  ( 0.3624999999999999889, 0.8150000000000001688, 0.7874999999999997558 ) ) ;
#669 = CARTESIAN_POINT ( 'NONE',  ( 0.2049999999999999878, 0.5000000000000000000, 0.1575000000000000011 ) ) ;
#670 = LINE ( 'NONE', #838, #217 ) ;
#671 = AXIS2_PLACEMENT_3D ( 'NONE', #1038, #1030, #535 ) ;
#672 =( GEOMETRIC_REPRESENTATION_CONTEXT ( 3 ) GLOBAL_UNCERTAINTY_ASSIGNED_CONTEXT ( ( #131 ) ) GLOBAL_UNIT_ASSIGNED_CONTEXT ( ( #916, #1884, #1904 ) ) REPRESENTATION_CONTEXT ( 'NONE', 'WORKASPACE' ) );
#673 = EDGE_CURVE ( 'NONE', #650, #1375, #1790, .T. ) ;
#674 = PRESENTATION_LAYER_ASSIGNMENT (  '', '', ( #1573 ) ) ;
#675 = AXIS2_PLACEMENT_3D ( 'NONE', #1792, #472, #484 ) ;
#676 = CARTESIAN_POINT ( 'NONE',  ( 0.3624999999999999889, -0.5000000000000000000, 0.1575000000000000011 ) ) ;
#677 =( GEOMETRIC_REPRESENTATION_CONTEXT ( 3 ) GLOBAL_UNCERTAINTY_ASSIGNED_CONTEXT ( ( #2060 ) ) GLOBAL_UNIT_ASSIGNED_CONTEXT ( ( #375, #530, #1213 ) ) REPRESENTATION_CONTEXT ( 'NONE', 'WORKASPACE' ) );
#678 = MECHANICAL_DESIGN_GEOMETRIC_PRESENTATION_REPRESENTATION (  '', ( #1338 ), #1368 ) ;
#679 = SHAPE_DEFINITION_REPRESENTATION ( #393, #322 ) ;
#680 = COLOUR_RGB ( '',0.8313725490196077761, 0.8313725490196077761, 0.8313725490196077761 ) ;
#681 = CARTESIAN_POINT ( 'NONE',  ( 0.3999999999999999667, -0.7700000000000000178, 0.2200000000000000011 ) ) ;
#682 = CARTESIAN_POINT ( 'NONE',  ( 0.4115470053837924636, -0.7615470053837926079, 0.5915470053837925679 ) ) ;
#683 = EDGE_LOOP ( 'NONE', ( #532, #1701, #1568, #1282 ) ) ;
#684 = CARTESIAN_POINT ( 'NONE',  ( 0.2300000000000000100, -0.2300000000000000100, 0.02700000000000000663 ) ) ;
#685 = PRESENTATION_STYLE_ASSIGNMENT (( #1872 ) ) ;
#686 = PRESENTATION_STYLE_ASSIGNMENT (( #1308 ) ) ;
#687 = ORIENTED_EDGE ( 'NONE', *, *, #187, .F. ) ;
#688 = CARTESIAN_POINT ( 'NONE',  ( -0.4182061327852278909, 0.7566125165785924089, 0.5750189003719570202 ) ) ;
#689 = FILL_AREA_STYLE_COLOUR ( '', #471 ) ;
#690 = CARTESIAN_POINT ( 'NONE',  ( 0.4315932876607924129, -0.7298382068274636980, 0.5884060552475214312 ) ) ;
#691 = ORIENTED_EDGE ( 'NONE', *, *, #1408, .T. ) ;
#692 = FILL_AREA_STYLE ('',( #1973 ) ) ;
#693 = CARTESIAN_POINT ( 'NONE',  ( -0.4000000000000000222, 0.7500000000000000000, 0.5799999999999999600 ) ) ;
#694 = CARTESIAN_POINT ( 'NONE',  ( 0.3624999999999999889, 0.5000000000000000000, 0.1575000000000000011 ) ) ;
#695 = SURFACE_SIDE_STYLE ('',( #1686 ) ) ;
#696 = FILL_AREA_STYLE ('',( #1380 ) ) ;
#697 = CARTESIAN_POINT ( 'NONE',  ( -0.3906037154400900380, 0.7803079137094993678, 0.5883919298188902136 ) ) ;
#698 = EDGE_CURVE ( 'NONE', #1375, #1046, #1917, .T. ) ;
#699 = ORIENTED_EDGE ( 'NONE', *, *, #335, .F. ) ;
#700 = EDGE_CURVE ( 'NONE', #1459, #54, #1261, .T. ) ;
#701 = CARTESIAN_POINT ( 'NONE',  ( 0.2100000000000000200, 0.2300000000000000100, 0.02700000000000000663 ) ) ;
#702 =( GEOMETRIC_REPRESENTATION_CONTEXT ( 3 ) GLOBAL_UNCERTAINTY_ASSIGNED_CONTEXT ( ( #1944 ) ) GLOBAL_UNIT_ASSIGNED_CONTEXT ( ( #1733, #1113, #1896 ) ) REPRESENTATION_CONTEXT ( 'NONE', 'WORKASPACE' ) );
#703 = FACE_OUTER_BOUND ( 'NONE', #902, .T. ) ;
#704 = AXIS2_PLACEMENT_3D ( 'NONE', #1671, #31, #182 ) ;
#705 = FILL_AREA_STYLE_COLOUR ( '', #88 ) ;
#706 = CARTESIAN_POINT ( 'NONE',  ( 0.4000000000000000222, -0.7500000000000000000, 0.5799999999999999600 ) ) ;
#707 = EDGE_LOOP ( 'NONE', ( #1828, #1141, #1959, #1429, #165 ) ) ;
#708 = PRESENTATION_LAYER_ASSIGNMENT (  '', '', ( #1979 ) ) ;
#709 =( GEOMETRIC_REPRESENTATION_CONTEXT ( 3 ) GLOBAL_UNCERTAINTY_ASSIGNED_CONTEXT ( ( #77 ) ) GLOBAL_UNIT_ASSIGNED_CONTEXT ( ( #1478, #653, #1133 ) ) REPRESENTATION_CONTEXT ( 'NONE', 'WORKASPACE' ) );
#710 = FACE_OUTER_BOUND ( 'NONE', #1205, .T. ) ;
#711 = CIRCLE ( 'NONE', #1496, 0.02000000000000005246 ) ;
#712 = UNCERTAINTY_MEASURE_WITH_UNIT (LENGTH_MEASURE( 1.000000000000000082E-05 ), #768, 'distance_accuracy_value', 'NONE');
#713 = CARTESIAN_POINT ( 'NONE',  ( -0.4182061327852280019, -0.7566125165785925200, 0.5750189003719570202 ) ) ;
#714 = CIRCLE ( 'NONE', #302, 0.01999999999999999695 ) ;
#715 = SURFACE_SIDE_STYLE ('',( #1865 ) ) ;
#716 = FILL_AREA_STYLE ('',( #45 ) ) ;
#717 = COLOUR_RGB ( '',0.2862745098039215508, 0.2862745098039215508, 0.2862745098039215508 ) ;
#718 = EDGE_CURVE ( 'NONE', #145, #347, #394, .T. ) ;
#719 = ORIENTED_EDGE ( 'NONE', *, *, #34, .F. ) ;
#720 = AXIS2_PLACEMENT_3D ( 'NONE', #1863, #65, #1039 ) ;
#721 = CARTESIAN_POINT ( 'NONE',  ( 0.04749999999999998668, 0.5000000000000000000, 0.1575000000000000011 ) ) ;
#722 = DIRECTION ( 'NONE',  ( 0.000000000000000000, 0.000000000000000000, 1.000000000000000000 ) ) ;
#723 = EDGE_CURVE ( 'NONE', #1040, #1313, #1608, .T. ) ;
#724 = CARTESIAN_POINT ( 'NONE',  ( 0.3624999999999999889, -0.5000000000000000000, 0.1575000000000000011 ) ) ;
#725 = LINE ( 'NONE', #782, #831 ) ;
#726 = CARTESIAN_POINT ( 'NONE',  ( -0.3624999999999999889, 0.5000000000000000000, 0.1575000000000000011 ) ) ;
#727 = PLANE ( 'NONE',  #1891 ) ;
#728 = DIRECTION ( 'NONE',  ( 0.000000000000000000, 0.000000000000000000, 1.000000000000000000 ) ) ;
#729 = FACE_OUTER_BOUND ( 'NONE', #770, .T. ) ;
#730 = ORIENTED_EDGE ( 'NONE', *, *, #776, .T. ) ;
#731 = DIRECTION ( 'NONE',  ( 1.000000000000000000, 0.000000000000000000, 0.000000000000000000 ) ) ;
#732 = ORIENTED_EDGE ( 'NONE', *, *, #941, .T. ) ;
#733 = LINE ( 'NONE', #1597, #1192 ) ;
#734 =( BOUNDED_SURFACE ( )  B_SPLINE_SURFACE ( 3, 3, ( 
 ( #1420, #905, #71, #1216 ),
 ( #414, #2079, #744, #1232 ),
 ( #1087, #2042, #920, #261 ),
 ( #600, #1584, #1081, #1256 ) ),
 .UNSPECIFIED., .F., .F., .T. ) 
 B_SPLINE_SURFACE_WITH_KNOTS ( ( 4, 4 ),
 ( 4, 4 ),
 ( 0.000000000000000000, 1.000000000000000000 ),
 ( 0.000000000000000000, 1.000000000000000000 ),
 .UNSPECIFIED. ) 
 GEOMETRIC_REPRESENTATION_ITEM ( )  RATIONAL_B_SPLINE_SURFACE ( (
 ( 1.000000000000000000, 0.3333333333333334259, 0.3333333333333334259, 1.000000000000000000),
 ( 0.3333333333333333703, 0.1111111111111111605, 0.1111111111111111605, 0.3333333333333333703),
 ( 0.3333333333333333703, 0.1111111111111111605, 0.1111111111111111605, 0.3333333333333333703),
 ( 1.000000000000000000, 0.3333333333333334259, 0.3333333333333334259, 1.000000000000000000) ) ) 
 REPRESENTATION_ITEM ( '' )  SURFACE ( )  );
#735 =( LENGTH_UNIT ( ) NAMED_UNIT ( * ) SI_UNIT ( .MILLI., .METRE. ) );
#736 = CARTESIAN_POINT ( 'NONE',  ( 0.4200000000000000400, -0.7500000000000000000, 0.5799999999999999600 ) ) ;
#737 = ORIENTED_EDGE ( 'NONE', *, *, #1108, .T. ) ;
#738 = SURFACE_SIDE_STYLE ('',( #374 ) ) ;
#739 = UNCERTAINTY_MEASURE_WITH_UNIT (LENGTH_MEASURE( 1.000000000000000082E-05 ), #103, 'distance_accuracy_value', 'NONE');
#740 = CARTESIAN_POINT ( 'NONE',  ( 0.4108177507422029473, -0.7724334668800595383, 0.5813897985291149872 ) ) ;
#741 = FACE_OUTER_BOUND ( 'NONE', #599, .T. ) ;
#742 = CYLINDRICAL_SURFACE ( 'NONE', #927, 0.06000000000000015737 ) ;
#743 = ORIENTED_EDGE ( 'NONE', *, *, #776, .F. ) ;
#744 = CARTESIAN_POINT ( 'NONE',  ( -0.04749999999999999362, 0.8150000000000000577, -0.4724999999999998090 ) ) ;
#745 = VERTEX_POINT ( 'NONE', #1292 ) ;
#746 = SURFACE_STYLE_USAGE ( .BOTH. , #1259 ) ;
#747 = CIRCLE ( 'NONE', #1851, 0.01999999999999998307 ) ;
#748 = ADVANCED_FACE ( 'NONE', ( #1652 ), #892, .T. ) ;
#749 =( GEOMETRIC_REPRESENTATION_CONTEXT ( 3 ) GLOBAL_UNCERTAINTY_ASSIGNED_CONTEXT ( ( #712 ) ) GLOBAL_UNIT_ASSIGNED_CONTEXT ( ( #768, #413, #2041 ) ) REPRESENTATION_CONTEXT ( 'NONE', 'WORKASPACE' ) );
#750 = COLOUR_RGB ( '',0.8313725490196077761, 0.8313725490196077761, 0.8313725490196077761 ) ;
#751 = CARTESIAN_POINT ( 'NONE',  ( 0.04750000000000004913, -0.1850000000000000810, 0.7874999999999997558 ) ) ;
#752 = CARTESIAN_POINT ( 'NONE',  ( -0.4217042122384702663, 0.7506605438875255665, 0.5922762600253819176 ) ) ;
#753 = CIRCLE ( 'NONE', #128, 0.02000000000000005246 ) ;
#754 = DIRECTION ( 'NONE',  ( 0.000000000000000000, 0.000000000000000000, -1.000000000000000000 ) ) ;
#755 = STYLED_ITEM ( 'NONE', ( #1519 ), #1472 ) ;
#756 = ORIENTED_EDGE ( 'NONE', *, *, #149, .F. ) ;
#757 = DIRECTION ( 'NONE',  ( -1.000000000000000000, -0.000000000000000000, 0.000000000000000000 ) ) ;
#758 = DIRECTION ( 'NONE',  ( 1.000000000000000000, 0.000000000000000000, 0.000000000000000000 ) ) ;
#759 = COLOUR_RGB ( '',0.8313725490196077761, 0.8313725490196077761, 0.8313725490196077761 ) ;
#760 = ORIENTED_EDGE ( 'NONE', *, *, #1696, .F. ) ;
#761 = AXIS2_PLACEMENT_3D ( 'NONE', #1706, #2000, #1062 ) ;
#762 = CARTESIAN_POINT ( 'NONE',  ( 0.4200000000000000400, -0.7500000000000000000, 0.2200000000000000011 ) ) ;
#763 = CARTESIAN_POINT ( 'NONE',  ( -0.04749999999999998668, -0.5000000000000000000, 0.1575000000000000011 ) ) ;
#764 = CARTESIAN_POINT ( 'NONE',  ( 0.4048189779096638130, -0.7833868263297214529, 0.5616317454963924982 ) ) ;
#765 = CARTESIAN_POINT ( 'NONE',  ( -0.4068330292772482926, -0.7615470053837924969, 0.5962609814903367944 ) ) ;
#766 = SURFACE_STYLE_USAGE ( .BOTH. , #1749 ) ;
#767 = ORIENTED_EDGE ( 'NONE', *, *, #954, .F. ) ;
#768 =( LENGTH_UNIT ( ) NAMED_UNIT ( * ) SI_UNIT ( .MILLI., .METRE. ) );
#769 = CARTESIAN_POINT ( 'NONE',  ( 0.2100000000000000200, 0.2300000000000000100, 0.2200000000000000011 ) ) ;
#770 = EDGE_LOOP ( 'NONE', ( #649, #1497, #562, #964 ) ) ;
#771 = CARTESIAN_POINT ( 'NONE',  ( 0.4008737458000932175, -0.7597678529894934529, 0.5986619601788932821 ) ) ;
#772 = CARTESIAN_POINT ( 'NONE',  ( 0.3624999999999999889, -0.8150000000000001688, 0.7874999999999997558 ) ) ;
#773 = FILL_AREA_STYLE ('',( #1624 ) ) ;
#774 = CARTESIAN_POINT ( 'NONE',  ( 0.4000000000000000222, 0.7500000000000000000, 0.5799999999999999600 ) ) ;
#775 = VERTEX_POINT ( 'NONE', #1047 ) ;
#776 = EDGE_CURVE ( 'NONE', #1024, #99, #1526, .T. ) ;
#777 = FILL_AREA_STYLE ('',( #112 ) ) ;
#778 = CARTESIAN_POINT ( 'NONE',  ( 0.2100000000000000200, -0.2100000000000000200, 0.02700000000000000663 ) ) ;
#779 = DIRECTION ( 'NONE',  ( 1.000000000000000000, 0.000000000000000000, -0.000000000000000000 ) ) ;
#780 = CARTESIAN_POINT ( 'NONE',  ( -0.4000000000000000222, 0.7500000000000000000, 0.2200000000000000011 ) ) ;
#781 = SURFACE_SIDE_STYLE ('',( #1422 ) ) ;
#782 = CARTESIAN_POINT ( 'NONE',  ( -0.4200000000000000400, -0.7700000000000000178, 0.2200000000000000011 ) ) ;
#783 = APPLICATION_CONTEXT ( 'automotive_design' ) ;
#784 = CARTESIAN_POINT ( 'NONE',  ( -0.4115470053837925746, 0.7615470053837923858, 0.5915470053837925679 ) ) ;
#785 = AXIS2_PLACEMENT_3D ( 'NONE', #2007, #533, #1185 ) ;
#786 = STYLED_ITEM ( 'NONE', ( #663 ), #93 ) ;
#787 = DIRECTION ( 'NONE',  ( -0.5773502691896292838, -0.5773502691896239547, 0.5773502691896239547 ) ) ;
#788 = ORIENTED_EDGE ( 'NONE', *, *, #2048, .T. ) ;
#789 =( REPRESENTATION_RELATIONSHIP ('NONE','NONE', #322, #464 ) REPRESENTATION_RELATIONSHIP_WITH_TRANSFORMATION ( #1152 )SHAPE_REPRESENTATION_RELATIONSHIP( ) );
#790 = STYLED_ITEM ( 'NONE', ( #2092 ), #944 ) ;
#791 = MECHANICAL_DESIGN_GEOMETRIC_PRESENTATION_REPRESENTATION (  '', ( #1719 ), #709 ) ;
#792 = CARTESIAN_POINT ( 'NONE',  ( 0.4178885438199983482, -0.7589442719099991352, 0.5799999999999999600 ) ) ;
#793 = STYLED_ITEM ( 'NONE', ( #1412 ), #1312 ) ;
#794 = ORIENTED_EDGE ( 'NONE', *, *, #281, .F. ) ;
#795 = STYLED_ITEM ( 'NONE', ( #395 ), #1482 ) ;
#796 = EDGE_CURVE ( 'NONE', #1255, #137, #1714, .T. ) ;
#797 = CARTESIAN_POINT ( 'NONE',  ( 0.4000000000000000222, 0.7700000000000000178, 0.2200000000000000011 ) ) ;
#798 = CARTESIAN_POINT ( 'NONE',  ( 0.2300000000000000100, 0.2100000000000000200, 0.02700000000000000663 ) ) ;
#799 = VECTOR ( 'NONE', #239, 1000.000000000000000 ) ;
#800 = CIRCLE ( 'NONE', #615, 0.01999999999999999695 ) ;
#801 = CARTESIAN_POINT ( 'NONE',  ( 0.04749999999999998668, -0.5000000000000000000, 0.1575000000000000011 ) ) ;
#802 = PRESENTATION_STYLE_ASSIGNMENT (( #120 ) ) ;
#803 = CARTESIAN_POINT ( 'NONE',  ( -0.4122762600253816467, 0.7506605438875255665, 0.6017042122384701486 ) ) ;
#804 = CARTESIAN_POINT ( 'NONE',  ( -0.4200000000000000400, 0.7700000000000000178, 0.2200000000000000011 ) ) ;
#805 = ORIENTED_EDGE ( 'NONE', *, *, #1316, .F. ) ;
#806 = FACE_OUTER_BOUND ( 'NONE', #86, .T. ) ;
#807 = EDGE_LOOP ( 'NONE', ( #26, #1117, #2032, #1617 ) ) ;
#808 =( NAMED_UNIT ( * ) SI_UNIT ( $, .STERADIAN. ) SOLID_ANGLE_UNIT ( ) );
#809 = CARTESIAN_POINT ( 'NONE',  ( -0.04750000000000000056, -0.8149999999999999467, 0.1575000000000000289 ) ) ;
#810 = DIRECTION ( 'NONE',  ( 0.000000000000000000, 0.000000000000000000, 1.000000000000000000 ) ) ;
#811 = VERTEX_POINT ( 'NONE', #1529 ) ;
#812 = VERTEX_POINT ( 'NONE', #1702 ) ;
#813 = SURFACE_STYLE_USAGE ( .BOTH. , #469 ) ;
#814 = CARTESIAN_POINT ( 'NONE',  ( 0.4115470053837923525, 0.7615470053837926079, 0.5915470053837925679 ) ) ;
#815 = LINE ( 'NONE', #485, #299 ) ;
#816 = ADVANCED_FACE ( 'NONE', ( #1996 ), #1682, .T. ) ;
#817 = CARTESIAN_POINT ( 'NONE',  ( -0.4084060552475214378, 0.7298382068274638090, 0.6115932876607922397 ) ) ;
#818 =( LENGTH_UNIT ( ) NAMED_UNIT ( * ) SI_UNIT ( .MILLI., .METRE. ) );
#819 = EDGE_CURVE ( 'NONE', #745, #2136, #220, .T. ) ;
#820 =( GEOMETRIC_REPRESENTATION_CONTEXT ( 3 ) GLOBAL_UNCERTAINTY_ASSIGNED_CONTEXT ( ( #1882 ) ) GLOBAL_UNIT_ASSIGNED_CONTEXT ( ( #1915, #432, #457 ) ) REPRESENTATION_CONTEXT ( 'NONE', 'WORKASPACE' ) );
#821 = EDGE_LOOP ( 'NONE', ( #1130, #1972, #1635, #181, #144, #152, #1907, #1800 ) ) ;
#822 = PRESENTATION_LAYER_ASSIGNMENT (  '', '', ( #667 ) ) ;
#823 = STYLED_ITEM ( 'NONE', ( #323 ), #28 ) ;
#824 =( NAMED_UNIT ( * ) PLANE_ANGLE_UNIT ( ) SI_UNIT ( $, .RADIAN. ) );
#825 = AXIS2_PLACEMENT_3D ( 'NONE', #1950, #156, #1314 ) ;
#826 = ORIENTED_EDGE ( 'NONE', *, *, #819, .F. ) ;
#827 = MECHANICAL_DESIGN_GEOMETRIC_PRESENTATION_REPRESENTATION (  '', ( #1258 ), #1095 ) ;
#828 =( NAMED_UNIT ( * ) PLANE_ANGLE_UNIT ( ) SI_UNIT ( $, .RADIAN. ) );
#829 = VECTOR ( 'NONE', #2114, 1000.000000000000000 ) ;
#830 =( NAMED_UNIT ( * ) PLANE_ANGLE_UNIT ( ) SI_UNIT ( $, .RADIAN. ) );
#831 = VECTOR ( 'NONE', #76, 1000.000000000000000 ) ;
#832 = DIRECTION ( 'NONE',  ( 1.000000000000000000, 0.000000000000000000, 0.000000000000000000 ) ) ;
#833 =( GEOMETRIC_REPRESENTATION_CONTEXT ( 3 ) GLOBAL_UNCERTAINTY_ASSIGNED_CONTEXT ( ( #1542 ) ) GLOBAL_UNIT_ASSIGNED_CONTEXT ( ( #1511, #1535, #1987 ) ) REPRESENTATION_CONTEXT ( 'NONE', 'WORKASPACE' ) );
#834 = ADVANCED_FACE ( 'NONE', ( #2020 ), #547, .T. ) ;
#835 = CARTESIAN_POINT ( 'NONE',  ( 0.2100000000000000200, -0.2300000000000000100, 0.2200000000000000011 ) ) ;
#836 = ORIENTED_EDGE ( 'NONE', *, *, #1245, .T. ) ;
#837 = CARTESIAN_POINT ( 'NONE',  ( 0.2100000000000000200, 0.2100000000000000200, 0.2200000000000000011 ) ) ;
#838 = CARTESIAN_POINT ( 'NONE',  ( -0.2100000000000000200, -0.7700000000000000178, 0.5799999999999999600 ) ) ;
#839 = DIRECTION ( 'NONE',  ( 0.000000000000000000, 0.000000000000000000, 1.000000000000000000 ) ) ;
#840 = DIRECTION ( 'NONE',  ( 0.000000000000000000, 0.000000000000000000, 1.000000000000000000 ) ) ;
#841 = FILL_AREA_STYLE_COLOUR ( '', #580 ) ;
#842 = ADVANCED_FACE ( 'NONE', ( #1559 ), #1740, .T. ) ;
#843 = ORIENTED_EDGE ( 'NONE', *, *, #1052, .F. ) ;
#844 = SURFACE_SIDE_STYLE ('',( #37 ) ) ;
#845 = DIRECTION ( 'NONE',  ( -1.000000000000000000, 0.000000000000000000, 0.000000000000000000 ) ) ;
#846 = DIRECTION ( 'NONE',  ( -0.000000000000000000, -0.000000000000000000, 1.000000000000000000 ) ) ;
#847 = EDGE_CURVE ( 'NONE', #460, #885, #911, .T. ) ;
#848 = CYLINDRICAL_SURFACE ( 'NONE', #671, 0.02000000000000005246 ) ;
#849 = FILL_AREA_STYLE ('',( #1469 ) ) ;
#850 = CARTESIAN_POINT ( 'NONE',  ( 0.6918115923659069466, 1.075058636040620019, 0.5979999999999999760 ) ) ;
#851 = COLOUR_RGB ( '',0.8313725490196077761, 0.8313725490196077761, 0.8313725490196077761 ) ;
#852 = ORIENTED_EDGE ( 'NONE', *, *, #1323, .F. ) ;
#853 = COLOUR_RGB ( '',0.2862745098039215508, 0.2862745098039215508, 0.2862745098039215508 ) ;
#854 =( BOUNDED_SURFACE ( )  B_SPLINE_SURFACE ( 3, 3, ( 
 ( #1621, #462, #346, #1156 ),
 ( #168, #1321, #2005, #1168 ),
 ( #194, #970, #1015, #1668 ),
 ( #180, #1971, #1507, #1373 ) ),
 .UNSPECIFIED., .F., .F., .T. ) 
 B_SPLINE_SURFACE_WITH_KNOTS ( ( 4, 4 ),
 ( 4, 4 ),
 ( 0.000000000000000000, 1.000000000000000000 ),
 ( 0.000000000000000000, 1.000000000000000000 ),
 .UNSPECIFIED. ) 
 GEOMETRIC_REPRESENTATION_ITEM ( )  RATIONAL_B_SPLINE_SURFACE ( (
 ( 1.000000000000000000, 0.3333333333333305393, 0.3333333333333305393, 1.000000000000000000),
 ( 0.9245018060306378072, 0.3081672686768766600, 0.3081672686768766600, 0.9245018060306378072),
 ( 0.9245018060306378072, 0.3081672686768766600, 0.3081672686768766600, 0.9245018060306378072),
 ( 1.000000000000000000, 0.3333333333333305393, 0.3333333333333305393, 1.000000000000000000) ) ) 
 REPRESENTATION_ITEM ( '' )  SURFACE ( )  );
#855 = VECTOR ( 'NONE', #185, 1000.000000000000000 ) ;
#856 = MECHANICAL_DESIGN_GEOMETRIC_PRESENTATION_REPRESENTATION (  '', ( #14 ), #50 ) ;
#857 = CARTESIAN_POINT ( 'NONE',  ( -0.4000000000000000222, -0.7500000000000000000, 0.5799999999999999600 ) ) ;
#858 = DIRECTION ( 'NONE',  ( -1.000000000000000000, 0.000000000000000000, 0.000000000000000000 ) ) ;
#859 =( GEOMETRIC_REPRESENTATION_CONTEXT ( 3 ) GLOBAL_UNCERTAINTY_ASSIGNED_CONTEXT ( ( #907 ) ) GLOBAL_UNIT_ASSIGNED_CONTEXT ( ( #1554, #1688, #570 ) ) REPRESENTATION_CONTEXT ( 'NONE', 'WORKASPACE' ) );
#860 =( GEOMETRIC_REPRESENTATION_CONTEXT ( 3 ) GLOBAL_UNCERTAINTY_ASSIGNED_CONTEXT ( ( #56 ) ) GLOBAL_UNIT_ASSIGNED_CONTEXT ( ( #2072, #1400, #1553 ) ) REPRESENTATION_CONTEXT ( 'NONE', 'WORKASPACE' ) );
#861 = PRESENTATION_LAYER_ASSIGNMENT (  '', '', ( #1307 ) ) ;
#862 = SURFACE_STYLE_FILL_AREA ( #1700 ) ;
#863 =( GEOMETRIC_REPRESENTATION_CONTEXT ( 3 ) GLOBAL_UNCERTAINTY_ASSIGNED_CONTEXT ( ( #739 ) ) GLOBAL_UNIT_ASSIGNED_CONTEXT ( ( #103, #1758, #1262 ) ) REPRESENTATION_CONTEXT ( 'NONE', 'WORKASPACE' ) );
#864 = SURFACE_STYLE_USAGE ( .BOTH. , #1660 ) ;
#865 = VERTEX_POINT ( 'NONE', #1073 ) ;
#866 = CARTESIAN_POINT ( 'NONE',  ( 0.3624999999999999889, 0.5000000000000000000, 0.1575000000000000011 ) ) ;
#867 = FILL_AREA_STYLE_COLOUR ( '', #1613 ) ;
#868 = CARTESIAN_POINT ( 'NONE',  ( -0.9916260141688221230, -0.5001434826427200164, 0.000000000000000000 ) ) ;
#869 = FACE_OUTER_BOUND ( 'NONE', #2077, .T. ) ;
#870 = EDGE_CURVE ( 'NONE', #465, #54, #1805, .T. ) ;
#871 =( NAMED_UNIT ( * ) SI_UNIT ( $, .STERADIAN. ) SOLID_ANGLE_UNIT ( ) );
#872 = CARTESIAN_POINT ( 'NONE',  ( -0.4013897985291148274, 0.7724334668800597603, 0.5908177507422027741 ) ) ;
#873 = FILL_AREA_STYLE ('',( #223 ) ) ;
#874 = ORIENTED_EDGE ( 'NONE', *, *, #1835, .T. ) ;
#875 = DIRECTION ( 'NONE',  ( -0.4082482904638629617, 0.8164965809277260345, 0.4082482904638632393 ) ) ;
#876 =( NAMED_UNIT ( * ) SI_UNIT ( $, .STERADIAN. ) SOLID_ANGLE_UNIT ( ) );
#877 = CLOSED_SHELL ( 'NONE', ( #1669, #1522 ) ) ;
#878 = CARTESIAN_POINT ( 'NONE',  ( 0.04750000000000004913, 0.8150000000000000577, -0.4724999999999998090 ) ) ;
#879 = CARTESIAN_POINT ( 'NONE',  ( 0.3624999999999999889, -0.8149999999999999467, 0.1575000000000000289 ) ) ;
#880 = EDGE_LOOP ( 'NONE', ( #1606, #609, #276, #1508 ) ) ;
#881 = ADVANCED_FACE ( 'NONE', ( #1630 ), #848, .T. ) ;
#882 = CARTESIAN_POINT ( 'NONE',  ( -0.04749999999999998668, 0.5000000000000000000, 0.1575000000000000011 ) ) ;
#883 = CARTESIAN_POINT ( 'NONE',  ( -0.4083919298188903313, 0.7803079137094994788, 0.5706037154400898093 ) ) ;
#884 =( NAMED_UNIT ( * ) SI_UNIT ( $, .STERADIAN. ) SOLID_ANGLE_UNIT ( ) );
#885 = VERTEX_POINT ( 'NONE', #382 ) ;
#886 = MECHANICAL_DESIGN_GEOMETRIC_PRESENTATION_REPRESENTATION (  '', ( #990 ), #496 ) ;
#887 = CARTESIAN_POINT ( 'NONE',  ( -0.8716260141688217944, -0.5001434826427200164, 0.003000000000000000062 ) ) ;
#888 = STYLED_ITEM ( 'NONE', ( #441 ), #635 ) ;
#889 = CARTESIAN_POINT ( 'NONE',  ( 0.3624999999999999889, 0.5000000000000000000, 0.1575000000000000011 ) ) ;
#890 = MECHANICAL_DESIGN_GEOMETRIC_PRESENTATION_REPRESENTATION (  '', ( #1123 ), #1059 ) ;
#891 = SURFACE_STYLE_USAGE ( .BOTH. , #1721 ) ;
#892 =( BOUNDED_SURFACE ( )  B_SPLINE_SURFACE ( 3, 3, ( 
 ( #866, #6, #514, #1840 ),
 ( #379, #668, #197, #48 ),
 ( #1847, #1509, #1984, #1334 ),
 ( #1170, #348, #523, #721 ) ),
 .UNSPECIFIED., .F., .F., .T. ) 
 B_SPLINE_SURFACE_WITH_KNOTS ( ( 4, 4 ),
 ( 4, 4 ),
 ( 0.000000000000000000, 1.000000000000000000 ),
 ( 0.000000000000000000, 1.000000000000000000 ),
 .UNSPECIFIED. ) 
 GEOMETRIC_REPRESENTATION_ITEM ( )  RATIONAL_B_SPLINE_SURFACE ( (
 ( 1.000000000000000000, 0.3333333333333334259, 0.3333333333333334259, 1.000000000000000000),
 ( 0.3333333333333333703, 0.1111111111111111605, 0.1111111111111111605, 0.3333333333333333703),
 ( 0.3333333333333333703, 0.1111111111111111605, 0.1111111111111111605, 0.3333333333333333703),
 ( 1.000000000000000000, 0.3333333333333334259, 0.3333333333333334259, 1.000000000000000000) ) ) 
 REPRESENTATION_ITEM ( '' )  SURFACE ( )  );
#893 = LINE ( 'NONE', #1723, #1072 ) ;
#894 = AXIS2_PLACEMENT_3D ( 'NONE', #1324, #483, #1143 ) ;
#895 = SURFACE_STYLE_FILL_AREA ( #1020 ) ;
#896 = AXIS2_PLACEMENT_3D ( 'NONE', #324, #495, #1778 ) ;
#897 = SURFACE_STYLE_USAGE ( .BOTH. , #1212 ) ;
#898 =( GEOMETRIC_REPRESENTATION_CONTEXT ( 3 ) GLOBAL_UNCERTAINTY_ASSIGNED_CONTEXT ( ( #2037 ) ) GLOBAL_UNIT_ASSIGNED_CONTEXT ( ( #1426, #2087, #419 ) ) REPRESENTATION_CONTEXT ( 'NONE', 'WORKASPACE' ) );
#899 = CARTESIAN_POINT ( 'NONE',  ( 0.3999999999999999667, -0.7700000000000000178, 0.2200000000000000011 ) ) ;
#900 = FILL_AREA_STYLE_COLOUR ( '', #2065 ) ;
#901 = DIRECTION ( 'NONE',  ( 0.000000000000000000, -0.000000000000000000, 1.000000000000000000 ) ) ;
#902 = EDGE_LOOP ( 'NONE', ( #1753, #1887 ) ) ;
#903 = AXIS2_PLACEMENT_3D ( 'NONE', #706, #527, #1695 ) ;
#904 = DIRECTION ( 'NONE',  ( 0.000000000000000000, -1.000000000000000000, 0.000000000000000000 ) ) ;
#905 = CARTESIAN_POINT ( 'NONE',  ( -0.04749999999999999362, 0.5000000000000000000, 0.1575000000000000011 ) ) ;
#906 = CARTESIAN_POINT ( 'NONE',  ( 0.04750000000000004913, -0.8150000000000001688, -0.4724999999999997535 ) ) ;
#907 = UNCERTAINTY_MEASURE_WITH_UNIT (LENGTH_MEASURE( 1.000000000000000082E-05 ), #1554, 'distance_accuracy_value', 'NONE');
#908 = CARTESIAN_POINT ( 'NONE',  ( -0.4122762600253819243, -0.7506605438875253444, 0.6017042122384704816 ) ) ;
#909 = DIRECTION ( 'NONE',  ( -1.000000000000000000, -0.000000000000000000, 0.000000000000000000 ) ) ;
#910 = ORIENTED_EDGE ( 'NONE', *, *, #2118, .T. ) ;
#911 = LINE ( 'NONE', #1888, #80 ) ;
#912 = ADVANCED_FACE ( 'NONE', ( #703 ), #512, .T. ) ;
#913 = ORIENTED_EDGE ( 'NONE', *, *, #1874, .T. ) ;
#914 = CARTESIAN_POINT ( 'NONE',  ( -0.04750000000000000056, -0.8149999999999999467, 0.1575000000000000289 ) ) ;
#915 = CARTESIAN_POINT ( 'NONE',  ( 0.3906037154400900380, -0.7803079137094995898, 0.5883919298188903246 ) ) ;
#916 =( LENGTH_UNIT ( ) NAMED_UNIT ( * ) SI_UNIT ( .MILLI., .METRE. ) );
#917 = CARTESIAN_POINT ( 'NONE',  ( -0.4008737458000931619, 0.7597678529894934529, 0.5986619601788933931 ) ) ;
#918 = VERTEX_POINT ( 'NONE', #868 ) ;
#919 = SURFACE_STYLE_FILL_AREA ( #111 ) ;
#920 = CARTESIAN_POINT ( 'NONE',  ( -0.3624999999999999334, 0.8150000000000000577, -0.4724999999999998090 ) ) ;
#921 = DIRECTION ( 'NONE',  ( 0.000000000000000000, 0.000000000000000000, -1.000000000000000000 ) ) ;
#922 = FILL_AREA_STYLE ('',( #102 ) ) ;
#923 =( LENGTH_UNIT ( ) NAMED_UNIT ( * ) SI_UNIT ( .MILLI., .METRE. ) );
#924 = MANIFOLD_SOLID_BREP ( 'Imported2', #1813 ) ;
#925 = PRESENTATION_STYLE_ASSIGNMENT (( #1746 ) ) ;
#926 = CIRCLE ( 'NONE', #2128, 0.02000000000000005246 ) ;
#927 = AXIS2_PLACEMENT_3D ( 'NONE', #1197, #1394, #171 ) ;
#928 = VECTOR ( 'NONE', #1384, 1000.000000000000000 ) ;
#929 = FACE_OUTER_BOUND ( 'NONE', #807, .T. ) ;
#930 = AXIS2_PLACEMENT_3D ( 'NONE', #1285, #1943, #1492 ) ;
#931 = VERTEX_POINT ( 'NONE', #62 ) ;
#932 = FACE_OUTER_BOUND ( 'NONE', #976, .T. ) ;
#933 = CIRCLE ( 'NONE', #2133, 0.02000000000000004552 ) ;
#934 = ORIENTED_EDGE ( 'NONE', *, *, #1052, .T. ) ;
#935 = PRESENTATION_STYLE_ASSIGNMENT (( #231 ) ) ;
#936 = DIRECTION ( 'NONE',  ( 1.000000000000000000, 0.000000000000000000, 0.000000000000000000 ) ) ;
#937 = PRODUCT_DEFINITION_SHAPE ( 'NONE', 'NONE',  #2141 ) ;
#938 = EDGE_CURVE ( 'NONE', #1868, #284, #1387, .T. ) ;
#939 = CARTESIAN_POINT ( 'NONE',  ( -0.4084060552475216044, -0.7298382068274636980, 0.6115932876607922397 ) ) ;
#940 = CARTESIAN_POINT ( 'NONE',  ( -0.4115470053837925746, 0.7615470053837924969, 0.5915470053837924569 ) ) ;
#941 = EDGE_CURVE ( 'NONE', #546, #2136, #926, .T. ) ;
#942 = CARTESIAN_POINT ( 'NONE',  ( -0.9916260141688221230, -0.5001434826427200164, 0.003000000000000000062 ) ) ;
#943 = EDGE_LOOP ( 'NONE', ( #843, #1661, #2026, #1291, #756 ) ) ;
#944 = MANIFOLD_SOLID_BREP ( 'Imported1', #316 ) ;
#945 = CARTESIAN_POINT ( 'NONE',  ( 0.4000000000000000777, -0.7500000000000000000, 0.5799999999999999600 ) ) ;
#946 = DIRECTION ( 'NONE',  ( 0.5773502691896221783, 0.5773502691896275074, 0.5773502691896275074 ) ) ;
#947 = CARTESIAN_POINT ( 'NONE',  ( -0.3624999999999999889, -0.5000000000000000000, 0.1575000000000000011 ) ) ;
#948 = DIRECTION ( 'NONE',  ( 1.000000000000000000, 0.000000000000000000, 0.000000000000000000 ) ) ;
#949 =( NAMED_UNIT ( * ) SI_UNIT ( $, .STERADIAN. ) SOLID_ANGLE_UNIT ( ) );
#950 = DIRECTION ( 'NONE',  ( -0.000000000000000000, -0.000000000000000000, -1.000000000000000000 ) ) ;
#951 = SURFACE_STYLE_USAGE ( .BOTH. , #628 ) ;
#952 = DIRECTION ( 'NONE',  ( -1.000000000000000000, 0.000000000000000000, 0.000000000000000000 ) ) ;
#953 = ORIENTED_EDGE ( 'NONE', *, *, #870, .T. ) ;
#954 = EDGE_CURVE ( 'NONE', #169, #367, #159, .T. ) ;
#955 = EDGE_LOOP ( 'NONE', ( #1593, #687, #1818, #317 ) ) ;
#956 = FACE_OUTER_BOUND ( 'NONE', #880, .T. ) ;
#957 = CIRCLE ( 'NONE', #123, 0.02000000000000005246 ) ;
#958 = CARTESIAN_POINT ( 'NONE',  ( 0.3624999999999999889, -0.5000000000000000000, 0.1575000000000000011 ) ) ;
#959 = UNCERTAINTY_MEASURE_WITH_UNIT (LENGTH_MEASURE( 1.000000000000000082E-05 ), #1513, 'distance_accuracy_value', 'NONE');
#960 = DIRECTION ( 'NONE',  ( 0.000000000000000000, 0.000000000000000000, 1.000000000000000000 ) ) ;
#961 =( LENGTH_UNIT ( ) NAMED_UNIT ( * ) SI_UNIT ( .MILLI., .METRE. ) );
#962 =( GEOMETRIC_REPRESENTATION_CONTEXT ( 3 ) GLOBAL_UNCERTAINTY_ASSIGNED_CONTEXT ( ( #986 ) ) GLOBAL_UNIT_ASSIGNED_CONTEXT ( ( #1365, #1018, #876 ) ) REPRESENTATION_CONTEXT ( 'NONE', 'WORKASPACE' ) );
#963 = CARTESIAN_POINT ( 'NONE',  ( -0.2100000000000000200, -0.2100000000000000200, 0.2200000000000000011 ) ) ;
#964 = ORIENTED_EDGE ( 'NONE', *, *, #199, .T. ) ;
#965 = VECTOR ( 'NONE', #1960, 1000.000000000000000 ) ;
#966 = UNCERTAINTY_MEASURE_WITH_UNIT (LENGTH_MEASURE( 1.000000000000000082E-05 ), #980, 'distance_accuracy_value', 'NONE');
#967 = COLOUR_RGB ( '',0.2862745098039215508, 0.2862745098039215508, 0.2862745098039215508 ) ;
#968 = ORIENTED_EDGE ( 'NONE', *, *, #796, .T. ) ;
#969 = CARTESIAN_POINT ( 'NONE',  ( -0.4000000000000000222, 0.7700000000000000178, 0.5799999999999999600 ) ) ;
#970 = CARTESIAN_POINT ( 'NONE',  ( -0.4083919298188904423, -0.7803079137094995898, 0.5706037154400898093 ) ) ;
#971 = CARTESIAN_POINT ( 'NONE',  ( 0.3950189003719570824, 0.7566125165785924089, 0.5982061327852279398 ) ) ;
#972 =( GEOMETRIC_REPRESENTATION_CONTEXT ( 3 ) GLOBAL_UNCERTAINTY_ASSIGNED_CONTEXT ( ( #557 ) ) GLOBAL_UNIT_ASSIGNED_CONTEXT ( ( #1562, #285, #1941 ) ) REPRESENTATION_CONTEXT ( 'NONE', 'WORKASPACE' ) );
#973 =( NAMED_UNIT ( * ) PLANE_ANGLE_UNIT ( ) SI_UNIT ( $, .RADIAN. ) );
#974 = CARTESIAN_POINT ( 'NONE',  ( 0.4115470053837925746, 0.7615470053837924969, 0.5915470053837924569 ) ) ;
#975 = CARTESIAN_POINT ( 'NONE',  ( 0.000000000000000000, 0.000000000000000000, 0.000000000000000000 ) ) ;
#976 = EDGE_LOOP ( 'NONE', ( #852, #1595, #1958, #1299 ) ) ;
#977 =( NAMED_UNIT ( * ) PLANE_ANGLE_UNIT ( ) SI_UNIT ( $, .RADIAN. ) );
#978 = EDGE_LOOP ( 'NONE', ( #248, #1385, #1768, #2121, #1008 ) ) ;
#979 = EDGE_CURVE ( 'NONE', #1215, #812, #504, .T. ) ;
#980 =( LENGTH_UNIT ( ) NAMED_UNIT ( * ) SI_UNIT ( .MILLI., .METRE. ) );
#981 = CARTESIAN_POINT ( 'NONE',  ( 0.4111437761600962304, 0.7392277922694870940, 0.6089319905388963505 ) ) ;
#982 = CARTESIAN_POINT ( 'NONE',  ( -0.3624999999999999889, 0.5000000000000000000, 0.1575000000000000011 ) ) ;
#983 = PRODUCT_RELATED_PRODUCT_CATEGORY ( 'part', '', ( #287 ) ) ;
#984 = PRODUCT_RELATED_PRODUCT_CATEGORY ( 'part', '', ( #151 ) ) ;
#985 = EDGE_LOOP ( 'NONE', ( #987, #448, #1739, #788 ) ) ;
#986 = UNCERTAINTY_MEASURE_WITH_UNIT (LENGTH_MEASURE( 1.000000000000000082E-05 ), #1365, 'distance_accuracy_value', 'NONE');
#987 = ORIENTED_EDGE ( 'NONE', *, *, #979, .T. ) ;
#988 = CARTESIAN_POINT ( 'NONE',  ( 0.4162609814903366345, 0.7615470053837926079, 0.5868330292772484524 ) ) ;
#989 = DIRECTION ( 'NONE',  ( 0.000000000000000000, 0.000000000000000000, 1.000000000000000000 ) ) ;
#990 = STYLED_ITEM ( 'NONE', ( #411 ), #385 ) ;
#991 = DIRECTION ( 'NONE',  ( 0.000000000000000000, 0.000000000000000000, 1.000000000000000000 ) ) ;
#992 = AXIS2_PLACEMENT_3D ( 'NONE', #1910, #1755, #1057 ) ;
#993 = ORIENTED_EDGE ( 'NONE', *, *, #1925, .F. ) ;
#994 = STYLED_ITEM ( 'NONE', ( #207 ), #816 ) ;
#995 = PRESENTATION_LAYER_ASSIGNMENT (  '', '', ( #823 ) ) ;
#996 = PRESENTATION_LAYER_ASSIGNMENT (  '', '', ( #790 ) ) ;
#997 = ORIENTED_EDGE ( 'NONE', *, *, #1976, .T. ) ;
#998 =( NAMED_UNIT ( * ) SI_UNIT ( $, .STERADIAN. ) SOLID_ANGLE_UNIT ( ) );
#999 = CARTESIAN_POINT ( 'NONE',  ( -0.4000000000000000222, -0.7500000000000000000, 0.5799999999999999600 ) ) ;
#1000 = MECHANICAL_DESIGN_GEOMETRIC_PRESENTATION_REPRESENTATION (  '', ( #795 ), #859 ) ;
#1001 = DIRECTION ( 'NONE',  ( 1.000000000000000000, 0.000000000000000000, 0.000000000000000000 ) ) ;
#1002 =( GEOMETRIC_REPRESENTATION_CONTEXT ( 3 ) GLOBAL_UNCERTAINTY_ASSIGNED_CONTEXT ( ( #418 ) ) GLOBAL_UNIT_ASSIGNED_CONTEXT ( ( #634, #1962, #492 ) ) REPRESENTATION_CONTEXT ( 'NONE', 'WORKASPACE' ) );
#1003 = MECHANICAL_DESIGN_GEOMETRIC_PRESENTATION_REPRESENTATION (  '', ( #1307 ), #1582 ) ;
#1004 = EDGE_CURVE ( 'NONE', #1411, #1626, #43, .T. ) ;
#1005 = DIRECTION ( 'NONE',  ( 1.000000000000000000, 0.000000000000000000, 0.000000000000000000 ) ) ;
#1006 = CARTESIAN_POINT ( 'NONE',  ( -0.4000000000000000222, -0.7700000000000000178, 0.2200000000000000011 ) ) ;
#1007 = EDGE_CURVE ( 'NONE', #658, #1119, #177, .T. ) ;
#1008 = ORIENTED_EDGE ( 'NONE', *, *, #321, .T. ) ;
#1009 = FILL_AREA_STYLE ('',( #1199 ) ) ;
#1010 = SURFACE_STYLE_USAGE ( .BOTH. , #342 ) ;
#1011 = DIRECTION ( 'NONE',  ( 1.000000000000000000, 0.000000000000000000, 0.000000000000000000 ) ) ;
#1012 = CARTESIAN_POINT ( 'NONE',  ( -0.04749999999999999362, -0.5000000000000000000, 0.1575000000000000011 ) ) ;
#1013 = APPLICATION_PROTOCOL_DEFINITION ( 'draft international standard', 'automotive_design', 1998, #373 ) ;
#1014 = CARTESIAN_POINT ( 'NONE',  ( -0.4068330292772481815, 0.7615470053837924969, 0.5962609814903365724 ) ) ;
#1015 = CARTESIAN_POINT ( 'NONE',  ( -0.3906037154400902045, -0.7803079137094994788, 0.5883919298188901026 ) ) ;
#1016 = EDGE_CURVE ( 'NONE', #1475, #1558, #1718, .T. ) ;
#1017 = ORIENTED_EDGE ( 'NONE', *, *, #870, .F. ) ;
#1018 =( NAMED_UNIT ( * ) PLANE_ANGLE_UNIT ( ) SI_UNIT ( $, .RADIAN. ) );
#1019 =( NAMED_UNIT ( * ) SI_UNIT ( $, .STERADIAN. ) SOLID_ANGLE_UNIT ( ) );
#1020 = FILL_AREA_STYLE ('',( #218 ) ) ;
#1021 =( NAMED_UNIT ( * ) SI_UNIT ( $, .STERADIAN. ) SOLID_ANGLE_UNIT ( ) );
#1022 = COLOUR_RGB ( '',0.2862745098039215508, 0.2862745098039215508, 0.2862745098039215508 ) ;
#1023 = CARTESIAN_POINT ( 'NONE',  ( 0.4289319905388965792, -0.7392277922694869829, 0.5911437761600963903 ) ) ;
#1024 = VERTEX_POINT ( 'NONE', #969 ) ;
#1025 = MECHANICAL_DESIGN_GEOMETRIC_PRESENTATION_REPRESENTATION (  '', ( #536 ), #749 ) ;
#1026 = CIRCLE ( 'NONE', #295, 0.01999999999999999695 ) ;
#1027 = MECHANICAL_DESIGN_GEOMETRIC_PRESENTATION_REPRESENTATION (  '', ( #1979 ), #1825 ) ;
#1028 = STYLED_ITEM ( 'NONE', ( #2039 ), #399 ) ;
#1029 =( GEOMETRIC_REPRESENTATION_CONTEXT ( 3 ) GLOBAL_UNCERTAINTY_ASSIGNED_CONTEXT ( ( #153 ) ) GLOBAL_UNIT_ASSIGNED_CONTEXT ( ( #2029, #1690, #1544 ) ) REPRESENTATION_CONTEXT ( 'NONE', 'WORKASPACE' ) );
#1030 = DIRECTION ( 'NONE',  ( 0.000000000000000000, 1.000000000000000000, 0.000000000000000000 ) ) ;
#1031 = DIRECTION ( 'NONE',  ( 0.000000000000000000, 0.000000000000000000, 1.000000000000000000 ) ) ;
#1032 = CARTESIAN_POINT ( 'NONE',  ( -0.4000000000000000222, -0.7589442719099991352, 0.5978885438199983415 ) ) ;
#1033 =( GEOMETRIC_REPRESENTATION_CONTEXT ( 3 ) GLOBAL_UNCERTAINTY_ASSIGNED_CONTEXT ( ( #219 ) ) GLOBAL_UNIT_ASSIGNED_CONTEXT ( ( #1850, #1503, #1843 ) ) REPRESENTATION_CONTEXT ( 'NONE', 'WORKASPACE' ) );
#1034 = SURFACE_STYLE_USAGE ( .BOTH. , #1674 ) ;
#1035 = DIRECTION ( 'NONE',  ( 0.000000000000000000, -0.000000000000000000, 1.000000000000000000 ) ) ;
#1036 = SURFACE_SIDE_STYLE ('',( #1523 ) ) ;
#1037 = ORIENTED_EDGE ( 'NONE', *, *, #1919, .T. ) ;
#1038 = CARTESIAN_POINT ( 'NONE',  ( 0.4000000000000000222, -0.3850000000000000089, 0.5799999999999999600 ) ) ;
#1039 = DIRECTION ( 'NONE',  ( 0.000000000000000000, -0.000000000000000000, 1.000000000000000000 ) ) ;
#1040 = VERTEX_POINT ( 'NONE', #2138 ) ;
#1041 = EDGE_CURVE ( 'NONE', #214, #378, #1940, .T. ) ;
#1042 = DIRECTION ( 'NONE',  ( 1.000000000000000000, 0.000000000000000000, -0.000000000000000000 ) ) ;
#1043 = CARTESIAN_POINT ( 'NONE',  ( -0.4008737458000931619, 0.7597678529894932309, 0.5986619601788932821 ) ) ;
#1044 = SURFACE_STYLE_USAGE ( .BOTH. , #1521 ) ;
#1045 =( LENGTH_UNIT ( ) NAMED_UNIT ( * ) SI_UNIT ( .MILLI., .METRE. ) );
#1046 = VERTEX_POINT ( 'NONE', #1620 ) ;
#1047 = CARTESIAN_POINT ( 'NONE',  ( -0.4200000000000000400, -0.7500000000000000000, 0.2200000000000000011 ) ) ;
#1048 = CARTESIAN_POINT ( 'NONE',  ( 0.4115470053837924636, 0.7615470053837926079, 0.5915470053837926789 ) ) ;
#1049 = UNCERTAINTY_MEASURE_WITH_UNIT (LENGTH_MEASURE( 1.000000000000000082E-05 ), #1451, 'distance_accuracy_value', 'NONE');
#1050 = CARTESIAN_POINT ( 'NONE',  ( -0.04749999999999999362, 0.8150000000000001688, 0.7874999999999997558 ) ) ;
#1051 = SURFACE_STYLE_USAGE ( .BOTH. , #1036 ) ;
#1052 = EDGE_CURVE ( 'NONE', #1691, #114, #1644, .T. ) ;
#1053 = ORIENTED_EDGE ( 'NONE', *, *, #723, .T. ) ;
#1054 = DIRECTION ( 'NONE',  ( 1.000000000000000000, 0.000000000000000000, 0.000000000000000000 ) ) ;
#1055 = PRODUCT ( 'SIT1552AI-JE-DCC-32.768E', 'SIT1552AI-JE-DCC-32.768E', '', ( #1319 ) ) ;
#1056 = MECHANICAL_DESIGN_GEOMETRIC_PRESENTATION_REPRESENTATION (  '', ( #1948 ), #392 ) ;
#1057 = DIRECTION ( 'NONE',  ( 0.000000000000000000, 0.000000000000000000, -1.000000000000000000 ) ) ;
#1058 = CARTESIAN_POINT ( 'NONE',  ( 0.04750000000000002831, 0.1850000000000000810, 0.1575000000000000289 ) ) ;
#1059 =( GEOMETRIC_REPRESENTATION_CONTEXT ( 3 ) GLOBAL_UNCERTAINTY_ASSIGNED_CONTEXT ( ( #475 ) ) GLOBAL_UNIT_ASSIGNED_CONTEXT ( ( #1142, #1638, #651 ) ) REPRESENTATION_CONTEXT ( 'NONE', 'WORKASPACE' ) );
#1060 = MECHANICAL_DESIGN_GEOMETRIC_PRESENTATION_REPRESENTATION (  '', ( #823 ), #1437 ) ;
#1061 = SURFACE_STYLE_USAGE ( .BOTH. , #695 ) ;
#1062 = DIRECTION ( 'NONE',  ( 1.000000000000000000, 0.000000000000000000, 0.000000000000000000 ) ) ;
#1063 = MECHANICAL_DESIGN_GEOMETRIC_PRESENTATION_REPRESENTATION (  '', ( #790 ), #1921 ) ;
#1064 = CIRCLE ( 'NONE', #1614, 0.02000000000000005246 ) ;
#1065 = MECHANICAL_DESIGN_GEOMETRIC_PRESENTATION_REPRESENTATION (  '', ( #296 ), #677 ) ;
#1066 = UNCERTAINTY_MEASURE_WITH_UNIT (LENGTH_MEASURE( 1.000000000000000082E-05 ), #173, 'distance_accuracy_value', 'NONE');
#1067 = UNCERTAINTY_MEASURE_WITH_UNIT (LENGTH_MEASURE( 1.000000000000000082E-05 ), #590, 'distance_accuracy_value', 'NONE');
#1068 = CARTESIAN_POINT ( 'NONE',  ( 0.4200000000000000400, 0.7700000000000000178, 0.2200000000000000011 ) ) ;
#1069 = ADVANCED_FACE ( 'NONE', ( #501 ), #1484, .T. ) ;
#1070 = PRESENTATION_LAYER_ASSIGNMENT (  '', '', ( #336 ) ) ;
#1071 = ORIENTED_EDGE ( 'NONE', *, *, #586, .F. ) ;
#1072 = VECTOR ( 'NONE', #210, 1000.000000000000000 ) ;
#1073 = CARTESIAN_POINT ( 'NONE',  ( -0.2100000000000000200, 0.2300000000000000100, 0.02700000000000000663 ) ) ;
#1074 = EDGE_CURVE ( 'NONE', #1345, #2105, #1655, .T. ) ;
#1075 = CARTESIAN_POINT ( 'NONE',  ( 0.04749999999999999362, -0.5000000000000000000, 0.1575000000000000011 ) ) ;
#1076 = SURFACE_SIDE_STYLE ('',( #1893 ) ) ;
#1077 = CYLINDRICAL_SURFACE ( 'NONE', #992, 0.02000000000000005246 ) ;
#1078 = CARTESIAN_POINT ( 'NONE',  ( -0.3624999999999999889, 0.5000000000000000000, 0.1575000000000000011 ) ) ;
#1079 = PRESENTATION_STYLE_ASSIGNMENT (( #1885 ) ) ;
#1080 = VERTEX_POINT ( 'NONE', #1 ) ;
#1081 = CARTESIAN_POINT ( 'NONE',  ( -0.3624999999999999889, 0.5000000000000000000, 0.1575000000000000011 ) ) ;
#1082 = SURFACE_SIDE_STYLE ('',( #1757 ) ) ;
#1083 = CARTESIAN_POINT ( 'NONE',  ( 0.04750000000000002831, -0.8149999999999999467, 0.1575000000000000289 ) ) ;
#1084 = DIRECTION ( 'NONE',  ( -0.5773502691896221783, 0.5773502691896275074, 0.5773502691896275074 ) ) ;
#1085 = VERTEX_POINT ( 'NONE', #1466 ) ;
#1086 = CARTESIAN_POINT ( 'NONE',  ( 0.2300000000000000100, -0.2300000000000000100, 0.2200000000000000011 ) ) ;
#1087 = CARTESIAN_POINT ( 'NONE',  ( -0.3624999999999999334, 0.1850000000000000810, 0.1575000000000000289 ) ) ;
#1088 = ORIENTED_EDGE ( 'NONE', *, *, #1166, .T. ) ;
#1089 = ADVANCED_FACE ( 'NONE', ( #1974 ), #2125, .T. ) ;
#1090 = FILL_AREA_STYLE ('',( #591 ) ) ;
#1091 =( GEOMETRIC_REPRESENTATION_CONTEXT ( 3 ) GLOBAL_UNCERTAINTY_ASSIGNED_CONTEXT ( ( #1201 ) ) GLOBAL_UNIT_ASSIGNED_CONTEXT ( ( #247, #135, #108 ) ) REPRESENTATION_CONTEXT ( 'NONE', 'WORKASPACE' ) );
#1092 = STYLED_ITEM ( 'NONE', ( #1986 ), #881 ) ;
#1093 = EDGE_CURVE ( 'NONE', #1148, #214, #571, .T. ) ;
#1094 = FILL_AREA_STYLE ('',( #616 ) ) ;
#1095 =( GEOMETRIC_REPRESENTATION_CONTEXT ( 3 ) GLOBAL_UNCERTAINTY_ASSIGNED_CONTEXT ( ( #626 ) ) GLOBAL_UNIT_ASSIGNED_CONTEXT ( ( #1912, #426, #1421 ) ) REPRESENTATION_CONTEXT ( 'NONE', 'WORKASPACE' ) );
#1096 = CARTESIAN_POINT ( 'NONE',  ( -0.4111437761600963414, -0.7392277922694869829, 0.6089319905388966836 ) ) ;
#1097 = FILL_AREA_STYLE ('',( #95 ) ) ;
#1098 = PRESENTATION_LAYER_ASSIGNMENT (  '', '', ( #793 ) ) ;
#1099 = MECHANICAL_DESIGN_GEOMETRIC_PRESENTATION_REPRESENTATION (  '', ( #1955 ), #228 ) ;
#1100 = VERTEX_POINT ( 'NONE', #701 ) ;
#1101 = CARTESIAN_POINT ( 'NONE',  ( -0.2300000000000000100, -0.2300000000000000100, 0.02700000000000000663 ) ) ;
#1102 = ORIENTED_EDGE ( 'NONE', *, *, #319, .T. ) ;
#1103 = FILL_AREA_STYLE_COLOUR ( '', #1793 ) ;
#1104 = PRESENTATION_STYLE_ASSIGNMENT (( #746 ) ) ;
#1105 = DIRECTION ( 'NONE',  ( 0.000000000000000000, 0.000000000000000000, 1.000000000000000000 ) ) ;
#1106 = EDGE_CURVE ( 'NONE', #775, #2089, #398, .T. ) ;
#1107 = DIRECTION ( 'NONE',  ( -0.5773502691896292838, 0.5773502691896239547, 0.5773502691896239547 ) ) ;
#1108 = EDGE_CURVE ( 'NONE', #1807, #1215, #1858, .T. ) ;
#1109 = CYLINDRICAL_SURFACE ( 'NONE', #364, 0.02000000000000005246 ) ;
#1110 =( NAMED_UNIT ( * ) PLANE_ANGLE_UNIT ( ) SI_UNIT ( $, .RADIAN. ) );
#1111 = UNCERTAINTY_MEASURE_WITH_UNIT (LENGTH_MEASURE( 1.000000000000000082E-05 ), #549, 'distance_accuracy_value', 'NONE');
#1112 = PRESENTATION_STYLE_ASSIGNMENT (( #266 ) ) ;
#1113 =( NAMED_UNIT ( * ) PLANE_ANGLE_UNIT ( ) SI_UNIT ( $, .RADIAN. ) );
#1114 = DIRECTION ( 'NONE',  ( -0.4082482904638630727, -0.8164965809277261455, 0.4082482904638630727 ) ) ;
#1115 = CARTESIAN_POINT ( 'NONE',  ( -0.4115470053837924636, 0.7615470053837926079, 0.5915470053837925679 ) ) ;
#1116 = ADVANCED_FACE ( 'NONE', ( #534 ), #183, .T. ) ;
#1117 = ORIENTED_EDGE ( 'NONE', *, *, #2021, .T. ) ;
#1118 = CARTESIAN_POINT ( 'NONE',  ( -0.2300000000000000100, 0.2100000000000000200, 0.2200000000000000011 ) ) ;
#1119 = VERTEX_POINT ( 'NONE', #887 ) ;
#1120 = FILL_AREA_STYLE_COLOUR ( '', #1439 ) ;
#1121 = CARTESIAN_POINT ( 'NONE',  ( 0.2100000000000000200, -0.2100000000000000200, 0.2200000000000000011 ) ) ;
#1122 = CARTESIAN_POINT ( 'NONE',  ( 0.4115470053837924080, 0.7615470053837929409, 0.5915470053837923459 ) ) ;
#1123 = STYLED_ITEM ( 'NONE', ( #482 ), #748 ) ;
#1124 = MECHANICAL_DESIGN_GEOMETRIC_PRESENTATION_REPRESENTATION (  '', ( #994 ), #186 ) ;
#1125 = AXIS2_PLACEMENT_3D ( 'NONE', #1819, #652, #146 ) ;
#1126 = ORIENTED_EDGE ( 'NONE', *, *, #1810, .T. ) ;
#1127 = EDGE_CURVE ( 'NONE', #2105, #1255, #198, .T. ) ;
#1128 = VECTOR ( 'NONE', #1548, 1000.000000000000000 ) ;
#1129 = PRESENTATION_LAYER_ASSIGNMENT (  '', '', ( #795 ) ) ;
#1130 = ORIENTED_EDGE ( 'NONE', *, *, #979, .F. ) ;
#1131 = MECHANICAL_DESIGN_GEOMETRIC_PRESENTATION_REPRESENTATION (  '', ( #1797 ), #1134 ) ;
#1132 = DIRECTION ( 'NONE',  ( 1.000000000000000000, 0.000000000000000000, 0.000000000000000000 ) ) ;
#1133 =( NAMED_UNIT ( * ) SI_UNIT ( $, .STERADIAN. ) SOLID_ANGLE_UNIT ( ) );
#1134 =( GEOMETRIC_REPRESENTATION_CONTEXT ( 3 ) GLOBAL_UNCERTAINTY_ASSIGNED_CONTEXT ( ( #1066 ) ) GLOBAL_UNIT_ASSIGNED_CONTEXT ( ( #173, #665, #1981 ) ) REPRESENTATION_CONTEXT ( 'NONE', 'WORKASPACE' ) );
#1135 = LINE ( 'NONE', #1177, #1273 ) ;
#1136 = PRODUCT_CONTEXT ( 'NONE', #1303, 'mechanical' ) ;
#1137 = CARTESIAN_POINT ( 'NONE',  ( 0.4068330292772484591, -0.7615470053837924969, 0.5962609814903365724 ) ) ;
#1138 = DIRECTION ( 'NONE',  ( 1.000000000000000000, 0.000000000000000000, 0.000000000000000000 ) ) ;
#1139 = SURFACE_SIDE_STYLE ('',( #1787 ) ) ;
#1140 = SHAPE_REPRESENTATION ( '1', ( #1446 ), #863 ) ;
#1141 = ORIENTED_EDGE ( 'NONE', *, *, #1935, .T. ) ;
#1142 =( LENGTH_UNIT ( ) NAMED_UNIT ( * ) SI_UNIT ( .MILLI., .METRE. ) );
#1143 = DIRECTION ( 'NONE',  ( -1.000000000000000000, 0.000000000000000000, 0.000000000000000000 ) ) ;
#1144 = CARTESIAN_POINT ( 'NONE',  ( 0.4182061327852279464, 0.7566125165785924089, 0.5750189003719569092 ) ) ;
#1145 = DIRECTION ( 'NONE',  ( 1.000000000000000000, 0.000000000000000000, -0.000000000000000000 ) ) ;
#1146 = SURFACE_STYLE_USAGE ( .BOTH. , #487 ) ;
#1147 = UNCERTAINTY_MEASURE_WITH_UNIT (LENGTH_MEASURE( 1.000000000000000082E-05 ), #1803, 'distance_accuracy_value', 'NONE');
#1148 = VERTEX_POINT ( 'NONE', #49 ) ;
#1149 =( NAMED_UNIT ( * ) PLANE_ANGLE_UNIT ( ) SI_UNIT ( $, .RADIAN. ) );
#1150 = CARTESIAN_POINT ( 'NONE',  ( 0.4217042122384702663, 0.7506605438875256775, 0.5922762600253815846 ) ) ;
#1151 = EDGE_CURVE ( 'NONE', #145, #347, #1219, .T. ) ;
#1152 = ITEM_DEFINED_TRANSFORMATION ( 'NONE', 'NONE', #1410,  #1506 ) ;
#1153 = AXIS2_PLACEMENT_3D ( 'NONE', #778, #1720, #1551 ) ;
#1154 = LINE ( 'NONE', #681, #537 ) ;
#1155 = COLOUR_RGB ( '',0.2862745098039215508, 0.2862745098039215508, 0.2862745098039215508 ) ;
#1156 = CARTESIAN_POINT ( 'NONE',  ( -0.4115470053837923525, -0.7615470053837926079, 0.5915470053837925679 ) ) ;
#1157 = AXIS2_PLACEMENT_3D ( 'NONE', #515, #1355, #524 ) ;
#1158 = ORIENTED_EDGE ( 'NONE', *, *, #518, .F. ) ;
#1159 = SURFACE_STYLE_USAGE ( .BOTH. , #844 ) ;
#1160 = FILL_AREA_STYLE ('',( #659 ) ) ;
#1161 = STYLED_ITEM ( 'NONE', ( #1556 ), #1349 ) ;
#1162 =( NAMED_UNIT ( * ) SI_UNIT ( $, .STERADIAN. ) SOLID_ANGLE_UNIT ( ) );
#1163 = MECHANICAL_DESIGN_GEOMETRIC_PRESENTATION_REPRESENTATION (  '', ( #2101 ), #833 ) ;
#1164 = PRESENTATION_LAYER_ASSIGNMENT (  '', '', ( #647 ) ) ;
#1165 = DIRECTION ( 'NONE',  ( 1.000000000000000000, 0.000000000000000000, 0.000000000000000000 ) ) ;
#1166 = EDGE_CURVE ( 'NONE', #498, #1119, #293, .T. ) ;
#1167 =( NAMED_UNIT ( * ) PLANE_ANGLE_UNIT ( ) SI_UNIT ( $, .RADIAN. ) );
#1168 = CARTESIAN_POINT ( 'NONE',  ( -0.4068330292772481260, -0.7615470053837926079, 0.5962609814903366834 ) ) ;
#1169 = EDGE_LOOP ( 'NONE', ( #238, #637, #1322, #308 ) ) ;
#1170 = CARTESIAN_POINT ( 'NONE',  ( 0.04749999999999998668, 0.5000000000000000000, 0.1575000000000000011 ) ) ;
#1171 =( NAMED_UNIT ( * ) SI_UNIT ( $, .STERADIAN. ) SOLID_ANGLE_UNIT ( ) );
#1172 =( BOUNDED_SURFACE ( )  B_SPLINE_SURFACE ( 3, 3, ( 
 ( #940, #784, #456, #1115 ),
 ( #134, #752, #803, #1455 ),
 ( #1288, #410, #245, #917 ),
 ( #2066, #150, #817, #2131 ) ),
 .UNSPECIFIED., .F., .F., .T. ) 
 B_SPLINE_SURFACE_WITH_KNOTS ( ( 4, 4 ),
 ( 4, 4 ),
 ( 0.000000000000000000, 1.000000000000000000 ),
 ( 0.000000000000000000, 1.000000000000000000 ),
 .UNSPECIFIED. ) 
 GEOMETRIC_REPRESENTATION_ITEM ( )  RATIONAL_B_SPLINE_SURFACE ( (
 ( 1.000000000000000000, 0.3333333333333339810, 0.3333333333333339810, 1.000000000000000000),
 ( 0.9245018060306378072, 0.3081672686768798797, 0.3081672686768798797, 0.9245018060306378072),
 ( 0.9245018060306378072, 0.3081672686768798797, 0.3081672686768798797, 0.9245018060306378072),
 ( 1.000000000000000000, 0.3333333333333339810, 0.3333333333333339810, 1.000000000000000000) ) ) 
 REPRESENTATION_ITEM ( '' )  SURFACE ( )  );
#1173 = CARTESIAN_POINT ( 'NONE',  ( 0.4200000000000000400, 0.7700000000000000178, 0.2200000000000000011 ) ) ;
#1174 = CARTESIAN_POINT ( 'NONE',  ( 0.4217042122384702107, -0.7506605438875256775, 0.5922762600253818066 ) ) ;
#1175 = APPLICATION_CONTEXT ( 'automotive_design' ) ;
#1176 = ORIENTED_EDGE ( 'NONE', *, *, #490, .F. ) ;
#1177 = CARTESIAN_POINT ( 'NONE',  ( -0.4200000000000000400, -0.7500000000000000000, 0.2200000000000000011 ) ) ;
#1178 = LINE ( 'NONE', #361, #583 ) ;
#1179 = AXIS2_PLACEMENT_3D ( 'NONE', #1391, #1588, #948 ) ;
#1180 = PRESENTATION_STYLE_ASSIGNMENT (( #864 ) ) ;
#1181 = EDGE_CURVE ( 'NONE', #367, #1465, #753, .T. ) ;
#1182 = ORIENTED_EDGE ( 'NONE', *, *, #1408, .F. ) ;
#1183 = MECHANICAL_DESIGN_GEOMETRIC_PRESENTATION_REPRESENTATION (  '', ( #667 ), #256 ) ;
#1184 = AXIS2_PLACEMENT_3D ( 'NONE', #2111, #1425, #2086 ) ;
#1185 = DIRECTION ( 'NONE',  ( 0.000000000000000000, 0.000000000000000000, 1.000000000000000000 ) ) ;
#1186 = DIRECTION ( 'NONE',  ( 0.000000000000000000, 0.000000000000000000, -1.000000000000000000 ) ) ;
#1187 =( GEOMETRIC_REPRESENTATION_CONTEXT ( 3 ) GLOBAL_UNCERTAINTY_ASSIGNED_CONTEXT ( ( #2107 ) ) GLOBAL_UNIT_ASSIGNED_CONTEXT ( ( #1693, #209, #1019 ) ) REPRESENTATION_CONTEXT ( 'NONE', 'WORKASPACE' ) );
#1188 = CIRCLE ( 'NONE', #1574, 0.06000000000000015737 ) ;
#1189 = STYLED_ITEM ( 'NONE', ( #1428 ), #1257 ) ;
#1190 = STYLED_ITEM ( 'NONE', ( #463 ), #1645 ) ;
#1191 = CARTESIAN_POINT ( 'NONE',  ( 0.4000000000000000222, 0.7700000000000000178, 0.2200000000000000011 ) ) ;
#1192 = VECTOR ( 'NONE', #612, 1000.000000000000000 ) ;
#1193 = AXIS2_PLACEMENT_3D ( 'NONE', #1963, #662, #163 ) ;
#1194 = CARTESIAN_POINT ( 'NONE',  ( -0.3816317454963927824, 0.7833868263297211199, 0.5848189779096634178 ) ) ;
#1195 = PRESENTATION_STYLE_ASSIGNMENT (( #1044 ) ) ;
#1196 = SURFACE_SIDE_STYLE ('',( #2030 ) ) ;
#1197 = CARTESIAN_POINT ( 'NONE',  ( -0.9316260141688219587, -0.5001434826427200164, 0.000000000000000000 ) ) ;
#1198 = ORIENTED_EDGE ( 'NONE', *, *, #1106, .F. ) ;
#1199 = FILL_AREA_STYLE_COLOUR ( '', #1436 ) ;
#1200 = CARTESIAN_POINT ( 'NONE',  ( 0.3816317454963927824, 0.7833868263297215639, 0.5848189779096636398 ) ) ;
#1201 = UNCERTAINTY_MEASURE_WITH_UNIT (LENGTH_MEASURE( 1.000000000000000082E-05 ), #247, 'distance_accuracy_value', 'NONE');
#1202 = DIRECTION ( 'NONE',  ( -1.000000000000000000, 0.000000000000000000, 0.000000000000000000 ) ) ;
#1203 = LINE ( 'NONE', #1240, #1341 ) ;
#1204 = FILL_AREA_STYLE_COLOUR ( '', #2129 ) ;
#1205 = EDGE_LOOP ( 'NONE', ( #2056, #1280, #1779, #206 ) ) ;
#1206 = DIRECTION ( 'NONE',  ( 0.000000000000000000, -0.000000000000000000, -1.000000000000000000 ) ) ;
#1207 = DIRECTION ( 'NONE',  ( -0.000000000000000000, -0.000000000000000000, -1.000000000000000000 ) ) ;
#1208 = PRESENTATION_STYLE_ASSIGNMENT (( #891 ) ) ;
#1209 = PRESENTATION_STYLE_ASSIGNMENT (( #555 ) ) ;
#1210 = EDGE_CURVE ( 'NONE', #1080, #1459, #22, .T. ) ;
#1211 = SURFACE_STYLE_USAGE ( .BOTH. , #738 ) ;
#1212 = SURFACE_SIDE_STYLE ('',( #1709 ) ) ;
#1213 =( NAMED_UNIT ( * ) SI_UNIT ( $, .STERADIAN. ) SOLID_ANGLE_UNIT ( ) );
#1214 = FACE_OUTER_BOUND ( 'NONE', #1395, .T. ) ;
#1215 = VERTEX_POINT ( 'NONE', #769 ) ;
#1216 = CARTESIAN_POINT ( 'NONE',  ( -0.04749999999999998668, 0.5000000000000000000, 0.1575000000000000011 ) ) ;
#1217 = PRESENTATION_LAYER_ASSIGNMENT (  '', '', ( #536 ) ) ;
#1218 = CARTESIAN_POINT ( 'NONE',  ( 0.2049999999999999878, -0.5000000000000000000, 0.1575000000000000011 ) ) ;
#1219 = CIRCLE ( 'NONE', #1952, 0.1574999999999999734 ) ;
#1220 =( GEOMETRIC_REPRESENTATION_CONTEXT ( 3 ) GLOBAL_UNCERTAINTY_ASSIGNED_CONTEXT ( ( #2119 ) ) GLOBAL_UNIT_ASSIGNED_CONTEXT ( ( #1440, #1945, #1783 ) ) REPRESENTATION_CONTEXT ( 'NONE', 'WORKASPACE' ) );
#1221 = CARTESIAN_POINT ( 'NONE',  ( 0.04749999999999999362, -0.5000000000000000000, 0.1575000000000000011 ) ) ;
#1222 = CARTESIAN_POINT ( 'NONE',  ( 0.4000000000000000222, -0.7500000000000000000, 0.5799999999999999600 ) ) ;
#1223 = VECTOR ( 'NONE', #1570, 1000.000000000000000 ) ;
#1224 = CARTESIAN_POINT ( 'NONE',  ( -0.4000000000000000222, 0.7500000000000000000, 0.5799999999999999600 ) ) ;
#1225 = MECHANICAL_DESIGN_GEOMETRIC_PRESENTATION_REPRESENTATION (  '', ( #1161 ), #1029 ) ;
#1226 = PRODUCT_DEFINITION_CONTEXT ( 'detailed design', #528, 'design' ) ;
#1227 = AXIS2_PLACEMENT_3D ( 'NONE', #343, #839, #832 ) ;
#1228 = PLANE ( 'NONE',  #720 ) ;
#1229 = CARTESIAN_POINT ( 'NONE',  ( -0.9316260141688219587, -0.5001434826427200164, 0.000000000000000000 ) ) ;
#1230 = CIRCLE ( 'NONE', #1504, 0.1575000000000000011 ) ;
#1231 = ORIENTED_EDGE ( 'NONE', *, *, #1804, .T. ) ;
#1232 = CARTESIAN_POINT ( 'NONE',  ( -0.04750000000000000056, 0.8149999999999999467, 0.1574999999999999456 ) ) ;
#1233 = PRODUCT_DEFINITION_SHAPE ( 'NONE', 'NONE',  #2142 ) ;
#1234 = DIRECTION ( 'NONE',  ( -1.000000000000000000, 0.000000000000000000, 0.000000000000000000 ) ) ;
#1235 =( NAMED_UNIT ( * ) SI_UNIT ( $, .STERADIAN. ) SOLID_ANGLE_UNIT ( ) );
#1236 = CARTESIAN_POINT ( 'NONE',  ( 0.000000000000000000, 0.000000000000000000, 0.000000000000000000 ) ) ;
#1237 =( NAMED_UNIT ( * ) SI_UNIT ( $, .STERADIAN. ) SOLID_ANGLE_UNIT ( ) );
#1238 = CARTESIAN_POINT ( 'NONE',  ( 0.04749999999999998668, -0.5000000000000000000, 0.1575000000000000011 ) ) ;
#1239 = DIRECTION ( 'NONE',  ( 1.000000000000000000, 0.000000000000000000, 0.000000000000000000 ) ) ;
#1240 = CARTESIAN_POINT ( 'NONE',  ( -0.2300000000000000100, 0.2300000000000000100, 0.02700000000000000663 ) ) ;
#1241 = CARTESIAN_POINT ( 'NONE',  ( -0.4000000000000000777, 0.7500000000000000000, 0.5799999999999999600 ) ) ;
#1242 = EDGE_LOOP ( 'NONE', ( #1857, #1809 ) ) ;
#1243 = EDGE_CURVE ( 'NONE', #1583, #1637, #403, .T. ) ;
#1244 = CARTESIAN_POINT ( 'NONE',  ( 0.2300000000000000100, 0.2100000000000000200, 0.2200000000000000011 ) ) ;
#1245 = EDGE_CURVE ( 'NONE', #283, #812, #449, .T. ) ;
#1246 = FILL_AREA_STYLE_COLOUR ( '', #717 ) ;
#1247 = CARTESIAN_POINT ( 'NONE',  ( -0.3624999999999999334, -0.1850000000000000810, 0.1575000000000000289 ) ) ;
#1248 =( NAMED_UNIT ( * ) PLANE_ANGLE_UNIT ( ) SI_UNIT ( $, .RADIAN. ) );
#1249 =( LENGTH_UNIT ( ) NAMED_UNIT ( * ) SI_UNIT ( .MILLI., .METRE. ) );
#1250 = FILL_AREA_STYLE ('',( #1438 ) ) ;
#1251 = UNCERTAINTY_MEASURE_WITH_UNIT (LENGTH_MEASURE( 1.000000000000000082E-05 ), #1271, 'distance_accuracy_value', 'NONE');
#1252 = CARTESIAN_POINT ( 'NONE',  ( -0.4217042122384704883, -0.7506605438875252334, 0.5922762600253820287 ) ) ;
#1253 = DIRECTION ( 'NONE',  ( 1.000000000000000000, 0.000000000000000000, 0.000000000000000000 ) ) ;
#1254 = PRESENTATION_STYLE_ASSIGNMENT (( #1601 ) ) ;
#1255 = VERTEX_POINT ( 'NONE', #422 ) ;
#1256 = CARTESIAN_POINT ( 'NONE',  ( -0.3624999999999999889, 0.5000000000000000000, 0.1575000000000000011 ) ) ;
#1257 = ADVANCED_FACE ( 'NONE', ( #98 ), #734, .T. ) ;
#1258 = STYLED_ITEM ( 'NONE', ( #935 ), #240 ) ;
#1259 = SURFACE_SIDE_STYLE ('',( #1413 ) ) ;
#1260 = CARTESIAN_POINT ( 'NONE',  ( -0.3624999999999999889, -0.5000000000000000000, 0.1575000000000000011 ) ) ;
#1261 = CIRCLE ( 'NONE', #1153, 0.01999999999999999695 ) ;
#1262 =( NAMED_UNIT ( * ) SI_UNIT ( $, .STERADIAN. ) SOLID_ANGLE_UNIT ( ) );
#1263 = PRESENTATION_LAYER_ASSIGNMENT (  '', '', ( #292 ) ) ;
#1264 = PRESENTATION_LAYER_ASSIGNMENT (  '', '', ( #572 ) ) ;
#1265 = MANIFOLD_SURFACE_SHAPE_REPRESENTATION ( '', ( #1537, #1506 ), #306 ) ;
#1266 = FACE_OUTER_BOUND ( 'NONE', #489, .T. ) ;
#1267 = COLOUR_RGB ( '',0.9607843137254902244, 0.9607843137254902244, 0.9607843137254902244 ) ;
#1268 = CARTESIAN_POINT ( 'NONE',  ( -0.4200000000000000400, 0.7500000000000000000, 0.5799999999999999600 ) ) ;
#1269 =( GEOMETRIC_REPRESENTATION_CONTEXT ( 3 ) GLOBAL_UNCERTAINTY_ASSIGNED_CONTEXT ( ( #1147 ) ) GLOBAL_UNIT_ASSIGNED_CONTEXT ( ( #1803, #824, #1311 ) ) REPRESENTATION_CONTEXT ( 'NONE', 'WORKASPACE' ) );
#1270 = CARTESIAN_POINT ( 'NONE',  ( -0.4000000000000000777, 0.7500000000000000000, 0.5799999999999999600 ) ) ;
#1271 =( LENGTH_UNIT ( ) NAMED_UNIT ( * ) SI_UNIT ( .MILLI., .METRE. ) );
#1272 =( LENGTH_UNIT ( ) NAMED_UNIT ( * ) SI_UNIT ( .MILLI., .METRE. ) );
#1273 = VECTOR ( 'NONE', #1031, 1000.000000000000000 ) ;
#1274 = AXIS2_PLACEMENT_3D ( 'NONE', #2047, #568, #858 ) ;
#1275 = CARTESIAN_POINT ( 'NONE',  ( -0.2100000000000000200, 0.2300000000000000100, 0.2200000000000000011 ) ) ;
#1276 = DIRECTION ( 'NONE',  ( 0.000000000000000000, 0.000000000000000000, 1.000000000000000000 ) ) ;
#1277 = CARTESIAN_POINT ( 'NONE',  ( 0.3816317454963927824, -0.7833868263297214529, 0.5848189779096635288 ) ) ;
#1278 = SURFACE_STYLE_FILL_AREA ( #773 ) ;
#1279 = EDGE_CURVE ( 'NONE', #1046, #2105, #711, .T. ) ;
#1280 = ORIENTED_EDGE ( 'NONE', *, *, #1591, .T. ) ;
#1281 =( NAMED_UNIT ( * ) SI_UNIT ( $, .STERADIAN. ) SOLID_ANGLE_UNIT ( ) );
#1282 = ORIENTED_EDGE ( 'NONE', *, *, #354, .F. ) ;
#1283 = DIRECTION ( 'NONE',  ( -1.000000000000000000, 0.000000000000000000, 0.000000000000000000 ) ) ;
#1284 = PRESENTATION_STYLE_ASSIGNMENT (( #298 ) ) ;
#1285 = CARTESIAN_POINT ( 'NONE',  ( 0.4000000000000000222, -0.7500000000000000000, 0.2200000000000000011 ) ) ;
#1286 = EDGE_CURVE ( 'NONE', #865, #1807, #435, .T. ) ;
#1287 = SURFACE_SIDE_STYLE ('',( #1278 ) ) ;
#1288 = CARTESIAN_POINT ( 'NONE',  ( -0.4186619601788935108, 0.7597678529894933419, 0.5808737458000932108 ) ) ;
#1289 = ORIENTED_EDGE ( 'NONE', *, *, #1976, .F. ) ;
#1290 = PRESENTATION_STYLE_ASSIGNMENT (( #1808 ) ) ;
#1291 = ORIENTED_EDGE ( 'NONE', *, *, #61, .F. ) ;
#1292 = CARTESIAN_POINT ( 'NONE',  ( -0.4115470053837925746, -0.7615470053837924969, 0.5915470053837924569 ) ) ;
#1293 =( REPRESENTATION_RELATIONSHIP ('NONE','NONE', #322, #1738 ) REPRESENTATION_RELATIONSHIP_WITH_TRANSFORMATION ( #1309 )SHAPE_REPRESENTATION_RELATIONSHIP( ) );
#1294 = DIRECTION ( 'NONE',  ( 0.5773502691896292838, 0.5773502691896239547, 0.5773502691896239547 ) ) ;
#1295 = MECHANICAL_DESIGN_GEOMETRIC_PRESENTATION_REPRESENTATION (  '', ( #78 ), #1091 ) ;
#1296 = CARTESIAN_POINT ( 'NONE',  ( -0.3624999999999999334, -0.8149999999999999467, 0.1575000000000000289 ) ) ;
#1297 = AXIS2_PLACEMENT_3D ( 'NONE', #1692, #875, #1515 ) ;
#1298 = CIRCLE ( 'NONE', #2127, 0.06000000000000015737 ) ;
#1299 = ORIENTED_EDGE ( 'NONE', *, *, #1742, .T. ) ;
#1300 = LINE ( 'NONE', #1118, #1648 ) ;
#1301 = AXIS2_PLACEMENT_3D ( 'NONE', #91, #2075, #595 ) ;
#1302 = ORIENTED_EDGE ( 'NONE', *, *, #1093, .F. ) ;
#1303 = APPLICATION_CONTEXT ( 'automotive_design' ) ;
#1304 = PRESENTATION_LAYER_ASSIGNMENT (  '', '', ( #2101 ) ) ;
#1305 = DIRECTION ( 'NONE',  ( 0.000000000000000000, -1.224646799147353207E-16, -1.000000000000000000 ) ) ;
#1306 = FACE_OUTER_BOUND ( 'NONE', #36, .T. ) ;
#1307 = STYLED_ITEM ( 'NONE', ( #246 ), #1898 ) ;
#1308 = SURFACE_STYLE_USAGE ( .BOTH. , #148 ) ;
#1309 = ITEM_DEFINED_TRANSFORMATION ( 'NONE', 'NONE', #271,  #1446 ) ;
#1310 = DIRECTION ( 'NONE',  ( 0.000000000000000000, 0.000000000000000000, 1.000000000000000000 ) ) ;
#1311 =( NAMED_UNIT ( * ) SI_UNIT ( $, .STERADIAN. ) SOLID_ANGLE_UNIT ( ) );
#1312 = ADVANCED_FACE ( 'NONE', ( #932 ), #1594, .T. ) ;
#1313 = VERTEX_POINT ( 'NONE', #638 ) ;
#1314 = DIRECTION ( 'NONE',  ( 1.000000000000000000, 0.000000000000000000, 0.000000000000000000 ) ) ;
#1315 = DIRECTION ( 'NONE',  ( 0.000000000000000000, 0.000000000000000000, -1.000000000000000000 ) ) ;
#1316 = EDGE_CURVE ( 'NONE', #1459, #460, #478, .T. ) ;
#1317 = DIRECTION ( 'NONE',  ( -1.000000000000000000, 0.000000000000000000, 0.000000000000000000 ) ) ;
#1318 = CLOSED_SHELL ( 'NONE', ( #1257, #107 ) ) ;
#1319 = PRODUCT_CONTEXT ( 'NONE', #1414, 'mechanical' ) ;
#1320 = PRESENTATION_STYLE_ASSIGNMENT (( #1520 ) ) ;
#1321 = CARTESIAN_POINT ( 'NONE',  ( -0.4108177507422031693, -0.7724334668800595383, 0.5813897985291147652 ) ) ;
#1322 = ORIENTED_EDGE ( 'NONE', *, *, #1775, .F. ) ;
#1323 = EDGE_CURVE ( 'NONE', #1583, #931, #1300, .T. ) ;
#1324 = CARTESIAN_POINT ( 'NONE',  ( 0.2100000000000000200, 0.2100000000000000200, 0.2200000000000000011 ) ) ;
#1325 = CARTESIAN_POINT ( 'NONE',  ( 0.04749999999999998668, 0.5000000000000000000, 0.1575000000000000011 ) ) ;
#1326 = ADVANCED_FACE ( 'NONE', ( #806 ), #1817, .T. ) ;
#1327 = CARTESIAN_POINT ( 'NONE',  ( -0.04749999999999999362, -0.8150000000000001688, -0.4724999999999997535 ) ) ;
#1328 = AXIS2_PLACEMENT_3D ( 'NONE', #1386, #2043, #565 ) ;
#1329 = PRESENTATION_LAYER_ASSIGNMENT (  '', '', ( #9 ) ) ;
#1330 = CARTESIAN_POINT ( 'NONE',  ( -0.4115470053837924636, 0.7615470053837926079, 0.5915470053837922348 ) ) ;
#1331 = VECTOR ( 'NONE', #654, 1000.000000000000000 ) ;
#1332 = ORIENTED_EDGE ( 'NONE', *, *, #480, .T. ) ;
#1333 = PRESENTATION_LAYER_ASSIGNMENT (  '', '', ( #1719 ) ) ;
#1334 = CARTESIAN_POINT ( 'NONE',  ( 0.04750000000000002831, 0.1850000000000000810, 0.1575000000000000844 ) ) ;
#1335 = DIRECTION ( 'NONE',  ( 0.000000000000000000, 0.000000000000000000, 1.000000000000000000 ) ) ;
#1336 = MECHANICAL_DESIGN_GEOMETRIC_PRESENTATION_REPRESENTATION (  '', ( #1189 ), #507 ) ;
#1337 = CARTESIAN_POINT ( 'NONE',  ( -0.4200000000000000400, 0.7500000000000000000, 0.2200000000000000011 ) ) ;
#1338 = STYLED_ITEM ( 'NONE', ( #925 ), #1549 ) ;
#1339 = CARTESIAN_POINT ( 'NONE',  ( 0.3624999999999999889, -0.1850000000000001921, -0.4724999999999999201 ) ) ;
#1340 = EDGE_CURVE ( 'NONE', #1024, #1148, #1826, .T. ) ;
#1341 = VECTOR ( 'NONE', #1361, 1000.000000000000000 ) ;
#1342 = PRODUCT_CONTEXT ( 'NONE', #373, 'mechanical' ) ;
#1343 = FACE_OUTER_BOUND ( 'NONE', #2123, .T. ) ;
#1344 = CARTESIAN_POINT ( 'NONE',  ( 0.4115470053837925191, -0.7615470053837927189, 0.5915470053837924569 ) ) ;
#1345 = VERTEX_POINT ( 'NONE', #792 ) ;
#1346 =( NAMED_UNIT ( * ) SI_UNIT ( $, .STERADIAN. ) SOLID_ANGLE_UNIT ( ) );
#1347 =( NAMED_UNIT ( * ) PLANE_ANGLE_UNIT ( ) SI_UNIT ( $, .RADIAN. ) );
#1348 = FILL_AREA_STYLE_COLOUR ( '', #759 ) ;
#1349 = ADVANCED_FACE ( 'NONE', ( #2106 ), #67, .T. ) ;
#1350 = CARTESIAN_POINT ( 'NONE',  ( -0.4115470053837925746, 0.7615470053837924969, 0.5915470053837924569 ) ) ;
#1351 = FILL_AREA_STYLE_COLOUR ( '', #1155 ) ;
#1352 = CARTESIAN_POINT ( 'NONE',  ( 0.4084060552475214934, -0.7298382068274640311, 0.6115932876607921287 ) ) ;
#1353 = VERTEX_POINT ( 'NONE', #899 ) ;
#1354 = PRODUCT_RELATED_PRODUCT_CATEGORY ( 'part', '', ( #309 ) ) ;
#1355 = DIRECTION ( 'NONE',  ( 0.000000000000000000, 0.000000000000000000, 1.000000000000000000 ) ) ;
#1356 = PRODUCT_DEFINITION ( 'UNKNOWN', '', #2137, #351 ) ;
#1357 = CARTESIAN_POINT ( 'NONE',  ( 0.3624999999999999889, -0.5000000000000000000, 0.1575000000000000011 ) ) ;
#1358 = ORIENTED_EDGE ( 'NONE', *, *, #1629, .F. ) ;
#1359 = CARTESIAN_POINT ( 'NONE',  ( -0.3950189003719570824, 0.7566125165785924089, 0.5982061327852278287 ) ) ;
#1360 = PRESENTATION_LAYER_ASSIGNMENT (  '', '', ( #78 ) ) ;
#1361 = DIRECTION ( 'NONE',  ( -1.000000000000000000, -0.000000000000000000, -0.000000000000000000 ) ) ;
#1362 = EDGE_LOOP ( 'NONE', ( #1713, #307, #968, #421 ) ) ;
#1363 = COLOUR_RGB ( '',0.2862745098039215508, 0.2862745098039215508, 0.2862745098039215508 ) ;
#1364 = DIRECTION ( 'NONE',  ( -0.000000000000000000, -1.000000000000000000, -0.000000000000000000 ) ) ;
#1365 =( LENGTH_UNIT ( ) NAMED_UNIT ( * ) SI_UNIT ( .MILLI., .METRE. ) );
#1366 = VECTOR ( 'NONE', #1831, 1000.000000000000000 ) ;
#1367 = CARTESIAN_POINT ( 'NONE',  ( 0.3624999999999999889, 0.5000000000000000000, 0.1575000000000000011 ) ) ;
#1368 =( GEOMETRIC_REPRESENTATION_CONTEXT ( 3 ) GLOBAL_UNCERTAINTY_ASSIGNED_CONTEXT ( ( #1049 ) ) GLOBAL_UNIT_ASSIGNED_CONTEXT ( ( #1451, #427, #949 ) ) REPRESENTATION_CONTEXT ( 'NONE', 'WORKASPACE' ) );
#1369 = CIRCLE ( 'NONE', #1540, 0.01999999999999999695 ) ;
#1370 = CARTESIAN_POINT ( 'NONE',  ( 0.4013897985291150494, 0.7724334668800596493, 0.5908177507422031072 ) ) ;
#1371 =( GEOMETRIC_REPRESENTATION_CONTEXT ( 3 ) GLOBAL_UNCERTAINTY_ASSIGNED_CONTEXT ( ( #1555 ) ) GLOBAL_UNIT_ASSIGNED_CONTEXT ( ( #68, #575, #1737 ) ) REPRESENTATION_CONTEXT ( 'NONE', 'WORKASPACE' ) );
#1372 = CARTESIAN_POINT ( 'NONE',  ( -0.04749999999999998668, 0.5000000000000000000, 0.1575000000000000011 ) ) ;
#1373 = CARTESIAN_POINT ( 'NONE',  ( -0.3950189003719570824, -0.7566125165785924089, 0.5982061327852279398 ) ) ;
#1374 = CYLINDRICAL_SURFACE ( 'NONE', #2064, 0.01999999999999999695 ) ;
#1375 = VERTEX_POINT ( 'NONE', #205 ) ;
#1376 = CARTESIAN_POINT ( 'NONE',  ( 0.2300000000000000100, 0.2300000000000000100, 0.2200000000000000011 ) ) ;
#1377 = ADVANCED_FACE ( 'NONE', ( #543 ), #727, .T. ) ;
#1378 = SURFACE_STYLE_FILL_AREA ( #117 ) ;
#1379 = CARTESIAN_POINT ( 'NONE',  ( -0.2100000000000000200, 0.2100000000000000200, 0.02700000000000000663 ) ) ;
#1380 = FILL_AREA_STYLE_COLOUR ( '', #264 ) ;
#1381 = CARTESIAN_POINT ( 'NONE',  ( 0.2100000000000000200, -0.2100000000000000200, 0.2200000000000000011 ) ) ;
#1382 = SURFACE_SIDE_STYLE ('',( #1867 ) ) ;
#1383 = ORIENTED_EDGE ( 'NONE', *, *, #518, .T. ) ;
#1384 = DIRECTION ( 'NONE',  ( 0.000000000000000000, -0.000000000000000000, 1.000000000000000000 ) ) ;
#1385 = ORIENTED_EDGE ( 'NONE', *, *, #954, .T. ) ;
#1386 = CARTESIAN_POINT ( 'NONE',  ( 0.2049999999999999878, 0.5000000000000000000, 0.1575000000000000011 ) ) ;
#1387 = LINE ( 'NONE', #1173, #855 ) ;
#1388 = LINE ( 'NONE', #762, #164 ) ;
#1389 =( LENGTH_UNIT ( ) NAMED_UNIT ( * ) SI_UNIT ( .MILLI., .METRE. ) );
#1390 = ADVANCED_FACE ( 'NONE', ( #1728 ), #1109, .T. ) ;
#1391 = CARTESIAN_POINT ( 'NONE',  ( 0.4000000000000000222, 0.7500000000000000000, 0.2200000000000000011 ) ) ;
#1392 = CARTESIAN_POINT ( 'NONE',  ( -0.04749999999999999362, 0.5000000000000000000, 0.1575000000000000011 ) ) ;
#1393 = DIRECTION ( 'NONE',  ( -1.000000000000000000, 0.000000000000000000, 0.000000000000000000 ) ) ;
#1394 = DIRECTION ( 'NONE',  ( 0.000000000000000000, 0.000000000000000000, 1.000000000000000000 ) ) ;
#1395 = EDGE_LOOP ( 'NONE', ( #1900, #1037, #1879, #737 ) ) ;
#1396 = AXIS2_PLACEMENT_3D ( 'NONE', #963, #1906, #952 ) ;
#1397 = CARTESIAN_POINT ( 'NONE',  ( 0.4000000000000000222, -0.7500000000000000000, 0.5799999999999999600 ) ) ;
#1398 =( GEOMETRIC_REPRESENTATION_CONTEXT ( 3 ) GLOBAL_UNCERTAINTY_ASSIGNED_CONTEXT ( ( #479 ) ) GLOBAL_UNIT_ASSIGNED_CONTEXT ( ( #1516, #1347, #1171 ) ) REPRESENTATION_CONTEXT ( 'NONE', 'WORKASPACE' ) );
#1399 = VECTOR ( 'NONE', #280, 1000.000000000000000 ) ;
#1400 =( NAMED_UNIT ( * ) PLANE_ANGLE_UNIT ( ) SI_UNIT ( $, .RADIAN. ) );
#1401 = SHAPE_REPRESENTATION_RELATIONSHIP ( 'NONE' , 'NONE' ,  #1738, #2085 ) ;
#1402 = PRESENTATION_LAYER_ASSIGNMENT (  '', '', ( #1161 ) ) ;
#1403 = CARTESIAN_POINT ( 'NONE',  ( 0.4182061327852280574, -0.7566125165785924089, 0.5750189003719571312 ) ) ;
#1404 = CIRCLE ( 'NONE', #1895, 0.01999999999999999695 ) ;
#1405 = UNCERTAINTY_MEASURE_WITH_UNIT (LENGTH_MEASURE( 1.000000000000000082E-05 ), #300, 'distance_accuracy_value', 'NONE');
#1406 = SURFACE_STYLE_FILL_AREA ( #1765 ) ;
#1407 = LINE ( 'NONE', #376, #136 ) ;
#1408 = EDGE_CURVE ( 'NONE', #811, #1465, #1404, .T. ) ;
#1409 = CARTESIAN_POINT ( 'NONE',  ( 0.4115470053837925746, -0.7615470053837924969, 0.5915470053837924569 ) ) ;
#1410 = AXIS2_PLACEMENT_3D ( 'NONE', #850, #810, #2120 ) ;
#1411 = VERTEX_POINT ( 'NONE', #1928 ) ;
#1412 = PRESENTATION_STYLE_ASSIGNMENT (( #2090 ) ) ;
#1413 = SURFACE_STYLE_FILL_AREA ( #425 ) ;
#1414 = APPLICATION_CONTEXT ( 'automotive_design' ) ;
#1415 = CARTESIAN_POINT ( 'NONE',  ( -0.04749999999999998668, -0.5000000000000000000, 0.1575000000000000011 ) ) ;
#1416 = SURFACE_STYLE_FILL_AREA ( #1250 ) ;
#1417 = FILL_AREA_STYLE_COLOUR ( '', #2013 ) ;
#1418 = DIRECTION ( 'NONE',  ( 0.4082482904638630727, -0.8164965809277261455, -0.4082482904638630727 ) ) ;
#1419 = ORIENTED_EDGE ( 'NONE', *, *, #1151, .T. ) ;
#1420 = CARTESIAN_POINT ( 'NONE',  ( -0.04749999999999998668, 0.5000000000000000000, 0.1575000000000000011 ) ) ;
#1421 =( NAMED_UNIT ( * ) SI_UNIT ( $, .STERADIAN. ) SOLID_ANGLE_UNIT ( ) );
#1422 = SURFACE_STYLE_FILL_AREA ( #118 ) ;
#1423 = SURFACE_SIDE_STYLE ('',( #1416 ) ) ;
#1424 = UNCERTAINTY_MEASURE_WITH_UNIT (LENGTH_MEASURE( 1.000000000000000082E-05 ), #735, 'distance_accuracy_value', 'NONE');
#1425 = DIRECTION ( 'NONE',  ( 0.000000000000000000, 0.000000000000000000, -1.000000000000000000 ) ) ;
#1426 =( LENGTH_UNIT ( ) NAMED_UNIT ( * ) SI_UNIT ( .MILLI., .METRE. ) );
#1427 = ORIENTED_EDGE ( 'NONE', *, *, #1642, .T. ) ;
#1428 = PRESENTATION_STYLE_ASSIGNMENT (( #2070 ) ) ;
#1429 = ORIENTED_EDGE ( 'NONE', *, *, #1279, .F. ) ;
#1430 = CIRCLE ( 'NONE', #2016, 0.01999999999999999695 ) ;
#1431 = SURFACE_SIDE_STYLE ('',( #277 ) ) ;
#1432 = DIRECTION ( 'NONE',  ( -0.4082482904638629617, 0.8164965809277260345, -0.4082482904638632393 ) ) ;
#1433 = DIRECTION ( 'NONE',  ( 0.000000000000000000, 0.000000000000000000, 1.000000000000000000 ) ) ;
#1434 = CIRCLE ( 'NONE', #1468, 0.02000000000000005246 ) ;
#1435 = ADVANCED_FACE ( 'NONE', ( #1566 ), #1172, .T. ) ;
#1436 = COLOUR_RGB ( '',0.2862745098039215508, 0.2862745098039215508, 0.2862745098039215508 ) ;
#1437 =( GEOMETRIC_REPRESENTATION_CONTEXT ( 3 ) GLOBAL_UNCERTAINTY_ASSIGNED_CONTEXT ( ( #1251 ) ) GLOBAL_UNIT_ASSIGNED_CONTEXT ( ( #1271, #1110, #1021 ) ) REPRESENTATION_CONTEXT ( 'NONE', 'WORKASPACE' ) );
#1438 = FILL_AREA_STYLE_COLOUR ( '', #19 ) ;
#1439 = COLOUR_RGB ( '',0.2862745098039215508, 0.2862745098039215508, 0.2862745098039215508 ) ;
#1440 =( LENGTH_UNIT ( ) NAMED_UNIT ( * ) SI_UNIT ( .MILLI., .METRE. ) );
#1441 =( NAMED_UNIT ( * ) PLANE_ANGLE_UNIT ( ) SI_UNIT ( $, .RADIAN. ) );
#1442 = PRESENTATION_LAYER_ASSIGNMENT (  '', '', ( #296 ) ) ;
#1443 = PRESENTATION_LAYER_ASSIGNMENT (  '', '', ( #1762 ) ) ;
#1444 = EDGE_LOOP ( 'NONE', ( #1231, #70, #1964, #640 ) ) ;
#1445 = ORIENTED_EDGE ( 'NONE', *, *, #1210, .F. ) ;
#1446 = AXIS2_PLACEMENT_3D ( 'NONE', #1922, #1105, #407 ) ;
#1447 = EDGE_CURVE ( 'NONE', #1465, #1868, #1988, .T. ) ;
#1448 = PRESENTATION_STYLE_ASSIGNMENT (( #1010 ) ) ;
#1449 = DIRECTION ( 'NONE',  ( 0.000000000000000000, 0.000000000000000000, -1.000000000000000000 ) ) ;
#1450 = CARTESIAN_POINT ( 'NONE',  ( 0.4289319905388966347, 0.7392277922694870940, 0.5911437761600962792 ) ) ;
#1451 =( LENGTH_UNIT ( ) NAMED_UNIT ( * ) SI_UNIT ( .MILLI., .METRE. ) );
#1452 = PRODUCT_DEFINITION_SHAPE ( 'NONE', 'NONE',  #204 ) ;
#1453 = UNCERTAINTY_MEASURE_WITH_UNIT (LENGTH_MEASURE( 1.000000000000000082E-05 ), #69, 'distance_accuracy_value', 'NONE');
#1454 = CARTESIAN_POINT ( 'NONE',  ( 0.2100000000000000200, 0.7700000000000000178, 0.5799999999999999600 ) ) ;
#1455 = CARTESIAN_POINT ( 'NONE',  ( -0.4068330292772484591, 0.7615470053837926079, 0.5962609814903366834 ) ) ;
#1456 = DIRECTION ( 'NONE',  ( 0.000000000000000000, 0.000000000000000000, 1.000000000000000000 ) ) ;
#1457 = FACE_OUTER_BOUND ( 'NONE', #20, .T. ) ;
#1458 = DIRECTION ( 'NONE',  ( -1.000000000000000000, 0.000000000000000000, 0.000000000000000000 ) ) ;
#1459 = VERTEX_POINT ( 'NONE', #1512 ) ;
#1460 =( NAMED_UNIT ( * ) SI_UNIT ( $, .STERADIAN. ) SOLID_ANGLE_UNIT ( ) );
#1461 = CARTESIAN_POINT ( 'NONE',  ( -0.3624999999999999334, -0.1850000000000001921, -0.4724999999999999201 ) ) ;
#1462 = UNCERTAINTY_MEASURE_WITH_UNIT (LENGTH_MEASURE( 1.000000000000000082E-05 ), #923, 'distance_accuracy_value', 'NONE');
#1463 = DIRECTION ( 'NONE',  ( 0.000000000000000000, 0.000000000000000000, 1.000000000000000000 ) ) ;
#1464 = VERTEX_POINT ( 'NONE', #1350 ) ;
#1465 = VERTEX_POINT ( 'NONE', #211 ) ;
#1466 = CARTESIAN_POINT ( 'NONE',  ( 0.4200000000000000400, 0.7500000000000000000, 0.2200000000000000011 ) ) ;
#1467 = CARTESIAN_POINT ( 'NONE',  ( 0.4115470053837925746, 0.7615470053837926079, 0.5915470053837923459 ) ) ;
#1468 = AXIS2_PLACEMENT_3D ( 'NONE', #1241, #629, #1456 ) ;
#1469 = FILL_AREA_STYLE_COLOUR ( '', #1926 ) ;
#1470 = MECHANICAL_DESIGN_GEOMETRIC_PRESENTATION_REPRESENTATION (  '', ( #292 ), #1187 ) ;
#1471 = PRESENTATION_LAYER_ASSIGNMENT (  '', '', ( #257 ) ) ;
#1472 = ADVANCED_FACE ( 'NONE', ( #2027 ), #2082, .T. ) ;
#1473 = SHAPE_DEFINITION_REPRESENTATION ( #1452, #1140 ) ;
#1474 =( GEOMETRIC_REPRESENTATION_CONTEXT ( 3 ) GLOBAL_UNCERTAINTY_ASSIGNED_CONTEXT ( ( #1424 ) ) GLOBAL_UNIT_ASSIGNED_CONTEXT ( ( #735, #830, #1460 ) ) REPRESENTATION_CONTEXT ( 'NONE', 'WORKASPACE' ) );
#1475 = VERTEX_POINT ( 'NONE', #882 ) ;
#1476 = AXIS2_PLACEMENT_3D ( 'NONE', #352, #191, #1042 ) ;
#1477 = EDGE_LOOP ( 'NONE', ( #1126, #47, #997, #58 ) ) ;
#1478 =( LENGTH_UNIT ( ) NAMED_UNIT ( * ) SI_UNIT ( .MILLI., .METRE. ) );
#1479 = PRODUCT_DEFINITION_FORMATION_WITH_SPECIFIED_SOURCE ( 'ANY', '', #151, .NOT_KNOWN. ) ;
#1480 = SURFACE_STYLE_FILL_AREA ( #849 ) ;
#1481 = FILL_AREA_STYLE ('',( #2113 ) ) ;
#1482 = ADVANCED_FACE ( 'NONE', ( #710 ), #1844, .T. ) ;
#1483 = ORIENTED_EDGE ( 'NONE', *, *, #455, .F. ) ;
#1484 = CYLINDRICAL_SURFACE ( 'NONE', #894, 0.01999999999999999695 ) ;
#1485 = DIRECTION ( 'NONE',  ( 1.000000000000000000, 0.000000000000000000, 0.000000000000000000 ) ) ;
#1486 = SURFACE_SIDE_STYLE ('',( #1480 ) ) ;
#1487 = PRODUCT_CONTEXT ( 'NONE', #1998, 'mechanical' ) ;
#1488 = DIRECTION ( 'NONE',  ( -0.000000000000000000, 0.000000000000000000, 1.000000000000000000 ) ) ;
#1489 = EDGE_LOOP ( 'NONE', ( #2040, #1445, #632, #513, #1289, #2006, #412, #564 ) ) ;
#1490 = DIRECTION ( 'NONE',  ( -1.000000000000000000, 0.000000000000000000, 0.000000000000000000 ) ) ;
#1491 = FILL_AREA_STYLE_COLOUR ( '', #853 ) ;
#1492 = DIRECTION ( 'NONE',  ( 1.000000000000000000, 0.000000000000000000, 0.000000000000000000 ) ) ;
#1493 = COLOUR_RGB ( '',0.2862745098039215508, 0.2862745098039215508, 0.2862745098039215508 ) ;
#1494 = MECHANICAL_DESIGN_GEOMETRIC_PRESENTATION_REPRESENTATION (  '', ( #2055 ), #569 ) ;
#1495 = CARTESIAN_POINT ( 'NONE',  ( -0.4108177507422033359, 0.7724334668800593162, 0.5813897985291146542 ) ) ;
#1496 = AXIS2_PLACEMENT_3D ( 'NONE', #1397, #1909, #1918 ) ;
#1497 = ORIENTED_EDGE ( 'NONE', *, *, #423, .T. ) ;
#1498 = DIRECTION ( 'NONE',  ( 1.000000000000000000, 0.000000000000000000, -0.000000000000000000 ) ) ;
#1499 = COLOUR_RGB ( '',0.2862745098039215508, 0.2862745098039215508, 0.2862745098039215508 ) ;
#1500 = CIRCLE ( 'NONE', #930, 0.01999999999999999695 ) ;
#1501 = EDGE_CURVE ( 'NONE', #2089, #1353, #725, .T. ) ;
#1502 =( NAMED_UNIT ( * ) SI_UNIT ( $, .STERADIAN. ) SOLID_ANGLE_UNIT ( ) );
#1503 =( NAMED_UNIT ( * ) PLANE_ANGLE_UNIT ( ) SI_UNIT ( $, .RADIAN. ) );
#1504 = AXIS2_PLACEMENT_3D ( 'NONE', #657, #497, #1827 ) ;
#1505 = DIRECTION ( 'NONE',  ( 1.000000000000000000, 0.000000000000000000, 0.000000000000000000 ) ) ;
#1506 = AXIS2_PLACEMENT_3D ( 'NONE', #975, #991, #1625 ) ;
#1507 = CARTESIAN_POINT ( 'NONE',  ( -0.3816317454963925049, -0.7833868263297214529, 0.5848189779096635288 ) ) ;
#1508 = ORIENTED_EDGE ( 'NONE', *, *, #174, .F. ) ;
#1509 = CARTESIAN_POINT ( 'NONE',  ( 0.04750000000000004913, 0.8150000000000001688, 0.7874999999999997558 ) ) ;
#1510 = CARTESIAN_POINT ( 'NONE',  ( 0.4200000000000000400, -0.3850000000000000089, 0.5799999999999999600 ) ) ;
#1511 =( LENGTH_UNIT ( ) NAMED_UNIT ( * ) SI_UNIT ( .MILLI., .METRE. ) );
#1512 = CARTESIAN_POINT ( 'NONE',  ( 0.2100000000000000200, -0.2300000000000000100, 0.02700000000000000663 ) ) ;
#1513 =( LENGTH_UNIT ( ) NAMED_UNIT ( * ) SI_UNIT ( .MILLI., .METRE. ) );
#1514 = EDGE_LOOP ( 'NONE', ( #1750, #621, #910, #401 ) ) ;
#1515 = DIRECTION ( 'NONE',  ( -0.5773502691896221783, -0.5773502691896275074, 0.5773502691896275074 ) ) ;
#1516 =( LENGTH_UNIT ( ) NAMED_UNIT ( * ) SI_UNIT ( .MILLI., .METRE. ) );
#1517 = FILL_AREA_STYLE ('',( #1881 ) ) ;
#1518 = DIRECTION ( 'NONE',  ( -0.000000000000000000, 1.000000000000000000, -0.000000000000000000 ) ) ;
#1519 = PRESENTATION_STYLE_ASSIGNMENT (( #1034 ) ) ;
#1520 = SURFACE_STYLE_USAGE ( .BOTH. , #655 ) ;
#1521 = SURFACE_SIDE_STYLE ('',( #2003 ) ) ;
#1522 = ADVANCED_FACE ( 'NONE', ( #1266 ), #380, .T. ) ;
#1523 = SURFACE_STYLE_FILL_AREA ( #387 ) ;
#1524 = SURFACE_STYLE_USAGE ( .BOTH. , #1382 ) ;
#1525 = ORIENTED_EDGE ( 'NONE', *, *, #1181, .T. ) ;
#1526 = CIRCLE ( 'NONE', #704, 0.02000000000000005246 ) ;
#1527 = PRESENTATION_LAYER_ASSIGNMENT (  '', '', ( #360 ) ) ;
#1528 = EDGE_CURVE ( 'NONE', #1464, #1148, #404, .T. ) ;
#1529 = CARTESIAN_POINT ( 'NONE',  ( 0.4178885438199984037, 0.7589442719099991352, 0.5799999999999999600 ) ) ;
#1530 = DIRECTION ( 'NONE',  ( 0.000000000000000000, 1.000000000000000000, 0.000000000000000000 ) ) ;
#1531 = COLOUR_RGB ( '',0.2862745098039215508, 0.2862745098039215508, 0.2862745098039215508 ) ;
#1532 = COLOUR_RGB ( '',0.2862745098039215508, 0.2862745098039215508, 0.2862745098039215508 ) ;
#1533 = MECHANICAL_DESIGN_GEOMETRIC_PRESENTATION_REPRESENTATION (  '', ( #2130 ), #1269 ) ;
#1534 = CARTESIAN_POINT ( 'NONE',  ( 0.3624999999999999889, 0.1850000000000000810, 0.1575000000000000289 ) ) ;
#1535 =( NAMED_UNIT ( * ) PLANE_ANGLE_UNIT ( ) SI_UNIT ( $, .RADIAN. ) );
#1536 = LINE ( 'NONE', #372, #1767 ) ;
#1537 = SHELL_BASED_SURFACE_MODEL ( 'NONE', ( #381 ) );
#1538 = MECHANICAL_DESIGN_GEOMETRIC_PRESENTATION_REPRESENTATION (  '', ( #755 ), #1724 ) ;
#1539 = ORIENTED_EDGE ( 'NONE', *, *, #1074, .F. ) ;
#1540 = AXIS2_PLACEMENT_3D ( 'NONE', #1932, #921, #1234 ) ;
#1541 = CARTESIAN_POINT ( 'NONE',  ( 0.4182061327852281130, 0.7566125165785925200, 0.5750189003719571312 ) ) ;
#1542 = UNCERTAINTY_MEASURE_WITH_UNIT (LENGTH_MEASURE( 1.000000000000000082E-05 ), #1511, 'distance_accuracy_value', 'NONE');
#1543 = CARTESIAN_POINT ( 'NONE',  ( -0.4289319905388967458, -0.7392277922694868719, 0.5911437761600963903 ) ) ;
#1544 =( NAMED_UNIT ( * ) SI_UNIT ( $, .STERADIAN. ) SOLID_ANGLE_UNIT ( ) );
#1545 =( NAMED_UNIT ( * ) SI_UNIT ( $, .STERADIAN. ) SOLID_ANGLE_UNIT ( ) );
#1546 = ORIENTED_EDGE ( 'NONE', *, *, #480, .F. ) ;
#1547 = SURFACE_STYLE_USAGE ( .BOTH. , #84 ) ;
#1548 = DIRECTION ( 'NONE',  ( -0.000000000000000000, -0.000000000000000000, 1.000000000000000000 ) ) ;
#1549 = ADVANCED_FACE ( 'NONE', ( #417 ), #1734, .T. ) ;
#1550 = ORIENTED_EDGE ( 'NONE', *, *, #1607, .T. ) ;
#1551 = DIRECTION ( 'NONE',  ( -1.000000000000000000, 0.000000000000000000, 0.000000000000000000 ) ) ;
#1552 = CARTESIAN_POINT ( 'NONE',  ( 0.04750000000000004913, 0.1850000000000000533, -0.4724999999999997535 ) ) ;
#1553 =( NAMED_UNIT ( * ) SI_UNIT ( $, .STERADIAN. ) SOLID_ANGLE_UNIT ( ) );
#1554 =( LENGTH_UNIT ( ) NAMED_UNIT ( * ) SI_UNIT ( .MILLI., .METRE. ) );
#1555 = UNCERTAINTY_MEASURE_WITH_UNIT (LENGTH_MEASURE( 1.000000000000000082E-05 ), #68, 'distance_accuracy_value', 'NONE');
#1556 = PRESENTATION_STYLE_ASSIGNMENT (( #559 ) ) ;
#1557 = DIRECTION ( 'NONE',  ( 0.5773502691896221783, -0.5773502691896275074, 0.5773502691896275074 ) ) ;
#1558 = VERTEX_POINT ( 'NONE', #982 ) ;
#1559 = FACE_OUTER_BOUND ( 'NONE', #943, .T. ) ;
#1560 =( LENGTH_UNIT ( ) NAMED_UNIT ( * ) SI_UNIT ( .MILLI., .METRE. ) );
#1561 = CARTESIAN_POINT ( 'NONE',  ( 0.4000000000000000777, -0.7500000000000000000, 0.5799999999999999600 ) ) ;
#1562 =( LENGTH_UNIT ( ) NAMED_UNIT ( * ) SI_UNIT ( .MILLI., .METRE. ) );
#1563 = CARTESIAN_POINT ( 'NONE',  ( -0.3624999999999999334, -0.8150000000000001688, 0.7874999999999997558 ) ) ;
#1564 = SURFACE_SIDE_STYLE ('',( #1914 ) ) ;
#1565 = CARTESIAN_POINT ( 'NONE',  ( -0.04749999999999998668, 0.5000000000000000000, 0.1575000000000000011 ) ) ;
#1566 = FACE_OUTER_BOUND ( 'NONE', #389, .T. ) ;
#1567 = FILL_AREA_STYLE_COLOUR ( '', #2010 ) ;
#1568 = ORIENTED_EDGE ( 'NONE', *, *, #34, .T. ) ;
#1569 = AXIS2_PLACEMENT_3D ( 'NONE', #89, #1774, #936 ) ;
#1570 = DIRECTION ( 'NONE',  ( -0.000000000000000000, -1.000000000000000000, 0.000000000000000000 ) ) ;
#1571 = ORIENTED_EDGE ( 'NONE', *, *, #187, .T. ) ;
#1572 = CIRCLE ( 'NONE', #1184, 0.01999999999999999695 ) ;
#1573 = STYLED_ITEM ( 'NONE', ( #1870 ), #1116 ) ;
#1574 = AXIS2_PLACEMENT_3D ( 'NONE', #1229, #1899, #1485 ) ;
#1575 = FACE_BOUND ( 'NONE', #821, .T. ) ;
#1576 = SURFACE_STYLE_USAGE ( .BOTH. , #1076 ) ;
#1577 = EDGE_CURVE ( 'NONE', #1475, #1558, #645, .T. ) ;
#1578 = FILL_AREA_STYLE_COLOUR ( '', #1493 ) ;
#1579 = CARTESIAN_POINT ( 'NONE',  ( -0.3624999999999999334, 0.1850000000000001366, 0.7874999999999998668 ) ) ;
#1580 = VECTOR ( 'NONE', #252, 1000.000000000000000 ) ;
#1581 = SURFACE_SIDE_STYLE ('',( #447 ) ) ;
#1582 =( GEOMETRIC_REPRESENTATION_CONTEXT ( 3 ) GLOBAL_UNCERTAINTY_ASSIGNED_CONTEXT ( ( #233 ) ) GLOBAL_UNIT_ASSIGNED_CONTEXT ( ( #1045, #235, #1545 ) ) REPRESENTATION_CONTEXT ( 'NONE', 'WORKASPACE' ) );
#1583 = VERTEX_POINT ( 'NONE', #624 ) ;
#1584 = CARTESIAN_POINT ( 'NONE',  ( -0.3624999999999999889, 0.5000000000000000000, 0.1575000000000000011 ) ) ;
#1585 = CARTESIAN_POINT ( 'NONE',  ( -0.8716260141688217944, -0.5001434826427200164, 0.000000000000000000 ) ) ;
#1586 = CARTESIAN_POINT ( 'NONE',  ( -0.4200000000000000400, -0.7500000000000000000, 0.5799999999999999600 ) ) ;
#1587 = SHAPE_REPRESENTATION_RELATIONSHIP ( 'NONE' , 'NONE' ,  #1140, #488 ) ;
#1588 = DIRECTION ( 'NONE',  ( 0.000000000000000000, 0.000000000000000000, 1.000000000000000000 ) ) ;
#1589 =( NAMED_UNIT ( * ) SI_UNIT ( $, .STERADIAN. ) SOLID_ANGLE_UNIT ( ) );
#1590 = DIRECTION ( 'NONE',  ( -1.000000000000000000, 0.000000000000000000, 0.000000000000000000 ) ) ;
#1591 = EDGE_CURVE ( 'NONE', #546, #1046, #320, .T. ) ;
#1592 = FILL_AREA_STYLE_COLOUR ( '', #1022 ) ;
#1593 = ORIENTED_EDGE ( 'NONE', *, *, #335, .T. ) ;
#1594 = PLANE ( 'NONE',  #1759 ) ;
#1595 = ORIENTED_EDGE ( 'NONE', *, *, #1243, .T. ) ;
#1596 = DIRECTION ( 'NONE',  ( -1.000000000000000000, -0.000000000000000000, -0.000000000000000000 ) ) ;
#1597 = CARTESIAN_POINT ( 'NONE',  ( -0.2100000000000000200, -0.2300000000000000100, 0.2200000000000000011 ) ) ;
#1598 = SURFACE_SIDE_STYLE ('',( #74 ) ) ;
#1599 = CARTESIAN_POINT ( 'NONE',  ( 0.3624999999999999889, -0.8149999999999999467, 0.1575000000000000289 ) ) ;
#1600 = DIRECTION ( 'NONE',  ( 0.000000000000000000, 0.000000000000000000, -1.000000000000000000 ) ) ;
#1601 = SURFACE_STYLE_USAGE ( .BOTH. , #1581 ) ;
#1602 = PRODUCT_DEFINITION_SHAPE ( 'NONE', 'NONE',  #1744 ) ;
#1603 = ORIENTED_EDGE ( 'NONE', *, *, #586, .T. ) ;
#1604 = EDGE_CURVE ( 'NONE', #650, #1345, #714, .T. ) ;
#1605 = CARTESIAN_POINT ( 'NONE',  ( 0.4000000000000000222, -0.7500000000000000000, 0.2200000000000000011 ) ) ;
#1606 = ORIENTED_EDGE ( 'NONE', *, *, #455, .T. ) ;
#1607 = EDGE_CURVE ( 'NONE', #1353, #2108, #1500, .T. ) ;
#1608 = CIRCLE ( 'NONE', #1883, 0.1574999999999999734 ) ;
#1609 = CYLINDRICAL_SURFACE ( 'NONE', #675, 0.01999999999999999695 ) ;
#1610 = COLOUR_RGB ( '',0.8313725490196077761, 0.8313725490196077761, 0.8313725490196077761 ) ;
#1611 = AXIS2_PLACEMENT_3D ( 'NONE', #368, #1364, #1830 ) ;
#1612 = MECHANICAL_DESIGN_GEOMETRIC_PRESENTATION_REPRESENTATION (  '', ( #360 ), #1220 ) ;
#1613 = COLOUR_RGB ( '',0.2862745098039215508, 0.2862745098039215508, 0.2862745098039215508 ) ;
#1614 = AXIS2_PLACEMENT_3D ( 'NONE', #999, #1812, #1315 ) ;
#1615 = DIRECTION ( 'NONE',  ( 1.000000000000000000, 0.000000000000000000, 0.000000000000000000 ) ) ;
#1616 = CARTESIAN_POINT ( 'NONE',  ( -0.4000000000000000222, -0.7500000000000000000, 0.5799999999999999600 ) ) ;
#1617 = ORIENTED_EDGE ( 'NONE', *, *, #1604, .T. ) ;
#1618 = ORIENTED_EDGE ( 'NONE', *, *, #2094, .T. ) ;
#1619 = CIRCLE ( 'NONE', #443, 0.02000000000000005246 ) ;
#1620 = CARTESIAN_POINT ( 'NONE',  ( 0.4000000000000000777, -0.7500000000000000000, 0.6000000000000000888 ) ) ;
#1621 = CARTESIAN_POINT ( 'NONE',  ( -0.4115470053837925746, -0.7615470053837924969, 0.5915470053837924569 ) ) ;
#1622 = SURFACE_SIDE_STYLE ('',( #623 ) ) ;
#1623 = DIRECTION ( 'NONE',  ( 0.000000000000000000, 0.000000000000000000, 1.000000000000000000 ) ) ;
#1624 = FILL_AREA_STYLE_COLOUR ( '', #1363 ) ;
#1625 = DIRECTION ( 'NONE',  ( 1.000000000000000000, 0.000000000000000000, 0.000000000000000000 ) ) ;
#1626 = VERTEX_POINT ( 'NONE', #1806 ) ;
#1627 = ORIENTED_EDGE ( 'NONE', *, *, #1591, .F. ) ;
#1628 = CARTESIAN_POINT ( 'NONE',  ( 0.4115470053837925746, 0.7615470053837924969, 0.5915470053837924569 ) ) ;
#1629 = EDGE_CURVE ( 'NONE', #2108, #1085, #815, .T. ) ;
#1630 = FACE_OUTER_BOUND ( 'NONE', #1362, .T. ) ;
#1631 = CARTESIAN_POINT ( 'NONE',  ( 0.4000000000000000222, 0.7500000000000000000, 0.5799999999999999600 ) ) ;
#1632 = UNCERTAINTY_MEASURE_WITH_UNIT (LENGTH_MEASURE( 1.000000000000000082E-05 ), #242, 'distance_accuracy_value', 'NONE');
#1633 =( NAMED_UNIT ( * ) SI_UNIT ( $, .STERADIAN. ) SOLID_ANGLE_UNIT ( ) );
#1634 = AXIS2_PLACEMENT_3D ( 'NONE', #477, #1310, #1138 ) ;
#1635 = ORIENTED_EDGE ( 'NONE', *, *, #1810, .F. ) ;
#1636 = DIRECTION ( 'NONE',  ( 0.000000000000000000, 0.000000000000000000, 1.000000000000000000 ) ) ;
#1637 = VERTEX_POINT ( 'NONE', #1795 ) ;
#1638 =( NAMED_UNIT ( * ) PLANE_ANGLE_UNIT ( ) SI_UNIT ( $, .RADIAN. ) );
#1639 =( NAMED_UNIT ( * ) SI_UNIT ( $, .STERADIAN. ) SOLID_ANGLE_UNIT ( ) );
#1640 = DIRECTION ( 'NONE',  ( -0.000000000000000000, -0.000000000000000000, 1.000000000000000000 ) ) ;
#1641 = CARTESIAN_POINT ( 'NONE',  ( 0.4000000000000000222, -0.7500000000000000000, 0.5799999999999999600 ) ) ;
#1642 = EDGE_CURVE ( 'NONE', #137, #367, #473, .T. ) ;
#1643 = SHAPE_REPRESENTATION_RELATIONSHIP ( 'NONE' , 'NONE' ,  #464, #1265 ) ;
#1644 = CIRCLE ( 'NONE', #1125, 0.01999999999999999695 ) ;
#1645 = ADVANCED_FACE ( 'NONE', ( #1968 ), #100, .T. ) ;
#1646 = AXIS2_PLACEMENT_3D ( 'NONE', #780, #1433, #1654 ) ;
#1647 = CYLINDRICAL_SURFACE ( 'NONE', #503, 0.06000000000000015737 ) ;
#1648 = VECTOR ( 'NONE', #138, 1000.000000000000000 ) ;
#1649 = DIRECTION ( 'NONE',  ( 1.000000000000000000, 0.000000000000000000, 0.000000000000000000 ) ) ;
#1650 = ORIENTED_EDGE ( 'NONE', *, *, #1501, .F. ) ;
#1651 = STYLED_ITEM ( 'NONE', ( #1112 ), #1814 ) ;
#1652 = FACE_OUTER_BOUND ( 'NONE', #468, .T. ) ;
#1653 = UNCERTAINTY_MEASURE_WITH_UNIT (LENGTH_MEASURE( 1.000000000000000082E-05 ), #961, 'distance_accuracy_value', 'NONE');
#1654 = DIRECTION ( 'NONE',  ( 1.000000000000000000, 0.000000000000000000, 0.000000000000000000 ) ) ;
#1655 = CIRCLE ( 'NONE', #1930, 0.01999999999999999695 ) ;
#1656 = CARTESIAN_POINT ( 'NONE',  ( -0.04750000000000000056, -0.1850000000000000810, 0.1574999999999999456 ) ) ;
#1657 = MANIFOLD_SOLID_BREP ( 'Imported3', #1318 ) ;
#1658 = DIRECTION ( 'NONE',  ( 1.000000000000000000, 0.000000000000000000, 0.000000000000000000 ) ) ;
#1659 = FACE_OUTER_BOUND ( 'NONE', #1939, .T. ) ;
#1660 = SURFACE_SIDE_STYLE ('',( #338 ) ) ;
#1661 = ORIENTED_EDGE ( 'NONE', *, *, #1662, .F. ) ;
#1662 = EDGE_CURVE ( 'NONE', #775, #1691, #1135, .T. ) ;
#1663 = FILL_AREA_STYLE ('',( #1491 ) ) ;
#1664 = CARTESIAN_POINT ( 'NONE',  ( -0.3624999999999999889, -0.5000000000000000000, 0.1575000000000000011 ) ) ;
#1665 = CARTESIAN_POINT ( 'NONE',  ( 0.000000000000000000, 0.000000000000000000, 0.000000000000000000 ) ) ;
#1666 = LINE ( 'NONE', #1006, #1715 ) ;
#1667 = MANIFOLD_SOLID_BREP ( 'Imported1', #1966 ) ;
#1668 = CARTESIAN_POINT ( 'NONE',  ( -0.4008737458000931619, -0.7597678529894933419, 0.5986619601788932821 ) ) ;
#1669 = ADVANCED_FACE ( 'NONE', ( #869 ), #162, .T. ) ;
#1670 = EDGE_LOOP ( 'NONE', ( #237, #874 ) ) ;
#1671 = CARTESIAN_POINT ( 'NONE',  ( -0.4000000000000000777, 0.7500000000000000000, 0.5799999999999999600 ) ) ;
#1672 = SURFACE_STYLE_FILL_AREA ( #1517 ) ;
#1673 = VECTOR ( 'NONE', #121, 1000.000000000000000 ) ;
#1674 = SURFACE_SIDE_STYLE ('',( #895 ) ) ;
#1675 = PRESENTATION_LAYER_ASSIGNMENT (  '', '', ( #994 ) ) ;
#1676 = CARTESIAN_POINT ( 'NONE',  ( -0.9316260141688219587, -0.5001434826427200164, 0.000000000000000000 ) ) ;
#1677 = PRESENTATION_LAYER_ASSIGNMENT (  '', '', ( #189 ) ) ;
#1678 = PRESENTATION_LAYER_ASSIGNMENT (  '', '', ( #786 ) ) ;
#1679 = CARTESIAN_POINT ( 'NONE',  ( 0.4008737458000932175, -0.7597678529894934529, 0.5986619601788933931 ) ) ;
#1680 = MECHANICAL_DESIGN_GEOMETRIC_PRESENTATION_REPRESENTATION (  '', ( #793 ), #332 ) ;
#1681 = VERTEX_POINT ( 'NONE', #278 ) ;
#1682 = PLANE ( 'NONE',  #785 ) ;
#1683 = DIRECTION ( 'NONE',  ( 0.000000000000000000, -1.000000000000000000, 0.000000000000000000 ) ) ;
#1684 = PRESENTATION_LAYER_ASSIGNMENT (  '', '', ( #1764 ) ) ;
#1685 = CARTESIAN_POINT ( 'NONE',  ( 0.04749999999999998668, 0.5000000000000000000, 0.1575000000000000011 ) ) ;
#1686 = SURFACE_STYLE_FILL_AREA ( #2023 ) ;
#1687 = CARTESIAN_POINT ( 'NONE',  ( 0.4200000000000000400, -0.7500000000000000000, 0.2200000000000000011 ) ) ;
#1688 =( NAMED_UNIT ( * ) PLANE_ANGLE_UNIT ( ) SI_UNIT ( $, .RADIAN. ) );
#1689 = CARTESIAN_POINT ( 'NONE',  ( -0.4115470053837926301, 0.7615470053837923858, 0.5915470053837924569 ) ) ;
#1690 =( NAMED_UNIT ( * ) PLANE_ANGLE_UNIT ( ) SI_UNIT ( $, .RADIAN. ) );
#1691 = VERTEX_POINT ( 'NONE', #1586 ) ;
#1692 = CARTESIAN_POINT ( 'NONE',  ( -0.4000000000000000777, -0.7500000000000000000, 0.5800000000000000711 ) ) ;
#1693 =( LENGTH_UNIT ( ) NAMED_UNIT ( * ) SI_UNIT ( .MILLI., .METRE. ) );
#1694 = CARTESIAN_POINT ( 'NONE',  ( 0.3624999999999999889, -0.5000000000000000000, 0.1575000000000000011 ) ) ;
#1695 = DIRECTION ( 'NONE',  ( 0.5773502691896292838, -0.5773502691896239547, 0.5773502691896239547 ) ) ;
#1696 = EDGE_CURVE ( 'NONE', #214, #1691, #2081, .T. ) ;
#1697 = DIRECTION ( 'NONE',  ( -0.000000000000000000, 0.000000000000000000, -1.000000000000000000 ) ) ;
#1698 = ADVANCED_FACE ( 'NONE', ( #1575, #101 ), #581, .F. ) ;
#1699 =( BOUNDED_SURFACE ( )  B_SPLINE_SURFACE ( 3, 3, ( 
 ( #1565, #1392, #234, #1372 ),
 ( #409, #1050, #2053, #254 ),
 ( #66, #573, #1579, #94 ),
 ( #1078, #222, #726, #558 ) ),
 .UNSPECIFIED., .F., .F., .T. ) 
 B_SPLINE_SURFACE_WITH_KNOTS ( ( 4, 4 ),
 ( 4, 4 ),
 ( 0.000000000000000000, 1.000000000000000000 ),
 ( 0.000000000000000000, 1.000000000000000000 ),
 .UNSPECIFIED. ) 
 GEOMETRIC_REPRESENTATION_ITEM ( )  RATIONAL_B_SPLINE_SURFACE ( (
 ( 1.000000000000000000, 0.3333333333333334259, 0.3333333333333334259, 1.000000000000000000),
 ( 0.3333333333333333703, 0.1111111111111111605, 0.1111111111111111605, 0.3333333333333333703),
 ( 0.3333333333333333703, 0.1111111111111111605, 0.1111111111111111605, 0.3333333333333333703),
 ( 1.000000000000000000, 0.3333333333333334259, 0.3333333333333334259, 1.000000000000000000) ) ) 
 REPRESENTATION_ITEM ( '' )  SURFACE ( )  );
#1700 = FILL_AREA_STYLE ('',( #520 ) ) ;
#1701 = ORIENTED_EDGE ( 'NONE', *, *, #1501, .T. ) ;
#1702 = CARTESIAN_POINT ( 'NONE',  ( 0.2300000000000000100, 0.2100000000000000200, 0.2200000000000000011 ) ) ;
#1703 = DIRECTION ( 'NONE',  ( 0.000000000000000000, -0.000000000000000000, -1.000000000000000000 ) ) ;
#1704 = CARTESIAN_POINT ( 'NONE',  ( 0.3624999999999999889, 0.8150000000000000577, -0.4724999999999998090 ) ) ;
#1705 = CARTESIAN_POINT ( 'NONE',  ( 0.04750000000000002831, -0.8149999999999999467, 0.1575000000000000289 ) ) ;
#1706 = CARTESIAN_POINT ( 'NONE',  ( 0.2049999999999999878, -0.5000000000000000000, 0.1575000000000000011 ) ) ;
#1707 = CARTESIAN_POINT ( 'NONE',  ( 0.3906037154400900935, 0.7803079137094998119, 0.5883919298188905467 ) ) ;
#1708 = AXIS2_PLACEMENT_3D ( 'NONE', #1712, #57, #8 ) ;
#1709 = SURFACE_STYLE_FILL_AREA ( #386 ) ;
#1710 = EDGE_CURVE ( 'NONE', #169, #811, #933, .T. ) ;
#1711 = AXIS2_PLACEMENT_3D ( 'NONE', #1270, #258, #1084 ) ;
#1712 = CARTESIAN_POINT ( 'NONE',  ( 0.4200000000000000400, -0.7700000000000000178, 0.2200000000000000011 ) ) ;
#1713 = ORIENTED_EDGE ( 'NONE', *, *, #1279, .T. ) ;
#1714 = CIRCLE ( 'NONE', #1611, 0.02000000000000005246 ) ;
#1715 = VECTOR ( 'NONE', #212, 1000.000000000000000 ) ;
#1716 =( NAMED_UNIT ( * ) SI_UNIT ( $, .STERADIAN. ) SOLID_ANGLE_UNIT ( ) );
#1717 = CARTESIAN_POINT ( 'NONE',  ( 0.4000000000000000222, 0.7500000000000000000, 0.5799999999999999600 ) ) ;
#1718 = CIRCLE ( 'NONE', #2015, 0.1575000000000000011 ) ;
#1719 = STYLED_ITEM ( 'NONE', ( #1284 ), #291 ) ;
#1720 = DIRECTION ( 'NONE',  ( -0.000000000000000000, -0.000000000000000000, 1.000000000000000000 ) ) ;
#1721 = SURFACE_SIDE_STYLE ('',( #349 ) ) ;
#1722 = CARTESIAN_POINT ( 'NONE',  ( -0.3624999999999999334, -0.1850000000000000810, 0.7874999999999997558 ) ) ;
#1723 = CARTESIAN_POINT ( 'NONE',  ( 0.2100000000000000200, 0.2300000000000000100, 0.2200000000000000011 ) ) ;
#1724 =( GEOMETRIC_REPRESENTATION_CONTEXT ( 3 ) GLOBAL_UNCERTAINTY_ASSIGNED_CONTEXT ( ( #92 ) ) GLOBAL_UNIT_ASSIGNED_CONTEXT ( ( #384, #27, #871 ) ) REPRESENTATION_CONTEXT ( 'NONE', 'WORKASPACE' ) );
#1725 = CARTESIAN_POINT ( 'NONE',  ( 0.4115470053837925746, 0.7615470053837923858, 0.5915470053837927900 ) ) ;
#1726 = AXIS2_PLACEMENT_3D ( 'NONE', #1665, #1463, #1658 ) ;
#1727 = CARTESIAN_POINT ( 'NONE',  ( -0.4115470053837925191, -0.7615470053837926079, 0.5915470053837926789 ) ) ;
#1728 = FACE_OUTER_BOUND ( 'NONE', #259, .T. ) ;
#1729 = ORIENTED_EDGE ( 'NONE', *, *, #625, .T. ) ;
#1730 = ORIENTED_EDGE ( 'NONE', *, *, #1004, .T. ) ;
#1731 = CARTESIAN_POINT ( 'NONE',  ( 0.4000000000000000777, 0.7500000000000000000, 0.5800000000000000711 ) ) ;
#1732 = CARTESIAN_POINT ( 'NONE',  ( -0.04749999999999999362, -0.5000000000000000000, 0.1575000000000000011 ) ) ;
#1733 =( LENGTH_UNIT ( ) NAMED_UNIT ( * ) SI_UNIT ( .MILLI., .METRE. ) );
#1734 = PLANE ( 'NONE',  #1301 ) ;
#1735 = UNCERTAINTY_MEASURE_WITH_UNIT (LENGTH_MEASURE( 1.000000000000000082E-05 ), #226, 'distance_accuracy_value', 'NONE');
#1736 = CARTESIAN_POINT ( 'NONE',  ( -0.4115470053837926856, -0.7615470053837923858, 0.5915470053837927900 ) ) ;
#1737 =( NAMED_UNIT ( * ) SI_UNIT ( $, .STERADIAN. ) SOLID_ANGLE_UNIT ( ) );
#1738 = SHAPE_REPRESENTATION ( '2', ( #1446 ), #2135 ) ;
#1739 = ORIENTED_EDGE ( 'NONE', *, *, #383, .T. ) ;
#1740 = CYLINDRICAL_SURFACE ( 'NONE', #396, 0.01999999999999999695 ) ;
#1741 = SURFACE_SIDE_STYLE ('',( #2059 ) ) ;
#1742 = EDGE_CURVE ( 'NONE', #2061, #931, #1911, .T. ) ;
#1743 =( NAMED_UNIT ( * ) PLANE_ANGLE_UNIT ( ) SI_UNIT ( $, .RADIAN. ) );
#1744 = PRODUCT_DEFINITION ( 'UNKNOWN', '', #370, #1226 ) ;
#1745 = FILL_AREA_STYLE ('',( #1578 ) ) ;
#1746 = SURFACE_STYLE_USAGE ( .BOTH. , #1564 ) ;
#1747 =( NAMED_UNIT ( * ) SI_UNIT ( $, .STERADIAN. ) SOLID_ANGLE_UNIT ( ) );
#1748 = FILL_AREA_STYLE_COLOUR ( '', #542 ) ;
#1749 = SURFACE_SIDE_STYLE ('',( #588 ) ) ;
#1750 = ORIENTED_EDGE ( 'NONE', *, *, #202, .T. ) ;
#1751 = COLOUR_RGB ( '',0.2862745098039215508, 0.2862745098039215508, 0.2862745098039215508 ) ;
#1752 = COLOUR_RGB ( '',0.2862745098039215508, 0.2862745098039215508, 0.2862745098039215508 ) ;
#1753 = ORIENTED_EDGE ( 'NONE', *, *, #1151, .F. ) ;
#1754 = MECHANICAL_DESIGN_GEOMETRIC_PRESENTATION_REPRESENTATION (  '', ( #257 ), #329 ) ;
#1755 = DIRECTION ( 'NONE',  ( 0.000000000000000000, -1.000000000000000000, 0.000000000000000000 ) ) ;
#1756 = AXIS2_PLACEMENT_3D ( 'NONE', #438, #2116, #1294 ) ;
#1757 = SURFACE_STYLE_FILL_AREA ( #1090 ) ;
#1758 =( NAMED_UNIT ( * ) PLANE_ANGLE_UNIT ( ) SI_UNIT ( $, .RADIAN. ) );
#1759 = AXIS2_PLACEMENT_3D ( 'NONE', #2122, #1458, #166 ) ;
#1760 = SURFACE_SIDE_STYLE ('',( #2063 ) ) ;
#1761 = PRESENTATION_STYLE_ASSIGNMENT (( #105 ) ) ;
#1762 = STYLED_ITEM ( 'NONE', ( #273 ), #1435 ) ;
#1763 = CARTESIAN_POINT ( 'NONE',  ( -0.4186619601788935108, -0.7597678529894934529, 0.5808737458000929887 ) ) ;
#1764 = STYLED_ITEM ( 'NONE', ( #686 ), #1657 ) ;
#1765 = FILL_AREA_STYLE ('',( #1748 ) ) ;
#1766 = FILL_AREA_STYLE ('',( #1592 ) ) ;
#1767 = VECTOR ( 'NONE', #25, 1000.000000000000000 ) ;
#1768 = ORIENTED_EDGE ( 'NONE', *, *, #1642, .F. ) ;
#1769 = FILL_AREA_STYLE_COLOUR ( '', #541 ) ;
#1770 = ORIENTED_EDGE ( 'NONE', *, *, #698, .T. ) ;
#1771 = DIRECTION ( 'NONE',  ( 0.000000000000000000, 0.000000000000000000, -1.000000000000000000 ) ) ;
#1772 = FILL_AREA_STYLE ('',( #1103 ) ) ;
#1773 = CARTESIAN_POINT ( 'NONE',  ( 0.000000000000000000, 0.000000000000000000, 0.2200000000000000011 ) ) ;
#1774 = DIRECTION ( 'NONE',  ( 0.000000000000000000, 0.000000000000000000, 1.000000000000000000 ) ) ;
#1775 = EDGE_CURVE ( 'NONE', #1080, #885, #733, .T. ) ;
#1776 = DIRECTION ( 'NONE',  ( 0.000000000000000000, 0.000000000000000000, -1.000000000000000000 ) ) ;
#1777 = CARTESIAN_POINT ( 'NONE',  ( 0.2100000000000000200, -0.2300000000000000100, 0.2200000000000000011 ) ) ;
#1778 = DIRECTION ( 'NONE',  ( 1.000000000000000000, 0.000000000000000000, 0.000000000000000000 ) ) ;
#1779 = ORIENTED_EDGE ( 'NONE', *, *, #424, .T. ) ;
#1780 =( LENGTH_UNIT ( ) NAMED_UNIT ( * ) SI_UNIT ( .MILLI., .METRE. ) );
#1781 = CARTESIAN_POINT ( 'NONE',  ( 0.4315932876607923019, 0.7298382068274638090, 0.5884060552475213202 ) ) ;
#1782 = CARTESIAN_POINT ( 'NONE',  ( 0.04749999999999999362, -0.5000000000000000000, 0.1575000000000000011 ) ) ;
#1783 =( NAMED_UNIT ( * ) SI_UNIT ( $, .STERADIAN. ) SOLID_ANGLE_UNIT ( ) );
#1784 = CARTESIAN_POINT ( 'NONE',  ( -0.2100000000000000200, -0.7500000000000000000, 0.5799999999999999600 ) ) ;
#1785 = PRODUCT_DEFINITION_SHAPE ( 'NONE', 'NONE',  #1356 ) ;
#1786 = ORIENTED_EDGE ( 'NONE', *, *, #1007, .F. ) ;
#1787 = SURFACE_STYLE_FILL_AREA ( #459 ) ;
#1788 = UNCERTAINTY_MEASURE_WITH_UNIT (LENGTH_MEASURE( 1.000000000000000082E-05 ), #1780, 'distance_accuracy_value', 'NONE');
#1789 = ORIENTED_EDGE ( 'NONE', *, *, #1340, .T. ) ;
#1790 = CIRCLE ( 'NONE', #40, 0.02000000000000005246 ) ;
#1791 = DIRECTION ( 'NONE',  ( 0.000000000000000000, 0.000000000000000000, -1.000000000000000000 ) ) ;
#1792 = CARTESIAN_POINT ( 'NONE',  ( -0.4000000000000000222, 0.7500000000000000000, 0.2200000000000000011 ) ) ;
#1793 = COLOUR_RGB ( '',0.2862745098039215508, 0.2862745098039215508, 0.2862745098039215508 ) ;
#1794 =( GEOMETRIC_REPRESENTATION_CONTEXT ( 3 ) GLOBAL_UNCERTAINTY_ASSIGNED_CONTEXT ( ( #959 ) ) GLOBAL_UNIT_ASSIGNED_CONTEXT ( ( #1513, #1167, #345 ) ) REPRESENTATION_CONTEXT ( 'NONE', 'WORKASPACE' ) );
#1795 = CARTESIAN_POINT ( 'NONE',  ( -0.2300000000000000100, -0.2100000000000000200, 0.02700000000000000663 ) ) ;
#1796 = CARTESIAN_POINT ( 'NONE',  ( -0.4000000000000000222, -0.7500000000000000000, 0.5799999999999999600 ) ) ;
#1797 = STYLED_ITEM ( 'NONE', ( #1180 ), #1860 ) ;
#1798 = ORIENTED_EDGE ( 'NONE', *, *, #2078, .F. ) ;
#1799 = AXIS2_PLACEMENT_3D ( 'NONE', #1773, #406, #779 ) ;
#1800 = ORIENTED_EDGE ( 'NONE', *, *, #2094, .F. ) ;
#1801 = SURFACE_SIDE_STYLE ('',( #470 ) ) ;
#1802 = CARTESIAN_POINT ( 'NONE',  ( 0.4008737458000932175, 0.7597678529894933419, 0.5986619601788933931 ) ) ;
#1803 =( LENGTH_UNIT ( ) NAMED_UNIT ( * ) SI_UNIT ( .MILLI., .METRE. ) );
#1804 = EDGE_CURVE ( 'NONE', #2105, #2108, #1388, .T. ) ;
#1805 = LINE ( 'NONE', #330, #1331 ) ;
#1806 = CARTESIAN_POINT ( 'NONE',  ( -0.3624999999999999889, -0.5000000000000000000, 0.1575000000000000011 ) ) ;
#1807 = VERTEX_POINT ( 'NONE', #1275 ) ;
#1808 = SURFACE_STYLE_USAGE ( .BOTH. , #1139 ) ;
#1809 = ORIENTED_EDGE ( 'NONE', *, *, #1016, .T. ) ;
#1810 = EDGE_CURVE ( 'NONE', #931, #1807, #1369, .T. ) ;
#1811 = SURFACE_STYLE_FILL_AREA ( #1160 ) ;
#1812 = DIRECTION ( 'NONE',  ( 1.000000000000000000, 0.000000000000000000, 0.000000000000000000 ) ) ;
#1813 = CLOSED_SHELL ( 'NONE', ( #1645, #224 ) ) ;
#1814 = ADVANCED_FACE ( 'NONE', ( #452 ), #854, .T. ) ;
#1815 = CONTEXT_DEPENDENT_SHAPE_REPRESENTATION ( #1293, #1233 ) ;
#1816 = ORIENTED_EDGE ( 'NONE', *, *, #149, .T. ) ;
#1817 = CYLINDRICAL_SURFACE ( 'NONE', #192, 0.01999999999999999695 ) ;
#1818 = ORIENTED_EDGE ( 'NONE', *, *, #1447, .T. ) ;
#1819 = CARTESIAN_POINT ( 'NONE',  ( -0.4000000000000000222, -0.7500000000000000000, 0.5799999999999999600 ) ) ;
#1820 = PRESENTATION_LAYER_ASSIGNMENT (  '', '', ( #990 ) ) ;
#1821 = CIRCLE ( 'NONE', #1179, 0.01999999999999999695 ) ;
#1822 = CARTESIAN_POINT ( 'NONE',  ( -0.04749999999999998668, -0.5000000000000000000, 0.1575000000000000011 ) ) ;
#1823 = AXIS2_PLACEMENT_3D ( 'NONE', #607, #1600, #1590 ) ;
#1824 =( NAMED_UNIT ( * ) PLANE_ANGLE_UNIT ( ) SI_UNIT ( $, .RADIAN. ) );
#1825 =( GEOMETRIC_REPRESENTATION_CONTEXT ( 3 ) GLOBAL_UNCERTAINTY_ASSIGNED_CONTEXT ( ( #966 ) ) GLOBAL_UNIT_ASSIGNED_CONTEXT ( ( #980, #828, #998 ) ) REPRESENTATION_CONTEXT ( 'NONE', 'WORKASPACE' ) );
#1826 = CIRCLE ( 'NONE', #896, 0.01999999999999999695 ) ;
#1827 = DIRECTION ( 'NONE',  ( 1.000000000000000000, 0.000000000000000000, 0.000000000000000000 ) ) ;
#1828 = ORIENTED_EDGE ( 'NONE', *, *, #2021, .F. ) ;
#1829 = PRESENTATION_LAYER_ASSIGNMENT (  '', '', ( #1190 ) ) ;
#1830 = DIRECTION ( 'NONE',  ( 0.000000000000000000, 0.000000000000000000, 1.000000000000000000 ) ) ;
#1831 = DIRECTION ( 'NONE',  ( -0.000000000000000000, -0.000000000000000000, -1.000000000000000000 ) ) ;
#1832 = DIRECTION ( 'NONE',  ( 0.000000000000000000, -1.000000000000000000, 0.000000000000000000 ) ) ;
#1833 = CIRCLE ( 'NONE', #761, 0.1574999999999999734 ) ;
#1834 = CARTESIAN_POINT ( 'NONE',  ( 0.000000000000000000, -0.7500000000000000000, 0.5999999999999999778 ) ) ;
#1835 = EDGE_CURVE ( 'NONE', #1411, #1626, #1230, .T. ) ;
#1836 = APPLICATION_PROTOCOL_DEFINITION ( 'draft international standard', 'automotive_design', 1998, #783 ) ;
#1837 = CARTESIAN_POINT ( 'NONE',  ( 0.2300000000000000100, -0.2100000000000000200, 0.02700000000000000663 ) ) ;
#1838 = ORIENTED_EDGE ( 'NONE', *, *, #1093, .T. ) ;
#1839 = PRODUCT_RELATED_PRODUCT_CATEGORY ( 'part', '', ( #1055 ) ) ;
#1840 = CARTESIAN_POINT ( 'NONE',  ( 0.3624999999999999889, 0.5000000000000000000, 0.1575000000000000011 ) ) ;
#1841 = DIRECTION ( 'NONE',  ( 0.000000000000000000, 0.000000000000000000, 1.000000000000000000 ) ) ;
#1842 = SURFACE_STYLE_FILL_AREA ( #200 ) ;
#1843 =( NAMED_UNIT ( * ) SI_UNIT ( $, .STERADIAN. ) SOLID_ANGLE_UNIT ( ) );
#1844 = PLANE ( 'NONE',  #1476 ) ;
#1845 = CARTESIAN_POINT ( 'NONE',  ( 0.4122762600253819243, -0.7506605438875256775, 0.6017042122384702596 ) ) ;
#1846 = ORIENTED_EDGE ( 'NONE', *, *, #1710, .T. ) ;
#1847 = CARTESIAN_POINT ( 'NONE',  ( 0.04750000000000002831, 0.8149999999999999467, 0.1575000000000000289 ) ) ;
#1848 = SURFACE_SIDE_STYLE ('',( #369 ) ) ;
#1849 = PRESENTATION_STYLE_ASSIGNMENT (( #390 ) ) ;
#1850 =( LENGTH_UNIT ( ) NAMED_UNIT ( * ) SI_UNIT ( .MILLI., .METRE. ) );
#1851 = AXIS2_PLACEMENT_3D ( 'NONE', #1616, #1418, #787 ) ;
#1852 = CARTESIAN_POINT ( 'NONE',  ( 0.4162609814903367456, 0.7615470053837926079, 0.5868330292772484524 ) ) ;
#1853 = MECHANICAL_DESIGN_GEOMETRIC_PRESENTATION_REPRESENTATION (  '', ( #1092 ), #2126 ) ;
#1854 = AXIS2_PLACEMENT_3D ( 'NONE', #1376, #1880, #1186 ) ;
#1855 = MECHANICAL_DESIGN_GEOMETRIC_PRESENTATION_REPRESENTATION (  '', ( #1028 ), #160 ) ;
#1856 = CARTESIAN_POINT ( 'NONE',  ( 0.3950189003719572489, -0.7566125165785925200, 0.5982061327852279398 ) ) ;
#1857 = ORIENTED_EDGE ( 'NONE', *, *, #1577, .F. ) ;
#1858 = LINE ( 'NONE', #2008, #225 ) ;
#1859 = AXIS2_PLACEMENT_3D ( 'NONE', #1631, #1317, #989 ) ;
#1860 = ADVANCED_FACE ( 'NONE', ( #18 ), #617, .T. ) ;
#1861 = FILL_AREA_STYLE_COLOUR ( '', #12 ) ;
#1862 = CIRCLE ( 'NONE', #196, 0.01999999999999999695 ) ;
#1863 = CARTESIAN_POINT ( 'NONE',  ( -0.2300000000000000100, 0.2300000000000000100, 0.2200000000000000011 ) ) ;
#1864 = CARTESIAN_POINT ( 'NONE',  ( -0.4000000000000000777, 0.7589442719099991352, 0.5978885438199983415 ) ) ;
#1865 = SURFACE_STYLE_FILL_AREA ( #873 ) ;
#1866 = DIRECTION ( 'NONE',  ( 0.000000000000000000, 0.000000000000000000, -1.000000000000000000 ) ) ;
#1867 = SURFACE_STYLE_FILL_AREA ( #544 ) ;
#1868 = VERTEX_POINT ( 'NONE', #797 ) ;
#1869 = SURFACE_STYLE_FILL_AREA ( #1009 ) ;
#1870 = PRESENTATION_STYLE_ASSIGNMENT (( #356 ) ) ;
#1871 = EDGE_CURVE ( 'NONE', #465, #460, #800, .T. ) ;
#1872 = SURFACE_STYLE_USAGE ( .BOTH. , #525 ) ;
#1873 = DIRECTION ( 'NONE',  ( -1.000000000000000000, 0.000000000000000000, 0.000000000000000000 ) ) ;
#1874 = EDGE_CURVE ( 'NONE', #918, #498, #1407, .T. ) ;
#1875 = CARTESIAN_POINT ( 'NONE',  ( 0.4115470053837926856, 0.7615470053837926079, 0.5915470053837924569 ) ) ;
#1876 = FILL_AREA_STYLE ('',( #689 ) ) ;
#1877 = LINE ( 'NONE', #2017, #52 ) ;
#1878 =( NAMED_UNIT ( * ) PLANE_ANGLE_UNIT ( ) SI_UNIT ( $, .RADIAN. ) );
#1879 = ORIENTED_EDGE ( 'NONE', *, *, #1286, .T. ) ;
#1880 = DIRECTION ( 'NONE',  ( 1.000000000000000000, 0.000000000000000000, 0.000000000000000000 ) ) ;
#1881 = FILL_AREA_STYLE_COLOUR ( '', #1610 ) ;
#1882 = UNCERTAINTY_MEASURE_WITH_UNIT (LENGTH_MEASURE( 1.000000000000000082E-05 ), #1915, 'distance_accuracy_value', 'NONE');
#1883 = AXIS2_PLACEMENT_3D ( 'NONE', #1218, #1892, #405 ) ;
#1884 =( NAMED_UNIT ( * ) PLANE_ANGLE_UNIT ( ) SI_UNIT ( $, .RADIAN. ) );
#1885 = SURFACE_STYLE_USAGE ( .BOTH. , #1196 ) ;
#1886 =( NAMED_UNIT ( * ) PLANE_ANGLE_UNIT ( ) SI_UNIT ( $, .RADIAN. ) );
#1887 = ORIENTED_EDGE ( 'NONE', *, *, #718, .T. ) ;
#1888 = CARTESIAN_POINT ( 'NONE',  ( 0.000000000000000000, -0.2300000000000000100, 0.2200000000000000011 ) ) ;
#1889 = FILL_AREA_STYLE ('',( #1769 ) ) ;
#1890 = CIRCLE ( 'NONE', #1646, 0.01999999999999999695 ) ;
#1891 = AXIS2_PLACEMENT_3D ( 'NONE', #1068, #365, #1035 ) ;
#1892 = DIRECTION ( 'NONE',  ( 0.000000000000000000, 0.000000000000000000, 1.000000000000000000 ) ) ;
#1893 = SURFACE_STYLE_FILL_AREA ( #415 ) ;
#1894 = DIRECTION ( 'NONE',  ( 0.000000000000000000, 0.000000000000000000, 1.000000000000000000 ) ) ;
#1895 = AXIS2_PLACEMENT_3D ( 'NONE', #774, #598, #1253 ) ;
#1896 =( NAMED_UNIT ( * ) SI_UNIT ( $, .STERADIAN. ) SOLID_ANGLE_UNIT ( ) );
#1897 = CARTESIAN_POINT ( 'NONE',  ( -0.4115470053837926301, -0.7615470053837926079, 0.5915470053837925679 ) ) ;
#1898 = ADVANCED_FACE ( 'NONE', ( #587 ), #1374, .T. ) ;
#1899 = DIRECTION ( 'NONE',  ( 0.000000000000000000, 0.000000000000000000, 1.000000000000000000 ) ) ;
#1900 = ORIENTED_EDGE ( 'NONE', *, *, #2048, .F. ) ;
#1901 = CARTESIAN_POINT ( 'NONE',  ( -0.2100000000000000200, 0.2300000000000000100, 0.2200000000000000011 ) ) ;
#1902 = CARTESIAN_POINT ( 'NONE',  ( -0.04749999999999999362, -0.8150000000000001688, 0.7874999999999997558 ) ) ;
#1903 = CARTESIAN_POINT ( 'NONE',  ( 0.3624999999999999889, -0.1850000000000000810, 0.7874999999999997558 ) ) ;
#1904 =( NAMED_UNIT ( * ) SI_UNIT ( $, .STERADIAN. ) SOLID_ANGLE_UNIT ( ) );
#1905 = SURFACE_STYLE_USAGE ( .BOTH. , #255 ) ;
#1906 = DIRECTION ( 'NONE',  ( 0.000000000000000000, 0.000000000000000000, -1.000000000000000000 ) ) ;
#1907 = ORIENTED_EDGE ( 'NONE', *, *, #1871, .F. ) ;
#1908 = FILL_AREA_STYLE_COLOUR ( '', #1752 ) ;
#1909 = DIRECTION ( 'NONE',  ( 0.000000000000000000, 1.000000000000000000, 0.000000000000000000 ) ) ;
#1910 = CARTESIAN_POINT ( 'NONE',  ( -0.4000000000000000222, 0.3850000000000000089, 0.5799999999999999600 ) ) ;
#1911 = LINE ( 'NONE', #63, #799 ) ;
#1912 =( LENGTH_UNIT ( ) NAMED_UNIT ( * ) SI_UNIT ( .MILLI., .METRE. ) );
#1913 = PRESENTATION_STYLE_ASSIGNMENT (( #2083 ) ) ;
#1914 = SURFACE_STYLE_FILL_AREA ( #1094 ) ;
#1915 =( LENGTH_UNIT ( ) NAMED_UNIT ( * ) SI_UNIT ( .MILLI., .METRE. ) );
#1916 = ORIENTED_EDGE ( 'NONE', *, *, #1041, .F. ) ;
#1917 = CIRCLE ( 'NONE', #664, 0.02000000000000005246 ) ;
#1918 = DIRECTION ( 'NONE',  ( 0.000000000000000000, 0.000000000000000000, 1.000000000000000000 ) ) ;
#1919 = EDGE_CURVE ( 'NONE', #1100, #865, #1203, .T. ) ;
#1920 = DIRECTION ( 'NONE',  ( 0.000000000000000000, 0.000000000000000000, -1.000000000000000000 ) ) ;
#1921 =( GEOMETRIC_REPRESENTATION_CONTEXT ( 3 ) GLOBAL_UNCERTAINTY_ASSIGNED_CONTEXT ( ( #1788 ) ) GLOBAL_UNIT_ASSIGNED_CONTEXT ( ( #1780, #1149, #1639 ) ) REPRESENTATION_CONTEXT ( 'NONE', 'WORKASPACE' ) );
#1922 = CARTESIAN_POINT ( 'NONE',  ( 0.000000000000000000, 0.000000000000000000, 0.000000000000000000 ) ) ;
#1923 = PRESENTATION_LAYER_ASSIGNMENT (  '', '', ( #2130 ) ) ;
#1924 = SURFACE_STYLE_USAGE ( .BOTH. , #781 ) ;
#1925 = EDGE_CURVE ( 'NONE', #137, #1681, #1877, .T. ) ;
#1926 = COLOUR_RGB ( '',0.8313725490196077761, 0.8313725490196077761, 0.8313725490196077761 ) ;
#1927 = FACE_OUTER_BOUND ( 'NONE', #1670, .T. ) ;
#1928 = CARTESIAN_POINT ( 'NONE',  ( -0.04749999999999998668, -0.5000000000000000000, 0.1575000000000000011 ) ) ;
#1929 = FACE_OUTER_BOUND ( 'NONE', #1514, .T. ) ;
#1930 = AXIS2_PLACEMENT_3D ( 'NONE', #1222, #1894, #1505 ) ;
#1931 = AXIS2_PLACEMENT_3D ( 'NONE', #1236, #314, #1165 ) ;
#1932 = CARTESIAN_POINT ( 'NONE',  ( -0.2100000000000000200, 0.2100000000000000200, 0.2200000000000000011 ) ) ;
#1933 = LINE ( 'NONE', #286, #604 ) ;
#1934 = CARTESIAN_POINT ( 'NONE',  ( 0.4186619601788933442, -0.7597678529894934529, 0.5808737458000932108 ) ) ;
#1935 = EDGE_CURVE ( 'NONE', #109, #1345, #167, .T. ) ;
#1936 = LINE ( 'NONE', #1454, #1399 ) ;
#1937 = PRESENTATION_STYLE_ASSIGNMENT (( #766 ) ) ;
#1938 = ORIENTED_EDGE ( 'NONE', *, *, #1528, .T. ) ;
#1939 = EDGE_LOOP ( 'NONE', ( #2071, #1603, #743, #1789 ) ) ;
#1940 = LINE ( 'NONE', #633, #1366 ) ;
#1941 =( NAMED_UNIT ( * ) SI_UNIT ( $, .STERADIAN. ) SOLID_ANGLE_UNIT ( ) );
#1942 = CARTESIAN_POINT ( 'NONE',  ( 0.4122762600253819243, 0.7506605438875253444, 0.6017042122384699265 ) ) ;
#1943 = DIRECTION ( 'NONE',  ( 0.000000000000000000, 0.000000000000000000, 1.000000000000000000 ) ) ;
#1944 = UNCERTAINTY_MEASURE_WITH_UNIT (LENGTH_MEASURE( 1.000000000000000082E-05 ), #1733, 'distance_accuracy_value', 'NONE');
#1945 =( NAMED_UNIT ( * ) PLANE_ANGLE_UNIT ( ) SI_UNIT ( $, .RADIAN. ) );
#1946 = ADVANCED_FACE ( 'NONE', ( #1214 ), #1228, .T. ) ;
#1947 = EDGE_LOOP ( 'NONE', ( #620, #794, #1729, #610, #1182 ) ) ;
#1948 = STYLED_ITEM ( 'NONE', ( #1913 ), #614 ) ;
#1949 = FILL_AREA_STYLE_COLOUR ( '', #851 ) ;
#1950 = CARTESIAN_POINT ( 'NONE',  ( -0.2049999999999999878, -0.5000000000000000000, 0.1575000000000000011 ) ) ;
#1951 = MECHANICAL_DESIGN_GEOMETRIC_PRESENTATION_REPRESENTATION (  '', ( #125 ), #2058 ) ;
#1952 = AXIS2_PLACEMENT_3D ( 'NONE', #669, #722, #2033 ) ;
#1953 = MECHANICAL_DESIGN_GEOMETRIC_PRESENTATION_REPRESENTATION (  '', ( #786 ), #1794 ) ;
#1954 = DIRECTION ( 'NONE',  ( -0.000000000000000000, 1.000000000000000000, 0.000000000000000000 ) ) ;
#1955 = STYLED_ITEM ( 'NONE', ( #1761 ), #1522 ) ;
#1956 = APPLICATION_PROTOCOL_DEFINITION ( 'draft international standard', 'automotive_design', 1998, #1414 ) ;
#1957 = MECHANICAL_DESIGN_GEOMETRIC_PRESENTATION_REPRESENTATION (  '', ( #1190 ), #1002 ) ;
#1958 = ORIENTED_EDGE ( 'NONE', *, *, #556, .T. ) ;
#1959 = ORIENTED_EDGE ( 'NONE', *, *, #1074, .T. ) ;
#1960 = DIRECTION ( 'NONE',  ( 0.000000000000000000, 0.000000000000000000, 1.000000000000000000 ) ) ;
#1961 = FILL_AREA_STYLE ('',( #318 ) ) ;
#1962 =( NAMED_UNIT ( * ) PLANE_ANGLE_UNIT ( ) SI_UNIT ( $, .RADIAN. ) );
#1963 = CARTESIAN_POINT ( 'NONE',  ( 0.000000000000000000, 0.000000000000000000, 0.000000000000000000 ) ) ;
#1964 = ORIENTED_EDGE ( 'NONE', *, *, #281, .T. ) ;
#1965 = ORIENTED_EDGE ( 'NONE', *, *, #1662, .T. ) ;
#1966 = CLOSED_SHELL ( 'NONE', ( #912, #748 ) ) ;
#1967 = SURFACE_STYLE_USAGE ( .BOTH. , #312 ) ;
#1968 = FACE_OUTER_BOUND ( 'NONE', #274, .T. ) ;
#1969 = APPLICATION_PROTOCOL_DEFINITION ( 'draft international standard', 'automotive_design', 1998, #1998 ) ;
#1970 =( LENGTH_UNIT ( ) NAMED_UNIT ( * ) SI_UNIT ( .MILLI., .METRE. ) );
#1971 = CARTESIAN_POINT ( 'NONE',  ( -0.4048189779096636465, -0.7833868263297212309, 0.5616317454963927203 ) ) ;
#1972 = ORIENTED_EDGE ( 'NONE', *, *, #1108, .F. ) ;
#1973 = FILL_AREA_STYLE_COLOUR ( '', #2012 ) ;
#1974 = FACE_OUTER_BOUND ( 'NONE', #72, .T. ) ;
#1975 = DIRECTION ( 'NONE',  ( -0.000000000000000000, 1.000000000000000000, 0.000000000000000000 ) ) ;
#1976 = EDGE_CURVE ( 'NONE', #865, #1583, #1862, .T. ) ;
#1977 = CARTESIAN_POINT ( 'NONE',  ( -0.3624999999999999889, -0.5000000000000000000, 0.1575000000000000011 ) ) ;
#1978 = APPLICATION_PROTOCOL_DEFINITION ( 'draft international standard', 'automotive_design', 1998, #528 ) ;
#1979 = STYLED_ITEM ( 'NONE', ( #310 ), #1069 ) ;
#1980 = DIRECTION ( 'NONE',  ( 1.000000000000000000, 0.000000000000000000, 0.000000000000000000 ) ) ;
#1981 =( NAMED_UNIT ( * ) SI_UNIT ( $, .STERADIAN. ) SOLID_ANGLE_UNIT ( ) );
#1982 = EDGE_LOOP ( 'NONE', ( #767, #1846, #691, #1995 ) ) ;
#1983 =( REPRESENTATION_RELATIONSHIP ('NONE','NONE', #322, #1140 ) REPRESENTATION_RELATIONSHIP_WITH_TRANSFORMATION ( #493 )SHAPE_REPRESENTATION_RELATIONSHIP( ) );
#1984 = CARTESIAN_POINT ( 'NONE',  ( 0.04750000000000004913, 0.1850000000000001366, 0.7874999999999998668 ) ) ;
#1985 = MECHANICAL_DESIGN_GEOMETRIC_PRESENTATION_REPRESENTATION (  '', ( #647 ), #1371 ) ;
#1986 = PRESENTATION_STYLE_ASSIGNMENT (( #1967 ) ) ;
#1987 =( NAMED_UNIT ( * ) SI_UNIT ( $, .STERADIAN. ) SOLID_ANGLE_UNIT ( ) );
#1988 = LINE ( 'NONE', #1191, #508 ) ;
#1989 = PRODUCT_DEFINITION_CONTEXT ( 'detailed design', #339, 'design' ) ;
#1990 = SHAPE_DEFINITION_REPRESENTATION ( #1785, #1738 ) ;
#1991 = EDGE_CURVE ( 'NONE', #54, #283, #1536, .T. ) ;
#1992 = CARTESIAN_POINT ( 'NONE',  ( 0.4115470053837924080, -0.7615470053837922748, 0.5915470053837930120 ) ) ;
#1993 = CARTESIAN_POINT ( 'NONE',  ( -0.4115470053837927411, 0.7615470053837926079, 0.5915470053837921238 ) ) ;
#1994 = CARTESIAN_POINT ( 'NONE',  ( 0.4115470053837926301, -0.7615470053837926079, 0.5915470053837924569 ) ) ;
#1995 = ORIENTED_EDGE ( 'NONE', *, *, #1181, .F. ) ;
#1996 = FACE_OUTER_BOUND ( 'NONE', #294, .T. ) ;
#1997 = DIRECTION ( 'NONE',  ( 1.000000000000000000, 0.000000000000000000, 0.000000000000000000 ) ) ;
#1998 = APPLICATION_CONTEXT ( 'automotive_design' ) ;
#1999 = CARTESIAN_POINT ( 'NONE',  ( 0.3624999999999999889, 0.8149999999999999467, 0.1574999999999999456 ) ) ;
#2000 = DIRECTION ( 'NONE',  ( 0.000000000000000000, -1.224646799147353207E-16, -1.000000000000000000 ) ) ;
#2001 = CARTESIAN_POINT ( 'NONE',  ( 0.4115470053837927411, 0.7615470053837923858, 0.5915470053837925679 ) ) ;
#2002 = CARTESIAN_POINT ( 'NONE',  ( -0.4000000000000000222, -0.7700000000000000178, 0.5799999999999999600 ) ) ;
#2003 = SURFACE_STYLE_FILL_AREA ( #1876 ) ;
#2004 = EDGE_CURVE ( 'NONE', #1040, #1313, #1833, .T. ) ;
#2005 = CARTESIAN_POINT ( 'NONE',  ( -0.4013897985291147164, -0.7724334668800596493, 0.5908177507422029962 ) ) ;
#2006 = ORIENTED_EDGE ( 'NONE', *, *, #1919, .F. ) ;
#2007 = CARTESIAN_POINT ( 'NONE',  ( -0.4200000000000000400, 0.7700000000000000178, 0.2200000000000000011 ) ) ;
#2008 = CARTESIAN_POINT ( 'NONE',  ( 0.000000000000000000, 0.2300000000000000100, 0.2200000000000000011 ) ) ;
#2009 =( NAMED_UNIT ( * ) PLANE_ANGLE_UNIT ( ) SI_UNIT ( $, .RADIAN. ) );
#2010 = COLOUR_RGB ( '',0.2862745098039215508, 0.2862745098039215508, 0.2862745098039215508 ) ;
#2011 = CARTESIAN_POINT ( 'NONE',  ( 0.4068330292772484591, 0.7615470053837926079, 0.5962609814903366834 ) ) ;
#2012 = COLOUR_RGB ( '',0.2862745098039215508, 0.2862745098039215508, 0.2862745098039215508 ) ;
#2013 = COLOUR_RGB ( '',0.2862745098039215508, 0.2862745098039215508, 0.2862745098039215508 ) ;
#2014 = SURFACE_STYLE_FILL_AREA ( #511 ) ;
#2015 = AXIS2_PLACEMENT_3D ( 'NONE', #461, #1305, #1132 ) ;
#2016 = AXIS2_PLACEMENT_3D ( 'NONE', #213, #846, #1490 ) ;
#2017 = CARTESIAN_POINT ( 'NONE',  ( 0.000000000000000000, 0.7500000000000000000, 0.5999999999999999778 ) ) ;
#2018 = COLOUR_RGB ( '',0.2862745098039215508, 0.2862745098039215508, 0.2862745098039215508 ) ;
#2019 = ORIENTED_EDGE ( 'NONE', *, *, #490, .T. ) ;
#2020 = FACE_OUTER_BOUND ( 'NONE', #1169, .T. ) ;
#2021 = EDGE_CURVE ( 'NONE', #109, #1375, #337, .T. ) ;
#2022 = PRESENTATION_LAYER_ASSIGNMENT (  '', '', ( #646 ) ) ;
#2023 = FILL_AREA_STYLE ('',( #1348 ) ) ;
#2024 = AXIS2_PLACEMENT_3D ( 'NONE', #560, #2038, #1557 ) ;
#2025 = DIRECTION ( 'NONE',  ( 0.000000000000000000, 0.000000000000000000, -1.000000000000000000 ) ) ;
#2026 = ORIENTED_EDGE ( 'NONE', *, *, #1106, .T. ) ;
#2027 = FACE_OUTER_BOUND ( 'NONE', #1982, .T. ) ;
#2028 = CARTESIAN_POINT ( 'NONE',  ( -0.4178885438199983482, -0.7589442719099991352, 0.5799999999999999600 ) ) ;
#2029 =( LENGTH_UNIT ( ) NAMED_UNIT ( * ) SI_UNIT ( .MILLI., .METRE. ) );
#2030 = SURFACE_STYLE_FILL_AREA ( #716 ) ;
#2031 = FILL_AREA_STYLE_COLOUR ( '', #1267 ) ;
#2032 = ORIENTED_EDGE ( 'NONE', *, *, #673, .F. ) ;
#2033 = DIRECTION ( 'NONE',  ( 1.000000000000000000, 0.000000000000000000, 0.000000000000000000 ) ) ;
#2034 = SURFACE_SIDE_STYLE ('',( #1378 ) ) ;
#2035 = CARTESIAN_POINT ( 'NONE',  ( -0.4000000000000000222, -0.7700000000000000178, 0.2200000000000000011 ) ) ;
#2036 = CARTESIAN_POINT ( 'NONE',  ( 0.4108177507422035024, 0.7724334668800593162, 0.5813897985291148762 ) ) ;
#2037 = UNCERTAINTY_MEASURE_WITH_UNIT (LENGTH_MEASURE( 1.000000000000000082E-05 ), #1426, 'distance_accuracy_value', 'NONE');
#2038 = DIRECTION ( 'NONE',  ( 0.4082482904638631838, 0.8164965809277260345, 0.4082482904638627952 ) ) ;
#2039 = PRESENTATION_STYLE_ASSIGNMENT (( #1524 ) ) ;
#2040 = ORIENTED_EDGE ( 'NONE', *, *, #700, .F. ) ;
#2041 =( NAMED_UNIT ( * ) SI_UNIT ( $, .STERADIAN. ) SOLID_ANGLE_UNIT ( ) );
#2042 = CARTESIAN_POINT ( 'NONE',  ( -0.3624999999999999334, 0.1850000000000000533, -0.4724999999999997535 ) ) ;
#2043 = DIRECTION ( 'NONE',  ( 0.000000000000000000, -1.224646799147353207E-16, -1.000000000000000000 ) ) ;
#2044 = SURFACE_STYLE_USAGE ( .BOTH. , #1431 ) ;
#2045 = DIRECTION ( 'NONE',  ( 0.000000000000000000, 0.000000000000000000, -1.000000000000000000 ) ) ;
#2046 = CARTESIAN_POINT ( 'NONE',  ( -0.3624999999999999889, -0.5000000000000000000, 0.1575000000000000011 ) ) ;
#2047 = CARTESIAN_POINT ( 'NONE',  ( -0.2100000000000000200, -0.2100000000000000200, 0.02700000000000000663 ) ) ;
#2048 = EDGE_CURVE ( 'NONE', #1100, #1215, #893, .T. ) ;
#2049 = FACE_OUTER_BOUND ( 'NONE', #1947, .T. ) ;
#2050 = CARTESIAN_POINT ( 'NONE',  ( 0.4186619601788936218, 0.7597678529894935640, 0.5808737458000932108 ) ) ;
#2051 = PRODUCT_DEFINITION_CONTEXT ( 'detailed design', #783, 'design' ) ;
#2052 = MECHANICAL_DESIGN_GEOMETRIC_PRESENTATION_REPRESENTATION (  '', ( #9 ), #820 ) ;
#2053 = CARTESIAN_POINT ( 'NONE',  ( -0.04749999999999999362, 0.1850000000000001366, 0.7874999999999998668 ) ) ;
#2054 = CARTESIAN_POINT ( 'NONE',  ( 0.2100000000000000200, 0.7500000000000000000, 0.5799999999999999600 ) ) ;
#2055 = STYLED_ITEM ( 'NONE', ( #563 ), #842 ) ;
#2056 = ORIENTED_EDGE ( 'NONE', *, *, #174, .T. ) ;
#2057 = MECHANICAL_DESIGN_GEOMETRIC_PRESENTATION_REPRESENTATION (  '', ( #189 ), #1398 ) ;
#2058 =( GEOMETRIC_REPRESENTATION_CONTEXT ( 3 ) GLOBAL_UNCERTAINTY_ASSIGNED_CONTEXT ( ( #106 ) ) GLOBAL_UNIT_ASSIGNED_CONTEXT ( ( #1970, #397, #1747 ) ) REPRESENTATION_CONTEXT ( 'NONE', 'WORKASPACE' ) );
#2059 = SURFACE_STYLE_FILL_AREA ( #777 ) ;
#2060 = UNCERTAINTY_MEASURE_WITH_UNIT (LENGTH_MEASURE( 1.000000000000000082E-05 ), #375, 'distance_accuracy_value', 'NONE');
#2061 = VERTEX_POINT ( 'NONE', #232 ) ;
#2062 = PRESENTATION_LAYER_ASSIGNMENT (  '', '', ( #1797 ) ) ;
#2063 = SURFACE_STYLE_FILL_AREA ( #1745 ) ;
#2064 = AXIS2_PLACEMENT_3D ( 'NONE', #1381, #1866, #1393 ) ;
#2065 = COLOUR_RGB ( '',0.2862745098039215508, 0.2862745098039215508, 0.2862745098039215508 ) ;
#2066 = CARTESIAN_POINT ( 'NONE',  ( -0.4182061327852279464, 0.7566125165785924089, 0.5750189003719570202 ) ) ;
#2067 = DIRECTION ( 'NONE',  ( -1.000000000000000000, 0.000000000000000000, 0.000000000000000000 ) ) ;
#2068 = LINE ( 'NONE', #804, #1673 ) ;
#2069 = ORIENTED_EDGE ( 'NONE', *, *, #269, .F. ) ;
#2070 = SURFACE_STYLE_USAGE ( .BOTH. , #85 ) ;
#2071 = ORIENTED_EDGE ( 'NONE', *, *, #1528, .F. ) ;
#2072 =( LENGTH_UNIT ( ) NAMED_UNIT ( * ) SI_UNIT ( .MILLI., .METRE. ) );
#2073 = CARTESIAN_POINT ( 'NONE',  ( -0.04749999999999999362, -0.5000000000000000000, 0.1575000000000000011 ) ) ;
#2074 =( NAMED_UNIT ( * ) PLANE_ANGLE_UNIT ( ) SI_UNIT ( $, .RADIAN. ) );
#2075 = DIRECTION ( 'NONE',  ( 0.000000000000000000, 0.000000000000000000, -1.000000000000000000 ) ) ;
#2076 = CARTESIAN_POINT ( 'NONE',  ( -0.4162609814903369676, -0.7615470053837924969, 0.5868330292772481194 ) ) ;
#2077 = EDGE_LOOP ( 'NONE', ( #195, #140 ) ) ;
#2078 = EDGE_CURVE ( 'NONE', #1691, #546, #1619, .T. ) ;
#2079 = CARTESIAN_POINT ( 'NONE',  ( -0.04749999999999999362, 0.1850000000000000533, -0.4724999999999997535 ) ) ;
#2080 = DIRECTION ( 'NONE',  ( -1.000000000000000000, -0.000000000000000000, -0.000000000000000000 ) ) ;
#2081 = LINE ( 'NONE', #73, #1580 ) ;
#2082 =( BOUNDED_SURFACE ( )  B_SPLINE_SURFACE ( 3, 3, ( 
 ( #1048, #1725, #2001, #1875 ),
 ( #1852, #2036, #1370, #2011 ),
 ( #2050, #41, #1707, #529 ),
 ( #1541, #203, #1200, #55 ) ),
 .UNSPECIFIED., .F., .F., .T. ) 
 B_SPLINE_SURFACE_WITH_KNOTS ( ( 4, 4 ),
 ( 4, 4 ),
 ( 0.000000000000000000, 1.000000000000000000 ),
 ( 0.000000000000000000, 1.000000000000000000 ),
 .UNSPECIFIED. ) 
 GEOMETRIC_REPRESENTATION_ITEM ( )  RATIONAL_B_SPLINE_SURFACE ( (
 ( 1.000000000000000000, 0.3333333333333324822, 0.3333333333333324822, 1.000000000000000000),
 ( 0.9245018060306368080, 0.3081672686768781588, 0.3081672686768781588, 0.9245018060306368080),
 ( 0.9245018060306368080, 0.3081672686768781588, 0.3081672686768781588, 0.9245018060306368080),
 ( 1.000000000000000000, 0.3333333333333324822, 0.3333333333333324822, 1.000000000000000000) ) ) 
 REPRESENTATION_ITEM ( '' )  SURFACE ( )  );
#2083 = SURFACE_STYLE_USAGE ( .BOTH. , #1760 ) ;
#2084 = CARTESIAN_POINT ( 'NONE',  ( 0.3624999999999999889, -0.5000000000000000000, 0.1575000000000000011 ) ) ;
#2085 = ADVANCED_BREP_SHAPE_REPRESENTATION ( '', ( #1667, #924, #1657, #240, #1446 ), #2135 ) ;
#2086 = DIRECTION ( 'NONE',  ( -1.000000000000000000, 0.000000000000000000, 0.000000000000000000 ) ) ;
#2087 =( NAMED_UNIT ( * ) PLANE_ANGLE_UNIT ( ) SI_UNIT ( $, .RADIAN. ) );
#2088 = CARTESIAN_POINT ( 'NONE',  ( 0.2300000000000000100, -0.2100000000000000200, 0.2200000000000000011 ) ) ;
#2089 = VERTEX_POINT ( 'NONE', #2035 ) ;
#2090 = SURFACE_STYLE_USAGE ( .BOTH. , #1741 ) ;
#2091 = PRESENTATION_LAYER_ASSIGNMENT (  '', '', ( #125 ) ) ;
#2092 = PRESENTATION_STYLE_ASSIGNMENT (( #2044 ) ) ;
#2093 = AXIS2_PLACEMENT_3D ( 'NONE', #693, #1841, #1997 ) ;
#2094 = EDGE_CURVE ( 'NONE', #812, #465, #1178, .T. ) ;
#2095 = STYLED_ITEM ( 'NONE', ( #1209 ), #251 ) ;
#2096 = CARTESIAN_POINT ( 'NONE',  ( 0.4000000000000000222, 0.7500000000000000000, 0.5799999999999999600 ) ) ;
#2097 = COLOUR_RGB ( '',0.2862745098039215508, 0.2862745098039215508, 0.2862745098039215508 ) ;
#2098 = CARTESIAN_POINT ( 'NONE',  ( 0.3624999999999999889, -0.5000000000000000000, 0.1575000000000000011 ) ) ;
#2099 = PRESENTATION_LAYER_ASSIGNMENT (  '', '', ( #1955 ) ) ;
#2100 = CARTESIAN_POINT ( 'NONE',  ( -0.4000000000000000222, 0.000000000000000000, 0.5999999999999999778 ) ) ;
#2101 = STYLED_ITEM ( 'NONE', ( #1208 ), #1669 ) ;
#2102 =( NAMED_UNIT ( * ) SI_UNIT ( $, .STERADIAN. ) SOLID_ANGLE_UNIT ( ) );
#2103 = FILL_AREA_STYLE ('',( #1567 ) ) ;
#2104 = CIRCLE ( 'NONE', #1274, 0.01999999999999999695 ) ;
#2105 = VERTEX_POINT ( 'NONE', #736 ) ;
#2106 = FACE_OUTER_BOUND ( 'NONE', #589, .T. ) ;
#2107 = UNCERTAINTY_MEASURE_WITH_UNIT (LENGTH_MEASURE( 1.000000000000000082E-05 ), #1693, 'distance_accuracy_value', 'NONE');
#2108 = VERTEX_POINT ( 'NONE', #1687 ) ;
#2109 = CARTESIAN_POINT ( 'NONE',  ( -0.8716260141688217944, -0.5001434826427200164, 0.000000000000000000 ) ) ;
#2110 = CARTESIAN_POINT ( 'NONE',  ( -0.3999999999999999667, 0.7700000000000000178, 0.2200000000000000011 ) ) ;
#2111 = CARTESIAN_POINT ( 'NONE',  ( -0.2100000000000000200, -0.2100000000000000200, 0.2200000000000000011 ) ) ;
#2112 = DIRECTION ( 'NONE',  ( 0.000000000000000000, 0.000000000000000000, 1.000000000000000000 ) ) ;
#2113 = FILL_AREA_STYLE_COLOUR ( '', #221 ) ;
#2114 = DIRECTION ( 'NONE',  ( -0.000000000000000000, 0.000000000000000000, 1.000000000000000000 ) ) ;
#2115 = ORIENTED_EDGE ( 'NONE', *, *, #700, .T. ) ;
#2116 = DIRECTION ( 'NONE',  ( 0.4082482904638630727, -0.8164965809277261455, 0.4082482904638630727 ) ) ;
#2117 = CARTESIAN_POINT ( 'NONE',  ( -0.3624999999999999334, -0.1850000000000000810, 0.1574999999999999456 ) ) ;
#2118 = EDGE_CURVE ( 'NONE', #1637, #1080, #2104, .T. ) ;
#2119 = UNCERTAINTY_MEASURE_WITH_UNIT (LENGTH_MEASURE( 1.000000000000000082E-05 ), #1440, 'distance_accuracy_value', 'NONE');
#2120 = DIRECTION ( 'NONE',  ( 1.000000000000000000, 0.000000000000000000, 0.000000000000000000 ) ) ;
#2121 = ORIENTED_EDGE ( 'NONE', *, *, #796, .F. ) ;
#2122 = CARTESIAN_POINT ( 'NONE',  ( -0.2300000000000000100, -0.2300000000000000100, 0.2200000000000000011 ) ) ;
#2123 = EDGE_LOOP ( 'NONE', ( #5, #578 ) ) ;
#2124 = CIRCLE ( 'NONE', #1711, 0.02000000000000004552 ) ;
#2125 = PLANE ( 'NONE',  #1854 ) ;
#2126 =( GEOMETRIC_REPRESENTATION_CONTEXT ( 3 ) GLOBAL_UNCERTAINTY_ASSIGNED_CONTEXT ( ( #1405 ) ) GLOBAL_UNIT_ASSIGNED_CONTEXT ( ( #300, #973, #808 ) ) REPRESENTATION_CONTEXT ( 'NONE', 'WORKASPACE' ) );
#2127 = AXIS2_PLACEMENT_3D ( 'NONE', #445, #950, #143 ) ;
#2128 = AXIS2_PLACEMENT_3D ( 'NONE', #857, #601, #1920 ) ;
#2129 = COLOUR_RGB ( '',0.2862745098039215508, 0.2862745098039215508, 0.2862745098039215508 ) ;
#2130 = STYLED_ITEM ( 'NONE', ( #1290 ), #1326 ) ;
#2131 = CARTESIAN_POINT ( 'NONE',  ( -0.3950189003719570824, 0.7566125165785924089, 0.5982061327852279398 ) ) ;
#2132 = PRESENTATION_LAYER_ASSIGNMENT (  '', '', ( #1338 ) ) ;
#2133 = AXIS2_PLACEMENT_3D ( 'NONE', #1731, #1432, #946 ) ;
#2134 = ORIENTED_EDGE ( 'NONE', *, *, #1340, .F. ) ;
#2135 =( GEOMETRIC_REPRESENTATION_CONTEXT ( 3 ) GLOBAL_UNCERTAINTY_ASSIGNED_CONTEXT ( ( #1632 ) ) GLOBAL_UNIT_ASSIGNED_CONTEXT ( ( #242, #2074, #584 ) ) REPRESENTATION_CONTEXT ( 'NONE', 'WORKASPACE' ) );
#2136 = VERTEX_POINT ( 'NONE', #1032 ) ;
#2137 = PRODUCT_DEFINITION_FORMATION_WITH_SPECIFIED_SOURCE ( 'ANY', '', #287, .NOT_KNOWN. ) ;
#2138 = CARTESIAN_POINT ( 'NONE',  ( 0.3624999999999999889, -0.5000000000000000000, 0.1575000000000000011 ) ) ;
#2139 = PRODUCT_DEFINITION_SHAPE ( 'NONE', 'NONE',  #2143 ) ;
#2140 = ORIENTED_EDGE ( 'NONE', *, *, #2004, .F. ) ;
#2141 = NEXT_ASSEMBLY_USAGE_OCCURRENCE ( 'NAUO1', ' ', ' ', #618, #204, $ ) ;
#2142 = NEXT_ASSEMBLY_USAGE_OCCURRENCE ( 'NAUO2', ' ', ' ', #618, #1356, $ ) ;
#2143 = NEXT_ASSEMBLY_USAGE_OCCURRENCE ( 'NAUO3', ' ', ' ', #618, #1744, $ ) ;
ENDSEC;
END-ISO-10303-21;
