ISO-10303-21;
HEADER;
/* Generated by software containing ST-Developer
 * from STEP Tools, Inc. (www.steptools.com) 
 */
/* OPTION: using custom renumber hook */

FILE_DESCRIPTION(
/* description */ ('STEP AP214'),
/* implementation_level */ '2;1');

FILE_NAME(
/* name */ 'SS5-10-3.00-L-D-K-TR',
/* time_stamp */ '2026-06-17T14:42:33+02:00',
/* author */ ('License CC BY-ND 4.0'),
/* organization */ ('CADENAS'),
/* preprocessor_version */ 'ST-DEVELOPER v20',
/* originating_system */ 'PARTsolutions',
/* authorisation */ '  ');

FILE_SCHEMA (('AUTOMOTIVE_DESIGN {1 0 10303 214 3 1 1}'));
ENDSEC;

DATA;
#10=PROPERTY_DEFINITION_REPRESENTATION(#14,#12);
#11=PROPERTY_DEFINITION_REPRESENTATION(#15,#13);
#12=REPRESENTATION('',(#16),#20582);
#13=REPRESENTATION('',(#17),#20582);
#14=PROPERTY_DEFINITION('pmi validation property','',#20595);
#15=PROPERTY_DEFINITION('pmi validation property','',#20595);
#16=VALUE_REPRESENTATION_ITEM('number of annotations',COUNT_MEASURE(0.));
#17=VALUE_REPRESENTATION_ITEM('number of views',COUNT_MEASURE(0.));
#18=CONTEXT_DEPENDENT_SHAPE_REPRESENTATION(#26,#20597);
#19=CONTEXT_DEPENDENT_SHAPE_REPRESENTATION(#27,#20599);
#20=CONTEXT_DEPENDENT_SHAPE_REPRESENTATION(#28,#20601);
#21=CONTEXT_DEPENDENT_SHAPE_REPRESENTATION(#29,#20603);
#22=NEXT_ASSEMBLY_USAGE_OCCURRENCE('NAUO1','SS5-10_socket',
'SS5-10_socket',#20604,#20605,'');
#23=NEXT_ASSEMBLY_USAGE_OCCURRENCE('NAUO2','C-229-10-3.00_',
'C-229-10-3.00_',#20604,#20606,'');
#24=NEXT_ASSEMBLY_USAGE_OCCURRENCE('NAUO3','C-229-10-3.00-2_',
'C-229-10-3.00-2_',#20604,#20607,'');
#25=NEXT_ASSEMBLY_USAGE_OCCURRENCE('NAUO4',
'K-DOT-.138-.250-.005_polyamide_pick_',
'K-DOT-.138-.250-.005_polyamide_pick_',#20604,#20608,'');
#26=(
REPRESENTATION_RELATIONSHIP(' ',' ',#13047,#13046)
REPRESENTATION_RELATIONSHIP_WITH_TRANSFORMATION(#30)
SHAPE_REPRESENTATION_RELATIONSHIP()
);
#27=(
REPRESENTATION_RELATIONSHIP(' ',' ',#13048,#13046)
REPRESENTATION_RELATIONSHIP_WITH_TRANSFORMATION(#31)
SHAPE_REPRESENTATION_RELATIONSHIP()
);
#28=(
REPRESENTATION_RELATIONSHIP(' ',' ',#13049,#13046)
REPRESENTATION_RELATIONSHIP_WITH_TRANSFORMATION(#32)
SHAPE_REPRESENTATION_RELATIONSHIP()
);
#29=(
REPRESENTATION_RELATIONSHIP(' ',' ',#13050,#13046)
REPRESENTATION_RELATIONSHIP_WITH_TRANSFORMATION(#33)
SHAPE_REPRESENTATION_RELATIONSHIP()
);
#30=ITEM_DEFINED_TRANSFORMATION(' ',' ',#13051,#13268);
#31=ITEM_DEFINED_TRANSFORMATION(' ',' ',#13051,#13447);
#32=ITEM_DEFINED_TRANSFORMATION(' ',' ',#13051,#13706);
#33=ITEM_DEFINED_TRANSFORMATION(' ',' ',#13051,#13712);
#34=SHAPE_REPRESENTATION_RELATIONSHIP('','',#13047,#38);
#35=SHAPE_REPRESENTATION_RELATIONSHIP('','',#13048,#39);
#36=SHAPE_REPRESENTATION_RELATIONSHIP('','',#13049,#40);
#37=SHAPE_REPRESENTATION_RELATIONSHIP('','',#13050,#41);
#38=ADVANCED_BREP_SHAPE_REPRESENTATION('',(#13037),#20583);
#39=ADVANCED_BREP_SHAPE_REPRESENTATION('',(#13038),#20584);
#40=ADVANCED_BREP_SHAPE_REPRESENTATION('',(#13039),#20585);
#41=ADVANCED_BREP_SHAPE_REPRESENTATION('',(#13040),#20586);
#42=CYLINDRICAL_SURFACE('',#13140,1.00000000000001);
#43=CYLINDRICAL_SURFACE('',#13142,1.00000000000001);
#44=CYLINDRICAL_SURFACE('',#13160,0.25);
#45=CYLINDRICAL_SURFACE('',#13163,0.25);
#46=CYLINDRICAL_SURFACE('',#13165,0.150000000000001);
#47=CYLINDRICAL_SURFACE('',#13172,0.153999999999999);
#48=CYLINDRICAL_SURFACE('',#13216,0.0499999999999994);
#49=CYLINDRICAL_SURFACE('',#13219,0.0499999999999997);
#50=CYLINDRICAL_SURFACE('',#13224,0.0499999999999994);
#51=CYLINDRICAL_SURFACE('',#13227,0.0499999999999997);
#52=CYLINDRICAL_SURFACE('',#13609,0.0999999999999994);
#53=CYLINDRICAL_SURFACE('',#13610,0.0999999999999994);
#54=CYLINDRICAL_SURFACE('',#13611,0.0999999999999994);
#55=CYLINDRICAL_SURFACE('',#13612,0.0999999999999994);
#56=CYLINDRICAL_SURFACE('',#13613,0.0999999999999994);
#57=CYLINDRICAL_SURFACE('',#13614,0.0999999999999994);
#58=CYLINDRICAL_SURFACE('',#13615,0.0999999999999994);
#59=CYLINDRICAL_SURFACE('',#13616,0.0999999999999994);
#60=CYLINDRICAL_SURFACE('',#13617,0.0999999999999994);
#61=CYLINDRICAL_SURFACE('',#13618,0.100000000000001);
#62=CYLINDRICAL_SURFACE('',#13619,0.100000000000001);
#63=CYLINDRICAL_SURFACE('',#13620,0.100000000000001);
#64=CYLINDRICAL_SURFACE('',#13621,0.100000000000001);
#65=CYLINDRICAL_SURFACE('',#13622,0.100000000000001);
#66=CYLINDRICAL_SURFACE('',#13623,0.100000000000001);
#67=CYLINDRICAL_SURFACE('',#13624,0.100000000000001);
#68=CYLINDRICAL_SURFACE('',#13625,0.100000000000001);
#69=CYLINDRICAL_SURFACE('',#13626,0.100000000000001);
#70=CYLINDRICAL_SURFACE('',#13627,0.100000000000001);
#71=CYLINDRICAL_SURFACE('',#13684,0.0999999999999994);
#72=CYLINDRICAL_SURFACE('',#13707,1.75);
#73=CIRCLE('',#13110,0.0499999999999994);
#74=CIRCLE('',#13111,0.0499999999999997);
#75=CIRCLE('',#13114,1.00000000000001);
#76=CIRCLE('',#13116,1.00000000000001);
#77=CIRCLE('',#13124,0.25);
#78=CIRCLE('',#13125,0.25);
#79=CIRCLE('',#13127,0.25);
#80=CIRCLE('',#13129,0.25);
#81=CIRCLE('',#13131,1.00000000000001);
#82=CIRCLE('',#13133,1.00000000000001);
#83=CIRCLE('',#13144,0.0499999999999997);
#84=CIRCLE('',#13145,0.0499999999999994);
#85=CIRCLE('',#13158,0.153999999999999);
#86=CIRCLE('',#13159,0.150000000000001);
#87=CIRCLE('',#13166,0.150000000000001);
#88=CIRCLE('',#13173,0.153999999999999);
#89=CIRCLE('',#13217,0.0499999999999994);
#90=CIRCLE('',#13220,0.0499999999999997);
#91=CIRCLE('',#13225,0.0499999999999994);
#92=CIRCLE('',#13228,0.0499999999999997);
#93=CIRCLE('',#13469,0.100000000000001);
#94=CIRCLE('',#13470,0.0999999999999994);
#95=CIRCLE('',#13472,0.0999999999999994);
#96=CIRCLE('',#13473,0.100000000000001);
#97=CIRCLE('',#13475,0.100000000000001);
#98=CIRCLE('',#13477,0.100000000000001);
#99=CIRCLE('',#13480,0.100000000000001);
#100=CIRCLE('',#13482,0.100000000000001);
#101=CIRCLE('',#13485,0.100000000000001);
#102=CIRCLE('',#13487,0.100000000000001);
#103=CIRCLE('',#13490,0.100000000000001);
#104=CIRCLE('',#13492,0.100000000000001);
#105=CIRCLE('',#13495,0.100000000000001);
#106=CIRCLE('',#13497,0.100000000000001);
#107=CIRCLE('',#13500,0.100000000000001);
#108=CIRCLE('',#13502,0.100000000000001);
#109=CIRCLE('',#13505,0.100000000000001);
#110=CIRCLE('',#13507,0.100000000000001);
#111=CIRCLE('',#13510,0.100000000000001);
#112=CIRCLE('',#13512,0.100000000000001);
#113=CIRCLE('',#13516,0.100000000000001);
#114=CIRCLE('',#13518,0.100000000000001);
#115=CIRCLE('',#13520,0.0999999999999994);
#116=CIRCLE('',#13522,0.0999999999999994);
#117=CIRCLE('',#13525,0.0999999999999994);
#118=CIRCLE('',#13527,0.0999999999999994);
#119=CIRCLE('',#13530,0.0999999999999994);
#120=CIRCLE('',#13532,0.0999999999999994);
#121=CIRCLE('',#13535,0.0999999999999994);
#122=CIRCLE('',#13537,0.0999999999999994);
#123=CIRCLE('',#13540,0.0999999999999994);
#124=CIRCLE('',#13542,0.0999999999999994);
#125=CIRCLE('',#13545,0.0999999999999994);
#126=CIRCLE('',#13547,0.0999999999999994);
#127=CIRCLE('',#13550,0.0999999999999994);
#128=CIRCLE('',#13552,0.0999999999999994);
#129=CIRCLE('',#13555,0.0999999999999994);
#130=CIRCLE('',#13557,0.0999999999999994);
#131=CIRCLE('',#13561,0.0999999999999994);
#132=CIRCLE('',#13563,0.0999999999999994);
#133=CIRCLE('',#13708,1.75);
#134=CIRCLE('',#13709,1.75);
#135=ORIENTED_EDGE('',*,*,#3889,.T.);
#136=ORIENTED_EDGE('',*,*,#3890,.T.);
#137=ORIENTED_EDGE('',*,*,#3891,.T.);
#138=ORIENTED_EDGE('',*,*,#3892,.F.);
#139=ORIENTED_EDGE('',*,*,#3893,.F.);
#140=ORIENTED_EDGE('',*,*,#3894,.F.);
#141=ORIENTED_EDGE('',*,*,#3895,.F.);
#142=ORIENTED_EDGE('',*,*,#3896,.T.);
#143=ORIENTED_EDGE('',*,*,#3897,.T.);
#144=ORIENTED_EDGE('',*,*,#3898,.T.);
#145=ORIENTED_EDGE('',*,*,#3899,.T.);
#146=ORIENTED_EDGE('',*,*,#3900,.T.);
#147=ORIENTED_EDGE('',*,*,#3901,.T.);
#148=ORIENTED_EDGE('',*,*,#3902,.T.);
#149=ORIENTED_EDGE('',*,*,#3903,.T.);
#150=ORIENTED_EDGE('',*,*,#3904,.T.);
#151=ORIENTED_EDGE('',*,*,#3905,.T.);
#152=ORIENTED_EDGE('',*,*,#3906,.T.);
#153=ORIENTED_EDGE('',*,*,#3907,.T.);
#154=ORIENTED_EDGE('',*,*,#3908,.T.);
#155=ORIENTED_EDGE('',*,*,#3909,.T.);
#156=ORIENTED_EDGE('',*,*,#3910,.T.);
#157=ORIENTED_EDGE('',*,*,#3911,.T.);
#158=ORIENTED_EDGE('',*,*,#3912,.T.);
#159=ORIENTED_EDGE('',*,*,#3913,.T.);
#160=ORIENTED_EDGE('',*,*,#3914,.T.);
#161=ORIENTED_EDGE('',*,*,#3915,.T.);
#162=ORIENTED_EDGE('',*,*,#3916,.T.);
#163=ORIENTED_EDGE('',*,*,#3917,.T.);
#164=ORIENTED_EDGE('',*,*,#3918,.T.);
#165=ORIENTED_EDGE('',*,*,#3919,.T.);
#166=ORIENTED_EDGE('',*,*,#3920,.T.);
#167=ORIENTED_EDGE('',*,*,#3921,.T.);
#168=ORIENTED_EDGE('',*,*,#3922,.T.);
#169=ORIENTED_EDGE('',*,*,#3923,.T.);
#170=ORIENTED_EDGE('',*,*,#3924,.T.);
#171=ORIENTED_EDGE('',*,*,#3925,.T.);
#172=ORIENTED_EDGE('',*,*,#3926,.T.);
#173=ORIENTED_EDGE('',*,*,#3927,.T.);
#174=ORIENTED_EDGE('',*,*,#3928,.T.);
#175=ORIENTED_EDGE('',*,*,#3929,.T.);
#176=ORIENTED_EDGE('',*,*,#3930,.T.);
#177=ORIENTED_EDGE('',*,*,#3931,.T.);
#178=ORIENTED_EDGE('',*,*,#3932,.T.);
#179=ORIENTED_EDGE('',*,*,#3933,.T.);
#180=ORIENTED_EDGE('',*,*,#3934,.T.);
#181=ORIENTED_EDGE('',*,*,#3935,.T.);
#182=ORIENTED_EDGE('',*,*,#3936,.T.);
#183=ORIENTED_EDGE('',*,*,#3937,.T.);
#184=ORIENTED_EDGE('',*,*,#3938,.T.);
#185=ORIENTED_EDGE('',*,*,#3939,.T.);
#186=ORIENTED_EDGE('',*,*,#3940,.F.);
#187=ORIENTED_EDGE('',*,*,#3941,.F.);
#188=ORIENTED_EDGE('',*,*,#3942,.T.);
#189=ORIENTED_EDGE('',*,*,#3943,.F.);
#190=ORIENTED_EDGE('',*,*,#3944,.F.);
#191=ORIENTED_EDGE('',*,*,#3945,.F.);
#192=ORIENTED_EDGE('',*,*,#3946,.F.);
#193=ORIENTED_EDGE('',*,*,#3947,.T.);
#194=ORIENTED_EDGE('',*,*,#3948,.T.);
#195=ORIENTED_EDGE('',*,*,#3949,.F.);
#196=ORIENTED_EDGE('',*,*,#3950,.T.);
#197=ORIENTED_EDGE('',*,*,#3951,.F.);
#198=ORIENTED_EDGE('',*,*,#3952,.F.);
#199=ORIENTED_EDGE('',*,*,#3953,.F.);
#200=ORIENTED_EDGE('',*,*,#3954,.F.);
#201=ORIENTED_EDGE('',*,*,#3955,.F.);
#202=ORIENTED_EDGE('',*,*,#3956,.F.);
#203=ORIENTED_EDGE('',*,*,#3957,.F.);
#204=ORIENTED_EDGE('',*,*,#3958,.F.);
#205=ORIENTED_EDGE('',*,*,#3959,.F.);
#206=ORIENTED_EDGE('',*,*,#3960,.F.);
#207=ORIENTED_EDGE('',*,*,#3961,.F.);
#208=ORIENTED_EDGE('',*,*,#3962,.F.);
#209=ORIENTED_EDGE('',*,*,#3963,.F.);
#210=ORIENTED_EDGE('',*,*,#3964,.F.);
#211=ORIENTED_EDGE('',*,*,#3965,.F.);
#212=ORIENTED_EDGE('',*,*,#3966,.F.);
#213=ORIENTED_EDGE('',*,*,#3967,.F.);
#214=ORIENTED_EDGE('',*,*,#3968,.F.);
#215=ORIENTED_EDGE('',*,*,#3969,.F.);
#216=ORIENTED_EDGE('',*,*,#3970,.F.);
#217=ORIENTED_EDGE('',*,*,#3971,.F.);
#218=ORIENTED_EDGE('',*,*,#3972,.F.);
#219=ORIENTED_EDGE('',*,*,#3973,.F.);
#220=ORIENTED_EDGE('',*,*,#3974,.F.);
#221=ORIENTED_EDGE('',*,*,#3975,.F.);
#222=ORIENTED_EDGE('',*,*,#3976,.F.);
#223=ORIENTED_EDGE('',*,*,#3977,.F.);
#224=ORIENTED_EDGE('',*,*,#3978,.F.);
#225=ORIENTED_EDGE('',*,*,#3979,.F.);
#226=ORIENTED_EDGE('',*,*,#3980,.F.);
#227=ORIENTED_EDGE('',*,*,#3981,.F.);
#228=ORIENTED_EDGE('',*,*,#3982,.F.);
#229=ORIENTED_EDGE('',*,*,#3983,.F.);
#230=ORIENTED_EDGE('',*,*,#3984,.F.);
#231=ORIENTED_EDGE('',*,*,#3985,.F.);
#232=ORIENTED_EDGE('',*,*,#3986,.F.);
#233=ORIENTED_EDGE('',*,*,#3987,.F.);
#234=ORIENTED_EDGE('',*,*,#3988,.F.);
#235=ORIENTED_EDGE('',*,*,#3989,.F.);
#236=ORIENTED_EDGE('',*,*,#3990,.F.);
#237=ORIENTED_EDGE('',*,*,#3991,.F.);
#238=ORIENTED_EDGE('',*,*,#3992,.F.);
#239=ORIENTED_EDGE('',*,*,#3993,.F.);
#240=ORIENTED_EDGE('',*,*,#3994,.T.);
#241=ORIENTED_EDGE('',*,*,#3992,.T.);
#242=ORIENTED_EDGE('',*,*,#3995,.F.);
#243=ORIENTED_EDGE('',*,*,#3996,.F.);
#244=ORIENTED_EDGE('',*,*,#3997,.T.);
#245=ORIENTED_EDGE('',*,*,#3998,.T.);
#246=ORIENTED_EDGE('',*,*,#3999,.T.);
#247=ORIENTED_EDGE('',*,*,#3900,.F.);
#248=ORIENTED_EDGE('',*,*,#4000,.T.);
#249=ORIENTED_EDGE('',*,*,#4001,.T.);
#250=ORIENTED_EDGE('',*,*,#4002,.F.);
#251=ORIENTED_EDGE('',*,*,#4003,.F.);
#252=ORIENTED_EDGE('',*,*,#4004,.T.);
#253=ORIENTED_EDGE('',*,*,#4005,.T.);
#254=ORIENTED_EDGE('',*,*,#4006,.T.);
#255=ORIENTED_EDGE('',*,*,#4007,.F.);
#256=ORIENTED_EDGE('',*,*,#4008,.T.);
#257=ORIENTED_EDGE('',*,*,#3988,.T.);
#258=ORIENTED_EDGE('',*,*,#4009,.F.);
#259=ORIENTED_EDGE('',*,*,#4010,.F.);
#260=ORIENTED_EDGE('',*,*,#4011,.T.);
#261=ORIENTED_EDGE('',*,*,#4012,.T.);
#262=ORIENTED_EDGE('',*,*,#4013,.T.);
#263=ORIENTED_EDGE('',*,*,#3904,.F.);
#264=ORIENTED_EDGE('',*,*,#4014,.T.);
#265=ORIENTED_EDGE('',*,*,#4015,.T.);
#266=ORIENTED_EDGE('',*,*,#4016,.F.);
#267=ORIENTED_EDGE('',*,*,#4017,.F.);
#268=ORIENTED_EDGE('',*,*,#4018,.T.);
#269=ORIENTED_EDGE('',*,*,#4019,.T.);
#270=ORIENTED_EDGE('',*,*,#4020,.T.);
#271=ORIENTED_EDGE('',*,*,#4021,.F.);
#272=ORIENTED_EDGE('',*,*,#4022,.T.);
#273=ORIENTED_EDGE('',*,*,#3984,.T.);
#274=ORIENTED_EDGE('',*,*,#4023,.F.);
#275=ORIENTED_EDGE('',*,*,#4024,.F.);
#276=ORIENTED_EDGE('',*,*,#4025,.T.);
#277=ORIENTED_EDGE('',*,*,#4026,.T.);
#278=ORIENTED_EDGE('',*,*,#4027,.T.);
#279=ORIENTED_EDGE('',*,*,#3908,.F.);
#280=ORIENTED_EDGE('',*,*,#4028,.T.);
#281=ORIENTED_EDGE('',*,*,#4029,.T.);
#282=ORIENTED_EDGE('',*,*,#4030,.F.);
#283=ORIENTED_EDGE('',*,*,#4031,.F.);
#284=ORIENTED_EDGE('',*,*,#4032,.T.);
#285=ORIENTED_EDGE('',*,*,#4033,.T.);
#286=ORIENTED_EDGE('',*,*,#4034,.T.);
#287=ORIENTED_EDGE('',*,*,#4035,.F.);
#288=ORIENTED_EDGE('',*,*,#4036,.T.);
#289=ORIENTED_EDGE('',*,*,#3980,.T.);
#290=ORIENTED_EDGE('',*,*,#4037,.F.);
#291=ORIENTED_EDGE('',*,*,#4038,.F.);
#292=ORIENTED_EDGE('',*,*,#4039,.T.);
#293=ORIENTED_EDGE('',*,*,#4040,.T.);
#294=ORIENTED_EDGE('',*,*,#4041,.T.);
#295=ORIENTED_EDGE('',*,*,#3912,.F.);
#296=ORIENTED_EDGE('',*,*,#4042,.T.);
#297=ORIENTED_EDGE('',*,*,#4043,.T.);
#298=ORIENTED_EDGE('',*,*,#4044,.F.);
#299=ORIENTED_EDGE('',*,*,#4045,.F.);
#300=ORIENTED_EDGE('',*,*,#4046,.T.);
#301=ORIENTED_EDGE('',*,*,#4047,.T.);
#302=ORIENTED_EDGE('',*,*,#4048,.T.);
#303=ORIENTED_EDGE('',*,*,#4049,.F.);
#304=ORIENTED_EDGE('',*,*,#4050,.T.);
#305=ORIENTED_EDGE('',*,*,#3976,.T.);
#306=ORIENTED_EDGE('',*,*,#4051,.F.);
#307=ORIENTED_EDGE('',*,*,#4052,.F.);
#308=ORIENTED_EDGE('',*,*,#4053,.T.);
#309=ORIENTED_EDGE('',*,*,#4054,.T.);
#310=ORIENTED_EDGE('',*,*,#4055,.T.);
#311=ORIENTED_EDGE('',*,*,#3916,.F.);
#312=ORIENTED_EDGE('',*,*,#4056,.T.);
#313=ORIENTED_EDGE('',*,*,#4057,.T.);
#314=ORIENTED_EDGE('',*,*,#4058,.F.);
#315=ORIENTED_EDGE('',*,*,#4059,.F.);
#316=ORIENTED_EDGE('',*,*,#4060,.T.);
#317=ORIENTED_EDGE('',*,*,#4061,.T.);
#318=ORIENTED_EDGE('',*,*,#4062,.T.);
#319=ORIENTED_EDGE('',*,*,#4063,.F.);
#320=ORIENTED_EDGE('',*,*,#4064,.T.);
#321=ORIENTED_EDGE('',*,*,#3972,.T.);
#322=ORIENTED_EDGE('',*,*,#4065,.F.);
#323=ORIENTED_EDGE('',*,*,#4066,.F.);
#324=ORIENTED_EDGE('',*,*,#4067,.T.);
#325=ORIENTED_EDGE('',*,*,#4068,.T.);
#326=ORIENTED_EDGE('',*,*,#4069,.T.);
#327=ORIENTED_EDGE('',*,*,#3920,.F.);
#328=ORIENTED_EDGE('',*,*,#4070,.T.);
#329=ORIENTED_EDGE('',*,*,#4071,.T.);
#330=ORIENTED_EDGE('',*,*,#4072,.F.);
#331=ORIENTED_EDGE('',*,*,#4073,.F.);
#332=ORIENTED_EDGE('',*,*,#4074,.T.);
#333=ORIENTED_EDGE('',*,*,#4075,.T.);
#334=ORIENTED_EDGE('',*,*,#4076,.T.);
#335=ORIENTED_EDGE('',*,*,#4077,.F.);
#336=ORIENTED_EDGE('',*,*,#4078,.T.);
#337=ORIENTED_EDGE('',*,*,#3968,.T.);
#338=ORIENTED_EDGE('',*,*,#4079,.F.);
#339=ORIENTED_EDGE('',*,*,#4080,.F.);
#340=ORIENTED_EDGE('',*,*,#4081,.T.);
#341=ORIENTED_EDGE('',*,*,#4082,.T.);
#342=ORIENTED_EDGE('',*,*,#4083,.T.);
#343=ORIENTED_EDGE('',*,*,#3924,.F.);
#344=ORIENTED_EDGE('',*,*,#4084,.T.);
#345=ORIENTED_EDGE('',*,*,#4085,.T.);
#346=ORIENTED_EDGE('',*,*,#4086,.F.);
#347=ORIENTED_EDGE('',*,*,#4087,.F.);
#348=ORIENTED_EDGE('',*,*,#4088,.T.);
#349=ORIENTED_EDGE('',*,*,#4089,.T.);
#350=ORIENTED_EDGE('',*,*,#4090,.T.);
#351=ORIENTED_EDGE('',*,*,#4091,.F.);
#352=ORIENTED_EDGE('',*,*,#4092,.T.);
#353=ORIENTED_EDGE('',*,*,#3964,.T.);
#354=ORIENTED_EDGE('',*,*,#4093,.F.);
#355=ORIENTED_EDGE('',*,*,#4094,.F.);
#356=ORIENTED_EDGE('',*,*,#4095,.T.);
#357=ORIENTED_EDGE('',*,*,#4096,.T.);
#358=ORIENTED_EDGE('',*,*,#4097,.T.);
#359=ORIENTED_EDGE('',*,*,#3928,.F.);
#360=ORIENTED_EDGE('',*,*,#4098,.T.);
#361=ORIENTED_EDGE('',*,*,#4099,.T.);
#362=ORIENTED_EDGE('',*,*,#4100,.F.);
#363=ORIENTED_EDGE('',*,*,#4101,.F.);
#364=ORIENTED_EDGE('',*,*,#4102,.T.);
#365=ORIENTED_EDGE('',*,*,#4103,.T.);
#366=ORIENTED_EDGE('',*,*,#4104,.T.);
#367=ORIENTED_EDGE('',*,*,#4105,.F.);
#368=ORIENTED_EDGE('',*,*,#4106,.T.);
#369=ORIENTED_EDGE('',*,*,#3960,.T.);
#370=ORIENTED_EDGE('',*,*,#4107,.F.);
#371=ORIENTED_EDGE('',*,*,#4108,.F.);
#372=ORIENTED_EDGE('',*,*,#4109,.T.);
#373=ORIENTED_EDGE('',*,*,#4110,.T.);
#374=ORIENTED_EDGE('',*,*,#4111,.T.);
#375=ORIENTED_EDGE('',*,*,#3932,.F.);
#376=ORIENTED_EDGE('',*,*,#4112,.T.);
#377=ORIENTED_EDGE('',*,*,#4113,.T.);
#378=ORIENTED_EDGE('',*,*,#4114,.F.);
#379=ORIENTED_EDGE('',*,*,#4115,.F.);
#380=ORIENTED_EDGE('',*,*,#4116,.T.);
#381=ORIENTED_EDGE('',*,*,#4117,.T.);
#382=ORIENTED_EDGE('',*,*,#4118,.T.);
#383=ORIENTED_EDGE('',*,*,#4119,.F.);
#384=ORIENTED_EDGE('',*,*,#4120,.T.);
#385=ORIENTED_EDGE('',*,*,#3956,.T.);
#386=ORIENTED_EDGE('',*,*,#4121,.F.);
#387=ORIENTED_EDGE('',*,*,#4122,.F.);
#388=ORIENTED_EDGE('',*,*,#4123,.T.);
#389=ORIENTED_EDGE('',*,*,#4124,.T.);
#390=ORIENTED_EDGE('',*,*,#4125,.T.);
#391=ORIENTED_EDGE('',*,*,#3936,.F.);
#392=ORIENTED_EDGE('',*,*,#4126,.T.);
#393=ORIENTED_EDGE('',*,*,#4127,.T.);
#394=ORIENTED_EDGE('',*,*,#4128,.F.);
#395=ORIENTED_EDGE('',*,*,#4129,.F.);
#396=ORIENTED_EDGE('',*,*,#4130,.T.);
#397=ORIENTED_EDGE('',*,*,#4131,.T.);
#398=ORIENTED_EDGE('',*,*,#4132,.T.);
#399=ORIENTED_EDGE('',*,*,#3990,.T.);
#400=ORIENTED_EDGE('',*,*,#4133,.T.);
#401=ORIENTED_EDGE('',*,*,#4134,.F.);
#402=ORIENTED_EDGE('',*,*,#4135,.T.);
#403=ORIENTED_EDGE('',*,*,#4136,.F.);
#404=ORIENTED_EDGE('',*,*,#4137,.T.);
#405=ORIENTED_EDGE('',*,*,#4138,.T.);
#406=ORIENTED_EDGE('',*,*,#4139,.T.);
#407=ORIENTED_EDGE('',*,*,#4140,.T.);
#408=ORIENTED_EDGE('',*,*,#4141,.T.);
#409=ORIENTED_EDGE('',*,*,#3902,.F.);
#410=ORIENTED_EDGE('',*,*,#4142,.F.);
#411=ORIENTED_EDGE('',*,*,#4143,.F.);
#412=ORIENTED_EDGE('',*,*,#4144,.T.);
#413=ORIENTED_EDGE('',*,*,#4145,.T.);
#414=ORIENTED_EDGE('',*,*,#4146,.F.);
#415=ORIENTED_EDGE('',*,*,#3986,.T.);
#416=ORIENTED_EDGE('',*,*,#4147,.T.);
#417=ORIENTED_EDGE('',*,*,#4148,.F.);
#418=ORIENTED_EDGE('',*,*,#4149,.T.);
#419=ORIENTED_EDGE('',*,*,#4150,.F.);
#420=ORIENTED_EDGE('',*,*,#4151,.T.);
#421=ORIENTED_EDGE('',*,*,#4152,.T.);
#422=ORIENTED_EDGE('',*,*,#4153,.T.);
#423=ORIENTED_EDGE('',*,*,#4154,.T.);
#424=ORIENTED_EDGE('',*,*,#4155,.T.);
#425=ORIENTED_EDGE('',*,*,#3906,.F.);
#426=ORIENTED_EDGE('',*,*,#4156,.F.);
#427=ORIENTED_EDGE('',*,*,#4157,.F.);
#428=ORIENTED_EDGE('',*,*,#4158,.T.);
#429=ORIENTED_EDGE('',*,*,#4159,.T.);
#430=ORIENTED_EDGE('',*,*,#4160,.F.);
#431=ORIENTED_EDGE('',*,*,#3982,.T.);
#432=ORIENTED_EDGE('',*,*,#4161,.T.);
#433=ORIENTED_EDGE('',*,*,#4162,.F.);
#434=ORIENTED_EDGE('',*,*,#4163,.T.);
#435=ORIENTED_EDGE('',*,*,#4164,.F.);
#436=ORIENTED_EDGE('',*,*,#4165,.T.);
#437=ORIENTED_EDGE('',*,*,#4166,.T.);
#438=ORIENTED_EDGE('',*,*,#4167,.T.);
#439=ORIENTED_EDGE('',*,*,#4168,.T.);
#440=ORIENTED_EDGE('',*,*,#4169,.T.);
#441=ORIENTED_EDGE('',*,*,#3910,.F.);
#442=ORIENTED_EDGE('',*,*,#4170,.F.);
#443=ORIENTED_EDGE('',*,*,#4171,.F.);
#444=ORIENTED_EDGE('',*,*,#4172,.T.);
#445=ORIENTED_EDGE('',*,*,#4173,.T.);
#446=ORIENTED_EDGE('',*,*,#4174,.F.);
#447=ORIENTED_EDGE('',*,*,#3978,.T.);
#448=ORIENTED_EDGE('',*,*,#4175,.T.);
#449=ORIENTED_EDGE('',*,*,#4176,.F.);
#450=ORIENTED_EDGE('',*,*,#4177,.T.);
#451=ORIENTED_EDGE('',*,*,#4178,.F.);
#452=ORIENTED_EDGE('',*,*,#4179,.T.);
#453=ORIENTED_EDGE('',*,*,#4180,.T.);
#454=ORIENTED_EDGE('',*,*,#4181,.T.);
#455=ORIENTED_EDGE('',*,*,#4182,.T.);
#456=ORIENTED_EDGE('',*,*,#4183,.T.);
#457=ORIENTED_EDGE('',*,*,#3914,.F.);
#458=ORIENTED_EDGE('',*,*,#4184,.F.);
#459=ORIENTED_EDGE('',*,*,#4185,.F.);
#460=ORIENTED_EDGE('',*,*,#4186,.T.);
#461=ORIENTED_EDGE('',*,*,#4187,.T.);
#462=ORIENTED_EDGE('',*,*,#4188,.F.);
#463=ORIENTED_EDGE('',*,*,#3974,.T.);
#464=ORIENTED_EDGE('',*,*,#4189,.T.);
#465=ORIENTED_EDGE('',*,*,#4190,.F.);
#466=ORIENTED_EDGE('',*,*,#4191,.T.);
#467=ORIENTED_EDGE('',*,*,#4192,.F.);
#468=ORIENTED_EDGE('',*,*,#4193,.T.);
#469=ORIENTED_EDGE('',*,*,#4194,.T.);
#470=ORIENTED_EDGE('',*,*,#4195,.T.);
#471=ORIENTED_EDGE('',*,*,#4196,.T.);
#472=ORIENTED_EDGE('',*,*,#4197,.T.);
#473=ORIENTED_EDGE('',*,*,#3918,.F.);
#474=ORIENTED_EDGE('',*,*,#4198,.F.);
#475=ORIENTED_EDGE('',*,*,#4199,.F.);
#476=ORIENTED_EDGE('',*,*,#4200,.T.);
#477=ORIENTED_EDGE('',*,*,#4201,.T.);
#478=ORIENTED_EDGE('',*,*,#4202,.F.);
#479=ORIENTED_EDGE('',*,*,#3970,.T.);
#480=ORIENTED_EDGE('',*,*,#4203,.T.);
#481=ORIENTED_EDGE('',*,*,#4204,.F.);
#482=ORIENTED_EDGE('',*,*,#4205,.T.);
#483=ORIENTED_EDGE('',*,*,#4206,.F.);
#484=ORIENTED_EDGE('',*,*,#4207,.T.);
#485=ORIENTED_EDGE('',*,*,#4208,.T.);
#486=ORIENTED_EDGE('',*,*,#4209,.T.);
#487=ORIENTED_EDGE('',*,*,#4210,.T.);
#488=ORIENTED_EDGE('',*,*,#4211,.T.);
#489=ORIENTED_EDGE('',*,*,#3922,.F.);
#490=ORIENTED_EDGE('',*,*,#4212,.F.);
#491=ORIENTED_EDGE('',*,*,#4213,.F.);
#492=ORIENTED_EDGE('',*,*,#4214,.T.);
#493=ORIENTED_EDGE('',*,*,#4215,.T.);
#494=ORIENTED_EDGE('',*,*,#4216,.F.);
#495=ORIENTED_EDGE('',*,*,#3966,.T.);
#496=ORIENTED_EDGE('',*,*,#4217,.T.);
#497=ORIENTED_EDGE('',*,*,#4218,.F.);
#498=ORIENTED_EDGE('',*,*,#4219,.T.);
#499=ORIENTED_EDGE('',*,*,#4220,.F.);
#500=ORIENTED_EDGE('',*,*,#4221,.T.);
#501=ORIENTED_EDGE('',*,*,#4222,.T.);
#502=ORIENTED_EDGE('',*,*,#4223,.T.);
#503=ORIENTED_EDGE('',*,*,#4224,.T.);
#504=ORIENTED_EDGE('',*,*,#4225,.T.);
#505=ORIENTED_EDGE('',*,*,#3926,.F.);
#506=ORIENTED_EDGE('',*,*,#4226,.F.);
#507=ORIENTED_EDGE('',*,*,#4227,.F.);
#508=ORIENTED_EDGE('',*,*,#4228,.T.);
#509=ORIENTED_EDGE('',*,*,#4229,.T.);
#510=ORIENTED_EDGE('',*,*,#4230,.F.);
#511=ORIENTED_EDGE('',*,*,#3962,.T.);
#512=ORIENTED_EDGE('',*,*,#4231,.T.);
#513=ORIENTED_EDGE('',*,*,#4232,.F.);
#514=ORIENTED_EDGE('',*,*,#4233,.T.);
#515=ORIENTED_EDGE('',*,*,#4234,.F.);
#516=ORIENTED_EDGE('',*,*,#4235,.T.);
#517=ORIENTED_EDGE('',*,*,#4236,.T.);
#518=ORIENTED_EDGE('',*,*,#4237,.T.);
#519=ORIENTED_EDGE('',*,*,#4238,.T.);
#520=ORIENTED_EDGE('',*,*,#4239,.T.);
#521=ORIENTED_EDGE('',*,*,#3930,.F.);
#522=ORIENTED_EDGE('',*,*,#4240,.F.);
#523=ORIENTED_EDGE('',*,*,#4241,.F.);
#524=ORIENTED_EDGE('',*,*,#4242,.T.);
#525=ORIENTED_EDGE('',*,*,#4243,.T.);
#526=ORIENTED_EDGE('',*,*,#4244,.F.);
#527=ORIENTED_EDGE('',*,*,#3958,.T.);
#528=ORIENTED_EDGE('',*,*,#4245,.T.);
#529=ORIENTED_EDGE('',*,*,#4246,.F.);
#530=ORIENTED_EDGE('',*,*,#4247,.T.);
#531=ORIENTED_EDGE('',*,*,#4248,.F.);
#532=ORIENTED_EDGE('',*,*,#4249,.T.);
#533=ORIENTED_EDGE('',*,*,#4250,.T.);
#534=ORIENTED_EDGE('',*,*,#4251,.T.);
#535=ORIENTED_EDGE('',*,*,#4252,.T.);
#536=ORIENTED_EDGE('',*,*,#4253,.T.);
#537=ORIENTED_EDGE('',*,*,#3934,.F.);
#538=ORIENTED_EDGE('',*,*,#4254,.F.);
#539=ORIENTED_EDGE('',*,*,#4255,.F.);
#540=ORIENTED_EDGE('',*,*,#4256,.T.);
#541=ORIENTED_EDGE('',*,*,#4257,.T.);
#542=ORIENTED_EDGE('',*,*,#4258,.F.);
#543=ORIENTED_EDGE('',*,*,#3954,.T.);
#544=ORIENTED_EDGE('',*,*,#4259,.T.);
#545=ORIENTED_EDGE('',*,*,#4260,.F.);
#546=ORIENTED_EDGE('',*,*,#4261,.T.);
#547=ORIENTED_EDGE('',*,*,#4262,.F.);
#548=ORIENTED_EDGE('',*,*,#4263,.T.);
#549=ORIENTED_EDGE('',*,*,#4264,.T.);
#550=ORIENTED_EDGE('',*,*,#4265,.T.);
#551=ORIENTED_EDGE('',*,*,#4266,.T.);
#552=ORIENTED_EDGE('',*,*,#4267,.T.);
#553=ORIENTED_EDGE('',*,*,#3938,.F.);
#554=ORIENTED_EDGE('',*,*,#4268,.F.);
#555=ORIENTED_EDGE('',*,*,#4269,.F.);
#556=ORIENTED_EDGE('',*,*,#4270,.T.);
#557=ORIENTED_EDGE('',*,*,#4271,.T.);
#558=ORIENTED_EDGE('',*,*,#4272,.F.);
#559=ORIENTED_EDGE('',*,*,#3890,.F.);
#560=ORIENTED_EDGE('',*,*,#4273,.T.);
#561=ORIENTED_EDGE('',*,*,#4274,.T.);
#562=ORIENTED_EDGE('',*,*,#3942,.F.);
#563=ORIENTED_EDGE('',*,*,#4275,.T.);
#564=ORIENTED_EDGE('',*,*,#4276,.T.);
#565=ORIENTED_EDGE('',*,*,#3952,.T.);
#566=ORIENTED_EDGE('',*,*,#4277,.T.);
#567=ORIENTED_EDGE('',*,*,#4278,.T.);
#568=ORIENTED_EDGE('',*,*,#4279,.T.);
#569=ORIENTED_EDGE('',*,*,#3898,.F.);
#570=ORIENTED_EDGE('',*,*,#4280,.F.);
#571=ORIENTED_EDGE('',*,*,#3944,.T.);
#572=ORIENTED_EDGE('',*,*,#4281,.T.);
#573=ORIENTED_EDGE('',*,*,#4282,.T.);
#574=ORIENTED_EDGE('',*,*,#3940,.T.);
#575=ORIENTED_EDGE('',*,*,#4283,.F.);
#576=ORIENTED_EDGE('',*,*,#4272,.T.);
#577=ORIENTED_EDGE('',*,*,#4284,.T.);
#578=ORIENTED_EDGE('',*,*,#4285,.T.);
#579=ORIENTED_EDGE('',*,*,#4286,.T.);
#580=ORIENTED_EDGE('',*,*,#4261,.F.);
#581=ORIENTED_EDGE('',*,*,#4287,.T.);
#582=ORIENTED_EDGE('',*,*,#4125,.F.);
#583=ORIENTED_EDGE('',*,*,#4288,.T.);
#584=ORIENTED_EDGE('',*,*,#4247,.F.);
#585=ORIENTED_EDGE('',*,*,#4289,.T.);
#586=ORIENTED_EDGE('',*,*,#4111,.F.);
#587=ORIENTED_EDGE('',*,*,#4290,.T.);
#588=ORIENTED_EDGE('',*,*,#4233,.F.);
#589=ORIENTED_EDGE('',*,*,#4291,.T.);
#590=ORIENTED_EDGE('',*,*,#4097,.F.);
#591=ORIENTED_EDGE('',*,*,#4292,.T.);
#592=ORIENTED_EDGE('',*,*,#4219,.F.);
#593=ORIENTED_EDGE('',*,*,#4293,.T.);
#594=ORIENTED_EDGE('',*,*,#4083,.F.);
#595=ORIENTED_EDGE('',*,*,#4294,.T.);
#596=ORIENTED_EDGE('',*,*,#4205,.F.);
#597=ORIENTED_EDGE('',*,*,#4295,.T.);
#598=ORIENTED_EDGE('',*,*,#4069,.F.);
#599=ORIENTED_EDGE('',*,*,#4296,.T.);
#600=ORIENTED_EDGE('',*,*,#4191,.F.);
#601=ORIENTED_EDGE('',*,*,#4297,.T.);
#602=ORIENTED_EDGE('',*,*,#4055,.F.);
#603=ORIENTED_EDGE('',*,*,#4298,.T.);
#604=ORIENTED_EDGE('',*,*,#4177,.F.);
#605=ORIENTED_EDGE('',*,*,#4299,.T.);
#606=ORIENTED_EDGE('',*,*,#4041,.F.);
#607=ORIENTED_EDGE('',*,*,#4300,.T.);
#608=ORIENTED_EDGE('',*,*,#4163,.F.);
#609=ORIENTED_EDGE('',*,*,#4301,.T.);
#610=ORIENTED_EDGE('',*,*,#4027,.F.);
#611=ORIENTED_EDGE('',*,*,#4302,.T.);
#612=ORIENTED_EDGE('',*,*,#4149,.F.);
#613=ORIENTED_EDGE('',*,*,#4303,.T.);
#614=ORIENTED_EDGE('',*,*,#4013,.F.);
#615=ORIENTED_EDGE('',*,*,#4304,.T.);
#616=ORIENTED_EDGE('',*,*,#4135,.F.);
#617=ORIENTED_EDGE('',*,*,#4305,.T.);
#618=ORIENTED_EDGE('',*,*,#3999,.F.);
#619=ORIENTED_EDGE('',*,*,#4306,.T.);
#620=ORIENTED_EDGE('',*,*,#4307,.T.);
#621=ORIENTED_EDGE('',*,*,#4308,.T.);
#622=ORIENTED_EDGE('',*,*,#4309,.T.);
#623=ORIENTED_EDGE('',*,*,#4310,.T.);
#624=ORIENTED_EDGE('',*,*,#4311,.T.);
#625=ORIENTED_EDGE('',*,*,#4312,.T.);
#626=ORIENTED_EDGE('',*,*,#4002,.T.);
#627=ORIENTED_EDGE('',*,*,#4313,.F.);
#628=ORIENTED_EDGE('',*,*,#4146,.T.);
#629=ORIENTED_EDGE('',*,*,#4314,.T.);
#630=ORIENTED_EDGE('',*,*,#4016,.T.);
#631=ORIENTED_EDGE('',*,*,#4315,.F.);
#632=ORIENTED_EDGE('',*,*,#4160,.T.);
#633=ORIENTED_EDGE('',*,*,#4316,.T.);
#634=ORIENTED_EDGE('',*,*,#4030,.T.);
#635=ORIENTED_EDGE('',*,*,#4317,.F.);
#636=ORIENTED_EDGE('',*,*,#4174,.T.);
#637=ORIENTED_EDGE('',*,*,#4318,.T.);
#638=ORIENTED_EDGE('',*,*,#4044,.T.);
#639=ORIENTED_EDGE('',*,*,#4319,.F.);
#640=ORIENTED_EDGE('',*,*,#4188,.T.);
#641=ORIENTED_EDGE('',*,*,#4320,.T.);
#642=ORIENTED_EDGE('',*,*,#4058,.T.);
#643=ORIENTED_EDGE('',*,*,#4321,.F.);
#644=ORIENTED_EDGE('',*,*,#4202,.T.);
#645=ORIENTED_EDGE('',*,*,#4322,.T.);
#646=ORIENTED_EDGE('',*,*,#4072,.T.);
#647=ORIENTED_EDGE('',*,*,#4323,.F.);
#648=ORIENTED_EDGE('',*,*,#4216,.T.);
#649=ORIENTED_EDGE('',*,*,#4324,.T.);
#650=ORIENTED_EDGE('',*,*,#4086,.T.);
#651=ORIENTED_EDGE('',*,*,#4325,.F.);
#652=ORIENTED_EDGE('',*,*,#4230,.T.);
#653=ORIENTED_EDGE('',*,*,#4326,.T.);
#654=ORIENTED_EDGE('',*,*,#4100,.T.);
#655=ORIENTED_EDGE('',*,*,#4327,.F.);
#656=ORIENTED_EDGE('',*,*,#4244,.T.);
#657=ORIENTED_EDGE('',*,*,#4328,.T.);
#658=ORIENTED_EDGE('',*,*,#4114,.T.);
#659=ORIENTED_EDGE('',*,*,#4329,.F.);
#660=ORIENTED_EDGE('',*,*,#4258,.T.);
#661=ORIENTED_EDGE('',*,*,#4330,.T.);
#662=ORIENTED_EDGE('',*,*,#4128,.T.);
#663=ORIENTED_EDGE('',*,*,#4143,.T.);
#664=ORIENTED_EDGE('',*,*,#4331,.T.);
#665=ORIENTED_EDGE('',*,*,#4005,.F.);
#666=ORIENTED_EDGE('',*,*,#4332,.T.);
#667=ORIENTED_EDGE('',*,*,#4157,.T.);
#668=ORIENTED_EDGE('',*,*,#4333,.T.);
#669=ORIENTED_EDGE('',*,*,#4019,.F.);
#670=ORIENTED_EDGE('',*,*,#4334,.T.);
#671=ORIENTED_EDGE('',*,*,#4171,.T.);
#672=ORIENTED_EDGE('',*,*,#4335,.T.);
#673=ORIENTED_EDGE('',*,*,#4033,.F.);
#674=ORIENTED_EDGE('',*,*,#4336,.T.);
#675=ORIENTED_EDGE('',*,*,#4185,.T.);
#676=ORIENTED_EDGE('',*,*,#4337,.T.);
#677=ORIENTED_EDGE('',*,*,#4047,.F.);
#678=ORIENTED_EDGE('',*,*,#4338,.T.);
#679=ORIENTED_EDGE('',*,*,#4199,.T.);
#680=ORIENTED_EDGE('',*,*,#4339,.T.);
#681=ORIENTED_EDGE('',*,*,#4061,.F.);
#682=ORIENTED_EDGE('',*,*,#4340,.T.);
#683=ORIENTED_EDGE('',*,*,#4213,.T.);
#684=ORIENTED_EDGE('',*,*,#4341,.T.);
#685=ORIENTED_EDGE('',*,*,#4075,.F.);
#686=ORIENTED_EDGE('',*,*,#4342,.T.);
#687=ORIENTED_EDGE('',*,*,#4227,.T.);
#688=ORIENTED_EDGE('',*,*,#4343,.T.);
#689=ORIENTED_EDGE('',*,*,#4089,.F.);
#690=ORIENTED_EDGE('',*,*,#4344,.T.);
#691=ORIENTED_EDGE('',*,*,#4241,.T.);
#692=ORIENTED_EDGE('',*,*,#4345,.T.);
#693=ORIENTED_EDGE('',*,*,#4103,.F.);
#694=ORIENTED_EDGE('',*,*,#4346,.T.);
#695=ORIENTED_EDGE('',*,*,#4255,.T.);
#696=ORIENTED_EDGE('',*,*,#4347,.T.);
#697=ORIENTED_EDGE('',*,*,#4117,.F.);
#698=ORIENTED_EDGE('',*,*,#4348,.T.);
#699=ORIENTED_EDGE('',*,*,#4269,.T.);
#700=ORIENTED_EDGE('',*,*,#4349,.T.);
#701=ORIENTED_EDGE('',*,*,#4131,.F.);
#702=ORIENTED_EDGE('',*,*,#4350,.T.);
#703=ORIENTED_EDGE('',*,*,#4351,.T.);
#704=ORIENTED_EDGE('',*,*,#4352,.T.);
#705=ORIENTED_EDGE('',*,*,#4353,.T.);
#706=ORIENTED_EDGE('',*,*,#4354,.T.);
#707=ORIENTED_EDGE('',*,*,#4355,.T.);
#708=ORIENTED_EDGE('',*,*,#4356,.T.);
#709=ORIENTED_EDGE('',*,*,#4357,.T.);
#710=ORIENTED_EDGE('',*,*,#4270,.F.);
#711=ORIENTED_EDGE('',*,*,#4350,.F.);
#712=ORIENTED_EDGE('',*,*,#4130,.F.);
#713=ORIENTED_EDGE('',*,*,#4358,.T.);
#714=ORIENTED_EDGE('',*,*,#4256,.F.);
#715=ORIENTED_EDGE('',*,*,#4348,.F.);
#716=ORIENTED_EDGE('',*,*,#4116,.F.);
#717=ORIENTED_EDGE('',*,*,#4359,.T.);
#718=ORIENTED_EDGE('',*,*,#4242,.F.);
#719=ORIENTED_EDGE('',*,*,#4346,.F.);
#720=ORIENTED_EDGE('',*,*,#4102,.F.);
#721=ORIENTED_EDGE('',*,*,#4360,.T.);
#722=ORIENTED_EDGE('',*,*,#4228,.F.);
#723=ORIENTED_EDGE('',*,*,#4344,.F.);
#724=ORIENTED_EDGE('',*,*,#4088,.F.);
#725=ORIENTED_EDGE('',*,*,#4361,.T.);
#726=ORIENTED_EDGE('',*,*,#4214,.F.);
#727=ORIENTED_EDGE('',*,*,#4342,.F.);
#728=ORIENTED_EDGE('',*,*,#4074,.F.);
#729=ORIENTED_EDGE('',*,*,#4362,.T.);
#730=ORIENTED_EDGE('',*,*,#4200,.F.);
#731=ORIENTED_EDGE('',*,*,#4340,.F.);
#732=ORIENTED_EDGE('',*,*,#4060,.F.);
#733=ORIENTED_EDGE('',*,*,#4363,.T.);
#734=ORIENTED_EDGE('',*,*,#4186,.F.);
#735=ORIENTED_EDGE('',*,*,#4338,.F.);
#736=ORIENTED_EDGE('',*,*,#4046,.F.);
#737=ORIENTED_EDGE('',*,*,#4364,.T.);
#738=ORIENTED_EDGE('',*,*,#4172,.F.);
#739=ORIENTED_EDGE('',*,*,#4336,.F.);
#740=ORIENTED_EDGE('',*,*,#4032,.F.);
#741=ORIENTED_EDGE('',*,*,#4365,.T.);
#742=ORIENTED_EDGE('',*,*,#4158,.F.);
#743=ORIENTED_EDGE('',*,*,#4334,.F.);
#744=ORIENTED_EDGE('',*,*,#4018,.F.);
#745=ORIENTED_EDGE('',*,*,#4366,.T.);
#746=ORIENTED_EDGE('',*,*,#4144,.F.);
#747=ORIENTED_EDGE('',*,*,#4332,.F.);
#748=ORIENTED_EDGE('',*,*,#4004,.F.);
#749=ORIENTED_EDGE('',*,*,#4367,.T.);
#750=ORIENTED_EDGE('',*,*,#4368,.T.);
#751=ORIENTED_EDGE('',*,*,#4369,.T.);
#752=ORIENTED_EDGE('',*,*,#4370,.T.);
#753=ORIENTED_EDGE('',*,*,#4371,.T.);
#754=ORIENTED_EDGE('',*,*,#4372,.F.);
#755=ORIENTED_EDGE('',*,*,#4353,.F.);
#756=ORIENTED_EDGE('',*,*,#4373,.T.);
#757=ORIENTED_EDGE('',*,*,#4374,.T.);
#758=ORIENTED_EDGE('',*,*,#4375,.T.);
#759=ORIENTED_EDGE('',*,*,#4376,.T.);
#760=ORIENTED_EDGE('',*,*,#4377,.T.);
#761=ORIENTED_EDGE('',*,*,#4371,.F.);
#762=ORIENTED_EDGE('',*,*,#4378,.T.);
#763=ORIENTED_EDGE('',*,*,#4379,.T.);
#764=ORIENTED_EDGE('',*,*,#4380,.T.);
#765=ORIENTED_EDGE('',*,*,#4381,.F.);
#766=ORIENTED_EDGE('',*,*,#4382,.T.);
#767=ORIENTED_EDGE('',*,*,#4383,.F.);
#768=ORIENTED_EDGE('',*,*,#4309,.F.);
#769=ORIENTED_EDGE('',*,*,#4384,.F.);
#770=ORIENTED_EDGE('',*,*,#4385,.F.);
#771=ORIENTED_EDGE('',*,*,#4386,.T.);
#772=ORIENTED_EDGE('',*,*,#4387,.F.);
#773=ORIENTED_EDGE('',*,*,#4388,.F.);
#774=ORIENTED_EDGE('',*,*,#4389,.F.);
#775=ORIENTED_EDGE('',*,*,#4390,.F.);
#776=ORIENTED_EDGE('',*,*,#3946,.T.);
#777=ORIENTED_EDGE('',*,*,#4391,.T.);
#778=ORIENTED_EDGE('',*,*,#4392,.T.);
#779=ORIENTED_EDGE('',*,*,#4393,.T.);
#780=ORIENTED_EDGE('',*,*,#4394,.T.);
#781=ORIENTED_EDGE('',*,*,#4370,.F.);
#782=ORIENTED_EDGE('',*,*,#4395,.F.);
#783=ORIENTED_EDGE('',*,*,#4396,.F.);
#784=ORIENTED_EDGE('',*,*,#4397,.T.);
#785=ORIENTED_EDGE('',*,*,#4398,.T.);
#786=ORIENTED_EDGE('',*,*,#3896,.F.);
#787=ORIENTED_EDGE('',*,*,#4399,.F.);
#788=ORIENTED_EDGE('',*,*,#4400,.F.);
#789=ORIENTED_EDGE('',*,*,#4378,.F.);
#790=ORIENTED_EDGE('',*,*,#4401,.F.);
#791=ORIENTED_EDGE('',*,*,#4402,.F.);
#792=ORIENTED_EDGE('',*,*,#4403,.T.);
#793=ORIENTED_EDGE('',*,*,#4404,.T.);
#794=ORIENTED_EDGE('',*,*,#4387,.T.);
#795=ORIENTED_EDGE('',*,*,#4405,.T.);
#796=ORIENTED_EDGE('',*,*,#4406,.T.);
#797=ORIENTED_EDGE('',*,*,#4407,.T.);
#798=ORIENTED_EDGE('',*,*,#3997,.F.);
#799=ORIENTED_EDGE('',*,*,#4408,.F.);
#800=ORIENTED_EDGE('',*,*,#4137,.F.);
#801=ORIENTED_EDGE('',*,*,#4409,.T.);
#802=ORIENTED_EDGE('',*,*,#4011,.F.);
#803=ORIENTED_EDGE('',*,*,#4410,.F.);
#804=ORIENTED_EDGE('',*,*,#4151,.F.);
#805=ORIENTED_EDGE('',*,*,#4411,.T.);
#806=ORIENTED_EDGE('',*,*,#4025,.F.);
#807=ORIENTED_EDGE('',*,*,#4412,.F.);
#808=ORIENTED_EDGE('',*,*,#4165,.F.);
#809=ORIENTED_EDGE('',*,*,#4413,.T.);
#810=ORIENTED_EDGE('',*,*,#4039,.F.);
#811=ORIENTED_EDGE('',*,*,#4414,.F.);
#812=ORIENTED_EDGE('',*,*,#4179,.F.);
#813=ORIENTED_EDGE('',*,*,#4415,.T.);
#814=ORIENTED_EDGE('',*,*,#4053,.F.);
#815=ORIENTED_EDGE('',*,*,#4416,.F.);
#816=ORIENTED_EDGE('',*,*,#4193,.F.);
#817=ORIENTED_EDGE('',*,*,#4417,.T.);
#818=ORIENTED_EDGE('',*,*,#4067,.F.);
#819=ORIENTED_EDGE('',*,*,#4418,.F.);
#820=ORIENTED_EDGE('',*,*,#4207,.F.);
#821=ORIENTED_EDGE('',*,*,#4419,.T.);
#822=ORIENTED_EDGE('',*,*,#4081,.F.);
#823=ORIENTED_EDGE('',*,*,#4420,.F.);
#824=ORIENTED_EDGE('',*,*,#4221,.F.);
#825=ORIENTED_EDGE('',*,*,#4421,.T.);
#826=ORIENTED_EDGE('',*,*,#4095,.F.);
#827=ORIENTED_EDGE('',*,*,#4422,.F.);
#828=ORIENTED_EDGE('',*,*,#4235,.F.);
#829=ORIENTED_EDGE('',*,*,#4423,.T.);
#830=ORIENTED_EDGE('',*,*,#4109,.F.);
#831=ORIENTED_EDGE('',*,*,#4424,.F.);
#832=ORIENTED_EDGE('',*,*,#4249,.F.);
#833=ORIENTED_EDGE('',*,*,#4425,.T.);
#834=ORIENTED_EDGE('',*,*,#4123,.F.);
#835=ORIENTED_EDGE('',*,*,#4426,.F.);
#836=ORIENTED_EDGE('',*,*,#4263,.F.);
#837=ORIENTED_EDGE('',*,*,#4427,.T.);
#838=ORIENTED_EDGE('',*,*,#4428,.T.);
#839=ORIENTED_EDGE('',*,*,#4429,.T.);
#840=ORIENTED_EDGE('',*,*,#4430,.T.);
#841=ORIENTED_EDGE('',*,*,#4431,.T.);
#842=ORIENTED_EDGE('',*,*,#4382,.F.);
#843=ORIENTED_EDGE('',*,*,#4432,.T.);
#844=ORIENTED_EDGE('',*,*,#4433,.T.);
#845=ORIENTED_EDGE('',*,*,#4434,.T.);
#846=ORIENTED_EDGE('',*,*,#4312,.F.);
#847=ORIENTED_EDGE('',*,*,#4435,.T.);
#848=ORIENTED_EDGE('',*,*,#4367,.F.);
#849=ORIENTED_EDGE('',*,*,#4003,.T.);
#850=ORIENTED_EDGE('',*,*,#4407,.F.);
#851=ORIENTED_EDGE('',*,*,#4436,.T.);
#852=ORIENTED_EDGE('',*,*,#4306,.F.);
#853=ORIENTED_EDGE('',*,*,#3998,.F.);
#854=ORIENTED_EDGE('',*,*,#4437,.F.);
#855=ORIENTED_EDGE('',*,*,#4356,.F.);
#856=ORIENTED_EDGE('',*,*,#4438,.F.);
#857=ORIENTED_EDGE('',*,*,#4439,.F.);
#858=ORIENTED_EDGE('',*,*,#4440,.F.);
#859=ORIENTED_EDGE('',*,*,#4441,.F.);
#860=ORIENTED_EDGE('',*,*,#4442,.T.);
#861=ORIENTED_EDGE('',*,*,#4428,.F.);
#862=ORIENTED_EDGE('',*,*,#4443,.T.);
#863=ORIENTED_EDGE('',*,*,#4444,.T.);
#864=ORIENTED_EDGE('',*,*,#4439,.T.);
#865=ORIENTED_EDGE('',*,*,#4445,.T.);
#866=ORIENTED_EDGE('',*,*,#4446,.T.);
#867=ORIENTED_EDGE('',*,*,#4447,.T.);
#868=ORIENTED_EDGE('',*,*,#4448,.T.);
#869=ORIENTED_EDGE('',*,*,#4449,.T.);
#870=ORIENTED_EDGE('',*,*,#4450,.T.);
#871=ORIENTED_EDGE('',*,*,#4451,.T.);
#872=ORIENTED_EDGE('',*,*,#4452,.T.);
#873=ORIENTED_EDGE('',*,*,#4453,.T.);
#874=ORIENTED_EDGE('',*,*,#4441,.T.);
#875=ORIENTED_EDGE('',*,*,#4454,.T.);
#876=ORIENTED_EDGE('',*,*,#4455,.F.);
#877=ORIENTED_EDGE('',*,*,#4456,.F.);
#878=ORIENTED_EDGE('',*,*,#4457,.T.);
#879=ORIENTED_EDGE('',*,*,#3949,.T.);
#880=ORIENTED_EDGE('',*,*,#4458,.T.);
#881=ORIENTED_EDGE('',*,*,#4459,.F.);
#882=ORIENTED_EDGE('',*,*,#4460,.F.);
#883=ORIENTED_EDGE('',*,*,#4461,.T.);
#884=ORIENTED_EDGE('',*,*,#3893,.T.);
#885=ORIENTED_EDGE('',*,*,#4462,.T.);
#886=ORIENTED_EDGE('',*,*,#4430,.F.);
#887=ORIENTED_EDGE('',*,*,#4463,.T.);
#888=ORIENTED_EDGE('',*,*,#4458,.F.);
#889=ORIENTED_EDGE('',*,*,#3948,.F.);
#890=ORIENTED_EDGE('',*,*,#4464,.F.);
#891=ORIENTED_EDGE('',*,*,#4465,.F.);
#892=ORIENTED_EDGE('',*,*,#4466,.F.);
#893=ORIENTED_EDGE('',*,*,#4461,.F.);
#894=ORIENTED_EDGE('',*,*,#4467,.T.);
#895=ORIENTED_EDGE('',*,*,#4354,.F.);
#896=ORIENTED_EDGE('',*,*,#4380,.F.);
#897=ORIENTED_EDGE('',*,*,#4468,.F.);
#898=ORIENTED_EDGE('',*,*,#4469,.F.);
#899=ORIENTED_EDGE('',*,*,#3894,.T.);
#900=ORIENTED_EDGE('',*,*,#4457,.F.);
#901=ORIENTED_EDGE('',*,*,#4470,.F.);
#902=ORIENTED_EDGE('',*,*,#4451,.F.);
#903=ORIENTED_EDGE('',*,*,#4471,.T.);
#904=ORIENTED_EDGE('',*,*,#4472,.F.);
#905=ORIENTED_EDGE('',*,*,#3950,.F.);
#906=ORIENTED_EDGE('',*,*,#4462,.F.);
#907=ORIENTED_EDGE('',*,*,#3892,.T.);
#908=ORIENTED_EDGE('',*,*,#4473,.F.);
#909=ORIENTED_EDGE('',*,*,#4474,.F.);
#910=ORIENTED_EDGE('',*,*,#4447,.F.);
#911=ORIENTED_EDGE('',*,*,#4475,.T.);
#912=ORIENTED_EDGE('',*,*,#4471,.F.);
#913=ORIENTED_EDGE('',*,*,#4450,.F.);
#914=ORIENTED_EDGE('',*,*,#4476,.T.);
#915=ORIENTED_EDGE('',*,*,#4477,.F.);
#916=ORIENTED_EDGE('',*,*,#4478,.F.);
#917=ORIENTED_EDGE('',*,*,#4448,.F.);
#918=ORIENTED_EDGE('',*,*,#4474,.T.);
#919=ORIENTED_EDGE('',*,*,#4479,.F.);
#920=ORIENTED_EDGE('',*,*,#4476,.F.);
#921=ORIENTED_EDGE('',*,*,#4449,.F.);
#922=ORIENTED_EDGE('',*,*,#4478,.T.);
#923=ORIENTED_EDGE('',*,*,#4480,.F.);
#924=ORIENTED_EDGE('',*,*,#3895,.T.);
#925=ORIENTED_EDGE('',*,*,#4469,.T.);
#926=ORIENTED_EDGE('',*,*,#4481,.F.);
#927=ORIENTED_EDGE('',*,*,#4399,.T.);
#928=ORIENTED_EDGE('',*,*,#4481,.T.);
#929=ORIENTED_EDGE('',*,*,#4468,.T.);
#930=ORIENTED_EDGE('',*,*,#4379,.F.);
#931=ORIENTED_EDGE('',*,*,#4400,.T.);
#932=ORIENTED_EDGE('',*,*,#4482,.T.);
#933=ORIENTED_EDGE('',*,*,#4464,.T.);
#934=ORIENTED_EDGE('',*,*,#3947,.F.);
#935=ORIENTED_EDGE('',*,*,#4390,.T.);
#936=ORIENTED_EDGE('',*,*,#4483,.T.);
#937=ORIENTED_EDGE('',*,*,#4465,.T.);
#938=ORIENTED_EDGE('',*,*,#4482,.F.);
#939=ORIENTED_EDGE('',*,*,#4389,.T.);
#940=ORIENTED_EDGE('',*,*,#4484,.F.);
#941=ORIENTED_EDGE('',*,*,#4431,.F.);
#942=ORIENTED_EDGE('',*,*,#4466,.T.);
#943=ORIENTED_EDGE('',*,*,#4483,.F.);
#944=ORIENTED_EDGE('',*,*,#4388,.T.);
#945=ORIENTED_EDGE('',*,*,#4404,.F.);
#946=ORIENTED_EDGE('',*,*,#4485,.F.);
#947=ORIENTED_EDGE('',*,*,#4486,.F.);
#948=ORIENTED_EDGE('',*,*,#4487,.F.);
#949=ORIENTED_EDGE('',*,*,#4488,.F.);
#950=ORIENTED_EDGE('',*,*,#4489,.F.);
#951=ORIENTED_EDGE('',*,*,#4138,.F.);
#952=ORIENTED_EDGE('',*,*,#4408,.T.);
#953=ORIENTED_EDGE('',*,*,#3996,.T.);
#954=ORIENTED_EDGE('',*,*,#4490,.F.);
#955=ORIENTED_EDGE('',*,*,#4152,.F.);
#956=ORIENTED_EDGE('',*,*,#4410,.T.);
#957=ORIENTED_EDGE('',*,*,#4010,.T.);
#958=ORIENTED_EDGE('',*,*,#4491,.F.);
#959=ORIENTED_EDGE('',*,*,#4166,.F.);
#960=ORIENTED_EDGE('',*,*,#4412,.T.);
#961=ORIENTED_EDGE('',*,*,#4024,.T.);
#962=ORIENTED_EDGE('',*,*,#4492,.F.);
#963=ORIENTED_EDGE('',*,*,#4180,.F.);
#964=ORIENTED_EDGE('',*,*,#4414,.T.);
#965=ORIENTED_EDGE('',*,*,#4038,.T.);
#966=ORIENTED_EDGE('',*,*,#4493,.F.);
#967=ORIENTED_EDGE('',*,*,#4194,.F.);
#968=ORIENTED_EDGE('',*,*,#4416,.T.);
#969=ORIENTED_EDGE('',*,*,#4052,.T.);
#970=ORIENTED_EDGE('',*,*,#4494,.F.);
#971=ORIENTED_EDGE('',*,*,#4208,.F.);
#972=ORIENTED_EDGE('',*,*,#4418,.T.);
#973=ORIENTED_EDGE('',*,*,#4066,.T.);
#974=ORIENTED_EDGE('',*,*,#4495,.F.);
#975=ORIENTED_EDGE('',*,*,#4222,.F.);
#976=ORIENTED_EDGE('',*,*,#4420,.T.);
#977=ORIENTED_EDGE('',*,*,#4080,.T.);
#978=ORIENTED_EDGE('',*,*,#4496,.F.);
#979=ORIENTED_EDGE('',*,*,#4236,.F.);
#980=ORIENTED_EDGE('',*,*,#4422,.T.);
#981=ORIENTED_EDGE('',*,*,#4094,.T.);
#982=ORIENTED_EDGE('',*,*,#4497,.F.);
#983=ORIENTED_EDGE('',*,*,#4250,.F.);
#984=ORIENTED_EDGE('',*,*,#4424,.T.);
#985=ORIENTED_EDGE('',*,*,#4108,.T.);
#986=ORIENTED_EDGE('',*,*,#4498,.F.);
#987=ORIENTED_EDGE('',*,*,#4264,.F.);
#988=ORIENTED_EDGE('',*,*,#4426,.T.);
#989=ORIENTED_EDGE('',*,*,#4122,.T.);
#990=ORIENTED_EDGE('',*,*,#4477,.T.);
#991=ORIENTED_EDGE('',*,*,#4480,.T.);
#992=ORIENTED_EDGE('',*,*,#4479,.T.);
#993=ORIENTED_EDGE('',*,*,#4473,.T.);
#994=ORIENTED_EDGE('',*,*,#3891,.F.);
#995=ORIENTED_EDGE('',*,*,#4277,.F.);
#996=ORIENTED_EDGE('',*,*,#3951,.T.);
#997=ORIENTED_EDGE('',*,*,#4472,.T.);
#998=ORIENTED_EDGE('',*,*,#4280,.T.);
#999=ORIENTED_EDGE('',*,*,#3897,.F.);
#1000=ORIENTED_EDGE('',*,*,#4398,.F.);
#1001=ORIENTED_EDGE('',*,*,#4499,.F.);
#1002=ORIENTED_EDGE('',*,*,#4500,.F.);
#1003=ORIENTED_EDGE('',*,*,#4501,.F.);
#1004=ORIENTED_EDGE('',*,*,#4502,.F.);
#1005=ORIENTED_EDGE('',*,*,#4503,.F.);
#1006=ORIENTED_EDGE('',*,*,#4504,.F.);
#1007=ORIENTED_EDGE('',*,*,#4505,.F.);
#1008=ORIENTED_EDGE('',*,*,#4506,.F.);
#1009=ORIENTED_EDGE('',*,*,#4507,.F.);
#1010=ORIENTED_EDGE('',*,*,#4391,.F.);
#1011=ORIENTED_EDGE('',*,*,#3945,.T.);
#1012=ORIENTED_EDGE('',*,*,#4456,.T.);
#1013=ORIENTED_EDGE('',*,*,#4508,.F.);
#1014=ORIENTED_EDGE('',*,*,#4452,.F.);
#1015=ORIENTED_EDGE('',*,*,#4470,.T.);
#1016=ORIENTED_EDGE('',*,*,#4429,.F.);
#1017=ORIENTED_EDGE('',*,*,#4442,.F.);
#1018=ORIENTED_EDGE('',*,*,#4453,.F.);
#1019=ORIENTED_EDGE('',*,*,#4508,.T.);
#1020=ORIENTED_EDGE('',*,*,#4455,.T.);
#1021=ORIENTED_EDGE('',*,*,#4463,.F.);
#1022=ORIENTED_EDGE('',*,*,#4355,.F.);
#1023=ORIENTED_EDGE('',*,*,#4467,.F.);
#1024=ORIENTED_EDGE('',*,*,#4460,.T.);
#1025=ORIENTED_EDGE('',*,*,#4509,.F.);
#1026=ORIENTED_EDGE('',*,*,#4445,.F.);
#1027=ORIENTED_EDGE('',*,*,#4438,.T.);
#1028=ORIENTED_EDGE('',*,*,#4459,.T.);
#1029=ORIENTED_EDGE('',*,*,#4475,.F.);
#1030=ORIENTED_EDGE('',*,*,#4446,.F.);
#1031=ORIENTED_EDGE('',*,*,#4509,.T.);
#1032=ORIENTED_EDGE('',*,*,#4507,.T.);
#1033=ORIENTED_EDGE('',*,*,#4510,.F.);
#1034=ORIENTED_EDGE('',*,*,#4511,.F.);
#1035=ORIENTED_EDGE('',*,*,#4384,.T.);
#1036=ORIENTED_EDGE('',*,*,#4506,.T.);
#1037=ORIENTED_EDGE('',*,*,#4512,.F.);
#1038=ORIENTED_EDGE('',*,*,#4513,.F.);
#1039=ORIENTED_EDGE('',*,*,#4510,.T.);
#1040=ORIENTED_EDGE('',*,*,#4505,.T.);
#1041=ORIENTED_EDGE('',*,*,#4514,.F.);
#1042=ORIENTED_EDGE('',*,*,#4515,.F.);
#1043=ORIENTED_EDGE('',*,*,#4512,.T.);
#1044=ORIENTED_EDGE('',*,*,#4504,.T.);
#1045=ORIENTED_EDGE('',*,*,#4516,.F.);
#1046=ORIENTED_EDGE('',*,*,#4517,.F.);
#1047=ORIENTED_EDGE('',*,*,#4514,.T.);
#1048=ORIENTED_EDGE('',*,*,#4503,.T.);
#1049=ORIENTED_EDGE('',*,*,#4518,.F.);
#1050=ORIENTED_EDGE('',*,*,#4519,.F.);
#1051=ORIENTED_EDGE('',*,*,#4516,.T.);
#1052=ORIENTED_EDGE('',*,*,#4502,.T.);
#1053=ORIENTED_EDGE('',*,*,#4520,.F.);
#1054=ORIENTED_EDGE('',*,*,#4521,.F.);
#1055=ORIENTED_EDGE('',*,*,#4518,.T.);
#1056=ORIENTED_EDGE('',*,*,#4501,.T.);
#1057=ORIENTED_EDGE('',*,*,#4522,.F.);
#1058=ORIENTED_EDGE('',*,*,#4523,.F.);
#1059=ORIENTED_EDGE('',*,*,#4520,.T.);
#1060=ORIENTED_EDGE('',*,*,#4500,.T.);
#1061=ORIENTED_EDGE('',*,*,#4524,.F.);
#1062=ORIENTED_EDGE('',*,*,#4525,.F.);
#1063=ORIENTED_EDGE('',*,*,#4522,.T.);
#1064=ORIENTED_EDGE('',*,*,#4499,.T.);
#1065=ORIENTED_EDGE('',*,*,#4397,.F.);
#1066=ORIENTED_EDGE('',*,*,#4526,.F.);
#1067=ORIENTED_EDGE('',*,*,#4524,.T.);
#1068=ORIENTED_EDGE('',*,*,#4115,.T.);
#1069=ORIENTED_EDGE('',*,*,#4328,.F.);
#1070=ORIENTED_EDGE('',*,*,#4243,.F.);
#1071=ORIENTED_EDGE('',*,*,#4359,.F.);
#1072=ORIENTED_EDGE('',*,*,#4101,.T.);
#1073=ORIENTED_EDGE('',*,*,#4326,.F.);
#1074=ORIENTED_EDGE('',*,*,#4229,.F.);
#1075=ORIENTED_EDGE('',*,*,#4360,.F.);
#1076=ORIENTED_EDGE('',*,*,#4087,.T.);
#1077=ORIENTED_EDGE('',*,*,#4324,.F.);
#1078=ORIENTED_EDGE('',*,*,#4215,.F.);
#1079=ORIENTED_EDGE('',*,*,#4361,.F.);
#1080=ORIENTED_EDGE('',*,*,#4073,.T.);
#1081=ORIENTED_EDGE('',*,*,#4322,.F.);
#1082=ORIENTED_EDGE('',*,*,#4201,.F.);
#1083=ORIENTED_EDGE('',*,*,#4362,.F.);
#1084=ORIENTED_EDGE('',*,*,#4059,.T.);
#1085=ORIENTED_EDGE('',*,*,#4320,.F.);
#1086=ORIENTED_EDGE('',*,*,#4187,.F.);
#1087=ORIENTED_EDGE('',*,*,#4363,.F.);
#1088=ORIENTED_EDGE('',*,*,#4045,.T.);
#1089=ORIENTED_EDGE('',*,*,#4318,.F.);
#1090=ORIENTED_EDGE('',*,*,#4173,.F.);
#1091=ORIENTED_EDGE('',*,*,#4364,.F.);
#1092=ORIENTED_EDGE('',*,*,#4031,.T.);
#1093=ORIENTED_EDGE('',*,*,#4316,.F.);
#1094=ORIENTED_EDGE('',*,*,#4159,.F.);
#1095=ORIENTED_EDGE('',*,*,#4365,.F.);
#1096=ORIENTED_EDGE('',*,*,#4017,.T.);
#1097=ORIENTED_EDGE('',*,*,#4314,.F.);
#1098=ORIENTED_EDGE('',*,*,#4145,.F.);
#1099=ORIENTED_EDGE('',*,*,#4366,.F.);
#1100=ORIENTED_EDGE('',*,*,#4129,.T.);
#1101=ORIENTED_EDGE('',*,*,#4330,.F.);
#1102=ORIENTED_EDGE('',*,*,#4257,.F.);
#1103=ORIENTED_EDGE('',*,*,#4358,.F.);
#1104=ORIENTED_EDGE('',*,*,#4409,.F.);
#1105=ORIENTED_EDGE('',*,*,#4136,.T.);
#1106=ORIENTED_EDGE('',*,*,#4304,.F.);
#1107=ORIENTED_EDGE('',*,*,#4012,.F.);
#1108=ORIENTED_EDGE('',*,*,#4411,.F.);
#1109=ORIENTED_EDGE('',*,*,#4150,.T.);
#1110=ORIENTED_EDGE('',*,*,#4302,.F.);
#1111=ORIENTED_EDGE('',*,*,#4026,.F.);
#1112=ORIENTED_EDGE('',*,*,#4413,.F.);
#1113=ORIENTED_EDGE('',*,*,#4164,.T.);
#1114=ORIENTED_EDGE('',*,*,#4300,.F.);
#1115=ORIENTED_EDGE('',*,*,#4040,.F.);
#1116=ORIENTED_EDGE('',*,*,#4415,.F.);
#1117=ORIENTED_EDGE('',*,*,#4178,.T.);
#1118=ORIENTED_EDGE('',*,*,#4298,.F.);
#1119=ORIENTED_EDGE('',*,*,#4054,.F.);
#1120=ORIENTED_EDGE('',*,*,#4417,.F.);
#1121=ORIENTED_EDGE('',*,*,#4192,.T.);
#1122=ORIENTED_EDGE('',*,*,#4296,.F.);
#1123=ORIENTED_EDGE('',*,*,#4068,.F.);
#1124=ORIENTED_EDGE('',*,*,#4419,.F.);
#1125=ORIENTED_EDGE('',*,*,#4206,.T.);
#1126=ORIENTED_EDGE('',*,*,#4294,.F.);
#1127=ORIENTED_EDGE('',*,*,#4082,.F.);
#1128=ORIENTED_EDGE('',*,*,#4421,.F.);
#1129=ORIENTED_EDGE('',*,*,#4220,.T.);
#1130=ORIENTED_EDGE('',*,*,#4292,.F.);
#1131=ORIENTED_EDGE('',*,*,#4096,.F.);
#1132=ORIENTED_EDGE('',*,*,#4423,.F.);
#1133=ORIENTED_EDGE('',*,*,#4234,.T.);
#1134=ORIENTED_EDGE('',*,*,#4290,.F.);
#1135=ORIENTED_EDGE('',*,*,#4110,.F.);
#1136=ORIENTED_EDGE('',*,*,#4425,.F.);
#1137=ORIENTED_EDGE('',*,*,#4248,.T.);
#1138=ORIENTED_EDGE('',*,*,#4288,.F.);
#1139=ORIENTED_EDGE('',*,*,#4124,.F.);
#1140=ORIENTED_EDGE('',*,*,#4286,.F.);
#1141=ORIENTED_EDGE('',*,*,#4527,.F.);
#1142=ORIENTED_EDGE('',*,*,#4454,.F.);
#1143=ORIENTED_EDGE('',*,*,#4440,.T.);
#1144=ORIENTED_EDGE('',*,*,#4427,.F.);
#1145=ORIENTED_EDGE('',*,*,#4262,.T.);
#1146=ORIENTED_EDGE('',*,*,#4357,.F.);
#1147=ORIENTED_EDGE('',*,*,#4437,.T.);
#1148=ORIENTED_EDGE('',*,*,#4444,.F.);
#1149=ORIENTED_EDGE('',*,*,#4528,.T.);
#1150=ORIENTED_EDGE('',*,*,#4284,.F.);
#1151=ORIENTED_EDGE('',*,*,#4271,.F.);
#1152=ORIENTED_EDGE('',*,*,#4527,.T.);
#1153=ORIENTED_EDGE('',*,*,#4285,.F.);
#1154=ORIENTED_EDGE('',*,*,#4528,.F.);
#1155=ORIENTED_EDGE('',*,*,#4443,.F.);
#1156=ORIENTED_EDGE('',*,*,#4432,.F.);
#1157=ORIENTED_EDGE('',*,*,#4381,.T.);
#1158=ORIENTED_EDGE('',*,*,#4308,.F.);
#1159=ORIENTED_EDGE('',*,*,#4529,.F.);
#1160=ORIENTED_EDGE('',*,*,#4530,.F.);
#1161=ORIENTED_EDGE('',*,*,#4531,.T.);
#1162=ORIENTED_EDGE('',*,*,#4406,.F.);
#1163=ORIENTED_EDGE('',*,*,#4532,.F.);
#1164=ORIENTED_EDGE('',*,*,#4533,.F.);
#1165=ORIENTED_EDGE('',*,*,#4529,.T.);
#1166=ORIENTED_EDGE('',*,*,#4307,.F.);
#1167=ORIENTED_EDGE('',*,*,#4436,.F.);
#1168=ORIENTED_EDGE('',*,*,#4405,.F.);
#1169=ORIENTED_EDGE('',*,*,#4386,.F.);
#1170=ORIENTED_EDGE('',*,*,#4534,.F.);
#1171=ORIENTED_EDGE('',*,*,#4532,.T.);
#1172=ORIENTED_EDGE('',*,*,#4369,.F.);
#1173=ORIENTED_EDGE('',*,*,#4535,.F.);
#1174=ORIENTED_EDGE('',*,*,#4536,.F.);
#1175=ORIENTED_EDGE('',*,*,#4395,.T.);
#1176=ORIENTED_EDGE('',*,*,#4368,.F.);
#1177=ORIENTED_EDGE('',*,*,#4435,.F.);
#1178=ORIENTED_EDGE('',*,*,#4311,.F.);
#1179=ORIENTED_EDGE('',*,*,#4537,.F.);
#1180=ORIENTED_EDGE('',*,*,#4538,.F.);
#1181=ORIENTED_EDGE('',*,*,#4535,.T.);
#1182=ORIENTED_EDGE('',*,*,#4434,.F.);
#1183=ORIENTED_EDGE('',*,*,#4539,.F.);
#1184=ORIENTED_EDGE('',*,*,#4540,.F.);
#1185=ORIENTED_EDGE('',*,*,#4537,.T.);
#1186=ORIENTED_EDGE('',*,*,#4310,.F.);
#1187=ORIENTED_EDGE('',*,*,#4383,.T.);
#1188=ORIENTED_EDGE('',*,*,#4433,.F.);
#1189=ORIENTED_EDGE('',*,*,#4531,.F.);
#1190=ORIENTED_EDGE('',*,*,#4541,.F.);
#1191=ORIENTED_EDGE('',*,*,#4539,.T.);
#1192=ORIENTED_EDGE('',*,*,#4530,.T.);
#1193=ORIENTED_EDGE('',*,*,#4533,.T.);
#1194=ORIENTED_EDGE('',*,*,#4534,.T.);
#1195=ORIENTED_EDGE('',*,*,#4385,.T.);
#1196=ORIENTED_EDGE('',*,*,#4511,.T.);
#1197=ORIENTED_EDGE('',*,*,#4513,.T.);
#1198=ORIENTED_EDGE('',*,*,#4515,.T.);
#1199=ORIENTED_EDGE('',*,*,#4517,.T.);
#1200=ORIENTED_EDGE('',*,*,#4519,.T.);
#1201=ORIENTED_EDGE('',*,*,#4521,.T.);
#1202=ORIENTED_EDGE('',*,*,#4523,.T.);
#1203=ORIENTED_EDGE('',*,*,#4525,.T.);
#1204=ORIENTED_EDGE('',*,*,#4526,.T.);
#1205=ORIENTED_EDGE('',*,*,#4396,.T.);
#1206=ORIENTED_EDGE('',*,*,#4536,.T.);
#1207=ORIENTED_EDGE('',*,*,#4538,.T.);
#1208=ORIENTED_EDGE('',*,*,#4540,.T.);
#1209=ORIENTED_EDGE('',*,*,#4541,.T.);
#1210=ORIENTED_EDGE('',*,*,#4498,.T.);
#1211=ORIENTED_EDGE('',*,*,#4121,.T.);
#1212=ORIENTED_EDGE('',*,*,#3955,.T.);
#1213=ORIENTED_EDGE('',*,*,#4265,.F.);
#1214=ORIENTED_EDGE('',*,*,#4497,.T.);
#1215=ORIENTED_EDGE('',*,*,#4107,.T.);
#1216=ORIENTED_EDGE('',*,*,#3959,.T.);
#1217=ORIENTED_EDGE('',*,*,#4251,.F.);
#1218=ORIENTED_EDGE('',*,*,#4496,.T.);
#1219=ORIENTED_EDGE('',*,*,#4093,.T.);
#1220=ORIENTED_EDGE('',*,*,#3963,.T.);
#1221=ORIENTED_EDGE('',*,*,#4237,.F.);
#1222=ORIENTED_EDGE('',*,*,#4495,.T.);
#1223=ORIENTED_EDGE('',*,*,#4079,.T.);
#1224=ORIENTED_EDGE('',*,*,#3967,.T.);
#1225=ORIENTED_EDGE('',*,*,#4223,.F.);
#1226=ORIENTED_EDGE('',*,*,#4494,.T.);
#1227=ORIENTED_EDGE('',*,*,#4065,.T.);
#1228=ORIENTED_EDGE('',*,*,#3971,.T.);
#1229=ORIENTED_EDGE('',*,*,#4209,.F.);
#1230=ORIENTED_EDGE('',*,*,#4493,.T.);
#1231=ORIENTED_EDGE('',*,*,#4051,.T.);
#1232=ORIENTED_EDGE('',*,*,#3975,.T.);
#1233=ORIENTED_EDGE('',*,*,#4195,.F.);
#1234=ORIENTED_EDGE('',*,*,#4492,.T.);
#1235=ORIENTED_EDGE('',*,*,#4037,.T.);
#1236=ORIENTED_EDGE('',*,*,#3979,.T.);
#1237=ORIENTED_EDGE('',*,*,#4181,.F.);
#1238=ORIENTED_EDGE('',*,*,#4491,.T.);
#1239=ORIENTED_EDGE('',*,*,#4023,.T.);
#1240=ORIENTED_EDGE('',*,*,#3983,.T.);
#1241=ORIENTED_EDGE('',*,*,#4167,.F.);
#1242=ORIENTED_EDGE('',*,*,#4490,.T.);
#1243=ORIENTED_EDGE('',*,*,#4009,.T.);
#1244=ORIENTED_EDGE('',*,*,#3987,.T.);
#1245=ORIENTED_EDGE('',*,*,#4153,.F.);
#1246=ORIENTED_EDGE('',*,*,#4489,.T.);
#1247=ORIENTED_EDGE('',*,*,#3995,.T.);
#1248=ORIENTED_EDGE('',*,*,#3991,.T.);
#1249=ORIENTED_EDGE('',*,*,#4139,.F.);
#1250=ORIENTED_EDGE('',*,*,#4275,.F.);
#1251=ORIENTED_EDGE('',*,*,#3941,.T.);
#1252=ORIENTED_EDGE('',*,*,#4282,.F.);
#1253=ORIENTED_EDGE('',*,*,#4542,.T.);
#1254=ORIENTED_EDGE('',*,*,#3993,.T.);
#1255=ORIENTED_EDGE('',*,*,#4305,.F.);
#1256=ORIENTED_EDGE('',*,*,#4134,.T.);
#1257=ORIENTED_EDGE('',*,*,#4543,.T.);
#1258=ORIENTED_EDGE('',*,*,#4007,.T.);
#1259=ORIENTED_EDGE('',*,*,#4303,.F.);
#1260=ORIENTED_EDGE('',*,*,#4148,.T.);
#1261=ORIENTED_EDGE('',*,*,#4544,.T.);
#1262=ORIENTED_EDGE('',*,*,#4021,.T.);
#1263=ORIENTED_EDGE('',*,*,#4301,.F.);
#1264=ORIENTED_EDGE('',*,*,#4162,.T.);
#1265=ORIENTED_EDGE('',*,*,#4545,.T.);
#1266=ORIENTED_EDGE('',*,*,#4035,.T.);
#1267=ORIENTED_EDGE('',*,*,#4299,.F.);
#1268=ORIENTED_EDGE('',*,*,#4176,.T.);
#1269=ORIENTED_EDGE('',*,*,#4546,.T.);
#1270=ORIENTED_EDGE('',*,*,#4049,.T.);
#1271=ORIENTED_EDGE('',*,*,#4297,.F.);
#1272=ORIENTED_EDGE('',*,*,#4190,.T.);
#1273=ORIENTED_EDGE('',*,*,#4547,.T.);
#1274=ORIENTED_EDGE('',*,*,#4063,.T.);
#1275=ORIENTED_EDGE('',*,*,#4295,.F.);
#1276=ORIENTED_EDGE('',*,*,#4204,.T.);
#1277=ORIENTED_EDGE('',*,*,#4548,.T.);
#1278=ORIENTED_EDGE('',*,*,#4077,.T.);
#1279=ORIENTED_EDGE('',*,*,#4293,.F.);
#1280=ORIENTED_EDGE('',*,*,#4218,.T.);
#1281=ORIENTED_EDGE('',*,*,#4549,.T.);
#1282=ORIENTED_EDGE('',*,*,#4091,.T.);
#1283=ORIENTED_EDGE('',*,*,#4291,.F.);
#1284=ORIENTED_EDGE('',*,*,#4232,.T.);
#1285=ORIENTED_EDGE('',*,*,#4550,.T.);
#1286=ORIENTED_EDGE('',*,*,#4105,.T.);
#1287=ORIENTED_EDGE('',*,*,#4289,.F.);
#1288=ORIENTED_EDGE('',*,*,#4246,.T.);
#1289=ORIENTED_EDGE('',*,*,#4551,.T.);
#1290=ORIENTED_EDGE('',*,*,#4119,.T.);
#1291=ORIENTED_EDGE('',*,*,#4287,.F.);
#1292=ORIENTED_EDGE('',*,*,#4260,.T.);
#1293=ORIENTED_EDGE('',*,*,#4552,.T.);
#1294=ORIENTED_EDGE('',*,*,#4484,.T.);
#1295=ORIENTED_EDGE('',*,*,#4553,.F.);
#1296=ORIENTED_EDGE('',*,*,#4554,.F.);
#1297=ORIENTED_EDGE('',*,*,#4401,.T.);
#1298=ORIENTED_EDGE('',*,*,#4488,.T.);
#1299=ORIENTED_EDGE('',*,*,#4555,.F.);
#1300=ORIENTED_EDGE('',*,*,#4556,.F.);
#1301=ORIENTED_EDGE('',*,*,#4553,.T.);
#1302=ORIENTED_EDGE('',*,*,#4487,.T.);
#1303=ORIENTED_EDGE('',*,*,#4557,.F.);
#1304=ORIENTED_EDGE('',*,*,#4558,.F.);
#1305=ORIENTED_EDGE('',*,*,#4555,.T.);
#1306=ORIENTED_EDGE('',*,*,#4486,.T.);
#1307=ORIENTED_EDGE('',*,*,#4559,.F.);
#1308=ORIENTED_EDGE('',*,*,#4560,.F.);
#1309=ORIENTED_EDGE('',*,*,#4557,.T.);
#1310=ORIENTED_EDGE('',*,*,#4485,.T.);
#1311=ORIENTED_EDGE('',*,*,#4403,.F.);
#1312=ORIENTED_EDGE('',*,*,#4561,.F.);
#1313=ORIENTED_EDGE('',*,*,#4559,.T.);
#1314=ORIENTED_EDGE('',*,*,#4554,.T.);
#1315=ORIENTED_EDGE('',*,*,#4556,.T.);
#1316=ORIENTED_EDGE('',*,*,#4558,.T.);
#1317=ORIENTED_EDGE('',*,*,#4560,.T.);
#1318=ORIENTED_EDGE('',*,*,#4561,.T.);
#1319=ORIENTED_EDGE('',*,*,#4402,.T.);
#1320=ORIENTED_EDGE('',*,*,#4352,.F.);
#1321=ORIENTED_EDGE('',*,*,#4562,.T.);
#1322=ORIENTED_EDGE('',*,*,#4563,.T.);
#1323=ORIENTED_EDGE('',*,*,#4373,.F.);
#1324=ORIENTED_EDGE('',*,*,#4563,.F.);
#1325=ORIENTED_EDGE('',*,*,#4564,.T.);
#1326=ORIENTED_EDGE('',*,*,#4565,.T.);
#1327=ORIENTED_EDGE('',*,*,#4374,.F.);
#1328=ORIENTED_EDGE('',*,*,#4565,.F.);
#1329=ORIENTED_EDGE('',*,*,#4566,.T.);
#1330=ORIENTED_EDGE('',*,*,#4567,.T.);
#1331=ORIENTED_EDGE('',*,*,#4375,.F.);
#1332=ORIENTED_EDGE('',*,*,#4567,.F.);
#1333=ORIENTED_EDGE('',*,*,#4568,.T.);
#1334=ORIENTED_EDGE('',*,*,#4569,.T.);
#1335=ORIENTED_EDGE('',*,*,#4376,.F.);
#1336=ORIENTED_EDGE('',*,*,#4569,.F.);
#1337=ORIENTED_EDGE('',*,*,#4570,.T.);
#1338=ORIENTED_EDGE('',*,*,#4372,.T.);
#1339=ORIENTED_EDGE('',*,*,#4377,.F.);
#1340=ORIENTED_EDGE('',*,*,#4562,.F.);
#1341=ORIENTED_EDGE('',*,*,#4351,.F.);
#1342=ORIENTED_EDGE('',*,*,#4570,.F.);
#1343=ORIENTED_EDGE('',*,*,#4568,.F.);
#1344=ORIENTED_EDGE('',*,*,#4566,.F.);
#1345=ORIENTED_EDGE('',*,*,#4564,.F.);
#1346=ORIENTED_EDGE('',*,*,#4268,.T.);
#1347=ORIENTED_EDGE('',*,*,#3937,.F.);
#1348=ORIENTED_EDGE('',*,*,#4132,.F.);
#1349=ORIENTED_EDGE('',*,*,#4349,.F.);
#1350=ORIENTED_EDGE('',*,*,#4254,.T.);
#1351=ORIENTED_EDGE('',*,*,#3933,.F.);
#1352=ORIENTED_EDGE('',*,*,#4118,.F.);
#1353=ORIENTED_EDGE('',*,*,#4347,.F.);
#1354=ORIENTED_EDGE('',*,*,#4240,.T.);
#1355=ORIENTED_EDGE('',*,*,#3929,.F.);
#1356=ORIENTED_EDGE('',*,*,#4104,.F.);
#1357=ORIENTED_EDGE('',*,*,#4345,.F.);
#1358=ORIENTED_EDGE('',*,*,#4226,.T.);
#1359=ORIENTED_EDGE('',*,*,#3925,.F.);
#1360=ORIENTED_EDGE('',*,*,#4090,.F.);
#1361=ORIENTED_EDGE('',*,*,#4343,.F.);
#1362=ORIENTED_EDGE('',*,*,#4212,.T.);
#1363=ORIENTED_EDGE('',*,*,#3921,.F.);
#1364=ORIENTED_EDGE('',*,*,#4076,.F.);
#1365=ORIENTED_EDGE('',*,*,#4341,.F.);
#1366=ORIENTED_EDGE('',*,*,#4198,.T.);
#1367=ORIENTED_EDGE('',*,*,#3917,.F.);
#1368=ORIENTED_EDGE('',*,*,#4062,.F.);
#1369=ORIENTED_EDGE('',*,*,#4339,.F.);
#1370=ORIENTED_EDGE('',*,*,#4184,.T.);
#1371=ORIENTED_EDGE('',*,*,#3913,.F.);
#1372=ORIENTED_EDGE('',*,*,#4048,.F.);
#1373=ORIENTED_EDGE('',*,*,#4337,.F.);
#1374=ORIENTED_EDGE('',*,*,#4170,.T.);
#1375=ORIENTED_EDGE('',*,*,#3909,.F.);
#1376=ORIENTED_EDGE('',*,*,#4034,.F.);
#1377=ORIENTED_EDGE('',*,*,#4335,.F.);
#1378=ORIENTED_EDGE('',*,*,#4156,.T.);
#1379=ORIENTED_EDGE('',*,*,#3905,.F.);
#1380=ORIENTED_EDGE('',*,*,#4020,.F.);
#1381=ORIENTED_EDGE('',*,*,#4333,.F.);
#1382=ORIENTED_EDGE('',*,*,#4142,.T.);
#1383=ORIENTED_EDGE('',*,*,#3901,.F.);
#1384=ORIENTED_EDGE('',*,*,#4006,.F.);
#1385=ORIENTED_EDGE('',*,*,#4331,.F.);
#1386=ORIENTED_EDGE('',*,*,#3939,.F.);
#1387=ORIENTED_EDGE('',*,*,#4274,.F.);
#1388=ORIENTED_EDGE('',*,*,#4571,.F.);
#1389=ORIENTED_EDGE('',*,*,#4266,.F.);
#1390=ORIENTED_EDGE('',*,*,#4283,.T.);
#1391=ORIENTED_EDGE('',*,*,#4127,.F.);
#1392=ORIENTED_EDGE('',*,*,#4572,.F.);
#1393=ORIENTED_EDGE('',*,*,#4252,.F.);
#1394=ORIENTED_EDGE('',*,*,#4329,.T.);
#1395=ORIENTED_EDGE('',*,*,#4113,.F.);
#1396=ORIENTED_EDGE('',*,*,#4573,.F.);
#1397=ORIENTED_EDGE('',*,*,#4238,.F.);
#1398=ORIENTED_EDGE('',*,*,#4327,.T.);
#1399=ORIENTED_EDGE('',*,*,#4099,.F.);
#1400=ORIENTED_EDGE('',*,*,#4574,.F.);
#1401=ORIENTED_EDGE('',*,*,#4224,.F.);
#1402=ORIENTED_EDGE('',*,*,#4325,.T.);
#1403=ORIENTED_EDGE('',*,*,#4085,.F.);
#1404=ORIENTED_EDGE('',*,*,#4575,.F.);
#1405=ORIENTED_EDGE('',*,*,#4210,.F.);
#1406=ORIENTED_EDGE('',*,*,#4323,.T.);
#1407=ORIENTED_EDGE('',*,*,#4071,.F.);
#1408=ORIENTED_EDGE('',*,*,#4576,.F.);
#1409=ORIENTED_EDGE('',*,*,#4196,.F.);
#1410=ORIENTED_EDGE('',*,*,#4321,.T.);
#1411=ORIENTED_EDGE('',*,*,#4057,.F.);
#1412=ORIENTED_EDGE('',*,*,#4577,.F.);
#1413=ORIENTED_EDGE('',*,*,#4182,.F.);
#1414=ORIENTED_EDGE('',*,*,#4319,.T.);
#1415=ORIENTED_EDGE('',*,*,#4043,.F.);
#1416=ORIENTED_EDGE('',*,*,#4578,.F.);
#1417=ORIENTED_EDGE('',*,*,#4168,.F.);
#1418=ORIENTED_EDGE('',*,*,#4317,.T.);
#1419=ORIENTED_EDGE('',*,*,#4029,.F.);
#1420=ORIENTED_EDGE('',*,*,#4579,.F.);
#1421=ORIENTED_EDGE('',*,*,#4154,.F.);
#1422=ORIENTED_EDGE('',*,*,#4315,.T.);
#1423=ORIENTED_EDGE('',*,*,#4015,.F.);
#1424=ORIENTED_EDGE('',*,*,#4580,.F.);
#1425=ORIENTED_EDGE('',*,*,#4140,.F.);
#1426=ORIENTED_EDGE('',*,*,#4313,.T.);
#1427=ORIENTED_EDGE('',*,*,#4001,.F.);
#1428=ORIENTED_EDGE('',*,*,#4581,.F.);
#1429=ORIENTED_EDGE('',*,*,#4278,.F.);
#1430=ORIENTED_EDGE('',*,*,#4542,.F.);
#1431=ORIENTED_EDGE('',*,*,#4281,.F.);
#1432=ORIENTED_EDGE('',*,*,#3943,.T.);
#1433=ORIENTED_EDGE('',*,*,#3994,.F.);
#1434=ORIENTED_EDGE('',*,*,#3899,.F.);
#1435=ORIENTED_EDGE('',*,*,#4279,.F.);
#1436=ORIENTED_EDGE('',*,*,#4581,.T.);
#1437=ORIENTED_EDGE('',*,*,#4000,.F.);
#1438=ORIENTED_EDGE('',*,*,#3953,.T.);
#1439=ORIENTED_EDGE('',*,*,#4276,.F.);
#1440=ORIENTED_EDGE('',*,*,#4552,.F.);
#1441=ORIENTED_EDGE('',*,*,#4259,.F.);
#1442=ORIENTED_EDGE('',*,*,#4571,.T.);
#1443=ORIENTED_EDGE('',*,*,#4273,.F.);
#1444=ORIENTED_EDGE('',*,*,#3889,.F.);
#1445=ORIENTED_EDGE('',*,*,#4267,.F.);
#1446=ORIENTED_EDGE('',*,*,#3935,.F.);
#1447=ORIENTED_EDGE('',*,*,#4253,.F.);
#1448=ORIENTED_EDGE('',*,*,#4572,.T.);
#1449=ORIENTED_EDGE('',*,*,#4126,.F.);
#1450=ORIENTED_EDGE('',*,*,#4551,.F.);
#1451=ORIENTED_EDGE('',*,*,#4245,.F.);
#1452=ORIENTED_EDGE('',*,*,#3957,.T.);
#1453=ORIENTED_EDGE('',*,*,#4120,.F.);
#1454=ORIENTED_EDGE('',*,*,#3931,.F.);
#1455=ORIENTED_EDGE('',*,*,#4239,.F.);
#1456=ORIENTED_EDGE('',*,*,#4573,.T.);
#1457=ORIENTED_EDGE('',*,*,#4112,.F.);
#1458=ORIENTED_EDGE('',*,*,#4550,.F.);
#1459=ORIENTED_EDGE('',*,*,#4231,.F.);
#1460=ORIENTED_EDGE('',*,*,#3961,.T.);
#1461=ORIENTED_EDGE('',*,*,#4106,.F.);
#1462=ORIENTED_EDGE('',*,*,#3927,.F.);
#1463=ORIENTED_EDGE('',*,*,#4225,.F.);
#1464=ORIENTED_EDGE('',*,*,#4574,.T.);
#1465=ORIENTED_EDGE('',*,*,#4098,.F.);
#1466=ORIENTED_EDGE('',*,*,#4549,.F.);
#1467=ORIENTED_EDGE('',*,*,#4217,.F.);
#1468=ORIENTED_EDGE('',*,*,#3965,.T.);
#1469=ORIENTED_EDGE('',*,*,#4092,.F.);
#1470=ORIENTED_EDGE('',*,*,#3923,.F.);
#1471=ORIENTED_EDGE('',*,*,#4211,.F.);
#1472=ORIENTED_EDGE('',*,*,#4575,.T.);
#1473=ORIENTED_EDGE('',*,*,#4084,.F.);
#1474=ORIENTED_EDGE('',*,*,#4548,.F.);
#1475=ORIENTED_EDGE('',*,*,#4203,.F.);
#1476=ORIENTED_EDGE('',*,*,#3969,.T.);
#1477=ORIENTED_EDGE('',*,*,#4078,.F.);
#1478=ORIENTED_EDGE('',*,*,#3919,.F.);
#1479=ORIENTED_EDGE('',*,*,#4197,.F.);
#1480=ORIENTED_EDGE('',*,*,#4576,.T.);
#1481=ORIENTED_EDGE('',*,*,#4070,.F.);
#1482=ORIENTED_EDGE('',*,*,#4547,.F.);
#1483=ORIENTED_EDGE('',*,*,#4189,.F.);
#1484=ORIENTED_EDGE('',*,*,#3973,.T.);
#1485=ORIENTED_EDGE('',*,*,#4064,.F.);
#1486=ORIENTED_EDGE('',*,*,#3915,.F.);
#1487=ORIENTED_EDGE('',*,*,#4183,.F.);
#1488=ORIENTED_EDGE('',*,*,#4577,.T.);
#1489=ORIENTED_EDGE('',*,*,#4056,.F.);
#1490=ORIENTED_EDGE('',*,*,#4546,.F.);
#1491=ORIENTED_EDGE('',*,*,#4175,.F.);
#1492=ORIENTED_EDGE('',*,*,#3977,.T.);
#1493=ORIENTED_EDGE('',*,*,#4050,.F.);
#1494=ORIENTED_EDGE('',*,*,#3911,.F.);
#1495=ORIENTED_EDGE('',*,*,#4169,.F.);
#1496=ORIENTED_EDGE('',*,*,#4578,.T.);
#1497=ORIENTED_EDGE('',*,*,#4042,.F.);
#1498=ORIENTED_EDGE('',*,*,#4545,.F.);
#1499=ORIENTED_EDGE('',*,*,#4161,.F.);
#1500=ORIENTED_EDGE('',*,*,#3981,.T.);
#1501=ORIENTED_EDGE('',*,*,#4036,.F.);
#1502=ORIENTED_EDGE('',*,*,#3907,.F.);
#1503=ORIENTED_EDGE('',*,*,#4155,.F.);
#1504=ORIENTED_EDGE('',*,*,#4579,.T.);
#1505=ORIENTED_EDGE('',*,*,#4028,.F.);
#1506=ORIENTED_EDGE('',*,*,#4544,.F.);
#1507=ORIENTED_EDGE('',*,*,#4147,.F.);
#1508=ORIENTED_EDGE('',*,*,#3985,.T.);
#1509=ORIENTED_EDGE('',*,*,#4022,.F.);
#1510=ORIENTED_EDGE('',*,*,#3903,.F.);
#1511=ORIENTED_EDGE('',*,*,#4141,.F.);
#1512=ORIENTED_EDGE('',*,*,#4580,.T.);
#1513=ORIENTED_EDGE('',*,*,#4014,.F.);
#1514=ORIENTED_EDGE('',*,*,#4543,.F.);
#1515=ORIENTED_EDGE('',*,*,#4133,.F.);
#1516=ORIENTED_EDGE('',*,*,#3989,.T.);
#1517=ORIENTED_EDGE('',*,*,#4008,.F.);
#1518=ORIENTED_EDGE('',*,*,#4582,.F.);
#1519=ORIENTED_EDGE('',*,*,#4583,.F.);
#1520=ORIENTED_EDGE('',*,*,#4584,.T.);
#1521=ORIENTED_EDGE('',*,*,#4393,.F.);
#1522=ORIENTED_EDGE('',*,*,#4585,.F.);
#1523=ORIENTED_EDGE('',*,*,#4586,.F.);
#1524=ORIENTED_EDGE('',*,*,#4582,.T.);
#1525=ORIENTED_EDGE('',*,*,#4392,.F.);
#1526=ORIENTED_EDGE('',*,*,#4584,.F.);
#1527=ORIENTED_EDGE('',*,*,#4587,.F.);
#1528=ORIENTED_EDGE('',*,*,#4585,.T.);
#1529=ORIENTED_EDGE('',*,*,#4394,.F.);
#1530=ORIENTED_EDGE('',*,*,#4583,.T.);
#1531=ORIENTED_EDGE('',*,*,#4586,.T.);
#1532=ORIENTED_EDGE('',*,*,#4587,.T.);
#1533=ORIENTED_EDGE('',*,*,#4588,.F.);
#1534=ORIENTED_EDGE('',*,*,#4589,.T.);
#1535=ORIENTED_EDGE('',*,*,#4590,.F.);
#1536=ORIENTED_EDGE('',*,*,#4591,.F.);
#1537=ORIENTED_EDGE('',*,*,#4592,.F.);
#1538=ORIENTED_EDGE('',*,*,#4593,.T.);
#1539=ORIENTED_EDGE('',*,*,#4594,.F.);
#1540=ORIENTED_EDGE('',*,*,#4595,.T.);
#1541=ORIENTED_EDGE('',*,*,#4596,.F.);
#1542=ORIENTED_EDGE('',*,*,#4597,.T.);
#1543=ORIENTED_EDGE('',*,*,#4598,.F.);
#1544=ORIENTED_EDGE('',*,*,#4599,.T.);
#1545=ORIENTED_EDGE('',*,*,#4600,.F.);
#1546=ORIENTED_EDGE('',*,*,#4601,.T.);
#1547=ORIENTED_EDGE('',*,*,#4602,.F.);
#1548=ORIENTED_EDGE('',*,*,#4603,.T.);
#1549=ORIENTED_EDGE('',*,*,#4604,.F.);
#1550=ORIENTED_EDGE('',*,*,#4605,.T.);
#1551=ORIENTED_EDGE('',*,*,#4606,.F.);
#1552=ORIENTED_EDGE('',*,*,#4607,.T.);
#1553=ORIENTED_EDGE('',*,*,#4608,.F.);
#1554=ORIENTED_EDGE('',*,*,#4609,.T.);
#1555=ORIENTED_EDGE('',*,*,#4610,.F.);
#1556=ORIENTED_EDGE('',*,*,#4611,.T.);
#1557=ORIENTED_EDGE('',*,*,#4612,.F.);
#1558=ORIENTED_EDGE('',*,*,#4613,.T.);
#1559=ORIENTED_EDGE('',*,*,#4614,.F.);
#1560=ORIENTED_EDGE('',*,*,#4615,.T.);
#1561=ORIENTED_EDGE('',*,*,#4616,.F.);
#1562=ORIENTED_EDGE('',*,*,#4617,.T.);
#1563=ORIENTED_EDGE('',*,*,#4618,.F.);
#1564=ORIENTED_EDGE('',*,*,#4619,.T.);
#1565=ORIENTED_EDGE('',*,*,#4620,.F.);
#1566=ORIENTED_EDGE('',*,*,#4621,.T.);
#1567=ORIENTED_EDGE('',*,*,#4622,.F.);
#1568=ORIENTED_EDGE('',*,*,#4623,.T.);
#1569=ORIENTED_EDGE('',*,*,#4624,.F.);
#1570=ORIENTED_EDGE('',*,*,#4625,.F.);
#1571=ORIENTED_EDGE('',*,*,#4626,.T.);
#1572=ORIENTED_EDGE('',*,*,#4627,.T.);
#1573=ORIENTED_EDGE('',*,*,#4628,.F.);
#1574=ORIENTED_EDGE('',*,*,#4629,.F.);
#1575=ORIENTED_EDGE('',*,*,#4630,.T.);
#1576=ORIENTED_EDGE('',*,*,#4631,.F.);
#1577=ORIENTED_EDGE('',*,*,#4632,.F.);
#1578=ORIENTED_EDGE('',*,*,#4633,.F.);
#1579=ORIENTED_EDGE('',*,*,#4634,.T.);
#1580=ORIENTED_EDGE('',*,*,#4635,.F.);
#1581=ORIENTED_EDGE('',*,*,#4636,.F.);
#1582=ORIENTED_EDGE('',*,*,#4637,.F.);
#1583=ORIENTED_EDGE('',*,*,#4638,.T.);
#1584=ORIENTED_EDGE('',*,*,#4639,.F.);
#1585=ORIENTED_EDGE('',*,*,#4640,.F.);
#1586=ORIENTED_EDGE('',*,*,#4641,.F.);
#1587=ORIENTED_EDGE('',*,*,#4642,.T.);
#1588=ORIENTED_EDGE('',*,*,#4643,.F.);
#1589=ORIENTED_EDGE('',*,*,#4644,.F.);
#1590=ORIENTED_EDGE('',*,*,#4645,.F.);
#1591=ORIENTED_EDGE('',*,*,#4646,.T.);
#1592=ORIENTED_EDGE('',*,*,#4647,.F.);
#1593=ORIENTED_EDGE('',*,*,#4648,.F.);
#1594=ORIENTED_EDGE('',*,*,#4649,.F.);
#1595=ORIENTED_EDGE('',*,*,#4650,.T.);
#1596=ORIENTED_EDGE('',*,*,#4651,.F.);
#1597=ORIENTED_EDGE('',*,*,#4652,.F.);
#1598=ORIENTED_EDGE('',*,*,#4653,.F.);
#1599=ORIENTED_EDGE('',*,*,#4654,.T.);
#1600=ORIENTED_EDGE('',*,*,#4655,.F.);
#1601=ORIENTED_EDGE('',*,*,#4656,.F.);
#1602=ORIENTED_EDGE('',*,*,#4657,.F.);
#1603=ORIENTED_EDGE('',*,*,#4658,.T.);
#1604=ORIENTED_EDGE('',*,*,#4659,.F.);
#1605=ORIENTED_EDGE('',*,*,#4660,.F.);
#1606=ORIENTED_EDGE('',*,*,#4661,.F.);
#1607=ORIENTED_EDGE('',*,*,#4662,.T.);
#1608=ORIENTED_EDGE('',*,*,#4663,.F.);
#1609=ORIENTED_EDGE('',*,*,#4664,.F.);
#1610=ORIENTED_EDGE('',*,*,#4665,.T.);
#1611=ORIENTED_EDGE('',*,*,#4666,.F.);
#1612=ORIENTED_EDGE('',*,*,#4667,.T.);
#1613=ORIENTED_EDGE('',*,*,#4668,.T.);
#1614=ORIENTED_EDGE('',*,*,#4669,.T.);
#1615=ORIENTED_EDGE('',*,*,#4591,.T.);
#1616=ORIENTED_EDGE('',*,*,#4670,.T.);
#1617=ORIENTED_EDGE('',*,*,#4671,.T.);
#1618=ORIENTED_EDGE('',*,*,#4672,.T.);
#1619=ORIENTED_EDGE('',*,*,#4673,.T.);
#1620=ORIENTED_EDGE('',*,*,#4674,.T.);
#1621=ORIENTED_EDGE('',*,*,#4675,.T.);
#1622=ORIENTED_EDGE('',*,*,#4676,.T.);
#1623=ORIENTED_EDGE('',*,*,#4677,.T.);
#1624=ORIENTED_EDGE('',*,*,#4678,.T.);
#1625=ORIENTED_EDGE('',*,*,#4629,.T.);
#1626=ORIENTED_EDGE('',*,*,#4679,.T.);
#1627=ORIENTED_EDGE('',*,*,#4680,.F.);
#1628=ORIENTED_EDGE('',*,*,#4681,.F.);
#1629=ORIENTED_EDGE('',*,*,#4682,.F.);
#1630=ORIENTED_EDGE('',*,*,#4627,.F.);
#1631=ORIENTED_EDGE('',*,*,#4683,.F.);
#1632=ORIENTED_EDGE('',*,*,#4684,.F.);
#1633=ORIENTED_EDGE('',*,*,#4685,.F.);
#1634=ORIENTED_EDGE('',*,*,#4686,.F.);
#1635=ORIENTED_EDGE('',*,*,#4687,.F.);
#1636=ORIENTED_EDGE('',*,*,#4688,.F.);
#1637=ORIENTED_EDGE('',*,*,#4689,.F.);
#1638=ORIENTED_EDGE('',*,*,#4690,.F.);
#1639=ORIENTED_EDGE('',*,*,#4691,.F.);
#1640=ORIENTED_EDGE('',*,*,#4621,.F.);
#1641=ORIENTED_EDGE('',*,*,#4692,.F.);
#1642=ORIENTED_EDGE('',*,*,#4693,.T.);
#1643=ORIENTED_EDGE('',*,*,#4694,.T.);
#1644=ORIENTED_EDGE('',*,*,#4663,.T.);
#1645=ORIENTED_EDGE('',*,*,#4695,.T.);
#1646=ORIENTED_EDGE('',*,*,#4696,.T.);
#1647=ORIENTED_EDGE('',*,*,#4697,.T.);
#1648=ORIENTED_EDGE('',*,*,#4698,.T.);
#1649=ORIENTED_EDGE('',*,*,#4699,.T.);
#1650=ORIENTED_EDGE('',*,*,#4700,.T.);
#1651=ORIENTED_EDGE('',*,*,#4701,.T.);
#1652=ORIENTED_EDGE('',*,*,#4702,.F.);
#1653=ORIENTED_EDGE('',*,*,#4703,.T.);
#1654=ORIENTED_EDGE('',*,*,#4704,.T.);
#1655=ORIENTED_EDGE('',*,*,#4705,.T.);
#1656=ORIENTED_EDGE('',*,*,#4706,.T.);
#1657=ORIENTED_EDGE('',*,*,#4707,.T.);
#1658=ORIENTED_EDGE('',*,*,#4625,.T.);
#1659=ORIENTED_EDGE('',*,*,#4702,.T.);
#1660=ORIENTED_EDGE('',*,*,#4708,.T.);
#1661=ORIENTED_EDGE('',*,*,#4692,.T.);
#1662=ORIENTED_EDGE('',*,*,#4709,.T.);
#1663=ORIENTED_EDGE('',*,*,#4710,.F.);
#1664=ORIENTED_EDGE('',*,*,#4711,.T.);
#1665=ORIENTED_EDGE('',*,*,#4712,.T.);
#1666=ORIENTED_EDGE('',*,*,#4659,.T.);
#1667=ORIENTED_EDGE('',*,*,#4713,.T.);
#1668=ORIENTED_EDGE('',*,*,#4714,.T.);
#1669=ORIENTED_EDGE('',*,*,#4715,.T.);
#1670=ORIENTED_EDGE('',*,*,#4716,.T.);
#1671=ORIENTED_EDGE('',*,*,#4717,.T.);
#1672=ORIENTED_EDGE('',*,*,#4718,.T.);
#1673=ORIENTED_EDGE('',*,*,#4719,.T.);
#1674=ORIENTED_EDGE('',*,*,#4720,.F.);
#1675=ORIENTED_EDGE('',*,*,#4721,.T.);
#1676=ORIENTED_EDGE('',*,*,#4722,.T.);
#1677=ORIENTED_EDGE('',*,*,#4723,.T.);
#1678=ORIENTED_EDGE('',*,*,#4724,.T.);
#1679=ORIENTED_EDGE('',*,*,#4725,.T.);
#1680=ORIENTED_EDGE('',*,*,#4661,.T.);
#1681=ORIENTED_EDGE('',*,*,#4720,.T.);
#1682=ORIENTED_EDGE('',*,*,#4726,.T.);
#1683=ORIENTED_EDGE('',*,*,#4710,.T.);
#1684=ORIENTED_EDGE('',*,*,#4727,.T.);
#1685=ORIENTED_EDGE('',*,*,#4728,.F.);
#1686=ORIENTED_EDGE('',*,*,#4729,.T.);
#1687=ORIENTED_EDGE('',*,*,#4730,.T.);
#1688=ORIENTED_EDGE('',*,*,#4655,.T.);
#1689=ORIENTED_EDGE('',*,*,#4731,.T.);
#1690=ORIENTED_EDGE('',*,*,#4732,.T.);
#1691=ORIENTED_EDGE('',*,*,#4733,.T.);
#1692=ORIENTED_EDGE('',*,*,#4734,.T.);
#1693=ORIENTED_EDGE('',*,*,#4735,.T.);
#1694=ORIENTED_EDGE('',*,*,#4736,.T.);
#1695=ORIENTED_EDGE('',*,*,#4737,.T.);
#1696=ORIENTED_EDGE('',*,*,#4738,.F.);
#1697=ORIENTED_EDGE('',*,*,#4739,.T.);
#1698=ORIENTED_EDGE('',*,*,#4740,.T.);
#1699=ORIENTED_EDGE('',*,*,#4741,.T.);
#1700=ORIENTED_EDGE('',*,*,#4742,.T.);
#1701=ORIENTED_EDGE('',*,*,#4743,.T.);
#1702=ORIENTED_EDGE('',*,*,#4657,.T.);
#1703=ORIENTED_EDGE('',*,*,#4738,.T.);
#1704=ORIENTED_EDGE('',*,*,#4744,.T.);
#1705=ORIENTED_EDGE('',*,*,#4728,.T.);
#1706=ORIENTED_EDGE('',*,*,#4745,.T.);
#1707=ORIENTED_EDGE('',*,*,#4746,.F.);
#1708=ORIENTED_EDGE('',*,*,#4747,.T.);
#1709=ORIENTED_EDGE('',*,*,#4748,.T.);
#1710=ORIENTED_EDGE('',*,*,#4651,.T.);
#1711=ORIENTED_EDGE('',*,*,#4749,.T.);
#1712=ORIENTED_EDGE('',*,*,#4750,.T.);
#1713=ORIENTED_EDGE('',*,*,#4751,.T.);
#1714=ORIENTED_EDGE('',*,*,#4752,.T.);
#1715=ORIENTED_EDGE('',*,*,#4753,.T.);
#1716=ORIENTED_EDGE('',*,*,#4754,.T.);
#1717=ORIENTED_EDGE('',*,*,#4755,.T.);
#1718=ORIENTED_EDGE('',*,*,#4756,.F.);
#1719=ORIENTED_EDGE('',*,*,#4757,.T.);
#1720=ORIENTED_EDGE('',*,*,#4758,.T.);
#1721=ORIENTED_EDGE('',*,*,#4759,.T.);
#1722=ORIENTED_EDGE('',*,*,#4760,.T.);
#1723=ORIENTED_EDGE('',*,*,#4761,.T.);
#1724=ORIENTED_EDGE('',*,*,#4653,.T.);
#1725=ORIENTED_EDGE('',*,*,#4756,.T.);
#1726=ORIENTED_EDGE('',*,*,#4762,.T.);
#1727=ORIENTED_EDGE('',*,*,#4746,.T.);
#1728=ORIENTED_EDGE('',*,*,#4763,.T.);
#1729=ORIENTED_EDGE('',*,*,#4764,.F.);
#1730=ORIENTED_EDGE('',*,*,#4765,.T.);
#1731=ORIENTED_EDGE('',*,*,#4766,.T.);
#1732=ORIENTED_EDGE('',*,*,#4647,.T.);
#1733=ORIENTED_EDGE('',*,*,#4767,.T.);
#1734=ORIENTED_EDGE('',*,*,#4768,.T.);
#1735=ORIENTED_EDGE('',*,*,#4769,.T.);
#1736=ORIENTED_EDGE('',*,*,#4770,.T.);
#1737=ORIENTED_EDGE('',*,*,#4771,.T.);
#1738=ORIENTED_EDGE('',*,*,#4772,.T.);
#1739=ORIENTED_EDGE('',*,*,#4773,.T.);
#1740=ORIENTED_EDGE('',*,*,#4774,.F.);
#1741=ORIENTED_EDGE('',*,*,#4775,.T.);
#1742=ORIENTED_EDGE('',*,*,#4776,.T.);
#1743=ORIENTED_EDGE('',*,*,#4777,.T.);
#1744=ORIENTED_EDGE('',*,*,#4778,.T.);
#1745=ORIENTED_EDGE('',*,*,#4779,.T.);
#1746=ORIENTED_EDGE('',*,*,#4649,.T.);
#1747=ORIENTED_EDGE('',*,*,#4774,.T.);
#1748=ORIENTED_EDGE('',*,*,#4780,.T.);
#1749=ORIENTED_EDGE('',*,*,#4764,.T.);
#1750=ORIENTED_EDGE('',*,*,#4781,.T.);
#1751=ORIENTED_EDGE('',*,*,#4782,.F.);
#1752=ORIENTED_EDGE('',*,*,#4783,.T.);
#1753=ORIENTED_EDGE('',*,*,#4784,.T.);
#1754=ORIENTED_EDGE('',*,*,#4643,.T.);
#1755=ORIENTED_EDGE('',*,*,#4785,.T.);
#1756=ORIENTED_EDGE('',*,*,#4786,.T.);
#1757=ORIENTED_EDGE('',*,*,#4787,.T.);
#1758=ORIENTED_EDGE('',*,*,#4788,.T.);
#1759=ORIENTED_EDGE('',*,*,#4789,.T.);
#1760=ORIENTED_EDGE('',*,*,#4790,.T.);
#1761=ORIENTED_EDGE('',*,*,#4791,.T.);
#1762=ORIENTED_EDGE('',*,*,#4792,.F.);
#1763=ORIENTED_EDGE('',*,*,#4793,.T.);
#1764=ORIENTED_EDGE('',*,*,#4794,.T.);
#1765=ORIENTED_EDGE('',*,*,#4795,.T.);
#1766=ORIENTED_EDGE('',*,*,#4796,.T.);
#1767=ORIENTED_EDGE('',*,*,#4797,.T.);
#1768=ORIENTED_EDGE('',*,*,#4645,.T.);
#1769=ORIENTED_EDGE('',*,*,#4792,.T.);
#1770=ORIENTED_EDGE('',*,*,#4798,.T.);
#1771=ORIENTED_EDGE('',*,*,#4782,.T.);
#1772=ORIENTED_EDGE('',*,*,#4799,.T.);
#1773=ORIENTED_EDGE('',*,*,#4800,.F.);
#1774=ORIENTED_EDGE('',*,*,#4801,.T.);
#1775=ORIENTED_EDGE('',*,*,#4802,.T.);
#1776=ORIENTED_EDGE('',*,*,#4639,.T.);
#1777=ORIENTED_EDGE('',*,*,#4803,.T.);
#1778=ORIENTED_EDGE('',*,*,#4804,.T.);
#1779=ORIENTED_EDGE('',*,*,#4805,.T.);
#1780=ORIENTED_EDGE('',*,*,#4806,.T.);
#1781=ORIENTED_EDGE('',*,*,#4807,.T.);
#1782=ORIENTED_EDGE('',*,*,#4808,.T.);
#1783=ORIENTED_EDGE('',*,*,#4809,.T.);
#1784=ORIENTED_EDGE('',*,*,#4810,.F.);
#1785=ORIENTED_EDGE('',*,*,#4811,.T.);
#1786=ORIENTED_EDGE('',*,*,#4812,.T.);
#1787=ORIENTED_EDGE('',*,*,#4813,.T.);
#1788=ORIENTED_EDGE('',*,*,#4814,.T.);
#1789=ORIENTED_EDGE('',*,*,#4815,.T.);
#1790=ORIENTED_EDGE('',*,*,#4641,.T.);
#1791=ORIENTED_EDGE('',*,*,#4810,.T.);
#1792=ORIENTED_EDGE('',*,*,#4816,.T.);
#1793=ORIENTED_EDGE('',*,*,#4800,.T.);
#1794=ORIENTED_EDGE('',*,*,#4817,.T.);
#1795=ORIENTED_EDGE('',*,*,#4818,.F.);
#1796=ORIENTED_EDGE('',*,*,#4819,.T.);
#1797=ORIENTED_EDGE('',*,*,#4820,.T.);
#1798=ORIENTED_EDGE('',*,*,#4635,.T.);
#1799=ORIENTED_EDGE('',*,*,#4821,.T.);
#1800=ORIENTED_EDGE('',*,*,#4822,.T.);
#1801=ORIENTED_EDGE('',*,*,#4823,.T.);
#1802=ORIENTED_EDGE('',*,*,#4824,.T.);
#1803=ORIENTED_EDGE('',*,*,#4825,.T.);
#1804=ORIENTED_EDGE('',*,*,#4826,.T.);
#1805=ORIENTED_EDGE('',*,*,#4827,.T.);
#1806=ORIENTED_EDGE('',*,*,#4828,.F.);
#1807=ORIENTED_EDGE('',*,*,#4829,.T.);
#1808=ORIENTED_EDGE('',*,*,#4830,.T.);
#1809=ORIENTED_EDGE('',*,*,#4831,.T.);
#1810=ORIENTED_EDGE('',*,*,#4832,.T.);
#1811=ORIENTED_EDGE('',*,*,#4833,.T.);
#1812=ORIENTED_EDGE('',*,*,#4637,.T.);
#1813=ORIENTED_EDGE('',*,*,#4828,.T.);
#1814=ORIENTED_EDGE('',*,*,#4834,.T.);
#1815=ORIENTED_EDGE('',*,*,#4818,.T.);
#1816=ORIENTED_EDGE('',*,*,#4835,.T.);
#1817=ORIENTED_EDGE('',*,*,#4836,.T.);
#1818=ORIENTED_EDGE('',*,*,#4837,.T.);
#1819=ORIENTED_EDGE('',*,*,#4838,.T.);
#1820=ORIENTED_EDGE('',*,*,#4839,.T.);
#1821=ORIENTED_EDGE('',*,*,#4838,.F.);
#1822=ORIENTED_EDGE('',*,*,#4840,.T.);
#1823=ORIENTED_EDGE('',*,*,#4841,.T.);
#1824=ORIENTED_EDGE('',*,*,#4631,.T.);
#1825=ORIENTED_EDGE('',*,*,#4842,.T.);
#1826=ORIENTED_EDGE('',*,*,#4843,.T.);
#1827=ORIENTED_EDGE('',*,*,#4844,.T.);
#1828=ORIENTED_EDGE('',*,*,#4845,.T.);
#1829=ORIENTED_EDGE('',*,*,#4846,.T.);
#1830=ORIENTED_EDGE('',*,*,#4847,.T.);
#1831=ORIENTED_EDGE('',*,*,#4848,.T.);
#1832=ORIENTED_EDGE('',*,*,#4836,.F.);
#1833=ORIENTED_EDGE('',*,*,#4849,.T.);
#1834=ORIENTED_EDGE('',*,*,#4850,.T.);
#1835=ORIENTED_EDGE('',*,*,#4851,.T.);
#1836=ORIENTED_EDGE('',*,*,#4852,.T.);
#1837=ORIENTED_EDGE('',*,*,#4853,.T.);
#1838=ORIENTED_EDGE('',*,*,#4633,.T.);
#1839=ORIENTED_EDGE('',*,*,#4854,.F.);
#1840=ORIENTED_EDGE('',*,*,#4855,.F.);
#1841=ORIENTED_EDGE('',*,*,#4856,.T.);
#1842=ORIENTED_EDGE('',*,*,#4857,.F.);
#1843=ORIENTED_EDGE('',*,*,#4858,.F.);
#1844=ORIENTED_EDGE('',*,*,#4859,.F.);
#1845=ORIENTED_EDGE('',*,*,#4860,.F.);
#1846=ORIENTED_EDGE('',*,*,#4861,.F.);
#1847=ORIENTED_EDGE('',*,*,#4665,.F.);
#1848=ORIENTED_EDGE('',*,*,#4862,.F.);
#1849=ORIENTED_EDGE('',*,*,#4623,.F.);
#1850=ORIENTED_EDGE('',*,*,#4863,.F.);
#1851=ORIENTED_EDGE('',*,*,#4864,.F.);
#1852=ORIENTED_EDGE('',*,*,#4865,.F.);
#1853=ORIENTED_EDGE('',*,*,#4866,.F.);
#1854=ORIENTED_EDGE('',*,*,#4867,.F.);
#1855=ORIENTED_EDGE('',*,*,#4868,.T.);
#1856=ORIENTED_EDGE('',*,*,#4869,.F.);
#1857=ORIENTED_EDGE('',*,*,#4870,.F.);
#1858=ORIENTED_EDGE('',*,*,#4868,.F.);
#1859=ORIENTED_EDGE('',*,*,#4871,.F.);
#1860=ORIENTED_EDGE('',*,*,#4856,.F.);
#1861=ORIENTED_EDGE('',*,*,#4872,.F.);
#1862=ORIENTED_EDGE('',*,*,#4873,.F.);
#1863=ORIENTED_EDGE('',*,*,#4874,.T.);
#1864=ORIENTED_EDGE('',*,*,#4875,.F.);
#1865=ORIENTED_EDGE('',*,*,#4876,.F.);
#1866=ORIENTED_EDGE('',*,*,#4877,.F.);
#1867=ORIENTED_EDGE('',*,*,#4878,.F.);
#1868=ORIENTED_EDGE('',*,*,#4879,.F.);
#1869=ORIENTED_EDGE('',*,*,#4617,.F.);
#1870=ORIENTED_EDGE('',*,*,#4880,.F.);
#1871=ORIENTED_EDGE('',*,*,#4667,.F.);
#1872=ORIENTED_EDGE('',*,*,#4881,.F.);
#1873=ORIENTED_EDGE('',*,*,#4882,.F.);
#1874=ORIENTED_EDGE('',*,*,#4883,.F.);
#1875=ORIENTED_EDGE('',*,*,#4884,.F.);
#1876=ORIENTED_EDGE('',*,*,#4885,.F.);
#1877=ORIENTED_EDGE('',*,*,#4886,.T.);
#1878=ORIENTED_EDGE('',*,*,#4887,.F.);
#1879=ORIENTED_EDGE('',*,*,#4888,.F.);
#1880=ORIENTED_EDGE('',*,*,#4886,.F.);
#1881=ORIENTED_EDGE('',*,*,#4889,.F.);
#1882=ORIENTED_EDGE('',*,*,#4874,.F.);
#1883=ORIENTED_EDGE('',*,*,#4890,.F.);
#1884=ORIENTED_EDGE('',*,*,#4891,.F.);
#1885=ORIENTED_EDGE('',*,*,#4892,.T.);
#1886=ORIENTED_EDGE('',*,*,#4893,.F.);
#1887=ORIENTED_EDGE('',*,*,#4894,.F.);
#1888=ORIENTED_EDGE('',*,*,#4895,.F.);
#1889=ORIENTED_EDGE('',*,*,#4896,.F.);
#1890=ORIENTED_EDGE('',*,*,#4897,.F.);
#1891=ORIENTED_EDGE('',*,*,#4613,.F.);
#1892=ORIENTED_EDGE('',*,*,#4898,.F.);
#1893=ORIENTED_EDGE('',*,*,#4619,.F.);
#1894=ORIENTED_EDGE('',*,*,#4899,.F.);
#1895=ORIENTED_EDGE('',*,*,#4900,.F.);
#1896=ORIENTED_EDGE('',*,*,#4901,.F.);
#1897=ORIENTED_EDGE('',*,*,#4902,.F.);
#1898=ORIENTED_EDGE('',*,*,#4903,.F.);
#1899=ORIENTED_EDGE('',*,*,#4904,.T.);
#1900=ORIENTED_EDGE('',*,*,#4905,.F.);
#1901=ORIENTED_EDGE('',*,*,#4906,.F.);
#1902=ORIENTED_EDGE('',*,*,#4904,.F.);
#1903=ORIENTED_EDGE('',*,*,#4907,.F.);
#1904=ORIENTED_EDGE('',*,*,#4892,.F.);
#1905=ORIENTED_EDGE('',*,*,#4908,.F.);
#1906=ORIENTED_EDGE('',*,*,#4909,.F.);
#1907=ORIENTED_EDGE('',*,*,#4910,.T.);
#1908=ORIENTED_EDGE('',*,*,#4911,.F.);
#1909=ORIENTED_EDGE('',*,*,#4912,.F.);
#1910=ORIENTED_EDGE('',*,*,#4913,.F.);
#1911=ORIENTED_EDGE('',*,*,#4914,.F.);
#1912=ORIENTED_EDGE('',*,*,#4915,.F.);
#1913=ORIENTED_EDGE('',*,*,#4609,.F.);
#1914=ORIENTED_EDGE('',*,*,#4916,.F.);
#1915=ORIENTED_EDGE('',*,*,#4615,.F.);
#1916=ORIENTED_EDGE('',*,*,#4917,.F.);
#1917=ORIENTED_EDGE('',*,*,#4918,.F.);
#1918=ORIENTED_EDGE('',*,*,#4919,.F.);
#1919=ORIENTED_EDGE('',*,*,#4920,.F.);
#1920=ORIENTED_EDGE('',*,*,#4921,.F.);
#1921=ORIENTED_EDGE('',*,*,#4922,.T.);
#1922=ORIENTED_EDGE('',*,*,#4923,.F.);
#1923=ORIENTED_EDGE('',*,*,#4924,.F.);
#1924=ORIENTED_EDGE('',*,*,#4922,.F.);
#1925=ORIENTED_EDGE('',*,*,#4925,.F.);
#1926=ORIENTED_EDGE('',*,*,#4910,.F.);
#1927=ORIENTED_EDGE('',*,*,#4926,.F.);
#1928=ORIENTED_EDGE('',*,*,#4927,.F.);
#1929=ORIENTED_EDGE('',*,*,#4928,.T.);
#1930=ORIENTED_EDGE('',*,*,#4929,.F.);
#1931=ORIENTED_EDGE('',*,*,#4930,.F.);
#1932=ORIENTED_EDGE('',*,*,#4931,.F.);
#1933=ORIENTED_EDGE('',*,*,#4932,.F.);
#1934=ORIENTED_EDGE('',*,*,#4933,.F.);
#1935=ORIENTED_EDGE('',*,*,#4605,.F.);
#1936=ORIENTED_EDGE('',*,*,#4934,.F.);
#1937=ORIENTED_EDGE('',*,*,#4611,.F.);
#1938=ORIENTED_EDGE('',*,*,#4935,.F.);
#1939=ORIENTED_EDGE('',*,*,#4936,.F.);
#1940=ORIENTED_EDGE('',*,*,#4937,.F.);
#1941=ORIENTED_EDGE('',*,*,#4938,.F.);
#1942=ORIENTED_EDGE('',*,*,#4939,.F.);
#1943=ORIENTED_EDGE('',*,*,#4940,.T.);
#1944=ORIENTED_EDGE('',*,*,#4941,.F.);
#1945=ORIENTED_EDGE('',*,*,#4942,.F.);
#1946=ORIENTED_EDGE('',*,*,#4940,.F.);
#1947=ORIENTED_EDGE('',*,*,#4943,.F.);
#1948=ORIENTED_EDGE('',*,*,#4928,.F.);
#1949=ORIENTED_EDGE('',*,*,#4944,.F.);
#1950=ORIENTED_EDGE('',*,*,#4945,.F.);
#1951=ORIENTED_EDGE('',*,*,#4946,.T.);
#1952=ORIENTED_EDGE('',*,*,#4947,.F.);
#1953=ORIENTED_EDGE('',*,*,#4948,.F.);
#1954=ORIENTED_EDGE('',*,*,#4949,.F.);
#1955=ORIENTED_EDGE('',*,*,#4950,.F.);
#1956=ORIENTED_EDGE('',*,*,#4951,.F.);
#1957=ORIENTED_EDGE('',*,*,#4601,.F.);
#1958=ORIENTED_EDGE('',*,*,#4952,.F.);
#1959=ORIENTED_EDGE('',*,*,#4607,.F.);
#1960=ORIENTED_EDGE('',*,*,#4953,.F.);
#1961=ORIENTED_EDGE('',*,*,#4954,.F.);
#1962=ORIENTED_EDGE('',*,*,#4955,.F.);
#1963=ORIENTED_EDGE('',*,*,#4956,.F.);
#1964=ORIENTED_EDGE('',*,*,#4957,.F.);
#1965=ORIENTED_EDGE('',*,*,#4958,.T.);
#1966=ORIENTED_EDGE('',*,*,#4959,.F.);
#1967=ORIENTED_EDGE('',*,*,#4960,.F.);
#1968=ORIENTED_EDGE('',*,*,#4958,.F.);
#1969=ORIENTED_EDGE('',*,*,#4961,.F.);
#1970=ORIENTED_EDGE('',*,*,#4946,.F.);
#1971=ORIENTED_EDGE('',*,*,#4962,.F.);
#1972=ORIENTED_EDGE('',*,*,#4963,.F.);
#1973=ORIENTED_EDGE('',*,*,#4964,.T.);
#1974=ORIENTED_EDGE('',*,*,#4965,.F.);
#1975=ORIENTED_EDGE('',*,*,#4966,.F.);
#1976=ORIENTED_EDGE('',*,*,#4967,.F.);
#1977=ORIENTED_EDGE('',*,*,#4968,.F.);
#1978=ORIENTED_EDGE('',*,*,#4969,.F.);
#1979=ORIENTED_EDGE('',*,*,#4597,.F.);
#1980=ORIENTED_EDGE('',*,*,#4970,.F.);
#1981=ORIENTED_EDGE('',*,*,#4603,.F.);
#1982=ORIENTED_EDGE('',*,*,#4971,.F.);
#1983=ORIENTED_EDGE('',*,*,#4972,.F.);
#1984=ORIENTED_EDGE('',*,*,#4973,.F.);
#1985=ORIENTED_EDGE('',*,*,#4974,.F.);
#1986=ORIENTED_EDGE('',*,*,#4975,.F.);
#1987=ORIENTED_EDGE('',*,*,#4976,.T.);
#1988=ORIENTED_EDGE('',*,*,#4977,.F.);
#1989=ORIENTED_EDGE('',*,*,#4978,.F.);
#1990=ORIENTED_EDGE('',*,*,#4976,.F.);
#1991=ORIENTED_EDGE('',*,*,#4979,.F.);
#1992=ORIENTED_EDGE('',*,*,#4964,.F.);
#1993=ORIENTED_EDGE('',*,*,#4980,.F.);
#1994=ORIENTED_EDGE('',*,*,#4981,.F.);
#1995=ORIENTED_EDGE('',*,*,#4982,.T.);
#1996=ORIENTED_EDGE('',*,*,#4983,.F.);
#1997=ORIENTED_EDGE('',*,*,#4984,.F.);
#1998=ORIENTED_EDGE('',*,*,#4985,.F.);
#1999=ORIENTED_EDGE('',*,*,#4986,.F.);
#2000=ORIENTED_EDGE('',*,*,#4987,.F.);
#2001=ORIENTED_EDGE('',*,*,#4593,.F.);
#2002=ORIENTED_EDGE('',*,*,#4988,.F.);
#2003=ORIENTED_EDGE('',*,*,#4599,.F.);
#2004=ORIENTED_EDGE('',*,*,#4989,.F.);
#2005=ORIENTED_EDGE('',*,*,#4990,.F.);
#2006=ORIENTED_EDGE('',*,*,#4991,.F.);
#2007=ORIENTED_EDGE('',*,*,#4992,.F.);
#2008=ORIENTED_EDGE('',*,*,#4993,.F.);
#2009=ORIENTED_EDGE('',*,*,#4994,.T.);
#2010=ORIENTED_EDGE('',*,*,#4995,.F.);
#2011=ORIENTED_EDGE('',*,*,#4996,.F.);
#2012=ORIENTED_EDGE('',*,*,#4994,.F.);
#2013=ORIENTED_EDGE('',*,*,#4997,.F.);
#2014=ORIENTED_EDGE('',*,*,#4982,.F.);
#2015=ORIENTED_EDGE('',*,*,#4998,.F.);
#2016=ORIENTED_EDGE('',*,*,#4999,.F.);
#2017=ORIENTED_EDGE('',*,*,#5000,.F.);
#2018=ORIENTED_EDGE('',*,*,#5001,.F.);
#2019=ORIENTED_EDGE('',*,*,#5002,.F.);
#2020=ORIENTED_EDGE('',*,*,#5003,.F.);
#2021=ORIENTED_EDGE('',*,*,#5001,.T.);
#2022=ORIENTED_EDGE('',*,*,#5004,.F.);
#2023=ORIENTED_EDGE('',*,*,#5005,.F.);
#2024=ORIENTED_EDGE('',*,*,#5006,.F.);
#2025=ORIENTED_EDGE('',*,*,#5007,.F.);
#2026=ORIENTED_EDGE('',*,*,#5008,.F.);
#2027=ORIENTED_EDGE('',*,*,#4589,.F.);
#2028=ORIENTED_EDGE('',*,*,#5009,.F.);
#2029=ORIENTED_EDGE('',*,*,#4595,.F.);
#2030=ORIENTED_EDGE('',*,*,#5010,.F.);
#2031=ORIENTED_EDGE('',*,*,#5011,.F.);
#2032=ORIENTED_EDGE('',*,*,#5012,.F.);
#2033=ORIENTED_EDGE('',*,*,#5013,.F.);
#2034=ORIENTED_EDGE('',*,*,#5014,.F.);
#2035=ORIENTED_EDGE('',*,*,#4999,.T.);
#2036=ORIENTED_EDGE('',*,*,#5015,.F.);
#2037=ORIENTED_EDGE('',*,*,#4590,.T.);
#2038=ORIENTED_EDGE('',*,*,#5008,.T.);
#2039=ORIENTED_EDGE('',*,*,#5016,.F.);
#2040=ORIENTED_EDGE('',*,*,#4670,.F.);
#2041=ORIENTED_EDGE('',*,*,#5017,.F.);
#2042=ORIENTED_EDGE('',*,*,#5010,.T.);
#2043=ORIENTED_EDGE('',*,*,#4594,.T.);
#2044=ORIENTED_EDGE('',*,*,#4987,.T.);
#2045=ORIENTED_EDGE('',*,*,#5018,.F.);
#2046=ORIENTED_EDGE('',*,*,#4989,.T.);
#2047=ORIENTED_EDGE('',*,*,#4598,.T.);
#2048=ORIENTED_EDGE('',*,*,#4969,.T.);
#2049=ORIENTED_EDGE('',*,*,#5019,.F.);
#2050=ORIENTED_EDGE('',*,*,#4971,.T.);
#2051=ORIENTED_EDGE('',*,*,#4602,.T.);
#2052=ORIENTED_EDGE('',*,*,#4951,.T.);
#2053=ORIENTED_EDGE('',*,*,#5020,.F.);
#2054=ORIENTED_EDGE('',*,*,#4953,.T.);
#2055=ORIENTED_EDGE('',*,*,#4606,.T.);
#2056=ORIENTED_EDGE('',*,*,#4933,.T.);
#2057=ORIENTED_EDGE('',*,*,#5021,.F.);
#2058=ORIENTED_EDGE('',*,*,#4935,.T.);
#2059=ORIENTED_EDGE('',*,*,#4610,.T.);
#2060=ORIENTED_EDGE('',*,*,#4915,.T.);
#2061=ORIENTED_EDGE('',*,*,#5022,.F.);
#2062=ORIENTED_EDGE('',*,*,#4917,.T.);
#2063=ORIENTED_EDGE('',*,*,#4614,.T.);
#2064=ORIENTED_EDGE('',*,*,#4897,.T.);
#2065=ORIENTED_EDGE('',*,*,#5023,.F.);
#2066=ORIENTED_EDGE('',*,*,#4899,.T.);
#2067=ORIENTED_EDGE('',*,*,#4618,.T.);
#2068=ORIENTED_EDGE('',*,*,#4879,.T.);
#2069=ORIENTED_EDGE('',*,*,#5024,.F.);
#2070=ORIENTED_EDGE('',*,*,#4863,.T.);
#2071=ORIENTED_EDGE('',*,*,#4622,.T.);
#2072=ORIENTED_EDGE('',*,*,#4691,.T.);
#2073=ORIENTED_EDGE('',*,*,#5016,.T.);
#2074=ORIENTED_EDGE('',*,*,#5007,.T.);
#2075=ORIENTED_EDGE('',*,*,#5025,.F.);
#2076=ORIENTED_EDGE('',*,*,#4671,.F.);
#2077=ORIENTED_EDGE('',*,*,#5026,.F.);
#2078=ORIENTED_EDGE('',*,*,#5011,.T.);
#2079=ORIENTED_EDGE('',*,*,#5017,.T.);
#2080=ORIENTED_EDGE('',*,*,#4986,.T.);
#2081=ORIENTED_EDGE('',*,*,#5027,.F.);
#2082=ORIENTED_EDGE('',*,*,#4990,.T.);
#2083=ORIENTED_EDGE('',*,*,#5018,.T.);
#2084=ORIENTED_EDGE('',*,*,#4968,.T.);
#2085=ORIENTED_EDGE('',*,*,#5028,.F.);
#2086=ORIENTED_EDGE('',*,*,#4972,.T.);
#2087=ORIENTED_EDGE('',*,*,#5019,.T.);
#2088=ORIENTED_EDGE('',*,*,#4950,.T.);
#2089=ORIENTED_EDGE('',*,*,#5029,.F.);
#2090=ORIENTED_EDGE('',*,*,#4954,.T.);
#2091=ORIENTED_EDGE('',*,*,#5020,.T.);
#2092=ORIENTED_EDGE('',*,*,#4932,.T.);
#2093=ORIENTED_EDGE('',*,*,#5030,.F.);
#2094=ORIENTED_EDGE('',*,*,#4936,.T.);
#2095=ORIENTED_EDGE('',*,*,#5021,.T.);
#2096=ORIENTED_EDGE('',*,*,#4914,.T.);
#2097=ORIENTED_EDGE('',*,*,#5031,.F.);
#2098=ORIENTED_EDGE('',*,*,#4918,.T.);
#2099=ORIENTED_EDGE('',*,*,#5022,.T.);
#2100=ORIENTED_EDGE('',*,*,#4896,.T.);
#2101=ORIENTED_EDGE('',*,*,#5032,.F.);
#2102=ORIENTED_EDGE('',*,*,#4900,.T.);
#2103=ORIENTED_EDGE('',*,*,#5023,.T.);
#2104=ORIENTED_EDGE('',*,*,#4878,.T.);
#2105=ORIENTED_EDGE('',*,*,#5033,.F.);
#2106=ORIENTED_EDGE('',*,*,#4864,.T.);
#2107=ORIENTED_EDGE('',*,*,#5024,.T.);
#2108=ORIENTED_EDGE('',*,*,#4690,.T.);
#2109=ORIENTED_EDGE('',*,*,#5025,.T.);
#2110=ORIENTED_EDGE('',*,*,#5006,.T.);
#2111=ORIENTED_EDGE('',*,*,#5034,.F.);
#2112=ORIENTED_EDGE('',*,*,#4672,.F.);
#2113=ORIENTED_EDGE('',*,*,#5035,.F.);
#2114=ORIENTED_EDGE('',*,*,#5012,.T.);
#2115=ORIENTED_EDGE('',*,*,#5026,.T.);
#2116=ORIENTED_EDGE('',*,*,#4985,.T.);
#2117=ORIENTED_EDGE('',*,*,#5036,.F.);
#2118=ORIENTED_EDGE('',*,*,#4991,.T.);
#2119=ORIENTED_EDGE('',*,*,#5027,.T.);
#2120=ORIENTED_EDGE('',*,*,#4967,.T.);
#2121=ORIENTED_EDGE('',*,*,#5037,.F.);
#2122=ORIENTED_EDGE('',*,*,#4973,.T.);
#2123=ORIENTED_EDGE('',*,*,#5028,.T.);
#2124=ORIENTED_EDGE('',*,*,#4949,.T.);
#2125=ORIENTED_EDGE('',*,*,#5038,.F.);
#2126=ORIENTED_EDGE('',*,*,#4955,.T.);
#2127=ORIENTED_EDGE('',*,*,#5029,.T.);
#2128=ORIENTED_EDGE('',*,*,#4931,.T.);
#2129=ORIENTED_EDGE('',*,*,#5039,.F.);
#2130=ORIENTED_EDGE('',*,*,#4937,.T.);
#2131=ORIENTED_EDGE('',*,*,#5030,.T.);
#2132=ORIENTED_EDGE('',*,*,#4913,.T.);
#2133=ORIENTED_EDGE('',*,*,#5040,.F.);
#2134=ORIENTED_EDGE('',*,*,#4919,.T.);
#2135=ORIENTED_EDGE('',*,*,#5031,.T.);
#2136=ORIENTED_EDGE('',*,*,#4895,.T.);
#2137=ORIENTED_EDGE('',*,*,#5041,.F.);
#2138=ORIENTED_EDGE('',*,*,#4901,.T.);
#2139=ORIENTED_EDGE('',*,*,#5032,.T.);
#2140=ORIENTED_EDGE('',*,*,#4877,.T.);
#2141=ORIENTED_EDGE('',*,*,#5042,.F.);
#2142=ORIENTED_EDGE('',*,*,#4865,.T.);
#2143=ORIENTED_EDGE('',*,*,#5033,.T.);
#2144=ORIENTED_EDGE('',*,*,#4689,.T.);
#2145=ORIENTED_EDGE('',*,*,#5034,.T.);
#2146=ORIENTED_EDGE('',*,*,#5005,.T.);
#2147=ORIENTED_EDGE('',*,*,#5043,.F.);
#2148=ORIENTED_EDGE('',*,*,#4673,.F.);
#2149=ORIENTED_EDGE('',*,*,#5044,.F.);
#2150=ORIENTED_EDGE('',*,*,#5013,.T.);
#2151=ORIENTED_EDGE('',*,*,#5035,.T.);
#2152=ORIENTED_EDGE('',*,*,#4984,.T.);
#2153=ORIENTED_EDGE('',*,*,#5045,.F.);
#2154=ORIENTED_EDGE('',*,*,#4992,.T.);
#2155=ORIENTED_EDGE('',*,*,#5036,.T.);
#2156=ORIENTED_EDGE('',*,*,#4966,.T.);
#2157=ORIENTED_EDGE('',*,*,#5046,.F.);
#2158=ORIENTED_EDGE('',*,*,#4974,.T.);
#2159=ORIENTED_EDGE('',*,*,#5037,.T.);
#2160=ORIENTED_EDGE('',*,*,#4948,.T.);
#2161=ORIENTED_EDGE('',*,*,#5047,.F.);
#2162=ORIENTED_EDGE('',*,*,#4956,.T.);
#2163=ORIENTED_EDGE('',*,*,#5038,.T.);
#2164=ORIENTED_EDGE('',*,*,#4930,.T.);
#2165=ORIENTED_EDGE('',*,*,#5048,.F.);
#2166=ORIENTED_EDGE('',*,*,#4938,.T.);
#2167=ORIENTED_EDGE('',*,*,#5039,.T.);
#2168=ORIENTED_EDGE('',*,*,#4912,.T.);
#2169=ORIENTED_EDGE('',*,*,#5049,.F.);
#2170=ORIENTED_EDGE('',*,*,#4920,.T.);
#2171=ORIENTED_EDGE('',*,*,#5040,.T.);
#2172=ORIENTED_EDGE('',*,*,#4894,.T.);
#2173=ORIENTED_EDGE('',*,*,#5050,.F.);
#2174=ORIENTED_EDGE('',*,*,#4902,.T.);
#2175=ORIENTED_EDGE('',*,*,#5041,.T.);
#2176=ORIENTED_EDGE('',*,*,#4876,.T.);
#2177=ORIENTED_EDGE('',*,*,#5051,.F.);
#2178=ORIENTED_EDGE('',*,*,#4866,.T.);
#2179=ORIENTED_EDGE('',*,*,#5042,.T.);
#2180=ORIENTED_EDGE('',*,*,#4688,.T.);
#2181=ORIENTED_EDGE('',*,*,#5043,.T.);
#2182=ORIENTED_EDGE('',*,*,#5004,.T.);
#2183=ORIENTED_EDGE('',*,*,#5000,.T.);
#2184=ORIENTED_EDGE('',*,*,#5014,.T.);
#2185=ORIENTED_EDGE('',*,*,#5044,.T.);
#2186=ORIENTED_EDGE('',*,*,#4983,.T.);
#2187=ORIENTED_EDGE('',*,*,#4997,.T.);
#2188=ORIENTED_EDGE('',*,*,#4993,.T.);
#2189=ORIENTED_EDGE('',*,*,#5045,.T.);
#2190=ORIENTED_EDGE('',*,*,#4965,.T.);
#2191=ORIENTED_EDGE('',*,*,#4979,.T.);
#2192=ORIENTED_EDGE('',*,*,#4975,.T.);
#2193=ORIENTED_EDGE('',*,*,#5046,.T.);
#2194=ORIENTED_EDGE('',*,*,#4947,.T.);
#2195=ORIENTED_EDGE('',*,*,#4961,.T.);
#2196=ORIENTED_EDGE('',*,*,#4957,.T.);
#2197=ORIENTED_EDGE('',*,*,#5047,.T.);
#2198=ORIENTED_EDGE('',*,*,#4929,.T.);
#2199=ORIENTED_EDGE('',*,*,#4943,.T.);
#2200=ORIENTED_EDGE('',*,*,#4939,.T.);
#2201=ORIENTED_EDGE('',*,*,#5048,.T.);
#2202=ORIENTED_EDGE('',*,*,#4911,.T.);
#2203=ORIENTED_EDGE('',*,*,#4925,.T.);
#2204=ORIENTED_EDGE('',*,*,#4921,.T.);
#2205=ORIENTED_EDGE('',*,*,#5049,.T.);
#2206=ORIENTED_EDGE('',*,*,#4893,.T.);
#2207=ORIENTED_EDGE('',*,*,#4907,.T.);
#2208=ORIENTED_EDGE('',*,*,#4903,.T.);
#2209=ORIENTED_EDGE('',*,*,#5050,.T.);
#2210=ORIENTED_EDGE('',*,*,#4875,.T.);
#2211=ORIENTED_EDGE('',*,*,#4889,.T.);
#2212=ORIENTED_EDGE('',*,*,#4885,.T.);
#2213=ORIENTED_EDGE('',*,*,#5052,.T.);
#2214=ORIENTED_EDGE('',*,*,#4857,.T.);
#2215=ORIENTED_EDGE('',*,*,#4871,.T.);
#2216=ORIENTED_EDGE('',*,*,#4867,.T.);
#2217=ORIENTED_EDGE('',*,*,#5051,.T.);
#2218=ORIENTED_EDGE('',*,*,#4687,.T.);
#2219=ORIENTED_EDGE('',*,*,#5053,.F.);
#2220=ORIENTED_EDGE('',*,*,#4703,.F.);
#2221=ORIENTED_EDGE('',*,*,#4709,.F.);
#2222=ORIENTED_EDGE('',*,*,#4699,.F.);
#2223=ORIENTED_EDGE('',*,*,#5054,.F.);
#2224=ORIENTED_EDGE('',*,*,#4721,.F.);
#2225=ORIENTED_EDGE('',*,*,#4727,.F.);
#2226=ORIENTED_EDGE('',*,*,#4717,.F.);
#2227=ORIENTED_EDGE('',*,*,#5055,.F.);
#2228=ORIENTED_EDGE('',*,*,#4739,.F.);
#2229=ORIENTED_EDGE('',*,*,#4745,.F.);
#2230=ORIENTED_EDGE('',*,*,#4735,.F.);
#2231=ORIENTED_EDGE('',*,*,#5056,.F.);
#2232=ORIENTED_EDGE('',*,*,#4757,.F.);
#2233=ORIENTED_EDGE('',*,*,#4763,.F.);
#2234=ORIENTED_EDGE('',*,*,#4753,.F.);
#2235=ORIENTED_EDGE('',*,*,#5057,.F.);
#2236=ORIENTED_EDGE('',*,*,#4775,.F.);
#2237=ORIENTED_EDGE('',*,*,#4781,.F.);
#2238=ORIENTED_EDGE('',*,*,#4771,.F.);
#2239=ORIENTED_EDGE('',*,*,#5058,.F.);
#2240=ORIENTED_EDGE('',*,*,#4793,.F.);
#2241=ORIENTED_EDGE('',*,*,#4799,.F.);
#2242=ORIENTED_EDGE('',*,*,#4789,.F.);
#2243=ORIENTED_EDGE('',*,*,#5059,.F.);
#2244=ORIENTED_EDGE('',*,*,#4811,.F.);
#2245=ORIENTED_EDGE('',*,*,#4817,.F.);
#2246=ORIENTED_EDGE('',*,*,#4807,.F.);
#2247=ORIENTED_EDGE('',*,*,#5060,.F.);
#2248=ORIENTED_EDGE('',*,*,#4829,.F.);
#2249=ORIENTED_EDGE('',*,*,#4835,.F.);
#2250=ORIENTED_EDGE('',*,*,#4825,.F.);
#2251=ORIENTED_EDGE('',*,*,#5061,.F.);
#2252=ORIENTED_EDGE('',*,*,#4849,.F.);
#2253=ORIENTED_EDGE('',*,*,#4839,.F.);
#2254=ORIENTED_EDGE('',*,*,#4846,.F.);
#2255=ORIENTED_EDGE('',*,*,#5062,.F.);
#2256=ORIENTED_EDGE('',*,*,#4674,.F.);
#2257=ORIENTED_EDGE('',*,*,#4704,.F.);
#2258=ORIENTED_EDGE('',*,*,#5053,.T.);
#2259=ORIENTED_EDGE('',*,*,#4686,.T.);
#2260=ORIENTED_EDGE('',*,*,#5063,.F.);
#2261=ORIENTED_EDGE('',*,*,#4845,.F.);
#2262=ORIENTED_EDGE('',*,*,#5064,.F.);
#2263=ORIENTED_EDGE('',*,*,#4675,.F.);
#2264=ORIENTED_EDGE('',*,*,#5062,.T.);
#2265=ORIENTED_EDGE('',*,*,#4850,.F.);
#2266=ORIENTED_EDGE('',*,*,#5061,.T.);
#2267=ORIENTED_EDGE('',*,*,#4824,.F.);
#2268=ORIENTED_EDGE('',*,*,#5065,.F.);
#2269=ORIENTED_EDGE('',*,*,#4830,.F.);
#2270=ORIENTED_EDGE('',*,*,#5060,.T.);
#2271=ORIENTED_EDGE('',*,*,#4806,.F.);
#2272=ORIENTED_EDGE('',*,*,#5066,.F.);
#2273=ORIENTED_EDGE('',*,*,#4812,.F.);
#2274=ORIENTED_EDGE('',*,*,#5059,.T.);
#2275=ORIENTED_EDGE('',*,*,#4788,.F.);
#2276=ORIENTED_EDGE('',*,*,#5067,.F.);
#2277=ORIENTED_EDGE('',*,*,#4794,.F.);
#2278=ORIENTED_EDGE('',*,*,#5058,.T.);
#2279=ORIENTED_EDGE('',*,*,#4770,.F.);
#2280=ORIENTED_EDGE('',*,*,#5068,.F.);
#2281=ORIENTED_EDGE('',*,*,#4776,.F.);
#2282=ORIENTED_EDGE('',*,*,#5057,.T.);
#2283=ORIENTED_EDGE('',*,*,#4752,.F.);
#2284=ORIENTED_EDGE('',*,*,#5069,.F.);
#2285=ORIENTED_EDGE('',*,*,#4758,.F.);
#2286=ORIENTED_EDGE('',*,*,#5056,.T.);
#2287=ORIENTED_EDGE('',*,*,#4734,.F.);
#2288=ORIENTED_EDGE('',*,*,#5070,.F.);
#2289=ORIENTED_EDGE('',*,*,#4740,.F.);
#2290=ORIENTED_EDGE('',*,*,#5055,.T.);
#2291=ORIENTED_EDGE('',*,*,#4716,.F.);
#2292=ORIENTED_EDGE('',*,*,#5071,.F.);
#2293=ORIENTED_EDGE('',*,*,#4722,.F.);
#2294=ORIENTED_EDGE('',*,*,#5054,.T.);
#2295=ORIENTED_EDGE('',*,*,#4698,.F.);
#2296=ORIENTED_EDGE('',*,*,#5072,.F.);
#2297=ORIENTED_EDGE('',*,*,#4705,.F.);
#2298=ORIENTED_EDGE('',*,*,#5063,.T.);
#2299=ORIENTED_EDGE('',*,*,#4685,.T.);
#2300=ORIENTED_EDGE('',*,*,#5073,.F.);
#2301=ORIENTED_EDGE('',*,*,#4844,.F.);
#2302=ORIENTED_EDGE('',*,*,#5074,.F.);
#2303=ORIENTED_EDGE('',*,*,#4676,.F.);
#2304=ORIENTED_EDGE('',*,*,#5064,.T.);
#2305=ORIENTED_EDGE('',*,*,#4851,.F.);
#2306=ORIENTED_EDGE('',*,*,#5065,.T.);
#2307=ORIENTED_EDGE('',*,*,#4823,.F.);
#2308=ORIENTED_EDGE('',*,*,#5075,.F.);
#2309=ORIENTED_EDGE('',*,*,#4831,.F.);
#2310=ORIENTED_EDGE('',*,*,#5066,.T.);
#2311=ORIENTED_EDGE('',*,*,#4805,.F.);
#2312=ORIENTED_EDGE('',*,*,#5076,.F.);
#2313=ORIENTED_EDGE('',*,*,#4813,.F.);
#2314=ORIENTED_EDGE('',*,*,#5067,.T.);
#2315=ORIENTED_EDGE('',*,*,#4787,.F.);
#2316=ORIENTED_EDGE('',*,*,#5077,.F.);
#2317=ORIENTED_EDGE('',*,*,#4795,.F.);
#2318=ORIENTED_EDGE('',*,*,#5068,.T.);
#2319=ORIENTED_EDGE('',*,*,#4769,.F.);
#2320=ORIENTED_EDGE('',*,*,#5078,.F.);
#2321=ORIENTED_EDGE('',*,*,#4777,.F.);
#2322=ORIENTED_EDGE('',*,*,#5069,.T.);
#2323=ORIENTED_EDGE('',*,*,#4751,.F.);
#2324=ORIENTED_EDGE('',*,*,#5079,.F.);
#2325=ORIENTED_EDGE('',*,*,#4759,.F.);
#2326=ORIENTED_EDGE('',*,*,#5070,.T.);
#2327=ORIENTED_EDGE('',*,*,#4733,.F.);
#2328=ORIENTED_EDGE('',*,*,#5080,.F.);
#2329=ORIENTED_EDGE('',*,*,#4741,.F.);
#2330=ORIENTED_EDGE('',*,*,#5071,.T.);
#2331=ORIENTED_EDGE('',*,*,#4715,.F.);
#2332=ORIENTED_EDGE('',*,*,#5081,.F.);
#2333=ORIENTED_EDGE('',*,*,#4723,.F.);
#2334=ORIENTED_EDGE('',*,*,#5072,.T.);
#2335=ORIENTED_EDGE('',*,*,#4697,.F.);
#2336=ORIENTED_EDGE('',*,*,#5082,.F.);
#2337=ORIENTED_EDGE('',*,*,#4706,.F.);
#2338=ORIENTED_EDGE('',*,*,#5073,.T.);
#2339=ORIENTED_EDGE('',*,*,#4684,.T.);
#2340=ORIENTED_EDGE('',*,*,#5083,.F.);
#2341=ORIENTED_EDGE('',*,*,#4843,.F.);
#2342=ORIENTED_EDGE('',*,*,#5084,.F.);
#2343=ORIENTED_EDGE('',*,*,#4677,.F.);
#2344=ORIENTED_EDGE('',*,*,#5074,.T.);
#2345=ORIENTED_EDGE('',*,*,#4852,.F.);
#2346=ORIENTED_EDGE('',*,*,#5075,.T.);
#2347=ORIENTED_EDGE('',*,*,#4822,.F.);
#2348=ORIENTED_EDGE('',*,*,#5085,.F.);
#2349=ORIENTED_EDGE('',*,*,#4832,.F.);
#2350=ORIENTED_EDGE('',*,*,#5076,.T.);
#2351=ORIENTED_EDGE('',*,*,#4804,.F.);
#2352=ORIENTED_EDGE('',*,*,#5086,.F.);
#2353=ORIENTED_EDGE('',*,*,#4814,.F.);
#2354=ORIENTED_EDGE('',*,*,#5077,.T.);
#2355=ORIENTED_EDGE('',*,*,#4786,.F.);
#2356=ORIENTED_EDGE('',*,*,#5087,.F.);
#2357=ORIENTED_EDGE('',*,*,#4796,.F.);
#2358=ORIENTED_EDGE('',*,*,#5078,.T.);
#2359=ORIENTED_EDGE('',*,*,#4768,.F.);
#2360=ORIENTED_EDGE('',*,*,#5088,.F.);
#2361=ORIENTED_EDGE('',*,*,#4778,.F.);
#2362=ORIENTED_EDGE('',*,*,#5079,.T.);
#2363=ORIENTED_EDGE('',*,*,#4750,.F.);
#2364=ORIENTED_EDGE('',*,*,#5089,.F.);
#2365=ORIENTED_EDGE('',*,*,#4760,.F.);
#2366=ORIENTED_EDGE('',*,*,#5080,.T.);
#2367=ORIENTED_EDGE('',*,*,#4732,.F.);
#2368=ORIENTED_EDGE('',*,*,#5090,.F.);
#2369=ORIENTED_EDGE('',*,*,#4742,.F.);
#2370=ORIENTED_EDGE('',*,*,#5081,.T.);
#2371=ORIENTED_EDGE('',*,*,#4714,.F.);
#2372=ORIENTED_EDGE('',*,*,#5091,.F.);
#2373=ORIENTED_EDGE('',*,*,#4724,.F.);
#2374=ORIENTED_EDGE('',*,*,#5082,.T.);
#2375=ORIENTED_EDGE('',*,*,#4696,.F.);
#2376=ORIENTED_EDGE('',*,*,#5092,.F.);
#2377=ORIENTED_EDGE('',*,*,#4707,.F.);
#2378=ORIENTED_EDGE('',*,*,#5083,.T.);
#2379=ORIENTED_EDGE('',*,*,#4683,.T.);
#2380=ORIENTED_EDGE('',*,*,#4626,.F.);
#2381=ORIENTED_EDGE('',*,*,#4842,.F.);
#2382=ORIENTED_EDGE('',*,*,#4630,.F.);
#2383=ORIENTED_EDGE('',*,*,#4678,.F.);
#2384=ORIENTED_EDGE('',*,*,#5084,.T.);
#2385=ORIENTED_EDGE('',*,*,#4853,.F.);
#2386=ORIENTED_EDGE('',*,*,#5085,.T.);
#2387=ORIENTED_EDGE('',*,*,#4821,.F.);
#2388=ORIENTED_EDGE('',*,*,#4634,.F.);
#2389=ORIENTED_EDGE('',*,*,#4833,.F.);
#2390=ORIENTED_EDGE('',*,*,#5086,.T.);
#2391=ORIENTED_EDGE('',*,*,#4803,.F.);
#2392=ORIENTED_EDGE('',*,*,#4638,.F.);
#2393=ORIENTED_EDGE('',*,*,#4815,.F.);
#2394=ORIENTED_EDGE('',*,*,#5087,.T.);
#2395=ORIENTED_EDGE('',*,*,#4785,.F.);
#2396=ORIENTED_EDGE('',*,*,#4642,.F.);
#2397=ORIENTED_EDGE('',*,*,#4797,.F.);
#2398=ORIENTED_EDGE('',*,*,#5088,.T.);
#2399=ORIENTED_EDGE('',*,*,#4767,.F.);
#2400=ORIENTED_EDGE('',*,*,#4646,.F.);
#2401=ORIENTED_EDGE('',*,*,#4779,.F.);
#2402=ORIENTED_EDGE('',*,*,#5089,.T.);
#2403=ORIENTED_EDGE('',*,*,#4749,.F.);
#2404=ORIENTED_EDGE('',*,*,#4650,.F.);
#2405=ORIENTED_EDGE('',*,*,#4761,.F.);
#2406=ORIENTED_EDGE('',*,*,#5090,.T.);
#2407=ORIENTED_EDGE('',*,*,#4731,.F.);
#2408=ORIENTED_EDGE('',*,*,#4654,.F.);
#2409=ORIENTED_EDGE('',*,*,#4743,.F.);
#2410=ORIENTED_EDGE('',*,*,#5091,.T.);
#2411=ORIENTED_EDGE('',*,*,#4713,.F.);
#2412=ORIENTED_EDGE('',*,*,#4658,.F.);
#2413=ORIENTED_EDGE('',*,*,#4725,.F.);
#2414=ORIENTED_EDGE('',*,*,#5092,.T.);
#2415=ORIENTED_EDGE('',*,*,#4695,.F.);
#2416=ORIENTED_EDGE('',*,*,#4662,.F.);
#2417=ORIENTED_EDGE('',*,*,#5093,.F.);
#2418=ORIENTED_EDGE('',*,*,#4881,.T.);
#2419=ORIENTED_EDGE('',*,*,#4666,.T.);
#2420=ORIENTED_EDGE('',*,*,#4861,.T.);
#2421=ORIENTED_EDGE('',*,*,#5094,.F.);
#2422=ORIENTED_EDGE('',*,*,#4882,.T.);
#2423=ORIENTED_EDGE('',*,*,#5093,.T.);
#2424=ORIENTED_EDGE('',*,*,#4860,.T.);
#2425=ORIENTED_EDGE('',*,*,#5095,.F.);
#2426=ORIENTED_EDGE('',*,*,#4883,.T.);
#2427=ORIENTED_EDGE('',*,*,#5094,.T.);
#2428=ORIENTED_EDGE('',*,*,#4859,.T.);
#2429=ORIENTED_EDGE('',*,*,#5052,.F.);
#2430=ORIENTED_EDGE('',*,*,#4884,.T.);
#2431=ORIENTED_EDGE('',*,*,#5095,.T.);
#2432=ORIENTED_EDGE('',*,*,#4858,.T.);
#2433=ORIENTED_EDGE('',*,*,#4682,.T.);
#2434=ORIENTED_EDGE('',*,*,#5096,.F.);
#2435=ORIENTED_EDGE('',*,*,#4700,.F.);
#2436=ORIENTED_EDGE('',*,*,#4624,.T.);
#2437=ORIENTED_EDGE('',*,*,#5097,.F.);
#2438=ORIENTED_EDGE('',*,*,#4718,.F.);
#2439=ORIENTED_EDGE('',*,*,#4660,.T.);
#2440=ORIENTED_EDGE('',*,*,#4694,.F.);
#2441=ORIENTED_EDGE('',*,*,#5098,.F.);
#2442=ORIENTED_EDGE('',*,*,#4736,.F.);
#2443=ORIENTED_EDGE('',*,*,#4656,.T.);
#2444=ORIENTED_EDGE('',*,*,#4712,.F.);
#2445=ORIENTED_EDGE('',*,*,#5099,.F.);
#2446=ORIENTED_EDGE('',*,*,#4754,.F.);
#2447=ORIENTED_EDGE('',*,*,#4652,.T.);
#2448=ORIENTED_EDGE('',*,*,#4730,.F.);
#2449=ORIENTED_EDGE('',*,*,#5100,.F.);
#2450=ORIENTED_EDGE('',*,*,#4772,.F.);
#2451=ORIENTED_EDGE('',*,*,#4648,.T.);
#2452=ORIENTED_EDGE('',*,*,#4748,.F.);
#2453=ORIENTED_EDGE('',*,*,#5101,.F.);
#2454=ORIENTED_EDGE('',*,*,#4790,.F.);
#2455=ORIENTED_EDGE('',*,*,#4644,.T.);
#2456=ORIENTED_EDGE('',*,*,#4766,.F.);
#2457=ORIENTED_EDGE('',*,*,#5102,.F.);
#2458=ORIENTED_EDGE('',*,*,#4808,.F.);
#2459=ORIENTED_EDGE('',*,*,#4640,.T.);
#2460=ORIENTED_EDGE('',*,*,#4784,.F.);
#2461=ORIENTED_EDGE('',*,*,#5103,.F.);
#2462=ORIENTED_EDGE('',*,*,#4826,.F.);
#2463=ORIENTED_EDGE('',*,*,#4636,.T.);
#2464=ORIENTED_EDGE('',*,*,#4802,.F.);
#2465=ORIENTED_EDGE('',*,*,#4628,.T.);
#2466=ORIENTED_EDGE('',*,*,#4841,.F.);
#2467=ORIENTED_EDGE('',*,*,#5104,.F.);
#2468=ORIENTED_EDGE('',*,*,#4679,.F.);
#2469=ORIENTED_EDGE('',*,*,#4680,.T.);
#2470=ORIENTED_EDGE('',*,*,#4620,.T.);
#2471=ORIENTED_EDGE('',*,*,#4862,.T.);
#2472=ORIENTED_EDGE('',*,*,#5105,.T.);
#2473=ORIENTED_EDGE('',*,*,#4854,.T.);
#2474=ORIENTED_EDGE('',*,*,#4664,.T.);
#2475=ORIENTED_EDGE('',*,*,#4880,.T.);
#2476=ORIENTED_EDGE('',*,*,#5106,.T.);
#2477=ORIENTED_EDGE('',*,*,#4872,.T.);
#2478=ORIENTED_EDGE('',*,*,#4616,.T.);
#2479=ORIENTED_EDGE('',*,*,#4898,.T.);
#2480=ORIENTED_EDGE('',*,*,#5107,.T.);
#2481=ORIENTED_EDGE('',*,*,#4890,.T.);
#2482=ORIENTED_EDGE('',*,*,#4612,.T.);
#2483=ORIENTED_EDGE('',*,*,#4916,.T.);
#2484=ORIENTED_EDGE('',*,*,#5108,.T.);
#2485=ORIENTED_EDGE('',*,*,#4908,.T.);
#2486=ORIENTED_EDGE('',*,*,#4608,.T.);
#2487=ORIENTED_EDGE('',*,*,#4934,.T.);
#2488=ORIENTED_EDGE('',*,*,#5109,.T.);
#2489=ORIENTED_EDGE('',*,*,#4926,.T.);
#2490=ORIENTED_EDGE('',*,*,#4604,.T.);
#2491=ORIENTED_EDGE('',*,*,#4952,.T.);
#2492=ORIENTED_EDGE('',*,*,#5110,.T.);
#2493=ORIENTED_EDGE('',*,*,#4944,.T.);
#2494=ORIENTED_EDGE('',*,*,#4600,.T.);
#2495=ORIENTED_EDGE('',*,*,#4970,.T.);
#2496=ORIENTED_EDGE('',*,*,#5111,.T.);
#2497=ORIENTED_EDGE('',*,*,#4962,.T.);
#2498=ORIENTED_EDGE('',*,*,#4596,.T.);
#2499=ORIENTED_EDGE('',*,*,#4988,.T.);
#2500=ORIENTED_EDGE('',*,*,#5112,.T.);
#2501=ORIENTED_EDGE('',*,*,#4980,.T.);
#2502=ORIENTED_EDGE('',*,*,#4592,.T.);
#2503=ORIENTED_EDGE('',*,*,#5009,.T.);
#2504=ORIENTED_EDGE('',*,*,#5113,.T.);
#2505=ORIENTED_EDGE('',*,*,#5104,.T.);
#2506=ORIENTED_EDGE('',*,*,#4840,.F.);
#2507=ORIENTED_EDGE('',*,*,#4837,.F.);
#2508=ORIENTED_EDGE('',*,*,#4848,.F.);
#2509=ORIENTED_EDGE('',*,*,#5114,.T.);
#2510=ORIENTED_EDGE('',*,*,#4819,.F.);
#2511=ORIENTED_EDGE('',*,*,#4834,.F.);
#2512=ORIENTED_EDGE('',*,*,#4827,.F.);
#2513=ORIENTED_EDGE('',*,*,#5103,.T.);
#2514=ORIENTED_EDGE('',*,*,#4801,.F.);
#2515=ORIENTED_EDGE('',*,*,#4816,.F.);
#2516=ORIENTED_EDGE('',*,*,#4809,.F.);
#2517=ORIENTED_EDGE('',*,*,#5102,.T.);
#2518=ORIENTED_EDGE('',*,*,#4783,.F.);
#2519=ORIENTED_EDGE('',*,*,#4798,.F.);
#2520=ORIENTED_EDGE('',*,*,#4791,.F.);
#2521=ORIENTED_EDGE('',*,*,#5101,.T.);
#2522=ORIENTED_EDGE('',*,*,#4765,.F.);
#2523=ORIENTED_EDGE('',*,*,#4780,.F.);
#2524=ORIENTED_EDGE('',*,*,#4773,.F.);
#2525=ORIENTED_EDGE('',*,*,#5100,.T.);
#2526=ORIENTED_EDGE('',*,*,#4747,.F.);
#2527=ORIENTED_EDGE('',*,*,#4762,.F.);
#2528=ORIENTED_EDGE('',*,*,#4755,.F.);
#2529=ORIENTED_EDGE('',*,*,#5099,.T.);
#2530=ORIENTED_EDGE('',*,*,#4729,.F.);
#2531=ORIENTED_EDGE('',*,*,#4744,.F.);
#2532=ORIENTED_EDGE('',*,*,#4737,.F.);
#2533=ORIENTED_EDGE('',*,*,#5098,.T.);
#2534=ORIENTED_EDGE('',*,*,#4711,.F.);
#2535=ORIENTED_EDGE('',*,*,#4726,.F.);
#2536=ORIENTED_EDGE('',*,*,#4719,.F.);
#2537=ORIENTED_EDGE('',*,*,#5097,.T.);
#2538=ORIENTED_EDGE('',*,*,#4693,.F.);
#2539=ORIENTED_EDGE('',*,*,#4708,.F.);
#2540=ORIENTED_EDGE('',*,*,#4701,.F.);
#2541=ORIENTED_EDGE('',*,*,#5096,.T.);
#2542=ORIENTED_EDGE('',*,*,#4681,.T.);
#2543=ORIENTED_EDGE('',*,*,#5105,.F.);
#2544=ORIENTED_EDGE('',*,*,#4869,.T.);
#2545=ORIENTED_EDGE('',*,*,#4870,.T.);
#2546=ORIENTED_EDGE('',*,*,#4855,.T.);
#2547=ORIENTED_EDGE('',*,*,#5106,.F.);
#2548=ORIENTED_EDGE('',*,*,#4887,.T.);
#2549=ORIENTED_EDGE('',*,*,#4888,.T.);
#2550=ORIENTED_EDGE('',*,*,#4873,.T.);
#2551=ORIENTED_EDGE('',*,*,#5107,.F.);
#2552=ORIENTED_EDGE('',*,*,#4905,.T.);
#2553=ORIENTED_EDGE('',*,*,#4906,.T.);
#2554=ORIENTED_EDGE('',*,*,#4891,.T.);
#2555=ORIENTED_EDGE('',*,*,#5108,.F.);
#2556=ORIENTED_EDGE('',*,*,#4923,.T.);
#2557=ORIENTED_EDGE('',*,*,#4924,.T.);
#2558=ORIENTED_EDGE('',*,*,#4909,.T.);
#2559=ORIENTED_EDGE('',*,*,#5109,.F.);
#2560=ORIENTED_EDGE('',*,*,#4941,.T.);
#2561=ORIENTED_EDGE('',*,*,#4942,.T.);
#2562=ORIENTED_EDGE('',*,*,#4927,.T.);
#2563=ORIENTED_EDGE('',*,*,#5110,.F.);
#2564=ORIENTED_EDGE('',*,*,#4959,.T.);
#2565=ORIENTED_EDGE('',*,*,#4960,.T.);
#2566=ORIENTED_EDGE('',*,*,#4945,.T.);
#2567=ORIENTED_EDGE('',*,*,#5111,.F.);
#2568=ORIENTED_EDGE('',*,*,#4977,.T.);
#2569=ORIENTED_EDGE('',*,*,#4978,.T.);
#2570=ORIENTED_EDGE('',*,*,#4963,.T.);
#2571=ORIENTED_EDGE('',*,*,#5112,.F.);
#2572=ORIENTED_EDGE('',*,*,#4995,.T.);
#2573=ORIENTED_EDGE('',*,*,#4996,.T.);
#2574=ORIENTED_EDGE('',*,*,#4981,.T.);
#2575=ORIENTED_EDGE('',*,*,#5113,.F.);
#2576=ORIENTED_EDGE('',*,*,#5015,.T.);
#2577=ORIENTED_EDGE('',*,*,#4998,.T.);
#2578=ORIENTED_EDGE('',*,*,#5003,.T.);
#2579=ORIENTED_EDGE('',*,*,#5115,.F.);
#2580=ORIENTED_EDGE('',*,*,#4668,.F.);
#2581=ORIENTED_EDGE('',*,*,#5115,.T.);
#2582=ORIENTED_EDGE('',*,*,#5002,.T.);
#2583=ORIENTED_EDGE('',*,*,#4588,.T.);
#2584=ORIENTED_EDGE('',*,*,#4669,.F.);
#2585=ORIENTED_EDGE('',*,*,#5114,.F.);
#2586=ORIENTED_EDGE('',*,*,#4847,.F.);
#2587=ORIENTED_EDGE('',*,*,#4632,.T.);
#2588=ORIENTED_EDGE('',*,*,#4820,.F.);
#2589=ORIENTED_EDGE('',*,*,#5116,.F.);
#2590=ORIENTED_EDGE('',*,*,#5117,.F.);
#2591=ORIENTED_EDGE('',*,*,#5118,.T.);
#2592=ORIENTED_EDGE('',*,*,#5119,.T.);
#2593=ORIENTED_EDGE('',*,*,#5120,.F.);
#2594=ORIENTED_EDGE('',*,*,#5121,.T.);
#2595=ORIENTED_EDGE('',*,*,#5122,.T.);
#2596=ORIENTED_EDGE('',*,*,#5123,.T.);
#2597=ORIENTED_EDGE('',*,*,#5124,.F.);
#2598=ORIENTED_EDGE('',*,*,#5125,.T.);
#2599=ORIENTED_EDGE('',*,*,#5126,.T.);
#2600=ORIENTED_EDGE('',*,*,#5127,.T.);
#2601=ORIENTED_EDGE('',*,*,#5128,.F.);
#2602=ORIENTED_EDGE('',*,*,#5129,.T.);
#2603=ORIENTED_EDGE('',*,*,#5130,.T.);
#2604=ORIENTED_EDGE('',*,*,#5131,.T.);
#2605=ORIENTED_EDGE('',*,*,#5132,.F.);
#2606=ORIENTED_EDGE('',*,*,#5133,.T.);
#2607=ORIENTED_EDGE('',*,*,#5134,.T.);
#2608=ORIENTED_EDGE('',*,*,#5135,.T.);
#2609=ORIENTED_EDGE('',*,*,#5136,.F.);
#2610=ORIENTED_EDGE('',*,*,#5137,.T.);
#2611=ORIENTED_EDGE('',*,*,#5138,.T.);
#2612=ORIENTED_EDGE('',*,*,#5139,.T.);
#2613=ORIENTED_EDGE('',*,*,#5140,.F.);
#2614=ORIENTED_EDGE('',*,*,#5141,.T.);
#2615=ORIENTED_EDGE('',*,*,#5142,.T.);
#2616=ORIENTED_EDGE('',*,*,#5143,.T.);
#2617=ORIENTED_EDGE('',*,*,#5144,.F.);
#2618=ORIENTED_EDGE('',*,*,#5145,.T.);
#2619=ORIENTED_EDGE('',*,*,#5146,.T.);
#2620=ORIENTED_EDGE('',*,*,#5147,.T.);
#2621=ORIENTED_EDGE('',*,*,#5148,.F.);
#2622=ORIENTED_EDGE('',*,*,#5149,.T.);
#2623=ORIENTED_EDGE('',*,*,#5150,.T.);
#2624=ORIENTED_EDGE('',*,*,#5151,.T.);
#2625=ORIENTED_EDGE('',*,*,#5152,.F.);
#2626=ORIENTED_EDGE('',*,*,#5153,.T.);
#2627=ORIENTED_EDGE('',*,*,#5154,.F.);
#2628=ORIENTED_EDGE('',*,*,#5155,.F.);
#2629=ORIENTED_EDGE('',*,*,#5156,.F.);
#2630=ORIENTED_EDGE('',*,*,#5157,.F.);
#2631=ORIENTED_EDGE('',*,*,#5158,.F.);
#2632=ORIENTED_EDGE('',*,*,#5159,.F.);
#2633=ORIENTED_EDGE('',*,*,#5160,.F.);
#2634=ORIENTED_EDGE('',*,*,#5161,.F.);
#2635=ORIENTED_EDGE('',*,*,#5162,.F.);
#2636=ORIENTED_EDGE('',*,*,#5163,.F.);
#2637=ORIENTED_EDGE('',*,*,#5164,.F.);
#2638=ORIENTED_EDGE('',*,*,#5165,.F.);
#2639=ORIENTED_EDGE('',*,*,#5166,.F.);
#2640=ORIENTED_EDGE('',*,*,#5167,.F.);
#2641=ORIENTED_EDGE('',*,*,#5168,.F.);
#2642=ORIENTED_EDGE('',*,*,#5169,.F.);
#2643=ORIENTED_EDGE('',*,*,#5170,.F.);
#2644=ORIENTED_EDGE('',*,*,#5171,.F.);
#2645=ORIENTED_EDGE('',*,*,#5172,.F.);
#2646=ORIENTED_EDGE('',*,*,#5173,.F.);
#2647=ORIENTED_EDGE('',*,*,#5174,.F.);
#2648=ORIENTED_EDGE('',*,*,#5175,.F.);
#2649=ORIENTED_EDGE('',*,*,#5176,.F.);
#2650=ORIENTED_EDGE('',*,*,#5177,.F.);
#2651=ORIENTED_EDGE('',*,*,#5178,.F.);
#2652=ORIENTED_EDGE('',*,*,#5179,.F.);
#2653=ORIENTED_EDGE('',*,*,#5180,.F.);
#2654=ORIENTED_EDGE('',*,*,#5181,.F.);
#2655=ORIENTED_EDGE('',*,*,#5182,.F.);
#2656=ORIENTED_EDGE('',*,*,#5183,.F.);
#2657=ORIENTED_EDGE('',*,*,#5184,.F.);
#2658=ORIENTED_EDGE('',*,*,#5185,.F.);
#2659=ORIENTED_EDGE('',*,*,#5186,.F.);
#2660=ORIENTED_EDGE('',*,*,#5187,.F.);
#2661=ORIENTED_EDGE('',*,*,#5188,.F.);
#2662=ORIENTED_EDGE('',*,*,#5189,.F.);
#2663=ORIENTED_EDGE('',*,*,#5190,.F.);
#2664=ORIENTED_EDGE('',*,*,#5191,.F.);
#2665=ORIENTED_EDGE('',*,*,#5192,.F.);
#2666=ORIENTED_EDGE('',*,*,#5193,.T.);
#2667=ORIENTED_EDGE('',*,*,#5194,.T.);
#2668=ORIENTED_EDGE('',*,*,#5195,.T.);
#2669=ORIENTED_EDGE('',*,*,#5196,.T.);
#2670=ORIENTED_EDGE('',*,*,#5197,.T.);
#2671=ORIENTED_EDGE('',*,*,#5159,.T.);
#2672=ORIENTED_EDGE('',*,*,#5198,.T.);
#2673=ORIENTED_EDGE('',*,*,#5199,.T.);
#2674=ORIENTED_EDGE('',*,*,#5200,.T.);
#2675=ORIENTED_EDGE('',*,*,#5201,.T.);
#2676=ORIENTED_EDGE('',*,*,#5202,.T.);
#2677=ORIENTED_EDGE('',*,*,#5203,.T.);
#2678=ORIENTED_EDGE('',*,*,#5204,.T.);
#2679=ORIENTED_EDGE('',*,*,#5205,.T.);
#2680=ORIENTED_EDGE('',*,*,#5206,.T.);
#2681=ORIENTED_EDGE('',*,*,#5207,.T.);
#2682=ORIENTED_EDGE('',*,*,#5208,.T.);
#2683=ORIENTED_EDGE('',*,*,#5209,.T.);
#2684=ORIENTED_EDGE('',*,*,#5210,.T.);
#2685=ORIENTED_EDGE('',*,*,#5117,.T.);
#2686=ORIENTED_EDGE('',*,*,#5211,.T.);
#2687=ORIENTED_EDGE('',*,*,#5212,.F.);
#2688=ORIENTED_EDGE('',*,*,#5213,.F.);
#2689=ORIENTED_EDGE('',*,*,#5214,.F.);
#2690=ORIENTED_EDGE('',*,*,#5151,.F.);
#2691=ORIENTED_EDGE('',*,*,#5215,.F.);
#2692=ORIENTED_EDGE('',*,*,#5216,.F.);
#2693=ORIENTED_EDGE('',*,*,#5217,.F.);
#2694=ORIENTED_EDGE('',*,*,#5218,.F.);
#2695=ORIENTED_EDGE('',*,*,#5219,.F.);
#2696=ORIENTED_EDGE('',*,*,#5220,.F.);
#2697=ORIENTED_EDGE('',*,*,#5221,.F.);
#2698=ORIENTED_EDGE('',*,*,#5222,.F.);
#2699=ORIENTED_EDGE('',*,*,#5223,.F.);
#2700=ORIENTED_EDGE('',*,*,#5224,.F.);
#2701=ORIENTED_EDGE('',*,*,#5225,.F.);
#2702=ORIENTED_EDGE('',*,*,#5226,.F.);
#2703=ORIENTED_EDGE('',*,*,#5227,.F.);
#2704=ORIENTED_EDGE('',*,*,#5153,.F.);
#2705=ORIENTED_EDGE('',*,*,#5189,.T.);
#2706=ORIENTED_EDGE('',*,*,#5228,.T.);
#2707=ORIENTED_EDGE('',*,*,#5229,.T.);
#2708=ORIENTED_EDGE('',*,*,#5230,.F.);
#2709=ORIENTED_EDGE('',*,*,#5231,.T.);
#2710=ORIENTED_EDGE('',*,*,#5232,.T.);
#2711=ORIENTED_EDGE('',*,*,#5233,.T.);
#2712=ORIENTED_EDGE('',*,*,#5234,.T.);
#2713=ORIENTED_EDGE('',*,*,#5235,.T.);
#2714=ORIENTED_EDGE('',*,*,#5236,.T.);
#2715=ORIENTED_EDGE('',*,*,#5237,.T.);
#2716=ORIENTED_EDGE('',*,*,#5238,.T.);
#2717=ORIENTED_EDGE('',*,*,#5239,.T.);
#2718=ORIENTED_EDGE('',*,*,#5155,.T.);
#2719=ORIENTED_EDGE('',*,*,#5240,.T.);
#2720=ORIENTED_EDGE('',*,*,#5241,.T.);
#2721=ORIENTED_EDGE('',*,*,#5242,.T.);
#2722=ORIENTED_EDGE('',*,*,#5243,.T.);
#2723=ORIENTED_EDGE('',*,*,#5244,.T.);
#2724=ORIENTED_EDGE('',*,*,#5245,.T.);
#2725=ORIENTED_EDGE('',*,*,#5246,.T.);
#2726=ORIENTED_EDGE('',*,*,#5247,.F.);
#2727=ORIENTED_EDGE('',*,*,#5230,.T.);
#2728=ORIENTED_EDGE('',*,*,#5248,.T.);
#2729=ORIENTED_EDGE('',*,*,#5247,.T.);
#2730=ORIENTED_EDGE('',*,*,#5249,.T.);
#2731=ORIENTED_EDGE('',*,*,#5185,.T.);
#2732=ORIENTED_EDGE('',*,*,#5250,.T.);
#2733=ORIENTED_EDGE('',*,*,#5251,.T.);
#2734=ORIENTED_EDGE('',*,*,#5252,.F.);
#2735=ORIENTED_EDGE('',*,*,#5253,.T.);
#2736=ORIENTED_EDGE('',*,*,#5254,.T.);
#2737=ORIENTED_EDGE('',*,*,#5255,.T.);
#2738=ORIENTED_EDGE('',*,*,#5256,.T.);
#2739=ORIENTED_EDGE('',*,*,#5257,.T.);
#2740=ORIENTED_EDGE('',*,*,#5258,.T.);
#2741=ORIENTED_EDGE('',*,*,#5259,.T.);
#2742=ORIENTED_EDGE('',*,*,#5260,.T.);
#2743=ORIENTED_EDGE('',*,*,#5261,.T.);
#2744=ORIENTED_EDGE('',*,*,#5191,.T.);
#2745=ORIENTED_EDGE('',*,*,#5262,.T.);
#2746=ORIENTED_EDGE('',*,*,#5263,.T.);
#2747=ORIENTED_EDGE('',*,*,#5264,.T.);
#2748=ORIENTED_EDGE('',*,*,#5265,.T.);
#2749=ORIENTED_EDGE('',*,*,#5266,.T.);
#2750=ORIENTED_EDGE('',*,*,#5267,.T.);
#2751=ORIENTED_EDGE('',*,*,#5268,.T.);
#2752=ORIENTED_EDGE('',*,*,#5269,.F.);
#2753=ORIENTED_EDGE('',*,*,#5252,.T.);
#2754=ORIENTED_EDGE('',*,*,#5270,.T.);
#2755=ORIENTED_EDGE('',*,*,#5269,.T.);
#2756=ORIENTED_EDGE('',*,*,#5271,.T.);
#2757=ORIENTED_EDGE('',*,*,#5181,.T.);
#2758=ORIENTED_EDGE('',*,*,#5272,.T.);
#2759=ORIENTED_EDGE('',*,*,#5273,.T.);
#2760=ORIENTED_EDGE('',*,*,#5274,.F.);
#2761=ORIENTED_EDGE('',*,*,#5275,.T.);
#2762=ORIENTED_EDGE('',*,*,#5276,.T.);
#2763=ORIENTED_EDGE('',*,*,#5277,.T.);
#2764=ORIENTED_EDGE('',*,*,#5278,.T.);
#2765=ORIENTED_EDGE('',*,*,#5279,.T.);
#2766=ORIENTED_EDGE('',*,*,#5280,.T.);
#2767=ORIENTED_EDGE('',*,*,#5281,.T.);
#2768=ORIENTED_EDGE('',*,*,#5282,.T.);
#2769=ORIENTED_EDGE('',*,*,#5283,.T.);
#2770=ORIENTED_EDGE('',*,*,#5187,.T.);
#2771=ORIENTED_EDGE('',*,*,#5284,.T.);
#2772=ORIENTED_EDGE('',*,*,#5285,.T.);
#2773=ORIENTED_EDGE('',*,*,#5286,.T.);
#2774=ORIENTED_EDGE('',*,*,#5287,.T.);
#2775=ORIENTED_EDGE('',*,*,#5288,.T.);
#2776=ORIENTED_EDGE('',*,*,#5289,.T.);
#2777=ORIENTED_EDGE('',*,*,#5290,.T.);
#2778=ORIENTED_EDGE('',*,*,#5291,.F.);
#2779=ORIENTED_EDGE('',*,*,#5274,.T.);
#2780=ORIENTED_EDGE('',*,*,#5292,.T.);
#2781=ORIENTED_EDGE('',*,*,#5291,.T.);
#2782=ORIENTED_EDGE('',*,*,#5293,.T.);
#2783=ORIENTED_EDGE('',*,*,#5177,.T.);
#2784=ORIENTED_EDGE('',*,*,#5294,.T.);
#2785=ORIENTED_EDGE('',*,*,#5295,.T.);
#2786=ORIENTED_EDGE('',*,*,#5296,.F.);
#2787=ORIENTED_EDGE('',*,*,#5297,.T.);
#2788=ORIENTED_EDGE('',*,*,#5298,.T.);
#2789=ORIENTED_EDGE('',*,*,#5299,.T.);
#2790=ORIENTED_EDGE('',*,*,#5300,.T.);
#2791=ORIENTED_EDGE('',*,*,#5301,.T.);
#2792=ORIENTED_EDGE('',*,*,#5302,.T.);
#2793=ORIENTED_EDGE('',*,*,#5303,.T.);
#2794=ORIENTED_EDGE('',*,*,#5304,.T.);
#2795=ORIENTED_EDGE('',*,*,#5305,.T.);
#2796=ORIENTED_EDGE('',*,*,#5183,.T.);
#2797=ORIENTED_EDGE('',*,*,#5306,.T.);
#2798=ORIENTED_EDGE('',*,*,#5307,.T.);
#2799=ORIENTED_EDGE('',*,*,#5308,.T.);
#2800=ORIENTED_EDGE('',*,*,#5309,.T.);
#2801=ORIENTED_EDGE('',*,*,#5310,.T.);
#2802=ORIENTED_EDGE('',*,*,#5311,.T.);
#2803=ORIENTED_EDGE('',*,*,#5312,.T.);
#2804=ORIENTED_EDGE('',*,*,#5313,.F.);
#2805=ORIENTED_EDGE('',*,*,#5296,.T.);
#2806=ORIENTED_EDGE('',*,*,#5314,.T.);
#2807=ORIENTED_EDGE('',*,*,#5313,.T.);
#2808=ORIENTED_EDGE('',*,*,#5315,.T.);
#2809=ORIENTED_EDGE('',*,*,#5173,.T.);
#2810=ORIENTED_EDGE('',*,*,#5316,.T.);
#2811=ORIENTED_EDGE('',*,*,#5317,.T.);
#2812=ORIENTED_EDGE('',*,*,#5318,.F.);
#2813=ORIENTED_EDGE('',*,*,#5319,.T.);
#2814=ORIENTED_EDGE('',*,*,#5320,.T.);
#2815=ORIENTED_EDGE('',*,*,#5321,.T.);
#2816=ORIENTED_EDGE('',*,*,#5322,.T.);
#2817=ORIENTED_EDGE('',*,*,#5323,.T.);
#2818=ORIENTED_EDGE('',*,*,#5324,.T.);
#2819=ORIENTED_EDGE('',*,*,#5325,.T.);
#2820=ORIENTED_EDGE('',*,*,#5326,.T.);
#2821=ORIENTED_EDGE('',*,*,#5327,.T.);
#2822=ORIENTED_EDGE('',*,*,#5179,.T.);
#2823=ORIENTED_EDGE('',*,*,#5328,.T.);
#2824=ORIENTED_EDGE('',*,*,#5329,.T.);
#2825=ORIENTED_EDGE('',*,*,#5330,.T.);
#2826=ORIENTED_EDGE('',*,*,#5331,.T.);
#2827=ORIENTED_EDGE('',*,*,#5332,.T.);
#2828=ORIENTED_EDGE('',*,*,#5333,.T.);
#2829=ORIENTED_EDGE('',*,*,#5334,.T.);
#2830=ORIENTED_EDGE('',*,*,#5335,.F.);
#2831=ORIENTED_EDGE('',*,*,#5318,.T.);
#2832=ORIENTED_EDGE('',*,*,#5336,.T.);
#2833=ORIENTED_EDGE('',*,*,#5335,.T.);
#2834=ORIENTED_EDGE('',*,*,#5337,.T.);
#2835=ORIENTED_EDGE('',*,*,#5169,.T.);
#2836=ORIENTED_EDGE('',*,*,#5338,.T.);
#2837=ORIENTED_EDGE('',*,*,#5339,.T.);
#2838=ORIENTED_EDGE('',*,*,#5340,.F.);
#2839=ORIENTED_EDGE('',*,*,#5341,.T.);
#2840=ORIENTED_EDGE('',*,*,#5342,.T.);
#2841=ORIENTED_EDGE('',*,*,#5343,.T.);
#2842=ORIENTED_EDGE('',*,*,#5344,.T.);
#2843=ORIENTED_EDGE('',*,*,#5345,.T.);
#2844=ORIENTED_EDGE('',*,*,#5346,.T.);
#2845=ORIENTED_EDGE('',*,*,#5347,.T.);
#2846=ORIENTED_EDGE('',*,*,#5348,.T.);
#2847=ORIENTED_EDGE('',*,*,#5349,.T.);
#2848=ORIENTED_EDGE('',*,*,#5175,.T.);
#2849=ORIENTED_EDGE('',*,*,#5350,.T.);
#2850=ORIENTED_EDGE('',*,*,#5351,.T.);
#2851=ORIENTED_EDGE('',*,*,#5352,.T.);
#2852=ORIENTED_EDGE('',*,*,#5353,.T.);
#2853=ORIENTED_EDGE('',*,*,#5354,.T.);
#2854=ORIENTED_EDGE('',*,*,#5355,.T.);
#2855=ORIENTED_EDGE('',*,*,#5356,.T.);
#2856=ORIENTED_EDGE('',*,*,#5357,.F.);
#2857=ORIENTED_EDGE('',*,*,#5340,.T.);
#2858=ORIENTED_EDGE('',*,*,#5358,.T.);
#2859=ORIENTED_EDGE('',*,*,#5357,.T.);
#2860=ORIENTED_EDGE('',*,*,#5359,.T.);
#2861=ORIENTED_EDGE('',*,*,#5165,.T.);
#2862=ORIENTED_EDGE('',*,*,#5360,.T.);
#2863=ORIENTED_EDGE('',*,*,#5361,.T.);
#2864=ORIENTED_EDGE('',*,*,#5362,.F.);
#2865=ORIENTED_EDGE('',*,*,#5363,.T.);
#2866=ORIENTED_EDGE('',*,*,#5364,.T.);
#2867=ORIENTED_EDGE('',*,*,#5365,.T.);
#2868=ORIENTED_EDGE('',*,*,#5366,.T.);
#2869=ORIENTED_EDGE('',*,*,#5367,.T.);
#2870=ORIENTED_EDGE('',*,*,#5368,.T.);
#2871=ORIENTED_EDGE('',*,*,#5369,.T.);
#2872=ORIENTED_EDGE('',*,*,#5370,.T.);
#2873=ORIENTED_EDGE('',*,*,#5371,.T.);
#2874=ORIENTED_EDGE('',*,*,#5171,.T.);
#2875=ORIENTED_EDGE('',*,*,#5372,.T.);
#2876=ORIENTED_EDGE('',*,*,#5373,.T.);
#2877=ORIENTED_EDGE('',*,*,#5374,.T.);
#2878=ORIENTED_EDGE('',*,*,#5375,.T.);
#2879=ORIENTED_EDGE('',*,*,#5376,.T.);
#2880=ORIENTED_EDGE('',*,*,#5377,.T.);
#2881=ORIENTED_EDGE('',*,*,#5378,.T.);
#2882=ORIENTED_EDGE('',*,*,#5379,.F.);
#2883=ORIENTED_EDGE('',*,*,#5362,.T.);
#2884=ORIENTED_EDGE('',*,*,#5380,.T.);
#2885=ORIENTED_EDGE('',*,*,#5379,.T.);
#2886=ORIENTED_EDGE('',*,*,#5381,.T.);
#2887=ORIENTED_EDGE('',*,*,#5161,.T.);
#2888=ORIENTED_EDGE('',*,*,#5382,.T.);
#2889=ORIENTED_EDGE('',*,*,#5383,.T.);
#2890=ORIENTED_EDGE('',*,*,#5384,.F.);
#2891=ORIENTED_EDGE('',*,*,#5385,.T.);
#2892=ORIENTED_EDGE('',*,*,#5386,.T.);
#2893=ORIENTED_EDGE('',*,*,#5387,.T.);
#2894=ORIENTED_EDGE('',*,*,#5388,.T.);
#2895=ORIENTED_EDGE('',*,*,#5389,.T.);
#2896=ORIENTED_EDGE('',*,*,#5390,.T.);
#2897=ORIENTED_EDGE('',*,*,#5391,.T.);
#2898=ORIENTED_EDGE('',*,*,#5392,.T.);
#2899=ORIENTED_EDGE('',*,*,#5393,.T.);
#2900=ORIENTED_EDGE('',*,*,#5167,.T.);
#2901=ORIENTED_EDGE('',*,*,#5394,.T.);
#2902=ORIENTED_EDGE('',*,*,#5395,.T.);
#2903=ORIENTED_EDGE('',*,*,#5396,.T.);
#2904=ORIENTED_EDGE('',*,*,#5397,.T.);
#2905=ORIENTED_EDGE('',*,*,#5398,.T.);
#2906=ORIENTED_EDGE('',*,*,#5399,.T.);
#2907=ORIENTED_EDGE('',*,*,#5400,.T.);
#2908=ORIENTED_EDGE('',*,*,#5401,.F.);
#2909=ORIENTED_EDGE('',*,*,#5384,.T.);
#2910=ORIENTED_EDGE('',*,*,#5402,.T.);
#2911=ORIENTED_EDGE('',*,*,#5401,.T.);
#2912=ORIENTED_EDGE('',*,*,#5403,.T.);
#2913=ORIENTED_EDGE('',*,*,#5404,.T.);
#2914=ORIENTED_EDGE('',*,*,#5405,.T.);
#2915=ORIENTED_EDGE('',*,*,#5406,.T.);
#2916=ORIENTED_EDGE('',*,*,#5407,.T.);
#2917=ORIENTED_EDGE('',*,*,#5157,.T.);
#2918=ORIENTED_EDGE('',*,*,#5408,.T.);
#2919=ORIENTED_EDGE('',*,*,#5409,.T.);
#2920=ORIENTED_EDGE('',*,*,#5404,.F.);
#2921=ORIENTED_EDGE('',*,*,#5410,.T.);
#2922=ORIENTED_EDGE('',*,*,#5411,.T.);
#2923=ORIENTED_EDGE('',*,*,#5412,.T.);
#2924=ORIENTED_EDGE('',*,*,#5413,.T.);
#2925=ORIENTED_EDGE('',*,*,#5414,.T.);
#2926=ORIENTED_EDGE('',*,*,#5415,.T.);
#2927=ORIENTED_EDGE('',*,*,#5416,.T.);
#2928=ORIENTED_EDGE('',*,*,#5417,.T.);
#2929=ORIENTED_EDGE('',*,*,#5418,.T.);
#2930=ORIENTED_EDGE('',*,*,#5163,.T.);
#2931=ORIENTED_EDGE('',*,*,#5419,.T.);
#2932=ORIENTED_EDGE('',*,*,#5420,.T.);
#2933=ORIENTED_EDGE('',*,*,#5421,.T.);
#2934=ORIENTED_EDGE('',*,*,#5422,.T.);
#2935=ORIENTED_EDGE('',*,*,#5423,.T.);
#2936=ORIENTED_EDGE('',*,*,#5424,.T.);
#2937=ORIENTED_EDGE('',*,*,#5425,.T.);
#2938=ORIENTED_EDGE('',*,*,#5406,.F.);
#2939=ORIENTED_EDGE('',*,*,#5426,.F.);
#2940=ORIENTED_EDGE('',*,*,#5427,.F.);
#2941=ORIENTED_EDGE('',*,*,#5195,.F.);
#2942=ORIENTED_EDGE('',*,*,#5428,.F.);
#2943=ORIENTED_EDGE('',*,*,#5429,.F.);
#2944=ORIENTED_EDGE('',*,*,#5430,.F.);
#2945=ORIENTED_EDGE('',*,*,#5431,.F.);
#2946=ORIENTED_EDGE('',*,*,#5432,.F.);
#2947=ORIENTED_EDGE('',*,*,#5433,.F.);
#2948=ORIENTED_EDGE('',*,*,#5434,.F.);
#2949=ORIENTED_EDGE('',*,*,#5435,.T.);
#2950=ORIENTED_EDGE('',*,*,#5436,.F.);
#2951=ORIENTED_EDGE('',*,*,#5437,.T.);
#2952=ORIENTED_EDGE('',*,*,#5438,.F.);
#2953=ORIENTED_EDGE('',*,*,#5439,.F.);
#2954=ORIENTED_EDGE('',*,*,#5440,.F.);
#2955=ORIENTED_EDGE('',*,*,#5441,.F.);
#2956=ORIENTED_EDGE('',*,*,#5442,.F.);
#2957=ORIENTED_EDGE('',*,*,#5443,.F.);
#2958=ORIENTED_EDGE('',*,*,#5444,.F.);
#2959=ORIENTED_EDGE('',*,*,#5149,.F.);
#2960=ORIENTED_EDGE('',*,*,#5445,.F.);
#2961=ORIENTED_EDGE('',*,*,#5446,.F.);
#2962=ORIENTED_EDGE('',*,*,#5435,.F.);
#2963=ORIENTED_EDGE('',*,*,#5447,.F.);
#2964=ORIENTED_EDGE('',*,*,#5437,.F.);
#2965=ORIENTED_EDGE('',*,*,#5448,.F.);
#2966=ORIENTED_EDGE('',*,*,#5449,.F.);
#2967=ORIENTED_EDGE('',*,*,#5147,.F.);
#2968=ORIENTED_EDGE('',*,*,#5450,.F.);
#2969=ORIENTED_EDGE('',*,*,#5451,.F.);
#2970=ORIENTED_EDGE('',*,*,#5452,.F.);
#2971=ORIENTED_EDGE('',*,*,#5453,.F.);
#2972=ORIENTED_EDGE('',*,*,#5454,.F.);
#2973=ORIENTED_EDGE('',*,*,#5455,.F.);
#2974=ORIENTED_EDGE('',*,*,#5456,.F.);
#2975=ORIENTED_EDGE('',*,*,#5457,.T.);
#2976=ORIENTED_EDGE('',*,*,#5458,.F.);
#2977=ORIENTED_EDGE('',*,*,#5459,.T.);
#2978=ORIENTED_EDGE('',*,*,#5460,.F.);
#2979=ORIENTED_EDGE('',*,*,#5461,.F.);
#2980=ORIENTED_EDGE('',*,*,#5462,.F.);
#2981=ORIENTED_EDGE('',*,*,#5463,.F.);
#2982=ORIENTED_EDGE('',*,*,#5464,.F.);
#2983=ORIENTED_EDGE('',*,*,#5465,.F.);
#2984=ORIENTED_EDGE('',*,*,#5466,.F.);
#2985=ORIENTED_EDGE('',*,*,#5193,.F.);
#2986=ORIENTED_EDGE('',*,*,#5467,.F.);
#2987=ORIENTED_EDGE('',*,*,#5468,.F.);
#2988=ORIENTED_EDGE('',*,*,#5457,.F.);
#2989=ORIENTED_EDGE('',*,*,#5469,.F.);
#2990=ORIENTED_EDGE('',*,*,#5459,.F.);
#2991=ORIENTED_EDGE('',*,*,#5470,.F.);
#2992=ORIENTED_EDGE('',*,*,#5471,.F.);
#2993=ORIENTED_EDGE('',*,*,#5143,.F.);
#2994=ORIENTED_EDGE('',*,*,#5472,.F.);
#2995=ORIENTED_EDGE('',*,*,#5473,.F.);
#2996=ORIENTED_EDGE('',*,*,#5474,.F.);
#2997=ORIENTED_EDGE('',*,*,#5475,.F.);
#2998=ORIENTED_EDGE('',*,*,#5476,.F.);
#2999=ORIENTED_EDGE('',*,*,#5477,.F.);
#3000=ORIENTED_EDGE('',*,*,#5478,.F.);
#3001=ORIENTED_EDGE('',*,*,#5479,.T.);
#3002=ORIENTED_EDGE('',*,*,#5480,.F.);
#3003=ORIENTED_EDGE('',*,*,#5481,.T.);
#3004=ORIENTED_EDGE('',*,*,#5482,.F.);
#3005=ORIENTED_EDGE('',*,*,#5483,.F.);
#3006=ORIENTED_EDGE('',*,*,#5484,.F.);
#3007=ORIENTED_EDGE('',*,*,#5485,.F.);
#3008=ORIENTED_EDGE('',*,*,#5486,.F.);
#3009=ORIENTED_EDGE('',*,*,#5487,.F.);
#3010=ORIENTED_EDGE('',*,*,#5488,.F.);
#3011=ORIENTED_EDGE('',*,*,#5145,.F.);
#3012=ORIENTED_EDGE('',*,*,#5489,.F.);
#3013=ORIENTED_EDGE('',*,*,#5490,.F.);
#3014=ORIENTED_EDGE('',*,*,#5479,.F.);
#3015=ORIENTED_EDGE('',*,*,#5491,.F.);
#3016=ORIENTED_EDGE('',*,*,#5481,.F.);
#3017=ORIENTED_EDGE('',*,*,#5492,.F.);
#3018=ORIENTED_EDGE('',*,*,#5493,.F.);
#3019=ORIENTED_EDGE('',*,*,#5139,.F.);
#3020=ORIENTED_EDGE('',*,*,#5494,.F.);
#3021=ORIENTED_EDGE('',*,*,#5495,.F.);
#3022=ORIENTED_EDGE('',*,*,#5496,.F.);
#3023=ORIENTED_EDGE('',*,*,#5497,.F.);
#3024=ORIENTED_EDGE('',*,*,#5498,.F.);
#3025=ORIENTED_EDGE('',*,*,#5499,.F.);
#3026=ORIENTED_EDGE('',*,*,#5500,.F.);
#3027=ORIENTED_EDGE('',*,*,#5501,.T.);
#3028=ORIENTED_EDGE('',*,*,#5502,.F.);
#3029=ORIENTED_EDGE('',*,*,#5503,.T.);
#3030=ORIENTED_EDGE('',*,*,#5504,.F.);
#3031=ORIENTED_EDGE('',*,*,#5505,.F.);
#3032=ORIENTED_EDGE('',*,*,#5506,.F.);
#3033=ORIENTED_EDGE('',*,*,#5507,.F.);
#3034=ORIENTED_EDGE('',*,*,#5508,.F.);
#3035=ORIENTED_EDGE('',*,*,#5509,.F.);
#3036=ORIENTED_EDGE('',*,*,#5510,.F.);
#3037=ORIENTED_EDGE('',*,*,#5141,.F.);
#3038=ORIENTED_EDGE('',*,*,#5511,.F.);
#3039=ORIENTED_EDGE('',*,*,#5512,.F.);
#3040=ORIENTED_EDGE('',*,*,#5501,.F.);
#3041=ORIENTED_EDGE('',*,*,#5513,.F.);
#3042=ORIENTED_EDGE('',*,*,#5503,.F.);
#3043=ORIENTED_EDGE('',*,*,#5514,.F.);
#3044=ORIENTED_EDGE('',*,*,#5515,.F.);
#3045=ORIENTED_EDGE('',*,*,#5135,.F.);
#3046=ORIENTED_EDGE('',*,*,#5516,.F.);
#3047=ORIENTED_EDGE('',*,*,#5517,.F.);
#3048=ORIENTED_EDGE('',*,*,#5518,.F.);
#3049=ORIENTED_EDGE('',*,*,#5519,.F.);
#3050=ORIENTED_EDGE('',*,*,#5520,.F.);
#3051=ORIENTED_EDGE('',*,*,#5521,.F.);
#3052=ORIENTED_EDGE('',*,*,#5522,.F.);
#3053=ORIENTED_EDGE('',*,*,#5523,.T.);
#3054=ORIENTED_EDGE('',*,*,#5524,.F.);
#3055=ORIENTED_EDGE('',*,*,#5525,.T.);
#3056=ORIENTED_EDGE('',*,*,#5526,.F.);
#3057=ORIENTED_EDGE('',*,*,#5527,.F.);
#3058=ORIENTED_EDGE('',*,*,#5528,.F.);
#3059=ORIENTED_EDGE('',*,*,#5529,.F.);
#3060=ORIENTED_EDGE('',*,*,#5530,.F.);
#3061=ORIENTED_EDGE('',*,*,#5531,.F.);
#3062=ORIENTED_EDGE('',*,*,#5532,.F.);
#3063=ORIENTED_EDGE('',*,*,#5137,.F.);
#3064=ORIENTED_EDGE('',*,*,#5533,.F.);
#3065=ORIENTED_EDGE('',*,*,#5534,.F.);
#3066=ORIENTED_EDGE('',*,*,#5523,.F.);
#3067=ORIENTED_EDGE('',*,*,#5535,.F.);
#3068=ORIENTED_EDGE('',*,*,#5525,.F.);
#3069=ORIENTED_EDGE('',*,*,#5536,.F.);
#3070=ORIENTED_EDGE('',*,*,#5537,.F.);
#3071=ORIENTED_EDGE('',*,*,#5131,.F.);
#3072=ORIENTED_EDGE('',*,*,#5538,.F.);
#3073=ORIENTED_EDGE('',*,*,#5539,.F.);
#3074=ORIENTED_EDGE('',*,*,#5540,.F.);
#3075=ORIENTED_EDGE('',*,*,#5541,.F.);
#3076=ORIENTED_EDGE('',*,*,#5542,.F.);
#3077=ORIENTED_EDGE('',*,*,#5543,.F.);
#3078=ORIENTED_EDGE('',*,*,#5544,.F.);
#3079=ORIENTED_EDGE('',*,*,#5545,.T.);
#3080=ORIENTED_EDGE('',*,*,#5546,.F.);
#3081=ORIENTED_EDGE('',*,*,#5547,.T.);
#3082=ORIENTED_EDGE('',*,*,#5548,.F.);
#3083=ORIENTED_EDGE('',*,*,#5549,.F.);
#3084=ORIENTED_EDGE('',*,*,#5550,.F.);
#3085=ORIENTED_EDGE('',*,*,#5551,.F.);
#3086=ORIENTED_EDGE('',*,*,#5552,.F.);
#3087=ORIENTED_EDGE('',*,*,#5553,.F.);
#3088=ORIENTED_EDGE('',*,*,#5554,.F.);
#3089=ORIENTED_EDGE('',*,*,#5133,.F.);
#3090=ORIENTED_EDGE('',*,*,#5555,.F.);
#3091=ORIENTED_EDGE('',*,*,#5556,.F.);
#3092=ORIENTED_EDGE('',*,*,#5545,.F.);
#3093=ORIENTED_EDGE('',*,*,#5557,.F.);
#3094=ORIENTED_EDGE('',*,*,#5547,.F.);
#3095=ORIENTED_EDGE('',*,*,#5558,.F.);
#3096=ORIENTED_EDGE('',*,*,#5559,.F.);
#3097=ORIENTED_EDGE('',*,*,#5127,.F.);
#3098=ORIENTED_EDGE('',*,*,#5560,.F.);
#3099=ORIENTED_EDGE('',*,*,#5561,.F.);
#3100=ORIENTED_EDGE('',*,*,#5562,.F.);
#3101=ORIENTED_EDGE('',*,*,#5563,.F.);
#3102=ORIENTED_EDGE('',*,*,#5564,.F.);
#3103=ORIENTED_EDGE('',*,*,#5565,.F.);
#3104=ORIENTED_EDGE('',*,*,#5566,.F.);
#3105=ORIENTED_EDGE('',*,*,#5567,.T.);
#3106=ORIENTED_EDGE('',*,*,#5568,.F.);
#3107=ORIENTED_EDGE('',*,*,#5569,.T.);
#3108=ORIENTED_EDGE('',*,*,#5570,.F.);
#3109=ORIENTED_EDGE('',*,*,#5571,.F.);
#3110=ORIENTED_EDGE('',*,*,#5572,.F.);
#3111=ORIENTED_EDGE('',*,*,#5573,.F.);
#3112=ORIENTED_EDGE('',*,*,#5574,.F.);
#3113=ORIENTED_EDGE('',*,*,#5575,.F.);
#3114=ORIENTED_EDGE('',*,*,#5576,.F.);
#3115=ORIENTED_EDGE('',*,*,#5129,.F.);
#3116=ORIENTED_EDGE('',*,*,#5577,.F.);
#3117=ORIENTED_EDGE('',*,*,#5578,.F.);
#3118=ORIENTED_EDGE('',*,*,#5567,.F.);
#3119=ORIENTED_EDGE('',*,*,#5579,.F.);
#3120=ORIENTED_EDGE('',*,*,#5569,.F.);
#3121=ORIENTED_EDGE('',*,*,#5580,.F.);
#3122=ORIENTED_EDGE('',*,*,#5581,.F.);
#3123=ORIENTED_EDGE('',*,*,#5123,.F.);
#3124=ORIENTED_EDGE('',*,*,#5582,.F.);
#3125=ORIENTED_EDGE('',*,*,#5583,.F.);
#3126=ORIENTED_EDGE('',*,*,#5584,.F.);
#3127=ORIENTED_EDGE('',*,*,#5585,.F.);
#3128=ORIENTED_EDGE('',*,*,#5586,.F.);
#3129=ORIENTED_EDGE('',*,*,#5587,.F.);
#3130=ORIENTED_EDGE('',*,*,#5588,.F.);
#3131=ORIENTED_EDGE('',*,*,#5589,.T.);
#3132=ORIENTED_EDGE('',*,*,#5590,.F.);
#3133=ORIENTED_EDGE('',*,*,#5591,.T.);
#3134=ORIENTED_EDGE('',*,*,#5592,.F.);
#3135=ORIENTED_EDGE('',*,*,#5593,.F.);
#3136=ORIENTED_EDGE('',*,*,#5594,.F.);
#3137=ORIENTED_EDGE('',*,*,#5595,.F.);
#3138=ORIENTED_EDGE('',*,*,#5596,.F.);
#3139=ORIENTED_EDGE('',*,*,#5597,.F.);
#3140=ORIENTED_EDGE('',*,*,#5598,.F.);
#3141=ORIENTED_EDGE('',*,*,#5125,.F.);
#3142=ORIENTED_EDGE('',*,*,#5599,.F.);
#3143=ORIENTED_EDGE('',*,*,#5600,.F.);
#3144=ORIENTED_EDGE('',*,*,#5589,.F.);
#3145=ORIENTED_EDGE('',*,*,#5601,.F.);
#3146=ORIENTED_EDGE('',*,*,#5591,.F.);
#3147=ORIENTED_EDGE('',*,*,#5602,.F.);
#3148=ORIENTED_EDGE('',*,*,#5603,.F.);
#3149=ORIENTED_EDGE('',*,*,#5604,.F.);
#3150=ORIENTED_EDGE('',*,*,#5605,.F.);
#3151=ORIENTED_EDGE('',*,*,#5606,.F.);
#3152=ORIENTED_EDGE('',*,*,#5607,.F.);
#3153=ORIENTED_EDGE('',*,*,#5119,.F.);
#3154=ORIENTED_EDGE('',*,*,#5608,.F.);
#3155=ORIENTED_EDGE('',*,*,#5609,.F.);
#3156=ORIENTED_EDGE('',*,*,#5610,.F.);
#3157=ORIENTED_EDGE('',*,*,#5611,.F.);
#3158=ORIENTED_EDGE('',*,*,#5612,.F.);
#3159=ORIENTED_EDGE('',*,*,#5613,.F.);
#3160=ORIENTED_EDGE('',*,*,#5614,.F.);
#3161=ORIENTED_EDGE('',*,*,#5603,.T.);
#3162=ORIENTED_EDGE('',*,*,#5615,.F.);
#3163=ORIENTED_EDGE('',*,*,#5605,.T.);
#3164=ORIENTED_EDGE('',*,*,#5616,.F.);
#3165=ORIENTED_EDGE('',*,*,#5617,.F.);
#3166=ORIENTED_EDGE('',*,*,#5618,.F.);
#3167=ORIENTED_EDGE('',*,*,#5619,.F.);
#3168=ORIENTED_EDGE('',*,*,#5620,.F.);
#3169=ORIENTED_EDGE('',*,*,#5621,.F.);
#3170=ORIENTED_EDGE('',*,*,#5622,.F.);
#3171=ORIENTED_EDGE('',*,*,#5121,.F.);
#3172=ORIENTED_EDGE('',*,*,#5623,.F.);
#3173=ORIENTED_EDGE('',*,*,#5624,.T.);
#3174=ORIENTED_EDGE('',*,*,#5613,.T.);
#3175=ORIENTED_EDGE('',*,*,#5625,.F.);
#3176=ORIENTED_EDGE('',*,*,#5205,.F.);
#3177=ORIENTED_EDGE('',*,*,#5626,.F.);
#3178=ORIENTED_EDGE('',*,*,#5617,.T.);
#3179=ORIENTED_EDGE('',*,*,#5627,.T.);
#3180=ORIENTED_EDGE('',*,*,#5587,.T.);
#3181=ORIENTED_EDGE('',*,*,#5628,.F.);
#3182=ORIENTED_EDGE('',*,*,#5593,.T.);
#3183=ORIENTED_EDGE('',*,*,#5629,.T.);
#3184=ORIENTED_EDGE('',*,*,#5565,.T.);
#3185=ORIENTED_EDGE('',*,*,#5630,.F.);
#3186=ORIENTED_EDGE('',*,*,#5571,.T.);
#3187=ORIENTED_EDGE('',*,*,#5631,.T.);
#3188=ORIENTED_EDGE('',*,*,#5543,.T.);
#3189=ORIENTED_EDGE('',*,*,#5632,.F.);
#3190=ORIENTED_EDGE('',*,*,#5549,.T.);
#3191=ORIENTED_EDGE('',*,*,#5633,.T.);
#3192=ORIENTED_EDGE('',*,*,#5521,.T.);
#3193=ORIENTED_EDGE('',*,*,#5634,.F.);
#3194=ORIENTED_EDGE('',*,*,#5527,.T.);
#3195=ORIENTED_EDGE('',*,*,#5635,.T.);
#3196=ORIENTED_EDGE('',*,*,#5499,.T.);
#3197=ORIENTED_EDGE('',*,*,#5636,.F.);
#3198=ORIENTED_EDGE('',*,*,#5505,.T.);
#3199=ORIENTED_EDGE('',*,*,#5637,.T.);
#3200=ORIENTED_EDGE('',*,*,#5477,.T.);
#3201=ORIENTED_EDGE('',*,*,#5638,.F.);
#3202=ORIENTED_EDGE('',*,*,#5483,.T.);
#3203=ORIENTED_EDGE('',*,*,#5639,.T.);
#3204=ORIENTED_EDGE('',*,*,#5455,.T.);
#3205=ORIENTED_EDGE('',*,*,#5640,.F.);
#3206=ORIENTED_EDGE('',*,*,#5439,.T.);
#3207=ORIENTED_EDGE('',*,*,#5641,.T.);
#3208=ORIENTED_EDGE('',*,*,#5220,.T.);
#3209=ORIENTED_EDGE('',*,*,#5625,.T.);
#3210=ORIENTED_EDGE('',*,*,#5612,.T.);
#3211=ORIENTED_EDGE('',*,*,#5642,.F.);
#3212=ORIENTED_EDGE('',*,*,#5206,.F.);
#3213=ORIENTED_EDGE('',*,*,#5643,.F.);
#3214=ORIENTED_EDGE('',*,*,#5618,.T.);
#3215=ORIENTED_EDGE('',*,*,#5626,.T.);
#3216=ORIENTED_EDGE('',*,*,#5586,.T.);
#3217=ORIENTED_EDGE('',*,*,#5644,.F.);
#3218=ORIENTED_EDGE('',*,*,#5594,.T.);
#3219=ORIENTED_EDGE('',*,*,#5628,.T.);
#3220=ORIENTED_EDGE('',*,*,#5564,.T.);
#3221=ORIENTED_EDGE('',*,*,#5645,.F.);
#3222=ORIENTED_EDGE('',*,*,#5572,.T.);
#3223=ORIENTED_EDGE('',*,*,#5630,.T.);
#3224=ORIENTED_EDGE('',*,*,#5542,.T.);
#3225=ORIENTED_EDGE('',*,*,#5646,.F.);
#3226=ORIENTED_EDGE('',*,*,#5550,.T.);
#3227=ORIENTED_EDGE('',*,*,#5632,.T.);
#3228=ORIENTED_EDGE('',*,*,#5520,.T.);
#3229=ORIENTED_EDGE('',*,*,#5647,.F.);
#3230=ORIENTED_EDGE('',*,*,#5528,.T.);
#3231=ORIENTED_EDGE('',*,*,#5634,.T.);
#3232=ORIENTED_EDGE('',*,*,#5498,.T.);
#3233=ORIENTED_EDGE('',*,*,#5648,.F.);
#3234=ORIENTED_EDGE('',*,*,#5506,.T.);
#3235=ORIENTED_EDGE('',*,*,#5636,.T.);
#3236=ORIENTED_EDGE('',*,*,#5476,.T.);
#3237=ORIENTED_EDGE('',*,*,#5649,.F.);
#3238=ORIENTED_EDGE('',*,*,#5484,.T.);
#3239=ORIENTED_EDGE('',*,*,#5638,.T.);
#3240=ORIENTED_EDGE('',*,*,#5454,.T.);
#3241=ORIENTED_EDGE('',*,*,#5650,.F.);
#3242=ORIENTED_EDGE('',*,*,#5440,.T.);
#3243=ORIENTED_EDGE('',*,*,#5640,.T.);
#3244=ORIENTED_EDGE('',*,*,#5219,.T.);
#3245=ORIENTED_EDGE('',*,*,#5642,.T.);
#3246=ORIENTED_EDGE('',*,*,#5611,.T.);
#3247=ORIENTED_EDGE('',*,*,#5651,.F.);
#3248=ORIENTED_EDGE('',*,*,#5207,.F.);
#3249=ORIENTED_EDGE('',*,*,#5652,.F.);
#3250=ORIENTED_EDGE('',*,*,#5619,.T.);
#3251=ORIENTED_EDGE('',*,*,#5643,.T.);
#3252=ORIENTED_EDGE('',*,*,#5585,.T.);
#3253=ORIENTED_EDGE('',*,*,#5653,.F.);
#3254=ORIENTED_EDGE('',*,*,#5595,.T.);
#3255=ORIENTED_EDGE('',*,*,#5644,.T.);
#3256=ORIENTED_EDGE('',*,*,#5563,.T.);
#3257=ORIENTED_EDGE('',*,*,#5654,.F.);
#3258=ORIENTED_EDGE('',*,*,#5573,.T.);
#3259=ORIENTED_EDGE('',*,*,#5645,.T.);
#3260=ORIENTED_EDGE('',*,*,#5541,.T.);
#3261=ORIENTED_EDGE('',*,*,#5655,.F.);
#3262=ORIENTED_EDGE('',*,*,#5551,.T.);
#3263=ORIENTED_EDGE('',*,*,#5646,.T.);
#3264=ORIENTED_EDGE('',*,*,#5519,.T.);
#3265=ORIENTED_EDGE('',*,*,#5656,.F.);
#3266=ORIENTED_EDGE('',*,*,#5529,.T.);
#3267=ORIENTED_EDGE('',*,*,#5647,.T.);
#3268=ORIENTED_EDGE('',*,*,#5497,.T.);
#3269=ORIENTED_EDGE('',*,*,#5657,.F.);
#3270=ORIENTED_EDGE('',*,*,#5507,.T.);
#3271=ORIENTED_EDGE('',*,*,#5648,.T.);
#3272=ORIENTED_EDGE('',*,*,#5475,.T.);
#3273=ORIENTED_EDGE('',*,*,#5658,.F.);
#3274=ORIENTED_EDGE('',*,*,#5485,.T.);
#3275=ORIENTED_EDGE('',*,*,#5649,.T.);
#3276=ORIENTED_EDGE('',*,*,#5453,.T.);
#3277=ORIENTED_EDGE('',*,*,#5659,.F.);
#3278=ORIENTED_EDGE('',*,*,#5441,.T.);
#3279=ORIENTED_EDGE('',*,*,#5650,.T.);
#3280=ORIENTED_EDGE('',*,*,#5218,.T.);
#3281=ORIENTED_EDGE('',*,*,#5651,.T.);
#3282=ORIENTED_EDGE('',*,*,#5610,.T.);
#3283=ORIENTED_EDGE('',*,*,#5660,.F.);
#3284=ORIENTED_EDGE('',*,*,#5208,.F.);
#3285=ORIENTED_EDGE('',*,*,#5661,.F.);
#3286=ORIENTED_EDGE('',*,*,#5620,.T.);
#3287=ORIENTED_EDGE('',*,*,#5652,.T.);
#3288=ORIENTED_EDGE('',*,*,#5584,.T.);
#3289=ORIENTED_EDGE('',*,*,#5662,.F.);
#3290=ORIENTED_EDGE('',*,*,#5596,.T.);
#3291=ORIENTED_EDGE('',*,*,#5653,.T.);
#3292=ORIENTED_EDGE('',*,*,#5562,.T.);
#3293=ORIENTED_EDGE('',*,*,#5663,.F.);
#3294=ORIENTED_EDGE('',*,*,#5574,.T.);
#3295=ORIENTED_EDGE('',*,*,#5654,.T.);
#3296=ORIENTED_EDGE('',*,*,#5540,.T.);
#3297=ORIENTED_EDGE('',*,*,#5664,.F.);
#3298=ORIENTED_EDGE('',*,*,#5552,.T.);
#3299=ORIENTED_EDGE('',*,*,#5655,.T.);
#3300=ORIENTED_EDGE('',*,*,#5518,.T.);
#3301=ORIENTED_EDGE('',*,*,#5665,.F.);
#3302=ORIENTED_EDGE('',*,*,#5530,.T.);
#3303=ORIENTED_EDGE('',*,*,#5656,.T.);
#3304=ORIENTED_EDGE('',*,*,#5496,.T.);
#3305=ORIENTED_EDGE('',*,*,#5666,.F.);
#3306=ORIENTED_EDGE('',*,*,#5508,.T.);
#3307=ORIENTED_EDGE('',*,*,#5657,.T.);
#3308=ORIENTED_EDGE('',*,*,#5474,.T.);
#3309=ORIENTED_EDGE('',*,*,#5667,.F.);
#3310=ORIENTED_EDGE('',*,*,#5486,.T.);
#3311=ORIENTED_EDGE('',*,*,#5658,.T.);
#3312=ORIENTED_EDGE('',*,*,#5452,.T.);
#3313=ORIENTED_EDGE('',*,*,#5668,.F.);
#3314=ORIENTED_EDGE('',*,*,#5442,.T.);
#3315=ORIENTED_EDGE('',*,*,#5659,.T.);
#3316=ORIENTED_EDGE('',*,*,#5217,.T.);
#3317=ORIENTED_EDGE('',*,*,#5660,.T.);
#3318=ORIENTED_EDGE('',*,*,#5609,.T.);
#3319=ORIENTED_EDGE('',*,*,#5669,.F.);
#3320=ORIENTED_EDGE('',*,*,#5209,.F.);
#3321=ORIENTED_EDGE('',*,*,#5670,.F.);
#3322=ORIENTED_EDGE('',*,*,#5621,.T.);
#3323=ORIENTED_EDGE('',*,*,#5661,.T.);
#3324=ORIENTED_EDGE('',*,*,#5583,.T.);
#3325=ORIENTED_EDGE('',*,*,#5671,.F.);
#3326=ORIENTED_EDGE('',*,*,#5597,.T.);
#3327=ORIENTED_EDGE('',*,*,#5662,.T.);
#3328=ORIENTED_EDGE('',*,*,#5561,.T.);
#3329=ORIENTED_EDGE('',*,*,#5672,.F.);
#3330=ORIENTED_EDGE('',*,*,#5575,.T.);
#3331=ORIENTED_EDGE('',*,*,#5663,.T.);
#3332=ORIENTED_EDGE('',*,*,#5539,.T.);
#3333=ORIENTED_EDGE('',*,*,#5673,.F.);
#3334=ORIENTED_EDGE('',*,*,#5553,.T.);
#3335=ORIENTED_EDGE('',*,*,#5664,.T.);
#3336=ORIENTED_EDGE('',*,*,#5517,.T.);
#3337=ORIENTED_EDGE('',*,*,#5674,.F.);
#3338=ORIENTED_EDGE('',*,*,#5531,.T.);
#3339=ORIENTED_EDGE('',*,*,#5665,.T.);
#3340=ORIENTED_EDGE('',*,*,#5495,.T.);
#3341=ORIENTED_EDGE('',*,*,#5675,.F.);
#3342=ORIENTED_EDGE('',*,*,#5509,.T.);
#3343=ORIENTED_EDGE('',*,*,#5666,.T.);
#3344=ORIENTED_EDGE('',*,*,#5473,.T.);
#3345=ORIENTED_EDGE('',*,*,#5676,.F.);
#3346=ORIENTED_EDGE('',*,*,#5487,.T.);
#3347=ORIENTED_EDGE('',*,*,#5667,.T.);
#3348=ORIENTED_EDGE('',*,*,#5451,.T.);
#3349=ORIENTED_EDGE('',*,*,#5677,.F.);
#3350=ORIENTED_EDGE('',*,*,#5443,.T.);
#3351=ORIENTED_EDGE('',*,*,#5668,.T.);
#3352=ORIENTED_EDGE('',*,*,#5216,.T.);
#3353=ORIENTED_EDGE('',*,*,#5669,.T.);
#3354=ORIENTED_EDGE('',*,*,#5608,.T.);
#3355=ORIENTED_EDGE('',*,*,#5118,.F.);
#3356=ORIENTED_EDGE('',*,*,#5210,.F.);
#3357=ORIENTED_EDGE('',*,*,#5122,.F.);
#3358=ORIENTED_EDGE('',*,*,#5622,.T.);
#3359=ORIENTED_EDGE('',*,*,#5670,.T.);
#3360=ORIENTED_EDGE('',*,*,#5582,.T.);
#3361=ORIENTED_EDGE('',*,*,#5126,.F.);
#3362=ORIENTED_EDGE('',*,*,#5598,.T.);
#3363=ORIENTED_EDGE('',*,*,#5671,.T.);
#3364=ORIENTED_EDGE('',*,*,#5560,.T.);
#3365=ORIENTED_EDGE('',*,*,#5130,.F.);
#3366=ORIENTED_EDGE('',*,*,#5576,.T.);
#3367=ORIENTED_EDGE('',*,*,#5672,.T.);
#3368=ORIENTED_EDGE('',*,*,#5538,.T.);
#3369=ORIENTED_EDGE('',*,*,#5134,.F.);
#3370=ORIENTED_EDGE('',*,*,#5554,.T.);
#3371=ORIENTED_EDGE('',*,*,#5673,.T.);
#3372=ORIENTED_EDGE('',*,*,#5516,.T.);
#3373=ORIENTED_EDGE('',*,*,#5138,.F.);
#3374=ORIENTED_EDGE('',*,*,#5532,.T.);
#3375=ORIENTED_EDGE('',*,*,#5674,.T.);
#3376=ORIENTED_EDGE('',*,*,#5494,.T.);
#3377=ORIENTED_EDGE('',*,*,#5142,.F.);
#3378=ORIENTED_EDGE('',*,*,#5510,.T.);
#3379=ORIENTED_EDGE('',*,*,#5675,.T.);
#3380=ORIENTED_EDGE('',*,*,#5472,.T.);
#3381=ORIENTED_EDGE('',*,*,#5146,.F.);
#3382=ORIENTED_EDGE('',*,*,#5488,.T.);
#3383=ORIENTED_EDGE('',*,*,#5676,.T.);
#3384=ORIENTED_EDGE('',*,*,#5450,.T.);
#3385=ORIENTED_EDGE('',*,*,#5150,.F.);
#3386=ORIENTED_EDGE('',*,*,#5444,.T.);
#3387=ORIENTED_EDGE('',*,*,#5677,.T.);
#3388=ORIENTED_EDGE('',*,*,#5215,.T.);
#3389=ORIENTED_EDGE('',*,*,#5240,.F.);
#3390=ORIENTED_EDGE('',*,*,#5154,.T.);
#3391=ORIENTED_EDGE('',*,*,#5227,.T.);
#3392=ORIENTED_EDGE('',*,*,#5678,.F.);
#3393=ORIENTED_EDGE('',*,*,#5416,.F.);
#3394=ORIENTED_EDGE('',*,*,#5679,.F.);
#3395=ORIENTED_EDGE('',*,*,#5198,.F.);
#3396=ORIENTED_EDGE('',*,*,#5158,.T.);
#3397=ORIENTED_EDGE('',*,*,#5419,.F.);
#3398=ORIENTED_EDGE('',*,*,#5162,.T.);
#3399=ORIENTED_EDGE('',*,*,#5391,.F.);
#3400=ORIENTED_EDGE('',*,*,#5680,.F.);
#3401=ORIENTED_EDGE('',*,*,#5394,.F.);
#3402=ORIENTED_EDGE('',*,*,#5166,.T.);
#3403=ORIENTED_EDGE('',*,*,#5369,.F.);
#3404=ORIENTED_EDGE('',*,*,#5681,.F.);
#3405=ORIENTED_EDGE('',*,*,#5372,.F.);
#3406=ORIENTED_EDGE('',*,*,#5170,.T.);
#3407=ORIENTED_EDGE('',*,*,#5347,.F.);
#3408=ORIENTED_EDGE('',*,*,#5682,.F.);
#3409=ORIENTED_EDGE('',*,*,#5350,.F.);
#3410=ORIENTED_EDGE('',*,*,#5174,.T.);
#3411=ORIENTED_EDGE('',*,*,#5325,.F.);
#3412=ORIENTED_EDGE('',*,*,#5683,.F.);
#3413=ORIENTED_EDGE('',*,*,#5328,.F.);
#3414=ORIENTED_EDGE('',*,*,#5178,.T.);
#3415=ORIENTED_EDGE('',*,*,#5303,.F.);
#3416=ORIENTED_EDGE('',*,*,#5684,.F.);
#3417=ORIENTED_EDGE('',*,*,#5306,.F.);
#3418=ORIENTED_EDGE('',*,*,#5182,.T.);
#3419=ORIENTED_EDGE('',*,*,#5281,.F.);
#3420=ORIENTED_EDGE('',*,*,#5685,.F.);
#3421=ORIENTED_EDGE('',*,*,#5284,.F.);
#3422=ORIENTED_EDGE('',*,*,#5186,.T.);
#3423=ORIENTED_EDGE('',*,*,#5259,.F.);
#3424=ORIENTED_EDGE('',*,*,#5686,.F.);
#3425=ORIENTED_EDGE('',*,*,#5262,.F.);
#3426=ORIENTED_EDGE('',*,*,#5190,.T.);
#3427=ORIENTED_EDGE('',*,*,#5237,.F.);
#3428=ORIENTED_EDGE('',*,*,#5687,.F.);
#3429=ORIENTED_EDGE('',*,*,#5241,.F.);
#3430=ORIENTED_EDGE('',*,*,#5678,.T.);
#3431=ORIENTED_EDGE('',*,*,#5226,.T.);
#3432=ORIENTED_EDGE('',*,*,#5688,.F.);
#3433=ORIENTED_EDGE('',*,*,#5415,.F.);
#3434=ORIENTED_EDGE('',*,*,#5689,.F.);
#3435=ORIENTED_EDGE('',*,*,#5199,.F.);
#3436=ORIENTED_EDGE('',*,*,#5679,.T.);
#3437=ORIENTED_EDGE('',*,*,#5420,.F.);
#3438=ORIENTED_EDGE('',*,*,#5680,.T.);
#3439=ORIENTED_EDGE('',*,*,#5390,.F.);
#3440=ORIENTED_EDGE('',*,*,#5690,.F.);
#3441=ORIENTED_EDGE('',*,*,#5395,.F.);
#3442=ORIENTED_EDGE('',*,*,#5681,.T.);
#3443=ORIENTED_EDGE('',*,*,#5368,.F.);
#3444=ORIENTED_EDGE('',*,*,#5691,.F.);
#3445=ORIENTED_EDGE('',*,*,#5373,.F.);
#3446=ORIENTED_EDGE('',*,*,#5682,.T.);
#3447=ORIENTED_EDGE('',*,*,#5346,.F.);
#3448=ORIENTED_EDGE('',*,*,#5692,.F.);
#3449=ORIENTED_EDGE('',*,*,#5351,.F.);
#3450=ORIENTED_EDGE('',*,*,#5683,.T.);
#3451=ORIENTED_EDGE('',*,*,#5324,.F.);
#3452=ORIENTED_EDGE('',*,*,#5693,.F.);
#3453=ORIENTED_EDGE('',*,*,#5329,.F.);
#3454=ORIENTED_EDGE('',*,*,#5684,.T.);
#3455=ORIENTED_EDGE('',*,*,#5302,.F.);
#3456=ORIENTED_EDGE('',*,*,#5694,.F.);
#3457=ORIENTED_EDGE('',*,*,#5307,.F.);
#3458=ORIENTED_EDGE('',*,*,#5685,.T.);
#3459=ORIENTED_EDGE('',*,*,#5280,.F.);
#3460=ORIENTED_EDGE('',*,*,#5695,.F.);
#3461=ORIENTED_EDGE('',*,*,#5285,.F.);
#3462=ORIENTED_EDGE('',*,*,#5686,.T.);
#3463=ORIENTED_EDGE('',*,*,#5258,.F.);
#3464=ORIENTED_EDGE('',*,*,#5696,.F.);
#3465=ORIENTED_EDGE('',*,*,#5263,.F.);
#3466=ORIENTED_EDGE('',*,*,#5687,.T.);
#3467=ORIENTED_EDGE('',*,*,#5236,.F.);
#3468=ORIENTED_EDGE('',*,*,#5697,.F.);
#3469=ORIENTED_EDGE('',*,*,#5242,.F.);
#3470=ORIENTED_EDGE('',*,*,#5688,.T.);
#3471=ORIENTED_EDGE('',*,*,#5225,.T.);
#3472=ORIENTED_EDGE('',*,*,#5698,.F.);
#3473=ORIENTED_EDGE('',*,*,#5414,.F.);
#3474=ORIENTED_EDGE('',*,*,#5699,.F.);
#3475=ORIENTED_EDGE('',*,*,#5200,.F.);
#3476=ORIENTED_EDGE('',*,*,#5689,.T.);
#3477=ORIENTED_EDGE('',*,*,#5421,.F.);
#3478=ORIENTED_EDGE('',*,*,#5690,.T.);
#3479=ORIENTED_EDGE('',*,*,#5389,.F.);
#3480=ORIENTED_EDGE('',*,*,#5700,.F.);
#3481=ORIENTED_EDGE('',*,*,#5396,.F.);
#3482=ORIENTED_EDGE('',*,*,#5691,.T.);
#3483=ORIENTED_EDGE('',*,*,#5367,.F.);
#3484=ORIENTED_EDGE('',*,*,#5701,.F.);
#3485=ORIENTED_EDGE('',*,*,#5374,.F.);
#3486=ORIENTED_EDGE('',*,*,#5692,.T.);
#3487=ORIENTED_EDGE('',*,*,#5345,.F.);
#3488=ORIENTED_EDGE('',*,*,#5702,.F.);
#3489=ORIENTED_EDGE('',*,*,#5352,.F.);
#3490=ORIENTED_EDGE('',*,*,#5693,.T.);
#3491=ORIENTED_EDGE('',*,*,#5323,.F.);
#3492=ORIENTED_EDGE('',*,*,#5703,.F.);
#3493=ORIENTED_EDGE('',*,*,#5330,.F.);
#3494=ORIENTED_EDGE('',*,*,#5694,.T.);
#3495=ORIENTED_EDGE('',*,*,#5301,.F.);
#3496=ORIENTED_EDGE('',*,*,#5704,.F.);
#3497=ORIENTED_EDGE('',*,*,#5308,.F.);
#3498=ORIENTED_EDGE('',*,*,#5695,.T.);
#3499=ORIENTED_EDGE('',*,*,#5279,.F.);
#3500=ORIENTED_EDGE('',*,*,#5705,.F.);
#3501=ORIENTED_EDGE('',*,*,#5286,.F.);
#3502=ORIENTED_EDGE('',*,*,#5696,.T.);
#3503=ORIENTED_EDGE('',*,*,#5257,.F.);
#3504=ORIENTED_EDGE('',*,*,#5706,.F.);
#3505=ORIENTED_EDGE('',*,*,#5264,.F.);
#3506=ORIENTED_EDGE('',*,*,#5697,.T.);
#3507=ORIENTED_EDGE('',*,*,#5235,.F.);
#3508=ORIENTED_EDGE('',*,*,#5707,.F.);
#3509=ORIENTED_EDGE('',*,*,#5243,.F.);
#3510=ORIENTED_EDGE('',*,*,#5698,.T.);
#3511=ORIENTED_EDGE('',*,*,#5224,.T.);
#3512=ORIENTED_EDGE('',*,*,#5708,.F.);
#3513=ORIENTED_EDGE('',*,*,#5413,.F.);
#3514=ORIENTED_EDGE('',*,*,#5709,.F.);
#3515=ORIENTED_EDGE('',*,*,#5201,.F.);
#3516=ORIENTED_EDGE('',*,*,#5699,.T.);
#3517=ORIENTED_EDGE('',*,*,#5422,.F.);
#3518=ORIENTED_EDGE('',*,*,#5700,.T.);
#3519=ORIENTED_EDGE('',*,*,#5388,.F.);
#3520=ORIENTED_EDGE('',*,*,#5710,.F.);
#3521=ORIENTED_EDGE('',*,*,#5397,.F.);
#3522=ORIENTED_EDGE('',*,*,#5701,.T.);
#3523=ORIENTED_EDGE('',*,*,#5366,.F.);
#3524=ORIENTED_EDGE('',*,*,#5711,.F.);
#3525=ORIENTED_EDGE('',*,*,#5375,.F.);
#3526=ORIENTED_EDGE('',*,*,#5702,.T.);
#3527=ORIENTED_EDGE('',*,*,#5344,.F.);
#3528=ORIENTED_EDGE('',*,*,#5712,.F.);
#3529=ORIENTED_EDGE('',*,*,#5353,.F.);
#3530=ORIENTED_EDGE('',*,*,#5703,.T.);
#3531=ORIENTED_EDGE('',*,*,#5322,.F.);
#3532=ORIENTED_EDGE('',*,*,#5713,.F.);
#3533=ORIENTED_EDGE('',*,*,#5331,.F.);
#3534=ORIENTED_EDGE('',*,*,#5704,.T.);
#3535=ORIENTED_EDGE('',*,*,#5300,.F.);
#3536=ORIENTED_EDGE('',*,*,#5714,.F.);
#3537=ORIENTED_EDGE('',*,*,#5309,.F.);
#3538=ORIENTED_EDGE('',*,*,#5705,.T.);
#3539=ORIENTED_EDGE('',*,*,#5278,.F.);
#3540=ORIENTED_EDGE('',*,*,#5715,.F.);
#3541=ORIENTED_EDGE('',*,*,#5287,.F.);
#3542=ORIENTED_EDGE('',*,*,#5706,.T.);
#3543=ORIENTED_EDGE('',*,*,#5256,.F.);
#3544=ORIENTED_EDGE('',*,*,#5716,.F.);
#3545=ORIENTED_EDGE('',*,*,#5265,.F.);
#3546=ORIENTED_EDGE('',*,*,#5707,.T.);
#3547=ORIENTED_EDGE('',*,*,#5234,.F.);
#3548=ORIENTED_EDGE('',*,*,#5717,.F.);
#3549=ORIENTED_EDGE('',*,*,#5244,.F.);
#3550=ORIENTED_EDGE('',*,*,#5708,.T.);
#3551=ORIENTED_EDGE('',*,*,#5223,.T.);
#3552=ORIENTED_EDGE('',*,*,#5718,.F.);
#3553=ORIENTED_EDGE('',*,*,#5412,.F.);
#3554=ORIENTED_EDGE('',*,*,#5719,.F.);
#3555=ORIENTED_EDGE('',*,*,#5202,.F.);
#3556=ORIENTED_EDGE('',*,*,#5709,.T.);
#3557=ORIENTED_EDGE('',*,*,#5423,.F.);
#3558=ORIENTED_EDGE('',*,*,#5710,.T.);
#3559=ORIENTED_EDGE('',*,*,#5387,.F.);
#3560=ORIENTED_EDGE('',*,*,#5720,.F.);
#3561=ORIENTED_EDGE('',*,*,#5398,.F.);
#3562=ORIENTED_EDGE('',*,*,#5711,.T.);
#3563=ORIENTED_EDGE('',*,*,#5365,.F.);
#3564=ORIENTED_EDGE('',*,*,#5721,.F.);
#3565=ORIENTED_EDGE('',*,*,#5376,.F.);
#3566=ORIENTED_EDGE('',*,*,#5712,.T.);
#3567=ORIENTED_EDGE('',*,*,#5343,.F.);
#3568=ORIENTED_EDGE('',*,*,#5722,.F.);
#3569=ORIENTED_EDGE('',*,*,#5354,.F.);
#3570=ORIENTED_EDGE('',*,*,#5713,.T.);
#3571=ORIENTED_EDGE('',*,*,#5321,.F.);
#3572=ORIENTED_EDGE('',*,*,#5723,.F.);
#3573=ORIENTED_EDGE('',*,*,#5332,.F.);
#3574=ORIENTED_EDGE('',*,*,#5714,.T.);
#3575=ORIENTED_EDGE('',*,*,#5299,.F.);
#3576=ORIENTED_EDGE('',*,*,#5724,.F.);
#3577=ORIENTED_EDGE('',*,*,#5310,.F.);
#3578=ORIENTED_EDGE('',*,*,#5715,.T.);
#3579=ORIENTED_EDGE('',*,*,#5277,.F.);
#3580=ORIENTED_EDGE('',*,*,#5725,.F.);
#3581=ORIENTED_EDGE('',*,*,#5288,.F.);
#3582=ORIENTED_EDGE('',*,*,#5716,.T.);
#3583=ORIENTED_EDGE('',*,*,#5255,.F.);
#3584=ORIENTED_EDGE('',*,*,#5726,.F.);
#3585=ORIENTED_EDGE('',*,*,#5266,.F.);
#3586=ORIENTED_EDGE('',*,*,#5717,.T.);
#3587=ORIENTED_EDGE('',*,*,#5233,.F.);
#3588=ORIENTED_EDGE('',*,*,#5727,.F.);
#3589=ORIENTED_EDGE('',*,*,#5245,.F.);
#3590=ORIENTED_EDGE('',*,*,#5718,.T.);
#3591=ORIENTED_EDGE('',*,*,#5222,.T.);
#3592=ORIENTED_EDGE('',*,*,#5728,.F.);
#3593=ORIENTED_EDGE('',*,*,#5411,.F.);
#3594=ORIENTED_EDGE('',*,*,#5729,.F.);
#3595=ORIENTED_EDGE('',*,*,#5203,.F.);
#3596=ORIENTED_EDGE('',*,*,#5719,.T.);
#3597=ORIENTED_EDGE('',*,*,#5424,.F.);
#3598=ORIENTED_EDGE('',*,*,#5720,.T.);
#3599=ORIENTED_EDGE('',*,*,#5386,.F.);
#3600=ORIENTED_EDGE('',*,*,#5730,.F.);
#3601=ORIENTED_EDGE('',*,*,#5399,.F.);
#3602=ORIENTED_EDGE('',*,*,#5721,.T.);
#3603=ORIENTED_EDGE('',*,*,#5364,.F.);
#3604=ORIENTED_EDGE('',*,*,#5731,.F.);
#3605=ORIENTED_EDGE('',*,*,#5377,.F.);
#3606=ORIENTED_EDGE('',*,*,#5722,.T.);
#3607=ORIENTED_EDGE('',*,*,#5342,.F.);
#3608=ORIENTED_EDGE('',*,*,#5732,.F.);
#3609=ORIENTED_EDGE('',*,*,#5355,.F.);
#3610=ORIENTED_EDGE('',*,*,#5723,.T.);
#3611=ORIENTED_EDGE('',*,*,#5320,.F.);
#3612=ORIENTED_EDGE('',*,*,#5733,.F.);
#3613=ORIENTED_EDGE('',*,*,#5333,.F.);
#3614=ORIENTED_EDGE('',*,*,#5724,.T.);
#3615=ORIENTED_EDGE('',*,*,#5298,.F.);
#3616=ORIENTED_EDGE('',*,*,#5734,.F.);
#3617=ORIENTED_EDGE('',*,*,#5311,.F.);
#3618=ORIENTED_EDGE('',*,*,#5725,.T.);
#3619=ORIENTED_EDGE('',*,*,#5276,.F.);
#3620=ORIENTED_EDGE('',*,*,#5735,.F.);
#3621=ORIENTED_EDGE('',*,*,#5289,.F.);
#3622=ORIENTED_EDGE('',*,*,#5726,.T.);
#3623=ORIENTED_EDGE('',*,*,#5254,.F.);
#3624=ORIENTED_EDGE('',*,*,#5736,.F.);
#3625=ORIENTED_EDGE('',*,*,#5267,.F.);
#3626=ORIENTED_EDGE('',*,*,#5727,.T.);
#3627=ORIENTED_EDGE('',*,*,#5232,.F.);
#3628=ORIENTED_EDGE('',*,*,#5737,.F.);
#3629=ORIENTED_EDGE('',*,*,#5641,.F.);
#3630=ORIENTED_EDGE('',*,*,#5438,.T.);
#3631=ORIENTED_EDGE('',*,*,#5447,.T.);
#3632=ORIENTED_EDGE('',*,*,#5434,.T.);
#3633=ORIENTED_EDGE('',*,*,#5738,.F.);
#3634=ORIENTED_EDGE('',*,*,#5460,.T.);
#3635=ORIENTED_EDGE('',*,*,#5469,.T.);
#3636=ORIENTED_EDGE('',*,*,#5456,.T.);
#3637=ORIENTED_EDGE('',*,*,#5639,.F.);
#3638=ORIENTED_EDGE('',*,*,#5482,.T.);
#3639=ORIENTED_EDGE('',*,*,#5491,.T.);
#3640=ORIENTED_EDGE('',*,*,#5478,.T.);
#3641=ORIENTED_EDGE('',*,*,#5637,.F.);
#3642=ORIENTED_EDGE('',*,*,#5504,.T.);
#3643=ORIENTED_EDGE('',*,*,#5513,.T.);
#3644=ORIENTED_EDGE('',*,*,#5500,.T.);
#3645=ORIENTED_EDGE('',*,*,#5635,.F.);
#3646=ORIENTED_EDGE('',*,*,#5526,.T.);
#3647=ORIENTED_EDGE('',*,*,#5535,.T.);
#3648=ORIENTED_EDGE('',*,*,#5522,.T.);
#3649=ORIENTED_EDGE('',*,*,#5633,.F.);
#3650=ORIENTED_EDGE('',*,*,#5548,.T.);
#3651=ORIENTED_EDGE('',*,*,#5557,.T.);
#3652=ORIENTED_EDGE('',*,*,#5544,.T.);
#3653=ORIENTED_EDGE('',*,*,#5631,.F.);
#3654=ORIENTED_EDGE('',*,*,#5570,.T.);
#3655=ORIENTED_EDGE('',*,*,#5579,.T.);
#3656=ORIENTED_EDGE('',*,*,#5566,.T.);
#3657=ORIENTED_EDGE('',*,*,#5629,.F.);
#3658=ORIENTED_EDGE('',*,*,#5592,.T.);
#3659=ORIENTED_EDGE('',*,*,#5601,.T.);
#3660=ORIENTED_EDGE('',*,*,#5588,.T.);
#3661=ORIENTED_EDGE('',*,*,#5627,.F.);
#3662=ORIENTED_EDGE('',*,*,#5616,.T.);
#3663=ORIENTED_EDGE('',*,*,#5604,.T.);
#3664=ORIENTED_EDGE('',*,*,#5614,.T.);
#3665=ORIENTED_EDGE('',*,*,#5624,.F.);
#3666=ORIENTED_EDGE('',*,*,#5204,.F.);
#3667=ORIENTED_EDGE('',*,*,#5729,.T.);
#3668=ORIENTED_EDGE('',*,*,#5410,.F.);
#3669=ORIENTED_EDGE('',*,*,#5407,.F.);
#3670=ORIENTED_EDGE('',*,*,#5425,.F.);
#3671=ORIENTED_EDGE('',*,*,#5730,.T.);
#3672=ORIENTED_EDGE('',*,*,#5385,.F.);
#3673=ORIENTED_EDGE('',*,*,#5403,.F.);
#3674=ORIENTED_EDGE('',*,*,#5400,.F.);
#3675=ORIENTED_EDGE('',*,*,#5731,.T.);
#3676=ORIENTED_EDGE('',*,*,#5363,.F.);
#3677=ORIENTED_EDGE('',*,*,#5381,.F.);
#3678=ORIENTED_EDGE('',*,*,#5378,.F.);
#3679=ORIENTED_EDGE('',*,*,#5732,.T.);
#3680=ORIENTED_EDGE('',*,*,#5341,.F.);
#3681=ORIENTED_EDGE('',*,*,#5359,.F.);
#3682=ORIENTED_EDGE('',*,*,#5356,.F.);
#3683=ORIENTED_EDGE('',*,*,#5733,.T.);
#3684=ORIENTED_EDGE('',*,*,#5319,.F.);
#3685=ORIENTED_EDGE('',*,*,#5337,.F.);
#3686=ORIENTED_EDGE('',*,*,#5334,.F.);
#3687=ORIENTED_EDGE('',*,*,#5734,.T.);
#3688=ORIENTED_EDGE('',*,*,#5297,.F.);
#3689=ORIENTED_EDGE('',*,*,#5315,.F.);
#3690=ORIENTED_EDGE('',*,*,#5312,.F.);
#3691=ORIENTED_EDGE('',*,*,#5735,.T.);
#3692=ORIENTED_EDGE('',*,*,#5275,.F.);
#3693=ORIENTED_EDGE('',*,*,#5293,.F.);
#3694=ORIENTED_EDGE('',*,*,#5290,.F.);
#3695=ORIENTED_EDGE('',*,*,#5736,.T.);
#3696=ORIENTED_EDGE('',*,*,#5253,.F.);
#3697=ORIENTED_EDGE('',*,*,#5271,.F.);
#3698=ORIENTED_EDGE('',*,*,#5268,.F.);
#3699=ORIENTED_EDGE('',*,*,#5737,.T.);
#3700=ORIENTED_EDGE('',*,*,#5231,.F.);
#3701=ORIENTED_EDGE('',*,*,#5249,.F.);
#3702=ORIENTED_EDGE('',*,*,#5246,.F.);
#3703=ORIENTED_EDGE('',*,*,#5728,.T.);
#3704=ORIENTED_EDGE('',*,*,#5221,.T.);
#3705=ORIENTED_EDGE('',*,*,#5739,.F.);
#3706=ORIENTED_EDGE('',*,*,#5461,.T.);
#3707=ORIENTED_EDGE('',*,*,#5738,.T.);
#3708=ORIENTED_EDGE('',*,*,#5433,.T.);
#3709=ORIENTED_EDGE('',*,*,#5740,.F.);
#3710=ORIENTED_EDGE('',*,*,#5462,.T.);
#3711=ORIENTED_EDGE('',*,*,#5739,.T.);
#3712=ORIENTED_EDGE('',*,*,#5432,.T.);
#3713=ORIENTED_EDGE('',*,*,#5741,.F.);
#3714=ORIENTED_EDGE('',*,*,#5463,.T.);
#3715=ORIENTED_EDGE('',*,*,#5740,.T.);
#3716=ORIENTED_EDGE('',*,*,#5431,.T.);
#3717=ORIENTED_EDGE('',*,*,#5742,.F.);
#3718=ORIENTED_EDGE('',*,*,#5464,.T.);
#3719=ORIENTED_EDGE('',*,*,#5741,.T.);
#3720=ORIENTED_EDGE('',*,*,#5430,.T.);
#3721=ORIENTED_EDGE('',*,*,#5743,.F.);
#3722=ORIENTED_EDGE('',*,*,#5465,.T.);
#3723=ORIENTED_EDGE('',*,*,#5742,.T.);
#3724=ORIENTED_EDGE('',*,*,#5429,.T.);
#3725=ORIENTED_EDGE('',*,*,#5194,.F.);
#3726=ORIENTED_EDGE('',*,*,#5466,.T.);
#3727=ORIENTED_EDGE('',*,*,#5743,.T.);
#3728=ORIENTED_EDGE('',*,*,#5428,.T.);
#3729=ORIENTED_EDGE('',*,*,#5212,.T.);
#3730=ORIENTED_EDGE('',*,*,#5152,.T.);
#3731=ORIENTED_EDGE('',*,*,#5239,.F.);
#3732=ORIENTED_EDGE('',*,*,#5744,.T.);
#3733=ORIENTED_EDGE('',*,*,#5188,.T.);
#3734=ORIENTED_EDGE('',*,*,#5261,.F.);
#3735=ORIENTED_EDGE('',*,*,#5745,.T.);
#3736=ORIENTED_EDGE('',*,*,#5228,.F.);
#3737=ORIENTED_EDGE('',*,*,#5184,.T.);
#3738=ORIENTED_EDGE('',*,*,#5283,.F.);
#3739=ORIENTED_EDGE('',*,*,#5746,.T.);
#3740=ORIENTED_EDGE('',*,*,#5250,.F.);
#3741=ORIENTED_EDGE('',*,*,#5180,.T.);
#3742=ORIENTED_EDGE('',*,*,#5305,.F.);
#3743=ORIENTED_EDGE('',*,*,#5747,.T.);
#3744=ORIENTED_EDGE('',*,*,#5272,.F.);
#3745=ORIENTED_EDGE('',*,*,#5176,.T.);
#3746=ORIENTED_EDGE('',*,*,#5327,.F.);
#3747=ORIENTED_EDGE('',*,*,#5748,.T.);
#3748=ORIENTED_EDGE('',*,*,#5294,.F.);
#3749=ORIENTED_EDGE('',*,*,#5172,.T.);
#3750=ORIENTED_EDGE('',*,*,#5349,.F.);
#3751=ORIENTED_EDGE('',*,*,#5749,.T.);
#3752=ORIENTED_EDGE('',*,*,#5316,.F.);
#3753=ORIENTED_EDGE('',*,*,#5168,.T.);
#3754=ORIENTED_EDGE('',*,*,#5371,.F.);
#3755=ORIENTED_EDGE('',*,*,#5750,.T.);
#3756=ORIENTED_EDGE('',*,*,#5338,.F.);
#3757=ORIENTED_EDGE('',*,*,#5164,.T.);
#3758=ORIENTED_EDGE('',*,*,#5393,.F.);
#3759=ORIENTED_EDGE('',*,*,#5751,.T.);
#3760=ORIENTED_EDGE('',*,*,#5360,.F.);
#3761=ORIENTED_EDGE('',*,*,#5752,.T.);
#3762=ORIENTED_EDGE('',*,*,#5408,.F.);
#3763=ORIENTED_EDGE('',*,*,#5156,.T.);
#3764=ORIENTED_EDGE('',*,*,#5197,.F.);
#3765=ORIENTED_EDGE('',*,*,#5753,.T.);
#3766=ORIENTED_EDGE('',*,*,#5606,.T.);
#3767=ORIENTED_EDGE('',*,*,#5602,.T.);
#3768=ORIENTED_EDGE('',*,*,#5615,.T.);
#3769=ORIENTED_EDGE('',*,*,#5754,.T.);
#3770=ORIENTED_EDGE('',*,*,#5580,.T.);
#3771=ORIENTED_EDGE('',*,*,#5600,.T.);
#3772=ORIENTED_EDGE('',*,*,#5590,.T.);
#3773=ORIENTED_EDGE('',*,*,#5755,.T.);
#3774=ORIENTED_EDGE('',*,*,#5558,.T.);
#3775=ORIENTED_EDGE('',*,*,#5578,.T.);
#3776=ORIENTED_EDGE('',*,*,#5568,.T.);
#3777=ORIENTED_EDGE('',*,*,#5756,.T.);
#3778=ORIENTED_EDGE('',*,*,#5536,.T.);
#3779=ORIENTED_EDGE('',*,*,#5556,.T.);
#3780=ORIENTED_EDGE('',*,*,#5546,.T.);
#3781=ORIENTED_EDGE('',*,*,#5757,.T.);
#3782=ORIENTED_EDGE('',*,*,#5514,.T.);
#3783=ORIENTED_EDGE('',*,*,#5534,.T.);
#3784=ORIENTED_EDGE('',*,*,#5524,.T.);
#3785=ORIENTED_EDGE('',*,*,#5758,.T.);
#3786=ORIENTED_EDGE('',*,*,#5492,.T.);
#3787=ORIENTED_EDGE('',*,*,#5512,.T.);
#3788=ORIENTED_EDGE('',*,*,#5502,.T.);
#3789=ORIENTED_EDGE('',*,*,#5759,.T.);
#3790=ORIENTED_EDGE('',*,*,#5470,.T.);
#3791=ORIENTED_EDGE('',*,*,#5490,.T.);
#3792=ORIENTED_EDGE('',*,*,#5480,.T.);
#3793=ORIENTED_EDGE('',*,*,#5760,.T.);
#3794=ORIENTED_EDGE('',*,*,#5448,.T.);
#3795=ORIENTED_EDGE('',*,*,#5468,.T.);
#3796=ORIENTED_EDGE('',*,*,#5458,.T.);
#3797=ORIENTED_EDGE('',*,*,#5761,.T.);
#3798=ORIENTED_EDGE('',*,*,#5426,.T.);
#3799=ORIENTED_EDGE('',*,*,#5446,.T.);
#3800=ORIENTED_EDGE('',*,*,#5436,.T.);
#3801=ORIENTED_EDGE('',*,*,#5762,.T.);
#3802=ORIENTED_EDGE('',*,*,#5213,.T.);
#3803=ORIENTED_EDGE('',*,*,#5744,.F.);
#3804=ORIENTED_EDGE('',*,*,#5238,.F.);
#3805=ORIENTED_EDGE('',*,*,#5248,.F.);
#3806=ORIENTED_EDGE('',*,*,#5229,.F.);
#3807=ORIENTED_EDGE('',*,*,#5745,.F.);
#3808=ORIENTED_EDGE('',*,*,#5260,.F.);
#3809=ORIENTED_EDGE('',*,*,#5270,.F.);
#3810=ORIENTED_EDGE('',*,*,#5251,.F.);
#3811=ORIENTED_EDGE('',*,*,#5746,.F.);
#3812=ORIENTED_EDGE('',*,*,#5282,.F.);
#3813=ORIENTED_EDGE('',*,*,#5292,.F.);
#3814=ORIENTED_EDGE('',*,*,#5273,.F.);
#3815=ORIENTED_EDGE('',*,*,#5747,.F.);
#3816=ORIENTED_EDGE('',*,*,#5304,.F.);
#3817=ORIENTED_EDGE('',*,*,#5314,.F.);
#3818=ORIENTED_EDGE('',*,*,#5295,.F.);
#3819=ORIENTED_EDGE('',*,*,#5748,.F.);
#3820=ORIENTED_EDGE('',*,*,#5326,.F.);
#3821=ORIENTED_EDGE('',*,*,#5336,.F.);
#3822=ORIENTED_EDGE('',*,*,#5317,.F.);
#3823=ORIENTED_EDGE('',*,*,#5749,.F.);
#3824=ORIENTED_EDGE('',*,*,#5348,.F.);
#3825=ORIENTED_EDGE('',*,*,#5358,.F.);
#3826=ORIENTED_EDGE('',*,*,#5339,.F.);
#3827=ORIENTED_EDGE('',*,*,#5750,.F.);
#3828=ORIENTED_EDGE('',*,*,#5370,.F.);
#3829=ORIENTED_EDGE('',*,*,#5380,.F.);
#3830=ORIENTED_EDGE('',*,*,#5361,.F.);
#3831=ORIENTED_EDGE('',*,*,#5751,.F.);
#3832=ORIENTED_EDGE('',*,*,#5392,.F.);
#3833=ORIENTED_EDGE('',*,*,#5402,.F.);
#3834=ORIENTED_EDGE('',*,*,#5383,.F.);
#3835=ORIENTED_EDGE('',*,*,#5763,.F.);
#3836=ORIENTED_EDGE('',*,*,#5417,.F.);
#3837=ORIENTED_EDGE('',*,*,#5405,.F.);
#3838=ORIENTED_EDGE('',*,*,#5409,.F.);
#3839=ORIENTED_EDGE('',*,*,#5752,.F.);
#3840=ORIENTED_EDGE('',*,*,#5196,.F.);
#3841=ORIENTED_EDGE('',*,*,#5214,.T.);
#3842=ORIENTED_EDGE('',*,*,#5762,.F.);
#3843=ORIENTED_EDGE('',*,*,#5445,.T.);
#3844=ORIENTED_EDGE('',*,*,#5148,.T.);
#3845=ORIENTED_EDGE('',*,*,#5427,.T.);
#3846=ORIENTED_EDGE('',*,*,#5761,.F.);
#3847=ORIENTED_EDGE('',*,*,#5467,.T.);
#3848=ORIENTED_EDGE('',*,*,#5192,.T.);
#3849=ORIENTED_EDGE('',*,*,#5449,.T.);
#3850=ORIENTED_EDGE('',*,*,#5760,.F.);
#3851=ORIENTED_EDGE('',*,*,#5489,.T.);
#3852=ORIENTED_EDGE('',*,*,#5144,.T.);
#3853=ORIENTED_EDGE('',*,*,#5471,.T.);
#3854=ORIENTED_EDGE('',*,*,#5759,.F.);
#3855=ORIENTED_EDGE('',*,*,#5511,.T.);
#3856=ORIENTED_EDGE('',*,*,#5140,.T.);
#3857=ORIENTED_EDGE('',*,*,#5493,.T.);
#3858=ORIENTED_EDGE('',*,*,#5758,.F.);
#3859=ORIENTED_EDGE('',*,*,#5533,.T.);
#3860=ORIENTED_EDGE('',*,*,#5136,.T.);
#3861=ORIENTED_EDGE('',*,*,#5515,.T.);
#3862=ORIENTED_EDGE('',*,*,#5757,.F.);
#3863=ORIENTED_EDGE('',*,*,#5555,.T.);
#3864=ORIENTED_EDGE('',*,*,#5132,.T.);
#3865=ORIENTED_EDGE('',*,*,#5537,.T.);
#3866=ORIENTED_EDGE('',*,*,#5756,.F.);
#3867=ORIENTED_EDGE('',*,*,#5577,.T.);
#3868=ORIENTED_EDGE('',*,*,#5128,.T.);
#3869=ORIENTED_EDGE('',*,*,#5559,.T.);
#3870=ORIENTED_EDGE('',*,*,#5755,.F.);
#3871=ORIENTED_EDGE('',*,*,#5599,.T.);
#3872=ORIENTED_EDGE('',*,*,#5124,.T.);
#3873=ORIENTED_EDGE('',*,*,#5581,.T.);
#3874=ORIENTED_EDGE('',*,*,#5754,.F.);
#3875=ORIENTED_EDGE('',*,*,#5623,.T.);
#3876=ORIENTED_EDGE('',*,*,#5120,.T.);
#3877=ORIENTED_EDGE('',*,*,#5160,.T.);
#3878=ORIENTED_EDGE('',*,*,#5418,.F.);
#3879=ORIENTED_EDGE('',*,*,#5763,.T.);
#3880=ORIENTED_EDGE('',*,*,#5382,.F.);
#3881=ORIENTED_EDGE('',*,*,#5116,.T.);
#3882=ORIENTED_EDGE('',*,*,#5607,.T.);
#3883=ORIENTED_EDGE('',*,*,#5753,.F.);
#3884=ORIENTED_EDGE('',*,*,#5211,.F.);
#3885=ORIENTED_EDGE('',*,*,#5764,.F.);
#3886=ORIENTED_EDGE('',*,*,#5765,.T.);
#3887=ORIENTED_EDGE('',*,*,#5764,.T.);
#3888=ORIENTED_EDGE('',*,*,#5765,.F.);
#3889=EDGE_CURVE('',#5766,#5767,#7018,.T.);
#3890=EDGE_CURVE('',#5767,#5768,#7019,.T.);
#3891=EDGE_CURVE('',#5768,#5769,#7020,.T.);
#3892=EDGE_CURVE('',#5770,#5769,#7021,.T.);
#3893=EDGE_CURVE('',#5771,#5770,#7022,.T.);
#3894=EDGE_CURVE('',#5772,#5771,#7023,.T.);
#3895=EDGE_CURVE('',#5773,#5772,#7024,.T.);
#3896=EDGE_CURVE('',#5773,#5774,#7025,.T.);
#3897=EDGE_CURVE('',#5774,#5775,#7026,.T.);
#3898=EDGE_CURVE('',#5775,#5776,#7027,.T.);
#3899=EDGE_CURVE('',#5776,#5777,#7028,.T.);
#3900=EDGE_CURVE('',#5777,#5778,#7029,.T.);
#3901=EDGE_CURVE('',#5778,#5779,#7030,.T.);
#3902=EDGE_CURVE('',#5779,#5780,#7031,.T.);
#3903=EDGE_CURVE('',#5780,#5781,#7032,.T.);
#3904=EDGE_CURVE('',#5781,#5782,#7033,.T.);
#3905=EDGE_CURVE('',#5782,#5783,#7034,.T.);
#3906=EDGE_CURVE('',#5783,#5784,#7035,.T.);
#3907=EDGE_CURVE('',#5784,#5785,#7036,.T.);
#3908=EDGE_CURVE('',#5785,#5786,#7037,.T.);
#3909=EDGE_CURVE('',#5786,#5787,#7038,.T.);
#3910=EDGE_CURVE('',#5787,#5788,#7039,.T.);
#3911=EDGE_CURVE('',#5788,#5789,#7040,.T.);
#3912=EDGE_CURVE('',#5789,#5790,#7041,.T.);
#3913=EDGE_CURVE('',#5790,#5791,#7042,.T.);
#3914=EDGE_CURVE('',#5791,#5792,#7043,.T.);
#3915=EDGE_CURVE('',#5792,#5793,#7044,.T.);
#3916=EDGE_CURVE('',#5793,#5794,#7045,.T.);
#3917=EDGE_CURVE('',#5794,#5795,#7046,.T.);
#3918=EDGE_CURVE('',#5795,#5796,#7047,.T.);
#3919=EDGE_CURVE('',#5796,#5797,#7048,.T.);
#3920=EDGE_CURVE('',#5797,#5798,#7049,.T.);
#3921=EDGE_CURVE('',#5798,#5799,#7050,.T.);
#3922=EDGE_CURVE('',#5799,#5800,#7051,.T.);
#3923=EDGE_CURVE('',#5800,#5801,#7052,.T.);
#3924=EDGE_CURVE('',#5801,#5802,#7053,.T.);
#3925=EDGE_CURVE('',#5802,#5803,#7054,.T.);
#3926=EDGE_CURVE('',#5803,#5804,#7055,.T.);
#3927=EDGE_CURVE('',#5804,#5805,#7056,.T.);
#3928=EDGE_CURVE('',#5805,#5806,#7057,.T.);
#3929=EDGE_CURVE('',#5806,#5807,#7058,.T.);
#3930=EDGE_CURVE('',#5807,#5808,#7059,.T.);
#3931=EDGE_CURVE('',#5808,#5809,#7060,.T.);
#3932=EDGE_CURVE('',#5809,#5810,#7061,.T.);
#3933=EDGE_CURVE('',#5810,#5811,#7062,.T.);
#3934=EDGE_CURVE('',#5811,#5812,#7063,.T.);
#3935=EDGE_CURVE('',#5812,#5813,#7064,.T.);
#3936=EDGE_CURVE('',#5813,#5814,#7065,.T.);
#3937=EDGE_CURVE('',#5814,#5815,#7066,.T.);
#3938=EDGE_CURVE('',#5815,#5766,#7067,.T.);
#3939=EDGE_CURVE('',#5816,#5817,#7068,.T.);
#3940=EDGE_CURVE('',#5818,#5817,#7069,.T.);
#3941=EDGE_CURVE('',#5819,#5818,#7070,.T.);
#3942=EDGE_CURVE('',#5819,#5816,#7071,.T.);
#3943=EDGE_CURVE('',#5820,#5821,#7072,.T.);
#3944=EDGE_CURVE('',#5822,#5820,#7073,.T.);
#3945=EDGE_CURVE('',#5823,#5822,#7074,.T.);
#3946=EDGE_CURVE('',#5824,#5823,#7075,.T.);
#3947=EDGE_CURVE('',#5824,#5825,#7076,.T.);
#3948=EDGE_CURVE('',#5825,#5826,#7077,.T.);
#3949=EDGE_CURVE('',#5827,#5826,#7078,.T.);
#3950=EDGE_CURVE('',#5827,#5828,#7079,.T.);
#3951=EDGE_CURVE('',#5829,#5828,#7080,.T.);
#3952=EDGE_CURVE('',#5830,#5829,#7081,.T.);
#3953=EDGE_CURVE('',#5831,#5830,#7082,.T.);
#3954=EDGE_CURVE('',#5832,#5831,#7083,.T.);
#3955=EDGE_CURVE('',#5833,#5832,#7084,.T.);
#3956=EDGE_CURVE('',#5834,#5833,#7085,.T.);
#3957=EDGE_CURVE('',#5835,#5834,#7086,.T.);
#3958=EDGE_CURVE('',#5836,#5835,#7087,.T.);
#3959=EDGE_CURVE('',#5837,#5836,#7088,.T.);
#3960=EDGE_CURVE('',#5838,#5837,#7089,.T.);
#3961=EDGE_CURVE('',#5839,#5838,#7090,.T.);
#3962=EDGE_CURVE('',#5840,#5839,#7091,.T.);
#3963=EDGE_CURVE('',#5841,#5840,#7092,.T.);
#3964=EDGE_CURVE('',#5842,#5841,#7093,.T.);
#3965=EDGE_CURVE('',#5843,#5842,#7094,.T.);
#3966=EDGE_CURVE('',#5844,#5843,#7095,.T.);
#3967=EDGE_CURVE('',#5845,#5844,#7096,.T.);
#3968=EDGE_CURVE('',#5846,#5845,#7097,.T.);
#3969=EDGE_CURVE('',#5847,#5846,#7098,.T.);
#3970=EDGE_CURVE('',#5848,#5847,#7099,.T.);
#3971=EDGE_CURVE('',#5849,#5848,#7100,.T.);
#3972=EDGE_CURVE('',#5850,#5849,#7101,.T.);
#3973=EDGE_CURVE('',#5851,#5850,#7102,.T.);
#3974=EDGE_CURVE('',#5852,#5851,#7103,.T.);
#3975=EDGE_CURVE('',#5853,#5852,#7104,.T.);
#3976=EDGE_CURVE('',#5854,#5853,#7105,.T.);
#3977=EDGE_CURVE('',#5855,#5854,#7106,.T.);
#3978=EDGE_CURVE('',#5856,#5855,#7107,.T.);
#3979=EDGE_CURVE('',#5857,#5856,#7108,.T.);
#3980=EDGE_CURVE('',#5858,#5857,#7109,.T.);
#3981=EDGE_CURVE('',#5859,#5858,#7110,.T.);
#3982=EDGE_CURVE('',#5860,#5859,#7111,.T.);
#3983=EDGE_CURVE('',#5861,#5860,#7112,.T.);
#3984=EDGE_CURVE('',#5862,#5861,#7113,.T.);
#3985=EDGE_CURVE('',#5863,#5862,#7114,.T.);
#3986=EDGE_CURVE('',#5864,#5863,#7115,.T.);
#3987=EDGE_CURVE('',#5865,#5864,#7116,.T.);
#3988=EDGE_CURVE('',#5866,#5865,#7117,.T.);
#3989=EDGE_CURVE('',#5867,#5866,#7118,.T.);
#3990=EDGE_CURVE('',#5868,#5867,#7119,.T.);
#3991=EDGE_CURVE('',#5869,#5868,#7120,.T.);
#3992=EDGE_CURVE('',#5821,#5869,#7121,.T.);
#3993=EDGE_CURVE('',#5870,#5871,#7122,.T.);
#3994=EDGE_CURVE('',#5870,#5821,#7123,.T.);
#3995=EDGE_CURVE('',#5872,#5869,#7124,.T.);
#3996=EDGE_CURVE('',#5873,#5872,#7125,.T.);
#3997=EDGE_CURVE('',#5873,#5874,#7126,.T.);
#3998=EDGE_CURVE('',#5874,#5875,#7127,.T.);
#3999=EDGE_CURVE('',#5875,#5871,#7128,.T.);
#4000=EDGE_CURVE('',#5777,#5876,#7129,.T.);
#4001=EDGE_CURVE('',#5876,#5877,#7130,.T.);
#4002=EDGE_CURVE('',#5878,#5877,#7131,.T.);
#4003=EDGE_CURVE('',#5879,#5878,#7132,.T.);
#4004=EDGE_CURVE('',#5879,#5880,#7133,.T.);
#4005=EDGE_CURVE('',#5880,#5881,#7134,.T.);
#4006=EDGE_CURVE('',#5881,#5778,#7135,.T.);
#4007=EDGE_CURVE('',#5882,#5883,#7136,.T.);
#4008=EDGE_CURVE('',#5882,#5866,#7137,.T.);
#4009=EDGE_CURVE('',#5884,#5865,#7138,.T.);
#4010=EDGE_CURVE('',#5885,#5884,#7139,.T.);
#4011=EDGE_CURVE('',#5885,#5886,#7140,.T.);
#4012=EDGE_CURVE('',#5886,#5887,#7141,.T.);
#4013=EDGE_CURVE('',#5887,#5883,#7142,.T.);
#4014=EDGE_CURVE('',#5781,#5888,#7143,.T.);
#4015=EDGE_CURVE('',#5888,#5889,#7144,.T.);
#4016=EDGE_CURVE('',#5890,#5889,#7145,.T.);
#4017=EDGE_CURVE('',#5891,#5890,#7146,.T.);
#4018=EDGE_CURVE('',#5891,#5892,#7147,.T.);
#4019=EDGE_CURVE('',#5892,#5893,#7148,.T.);
#4020=EDGE_CURVE('',#5893,#5782,#7149,.T.);
#4021=EDGE_CURVE('',#5894,#5895,#7150,.T.);
#4022=EDGE_CURVE('',#5894,#5862,#7151,.T.);
#4023=EDGE_CURVE('',#5896,#5861,#7152,.T.);
#4024=EDGE_CURVE('',#5897,#5896,#7153,.T.);
#4025=EDGE_CURVE('',#5897,#5898,#7154,.T.);
#4026=EDGE_CURVE('',#5898,#5899,#7155,.T.);
#4027=EDGE_CURVE('',#5899,#5895,#7156,.T.);
#4028=EDGE_CURVE('',#5785,#5900,#7157,.T.);
#4029=EDGE_CURVE('',#5900,#5901,#7158,.T.);
#4030=EDGE_CURVE('',#5902,#5901,#7159,.T.);
#4031=EDGE_CURVE('',#5903,#5902,#7160,.T.);
#4032=EDGE_CURVE('',#5903,#5904,#7161,.T.);
#4033=EDGE_CURVE('',#5904,#5905,#7162,.T.);
#4034=EDGE_CURVE('',#5905,#5786,#7163,.T.);
#4035=EDGE_CURVE('',#5906,#5907,#7164,.T.);
#4036=EDGE_CURVE('',#5906,#5858,#7165,.T.);
#4037=EDGE_CURVE('',#5908,#5857,#7166,.T.);
#4038=EDGE_CURVE('',#5909,#5908,#7167,.T.);
#4039=EDGE_CURVE('',#5909,#5910,#7168,.T.);
#4040=EDGE_CURVE('',#5910,#5911,#7169,.T.);
#4041=EDGE_CURVE('',#5911,#5907,#7170,.T.);
#4042=EDGE_CURVE('',#5789,#5912,#7171,.T.);
#4043=EDGE_CURVE('',#5912,#5913,#7172,.T.);
#4044=EDGE_CURVE('',#5914,#5913,#7173,.T.);
#4045=EDGE_CURVE('',#5915,#5914,#7174,.T.);
#4046=EDGE_CURVE('',#5915,#5916,#7175,.T.);
#4047=EDGE_CURVE('',#5916,#5917,#7176,.T.);
#4048=EDGE_CURVE('',#5917,#5790,#7177,.T.);
#4049=EDGE_CURVE('',#5918,#5919,#7178,.T.);
#4050=EDGE_CURVE('',#5918,#5854,#7179,.T.);
#4051=EDGE_CURVE('',#5920,#5853,#7180,.T.);
#4052=EDGE_CURVE('',#5921,#5920,#7181,.T.);
#4053=EDGE_CURVE('',#5921,#5922,#7182,.T.);
#4054=EDGE_CURVE('',#5922,#5923,#7183,.T.);
#4055=EDGE_CURVE('',#5923,#5919,#7184,.T.);
#4056=EDGE_CURVE('',#5793,#5924,#7185,.T.);
#4057=EDGE_CURVE('',#5924,#5925,#7186,.T.);
#4058=EDGE_CURVE('',#5926,#5925,#7187,.T.);
#4059=EDGE_CURVE('',#5927,#5926,#7188,.T.);
#4060=EDGE_CURVE('',#5927,#5928,#7189,.T.);
#4061=EDGE_CURVE('',#5928,#5929,#7190,.T.);
#4062=EDGE_CURVE('',#5929,#5794,#7191,.T.);
#4063=EDGE_CURVE('',#5930,#5931,#7192,.T.);
#4064=EDGE_CURVE('',#5930,#5850,#7193,.T.);
#4065=EDGE_CURVE('',#5932,#5849,#7194,.T.);
#4066=EDGE_CURVE('',#5933,#5932,#7195,.T.);
#4067=EDGE_CURVE('',#5933,#5934,#7196,.T.);
#4068=EDGE_CURVE('',#5934,#5935,#7197,.T.);
#4069=EDGE_CURVE('',#5935,#5931,#7198,.T.);
#4070=EDGE_CURVE('',#5797,#5936,#7199,.T.);
#4071=EDGE_CURVE('',#5936,#5937,#7200,.T.);
#4072=EDGE_CURVE('',#5938,#5937,#7201,.T.);
#4073=EDGE_CURVE('',#5939,#5938,#7202,.T.);
#4074=EDGE_CURVE('',#5939,#5940,#7203,.T.);
#4075=EDGE_CURVE('',#5940,#5941,#7204,.T.);
#4076=EDGE_CURVE('',#5941,#5798,#7205,.T.);
#4077=EDGE_CURVE('',#5942,#5943,#7206,.T.);
#4078=EDGE_CURVE('',#5942,#5846,#7207,.T.);
#4079=EDGE_CURVE('',#5944,#5845,#7208,.T.);
#4080=EDGE_CURVE('',#5945,#5944,#7209,.T.);
#4081=EDGE_CURVE('',#5945,#5946,#7210,.T.);
#4082=EDGE_CURVE('',#5946,#5947,#7211,.T.);
#4083=EDGE_CURVE('',#5947,#5943,#7212,.T.);
#4084=EDGE_CURVE('',#5801,#5948,#7213,.T.);
#4085=EDGE_CURVE('',#5948,#5949,#7214,.T.);
#4086=EDGE_CURVE('',#5950,#5949,#7215,.T.);
#4087=EDGE_CURVE('',#5951,#5950,#7216,.T.);
#4088=EDGE_CURVE('',#5951,#5952,#7217,.T.);
#4089=EDGE_CURVE('',#5952,#5953,#7218,.T.);
#4090=EDGE_CURVE('',#5953,#5802,#7219,.T.);
#4091=EDGE_CURVE('',#5954,#5955,#7220,.T.);
#4092=EDGE_CURVE('',#5954,#5842,#7221,.T.);
#4093=EDGE_CURVE('',#5956,#5841,#7222,.T.);
#4094=EDGE_CURVE('',#5957,#5956,#7223,.T.);
#4095=EDGE_CURVE('',#5957,#5958,#7224,.T.);
#4096=EDGE_CURVE('',#5958,#5959,#7225,.T.);
#4097=EDGE_CURVE('',#5959,#5955,#7226,.T.);
#4098=EDGE_CURVE('',#5805,#5960,#7227,.T.);
#4099=EDGE_CURVE('',#5960,#5961,#7228,.T.);
#4100=EDGE_CURVE('',#5962,#5961,#7229,.T.);
#4101=EDGE_CURVE('',#5963,#5962,#7230,.T.);
#4102=EDGE_CURVE('',#5963,#5964,#7231,.T.);
#4103=EDGE_CURVE('',#5964,#5965,#7232,.T.);
#4104=EDGE_CURVE('',#5965,#5806,#7233,.T.);
#4105=EDGE_CURVE('',#5966,#5967,#7234,.T.);
#4106=EDGE_CURVE('',#5966,#5838,#7235,.T.);
#4107=EDGE_CURVE('',#5968,#5837,#7236,.T.);
#4108=EDGE_CURVE('',#5969,#5968,#7237,.T.);
#4109=EDGE_CURVE('',#5969,#5970,#7238,.T.);
#4110=EDGE_CURVE('',#5970,#5971,#7239,.T.);
#4111=EDGE_CURVE('',#5971,#5967,#7240,.T.);
#4112=EDGE_CURVE('',#5809,#5972,#7241,.T.);
#4113=EDGE_CURVE('',#5972,#5973,#7242,.T.);
#4114=EDGE_CURVE('',#5974,#5973,#7243,.T.);
#4115=EDGE_CURVE('',#5975,#5974,#7244,.T.);
#4116=EDGE_CURVE('',#5975,#5976,#7245,.T.);
#4117=EDGE_CURVE('',#5976,#5977,#7246,.T.);
#4118=EDGE_CURVE('',#5977,#5810,#7247,.T.);
#4119=EDGE_CURVE('',#5978,#5979,#7248,.T.);
#4120=EDGE_CURVE('',#5978,#5834,#7249,.T.);
#4121=EDGE_CURVE('',#5980,#5833,#7250,.T.);
#4122=EDGE_CURVE('',#5981,#5980,#7251,.T.);
#4123=EDGE_CURVE('',#5981,#5982,#7252,.T.);
#4124=EDGE_CURVE('',#5982,#5983,#7253,.T.);
#4125=EDGE_CURVE('',#5983,#5979,#7254,.T.);
#4126=EDGE_CURVE('',#5813,#5984,#7255,.T.);
#4127=EDGE_CURVE('',#5984,#5985,#7256,.T.);
#4128=EDGE_CURVE('',#5986,#5985,#7257,.T.);
#4129=EDGE_CURVE('',#5987,#5986,#7258,.T.);
#4130=EDGE_CURVE('',#5987,#5988,#7259,.T.);
#4131=EDGE_CURVE('',#5988,#5989,#7260,.T.);
#4132=EDGE_CURVE('',#5989,#5814,#7261,.T.);
#4133=EDGE_CURVE('',#5867,#5990,#7262,.T.);
#4134=EDGE_CURVE('',#5991,#5990,#7263,.T.);
#4135=EDGE_CURVE('',#5991,#5992,#7264,.T.);
#4136=EDGE_CURVE('',#5993,#5992,#7265,.T.);
#4137=EDGE_CURVE('',#5993,#5994,#7266,.T.);
#4138=EDGE_CURVE('',#5994,#5995,#7267,.T.);
#4139=EDGE_CURVE('',#5995,#5868,#7268,.T.);
#4140=EDGE_CURVE('',#5996,#5997,#7269,.T.);
#4141=EDGE_CURVE('',#5997,#5780,#7270,.T.);
#4142=EDGE_CURVE('',#5998,#5779,#7271,.T.);
#4143=EDGE_CURVE('',#5999,#5998,#7272,.T.);
#4144=EDGE_CURVE('',#5999,#6000,#7273,.T.);
#4145=EDGE_CURVE('',#6000,#6001,#7274,.T.);
#4146=EDGE_CURVE('',#5996,#6001,#7275,.T.);
#4147=EDGE_CURVE('',#5863,#6002,#7276,.T.);
#4148=EDGE_CURVE('',#6003,#6002,#7277,.T.);
#4149=EDGE_CURVE('',#6003,#6004,#7278,.T.);
#4150=EDGE_CURVE('',#6005,#6004,#7279,.T.);
#4151=EDGE_CURVE('',#6005,#6006,#7280,.T.);
#4152=EDGE_CURVE('',#6006,#6007,#7281,.T.);
#4153=EDGE_CURVE('',#6007,#5864,#7282,.T.);
#4154=EDGE_CURVE('',#6008,#6009,#7283,.T.);
#4155=EDGE_CURVE('',#6009,#5784,#7284,.T.);
#4156=EDGE_CURVE('',#6010,#5783,#7285,.T.);
#4157=EDGE_CURVE('',#6011,#6010,#7286,.T.);
#4158=EDGE_CURVE('',#6011,#6012,#7287,.T.);
#4159=EDGE_CURVE('',#6012,#6013,#7288,.T.);
#4160=EDGE_CURVE('',#6008,#6013,#7289,.T.);
#4161=EDGE_CURVE('',#5859,#6014,#7290,.T.);
#4162=EDGE_CURVE('',#6015,#6014,#7291,.T.);
#4163=EDGE_CURVE('',#6015,#6016,#7292,.T.);
#4164=EDGE_CURVE('',#6017,#6016,#7293,.T.);
#4165=EDGE_CURVE('',#6017,#6018,#7294,.T.);
#4166=EDGE_CURVE('',#6018,#6019,#7295,.T.);
#4167=EDGE_CURVE('',#6019,#5860,#7296,.T.);
#4168=EDGE_CURVE('',#6020,#6021,#7297,.T.);
#4169=EDGE_CURVE('',#6021,#5788,#7298,.T.);
#4170=EDGE_CURVE('',#6022,#5787,#7299,.T.);
#4171=EDGE_CURVE('',#6023,#6022,#7300,.T.);
#4172=EDGE_CURVE('',#6023,#6024,#7301,.T.);
#4173=EDGE_CURVE('',#6024,#6025,#7302,.T.);
#4174=EDGE_CURVE('',#6020,#6025,#7303,.T.);
#4175=EDGE_CURVE('',#5855,#6026,#7304,.T.);
#4176=EDGE_CURVE('',#6027,#6026,#7305,.T.);
#4177=EDGE_CURVE('',#6027,#6028,#7306,.T.);
#4178=EDGE_CURVE('',#6029,#6028,#7307,.T.);
#4179=EDGE_CURVE('',#6029,#6030,#7308,.T.);
#4180=EDGE_CURVE('',#6030,#6031,#7309,.T.);
#4181=EDGE_CURVE('',#6031,#5856,#7310,.T.);
#4182=EDGE_CURVE('',#6032,#6033,#7311,.T.);
#4183=EDGE_CURVE('',#6033,#5792,#7312,.T.);
#4184=EDGE_CURVE('',#6034,#5791,#7313,.T.);
#4185=EDGE_CURVE('',#6035,#6034,#7314,.T.);
#4186=EDGE_CURVE('',#6035,#6036,#7315,.T.);
#4187=EDGE_CURVE('',#6036,#6037,#7316,.T.);
#4188=EDGE_CURVE('',#6032,#6037,#7317,.T.);
#4189=EDGE_CURVE('',#5851,#6038,#7318,.T.);
#4190=EDGE_CURVE('',#6039,#6038,#7319,.T.);
#4191=EDGE_CURVE('',#6039,#6040,#7320,.T.);
#4192=EDGE_CURVE('',#6041,#6040,#7321,.T.);
#4193=EDGE_CURVE('',#6041,#6042,#7322,.T.);
#4194=EDGE_CURVE('',#6042,#6043,#7323,.T.);
#4195=EDGE_CURVE('',#6043,#5852,#7324,.T.);
#4196=EDGE_CURVE('',#6044,#6045,#7325,.T.);
#4197=EDGE_CURVE('',#6045,#5796,#7326,.T.);
#4198=EDGE_CURVE('',#6046,#5795,#7327,.T.);
#4199=EDGE_CURVE('',#6047,#6046,#7328,.T.);
#4200=EDGE_CURVE('',#6047,#6048,#7329,.T.);
#4201=EDGE_CURVE('',#6048,#6049,#7330,.T.);
#4202=EDGE_CURVE('',#6044,#6049,#7331,.T.);
#4203=EDGE_CURVE('',#5847,#6050,#7332,.T.);
#4204=EDGE_CURVE('',#6051,#6050,#7333,.T.);
#4205=EDGE_CURVE('',#6051,#6052,#7334,.T.);
#4206=EDGE_CURVE('',#6053,#6052,#7335,.T.);
#4207=EDGE_CURVE('',#6053,#6054,#7336,.T.);
#4208=EDGE_CURVE('',#6054,#6055,#7337,.T.);
#4209=EDGE_CURVE('',#6055,#5848,#7338,.T.);
#4210=EDGE_CURVE('',#6056,#6057,#7339,.T.);
#4211=EDGE_CURVE('',#6057,#5800,#7340,.T.);
#4212=EDGE_CURVE('',#6058,#5799,#7341,.T.);
#4213=EDGE_CURVE('',#6059,#6058,#7342,.T.);
#4214=EDGE_CURVE('',#6059,#6060,#7343,.T.);
#4215=EDGE_CURVE('',#6060,#6061,#7344,.T.);
#4216=EDGE_CURVE('',#6056,#6061,#7345,.T.);
#4217=EDGE_CURVE('',#5843,#6062,#7346,.T.);
#4218=EDGE_CURVE('',#6063,#6062,#7347,.T.);
#4219=EDGE_CURVE('',#6063,#6064,#7348,.T.);
#4220=EDGE_CURVE('',#6065,#6064,#7349,.T.);
#4221=EDGE_CURVE('',#6065,#6066,#7350,.T.);
#4222=EDGE_CURVE('',#6066,#6067,#7351,.T.);
#4223=EDGE_CURVE('',#6067,#5844,#7352,.T.);
#4224=EDGE_CURVE('',#6068,#6069,#7353,.T.);
#4225=EDGE_CURVE('',#6069,#5804,#7354,.T.);
#4226=EDGE_CURVE('',#6070,#5803,#7355,.T.);
#4227=EDGE_CURVE('',#6071,#6070,#7356,.T.);
#4228=EDGE_CURVE('',#6071,#6072,#7357,.T.);
#4229=EDGE_CURVE('',#6072,#6073,#7358,.T.);
#4230=EDGE_CURVE('',#6068,#6073,#7359,.T.);
#4231=EDGE_CURVE('',#5839,#6074,#7360,.T.);
#4232=EDGE_CURVE('',#6075,#6074,#7361,.T.);
#4233=EDGE_CURVE('',#6075,#6076,#7362,.T.);
#4234=EDGE_CURVE('',#6077,#6076,#7363,.T.);
#4235=EDGE_CURVE('',#6077,#6078,#7364,.T.);
#4236=EDGE_CURVE('',#6078,#6079,#7365,.T.);
#4237=EDGE_CURVE('',#6079,#5840,#7366,.T.);
#4238=EDGE_CURVE('',#6080,#6081,#7367,.T.);
#4239=EDGE_CURVE('',#6081,#5808,#7368,.T.);
#4240=EDGE_CURVE('',#6082,#5807,#7369,.T.);
#4241=EDGE_CURVE('',#6083,#6082,#7370,.T.);
#4242=EDGE_CURVE('',#6083,#6084,#7371,.T.);
#4243=EDGE_CURVE('',#6084,#6085,#7372,.T.);
#4244=EDGE_CURVE('',#6080,#6085,#7373,.T.);
#4245=EDGE_CURVE('',#5835,#6086,#7374,.T.);
#4246=EDGE_CURVE('',#6087,#6086,#7375,.T.);
#4247=EDGE_CURVE('',#6087,#6088,#7376,.T.);
#4248=EDGE_CURVE('',#6089,#6088,#7377,.T.);
#4249=EDGE_CURVE('',#6089,#6090,#7378,.T.);
#4250=EDGE_CURVE('',#6090,#6091,#7379,.T.);
#4251=EDGE_CURVE('',#6091,#5836,#7380,.T.);
#4252=EDGE_CURVE('',#6092,#6093,#7381,.T.);
#4253=EDGE_CURVE('',#6093,#5812,#7382,.T.);
#4254=EDGE_CURVE('',#6094,#5811,#7383,.T.);
#4255=EDGE_CURVE('',#6095,#6094,#7384,.T.);
#4256=EDGE_CURVE('',#6095,#6096,#7385,.T.);
#4257=EDGE_CURVE('',#6096,#6097,#7386,.T.);
#4258=EDGE_CURVE('',#6092,#6097,#7387,.T.);
#4259=EDGE_CURVE('',#5831,#6098,#7388,.T.);
#4260=EDGE_CURVE('',#6099,#6098,#7389,.T.);
#4261=EDGE_CURVE('',#6099,#6100,#7390,.T.);
#4262=EDGE_CURVE('',#6101,#6100,#7391,.T.);
#4263=EDGE_CURVE('',#6101,#6102,#7392,.T.);
#4264=EDGE_CURVE('',#6102,#6103,#7393,.T.);
#4265=EDGE_CURVE('',#6103,#5832,#7394,.T.);
#4266=EDGE_CURVE('',#6104,#6105,#7395,.T.);
#4267=EDGE_CURVE('',#6105,#5766,#7396,.T.);
#4268=EDGE_CURVE('',#6106,#5815,#7397,.T.);
#4269=EDGE_CURVE('',#6107,#6106,#7398,.T.);
#4270=EDGE_CURVE('',#6107,#6108,#7399,.T.);
#4271=EDGE_CURVE('',#6108,#6109,#7400,.T.);
#4272=EDGE_CURVE('',#6104,#6109,#7401,.T.);
#4273=EDGE_CURVE('',#5767,#6110,#7402,.T.);
#4274=EDGE_CURVE('',#6110,#5816,#7403,.T.);
#4275=EDGE_CURVE('',#5819,#6111,#7404,.T.);
#4276=EDGE_CURVE('',#6111,#5830,#7405,.T.);
#4277=EDGE_CURVE('',#5829,#5768,#7406,.T.);
#4278=EDGE_CURVE('',#5817,#6112,#7407,.T.);
#4279=EDGE_CURVE('',#6112,#5776,#7408,.T.);
#4280=EDGE_CURVE('',#5822,#5775,#7409,.T.);
#4281=EDGE_CURVE('',#5820,#6113,#7410,.T.);
#4282=EDGE_CURVE('',#6113,#5818,#7411,.T.);
#4283=EDGE_CURVE('',#6104,#5985,#7412,.T.);
#4284=EDGE_CURVE('',#6109,#6114,#7413,.T.);
#4285=EDGE_CURVE('',#6114,#6115,#7414,.T.);
#4286=EDGE_CURVE('',#6115,#6100,#7415,.T.);
#4287=EDGE_CURVE('',#6099,#5979,#7416,.T.);
#4288=EDGE_CURVE('',#5983,#6088,#7417,.T.);
#4289=EDGE_CURVE('',#6087,#5967,#7418,.T.);
#4290=EDGE_CURVE('',#5971,#6076,#7419,.T.);
#4291=EDGE_CURVE('',#6075,#5955,#7420,.T.);
#4292=EDGE_CURVE('',#5959,#6064,#7421,.T.);
#4293=EDGE_CURVE('',#6063,#5943,#7422,.T.);
#4294=EDGE_CURVE('',#5947,#6052,#7423,.T.);
#4295=EDGE_CURVE('',#6051,#5931,#7424,.T.);
#4296=EDGE_CURVE('',#5935,#6040,#7425,.T.);
#4297=EDGE_CURVE('',#6039,#5919,#7426,.T.);
#4298=EDGE_CURVE('',#5923,#6028,#7427,.T.);
#4299=EDGE_CURVE('',#6027,#5907,#7428,.T.);
#4300=EDGE_CURVE('',#5911,#6016,#7429,.T.);
#4301=EDGE_CURVE('',#6015,#5895,#7430,.T.);
#4302=EDGE_CURVE('',#5899,#6004,#7431,.T.);
#4303=EDGE_CURVE('',#6003,#5883,#7432,.T.);
#4304=EDGE_CURVE('',#5887,#5992,#7433,.T.);
#4305=EDGE_CURVE('',#5991,#5871,#7434,.T.);
#4306=EDGE_CURVE('',#5875,#6116,#7435,.T.);
#4307=EDGE_CURVE('',#6116,#6117,#7436,.T.);
#4308=EDGE_CURVE('',#6117,#6118,#7437,.T.);
#4309=EDGE_CURVE('',#6118,#6119,#7438,.T.);
#4310=EDGE_CURVE('',#6119,#6120,#7439,.T.);
#4311=EDGE_CURVE('',#6120,#6121,#7440,.T.);
#4312=EDGE_CURVE('',#6121,#5878,#7441,.T.);
#4313=EDGE_CURVE('',#5996,#5877,#7442,.T.);
#4314=EDGE_CURVE('',#6001,#5890,#7443,.T.);
#4315=EDGE_CURVE('',#6008,#5889,#7444,.T.);
#4316=EDGE_CURVE('',#6013,#5902,#7445,.T.);
#4317=EDGE_CURVE('',#6020,#5901,#7446,.T.);
#4318=EDGE_CURVE('',#6025,#5914,#7447,.T.);
#4319=EDGE_CURVE('',#6032,#5913,#7448,.T.);
#4320=EDGE_CURVE('',#6037,#5926,#7449,.T.);
#4321=EDGE_CURVE('',#6044,#5925,#7450,.T.);
#4322=EDGE_CURVE('',#6049,#5938,#7451,.T.);
#4323=EDGE_CURVE('',#6056,#5937,#7452,.T.);
#4324=EDGE_CURVE('',#6061,#5950,#7453,.T.);
#4325=EDGE_CURVE('',#6068,#5949,#7454,.T.);
#4326=EDGE_CURVE('',#6073,#5962,#7455,.T.);
#4327=EDGE_CURVE('',#6080,#5961,#7456,.T.);
#4328=EDGE_CURVE('',#6085,#5974,#7457,.T.);
#4329=EDGE_CURVE('',#6092,#5973,#7458,.T.);
#4330=EDGE_CURVE('',#6097,#5986,#7459,.T.);
#4331=EDGE_CURVE('',#5998,#5881,#7460,.T.);
#4332=EDGE_CURVE('',#5880,#5999,#7461,.T.);
#4333=EDGE_CURVE('',#6010,#5893,#7462,.T.);
#4334=EDGE_CURVE('',#5892,#6011,#7463,.T.);
#4335=EDGE_CURVE('',#6022,#5905,#7464,.T.);
#4336=EDGE_CURVE('',#5904,#6023,#7465,.T.);
#4337=EDGE_CURVE('',#6034,#5917,#7466,.T.);
#4338=EDGE_CURVE('',#5916,#6035,#7467,.T.);
#4339=EDGE_CURVE('',#6046,#5929,#7468,.T.);
#4340=EDGE_CURVE('',#5928,#6047,#7469,.T.);
#4341=EDGE_CURVE('',#6058,#5941,#7470,.T.);
#4342=EDGE_CURVE('',#5940,#6059,#7471,.T.);
#4343=EDGE_CURVE('',#6070,#5953,#7472,.T.);
#4344=EDGE_CURVE('',#5952,#6071,#7473,.T.);
#4345=EDGE_CURVE('',#6082,#5965,#7474,.T.);
#4346=EDGE_CURVE('',#5964,#6083,#7475,.T.);
#4347=EDGE_CURVE('',#6094,#5977,#7476,.T.);
#4348=EDGE_CURVE('',#5976,#6095,#7477,.T.);
#4349=EDGE_CURVE('',#6106,#5989,#7478,.T.);
#4350=EDGE_CURVE('',#5988,#6107,#7479,.T.);
#4351=EDGE_CURVE('',#6122,#6123,#7480,.T.);
#4352=EDGE_CURVE('',#6123,#6124,#7481,.T.);
#4353=EDGE_CURVE('',#6124,#6125,#7482,.T.);
#4354=EDGE_CURVE('',#6125,#6126,#7483,.T.);
#4355=EDGE_CURVE('',#6126,#6127,#7484,.T.);
#4356=EDGE_CURVE('',#6127,#6128,#7485,.T.);
#4357=EDGE_CURVE('',#6128,#6108,#7486,.T.);
#4358=EDGE_CURVE('',#5987,#6096,#7487,.T.);
#4359=EDGE_CURVE('',#5975,#6084,#7488,.T.);
#4360=EDGE_CURVE('',#5963,#6072,#7489,.T.);
#4361=EDGE_CURVE('',#5951,#6060,#7490,.T.);
#4362=EDGE_CURVE('',#5939,#6048,#7491,.T.);
#4363=EDGE_CURVE('',#5927,#6036,#7492,.T.);
#4364=EDGE_CURVE('',#5915,#6024,#7493,.T.);
#4365=EDGE_CURVE('',#5903,#6012,#7494,.T.);
#4366=EDGE_CURVE('',#5891,#6000,#7495,.T.);
#4367=EDGE_CURVE('',#5879,#6129,#7496,.T.);
#4368=EDGE_CURVE('',#6129,#6130,#7497,.T.);
#4369=EDGE_CURVE('',#6130,#6131,#7498,.T.);
#4370=EDGE_CURVE('',#6131,#6132,#7499,.T.);
#4371=EDGE_CURVE('',#6132,#6133,#7500,.T.);
#4372=EDGE_CURVE('',#6122,#6133,#7501,.T.);
#4373=EDGE_CURVE('',#6124,#6134,#7502,.T.);
#4374=EDGE_CURVE('',#6134,#6135,#73,.F.);
#4375=EDGE_CURVE('',#6135,#6136,#7503,.T.);
#4376=EDGE_CURVE('',#6136,#6137,#74,.F.);
#4377=EDGE_CURVE('',#6137,#6133,#7504,.T.);
#4378=EDGE_CURVE('',#6132,#6138,#7505,.T.);
#4379=EDGE_CURVE('',#6138,#6139,#7506,.T.);
#4380=EDGE_CURVE('',#6139,#6125,#7507,.T.);
#4381=EDGE_CURVE('',#6140,#6118,#7508,.T.);
#4382=EDGE_CURVE('',#6140,#6141,#7509,.T.);
#4383=EDGE_CURVE('',#6119,#6141,#7510,.T.);
#4384=EDGE_CURVE('',#6142,#6143,#7511,.T.);
#4385=EDGE_CURVE('',#6144,#6142,#7512,.T.);
#4386=EDGE_CURVE('',#6144,#6145,#7513,.T.);
#4387=EDGE_CURVE('',#6146,#6145,#7514,.T.);
#4388=EDGE_CURVE('',#6147,#6146,#7515,.T.);
#4389=EDGE_CURVE('',#6148,#6147,#75,.F.);
#4390=EDGE_CURVE('',#5824,#6148,#7516,.T.);
#4391=EDGE_CURVE('',#5823,#6143,#7517,.T.);
#4392=EDGE_CURVE('',#6149,#6150,#7518,.T.);
#4393=EDGE_CURVE('',#6150,#6151,#7519,.T.);
#4394=EDGE_CURVE('',#6151,#6149,#7520,.T.);
#4395=EDGE_CURVE('',#6152,#6131,#7521,.T.);
#4396=EDGE_CURVE('',#6153,#6152,#7522,.T.);
#4397=EDGE_CURVE('',#6153,#6154,#7523,.T.);
#4398=EDGE_CURVE('',#6154,#5774,#7524,.T.);
#4399=EDGE_CURVE('',#6155,#5773,#7525,.T.);
#4400=EDGE_CURVE('',#6138,#6155,#76,.F.);
#4401=EDGE_CURVE('',#6156,#6157,#7526,.T.);
#4402=EDGE_CURVE('',#6158,#6156,#7527,.T.);
#4403=EDGE_CURVE('',#6158,#6159,#7528,.T.);
#4404=EDGE_CURVE('',#6159,#6146,#7529,.T.);
#4405=EDGE_CURVE('',#6145,#6160,#7530,.T.);
#4406=EDGE_CURVE('',#6160,#6161,#7531,.T.);
#4407=EDGE_CURVE('',#6161,#5874,#7532,.T.);
#4408=EDGE_CURVE('',#5994,#5873,#7533,.T.);
#4409=EDGE_CURVE('',#5993,#5886,#7534,.T.);
#4410=EDGE_CURVE('',#6006,#5885,#7535,.T.);
#4411=EDGE_CURVE('',#6005,#5898,#7536,.T.);
#4412=EDGE_CURVE('',#6018,#5897,#7537,.T.);
#4413=EDGE_CURVE('',#6017,#5910,#7538,.T.);
#4414=EDGE_CURVE('',#6030,#5909,#7539,.T.);
#4415=EDGE_CURVE('',#6029,#5922,#7540,.T.);
#4416=EDGE_CURVE('',#6042,#5921,#7541,.T.);
#4417=EDGE_CURVE('',#6041,#5934,#7542,.T.);
#4418=EDGE_CURVE('',#6054,#5933,#7543,.T.);
#4419=EDGE_CURVE('',#6053,#5946,#7544,.T.);
#4420=EDGE_CURVE('',#6066,#5945,#7545,.T.);
#4421=EDGE_CURVE('',#6065,#5958,#7546,.T.);
#4422=EDGE_CURVE('',#6078,#5957,#7547,.T.);
#4423=EDGE_CURVE('',#6077,#5970,#7548,.T.);
#4424=EDGE_CURVE('',#6090,#5969,#7549,.T.);
#4425=EDGE_CURVE('',#6089,#5982,#7550,.T.);
#4426=EDGE_CURVE('',#6102,#5981,#7551,.T.);
#4427=EDGE_CURVE('',#6101,#6162,#7552,.T.);
#4428=EDGE_CURVE('',#6162,#6163,#7553,.T.);
#4429=EDGE_CURVE('',#6163,#6164,#7554,.T.);
#4430=EDGE_CURVE('',#6164,#6165,#7555,.T.);
#4431=EDGE_CURVE('',#6165,#6157,#7556,.T.);
#4432=EDGE_CURVE('',#6140,#6166,#7557,.T.);
#4433=EDGE_CURVE('',#6166,#6167,#7558,.T.);
#4434=EDGE_CURVE('',#6167,#6141,#7559,.T.);
#4435=EDGE_CURVE('',#6121,#6129,#7560,.T.);
#4436=EDGE_CURVE('',#6161,#6116,#7561,.T.);
#4437=EDGE_CURVE('',#6128,#6168,#7562,.T.);
#4438=EDGE_CURVE('',#6169,#6127,#7563,.T.);
#4439=EDGE_CURVE('',#6168,#6169,#7564,.T.);
#4440=EDGE_CURVE('',#6170,#6162,#7565,.T.);
#4441=EDGE_CURVE('',#6171,#6170,#7566,.T.);
#4442=EDGE_CURVE('',#6171,#6163,#7567,.T.);
#4443=EDGE_CURVE('',#6172,#6173,#7568,.T.);
#4444=EDGE_CURVE('',#6173,#6168,#7569,.T.);
#4445=EDGE_CURVE('',#6169,#6174,#7570,.T.);
#4446=EDGE_CURVE('',#6174,#6175,#77,.T.);
#4447=EDGE_CURVE('',#6175,#6176,#7571,.T.);
#4448=EDGE_CURVE('',#6176,#6177,#7572,.T.);
#4449=EDGE_CURVE('',#6177,#6178,#7573,.T.);
#4450=EDGE_CURVE('',#6178,#6179,#7574,.T.);
#4451=EDGE_CURVE('',#6179,#6180,#7575,.T.);
#4452=EDGE_CURVE('',#6180,#6181,#78,.T.);
#4453=EDGE_CURVE('',#6181,#6171,#7576,.T.);
#4454=EDGE_CURVE('',#6170,#6172,#7577,.T.);
#4455=EDGE_CURVE('',#6182,#6183,#7578,.T.);
#4456=EDGE_CURVE('',#6184,#6182,#79,.T.);
#4457=EDGE_CURVE('',#6184,#5827,#7579,.T.);
#4458=EDGE_CURVE('',#5826,#6183,#7580,.T.);
#4459=EDGE_CURVE('',#6185,#6186,#80,.T.);
#4460=EDGE_CURVE('',#6187,#6185,#7581,.T.);
#4461=EDGE_CURVE('',#6187,#5771,#7582,.T.);
#4462=EDGE_CURVE('',#5770,#6186,#7583,.T.);
#4463=EDGE_CURVE('',#6164,#6183,#7584,.T.);
#4464=EDGE_CURVE('',#6188,#5825,#7585,.T.);
#4465=EDGE_CURVE('',#6189,#6188,#81,.T.);
#4466=EDGE_CURVE('',#6165,#6189,#7586,.T.);
#4467=EDGE_CURVE('',#6187,#6126,#7587,.T.);
#4468=EDGE_CURVE('',#6190,#6139,#82,.T.);
#4469=EDGE_CURVE('',#5772,#6190,#7588,.T.);
#4470=EDGE_CURVE('',#6180,#6184,#7589,.T.);
#4471=EDGE_CURVE('',#6179,#6191,#7590,.T.);
#4472=EDGE_CURVE('',#5828,#6191,#7591,.T.);
#4473=EDGE_CURVE('',#6192,#5769,#7592,.T.);
#4474=EDGE_CURVE('',#6176,#6192,#7593,.T.);
#4475=EDGE_CURVE('',#6175,#6186,#7594,.T.);
#4476=EDGE_CURVE('',#6178,#6193,#7595,.T.);
#4477=EDGE_CURVE('',#6191,#6193,#7596,.T.);
#4478=EDGE_CURVE('',#6177,#6194,#7597,.T.);
#4479=EDGE_CURVE('',#6194,#6192,#7598,.T.);
#4480=EDGE_CURVE('',#6193,#6194,#7599,.T.);
#4481=EDGE_CURVE('',#6155,#6190,#7600,.T.);
#4482=EDGE_CURVE('',#6148,#6188,#7601,.T.);
#4483=EDGE_CURVE('',#6147,#6189,#7602,.T.);
#4484=EDGE_CURVE('',#6157,#6195,#7603,.T.);
#4485=EDGE_CURVE('',#6196,#6159,#7604,.T.);
#4486=EDGE_CURVE('',#6197,#6196,#83,.T.);
#4487=EDGE_CURVE('',#6198,#6197,#7605,.T.);
#4488=EDGE_CURVE('',#6195,#6198,#84,.T.);
#4489=EDGE_CURVE('',#5995,#5872,#7606,.T.);
#4490=EDGE_CURVE('',#6007,#5884,#7607,.T.);
#4491=EDGE_CURVE('',#6019,#5896,#7608,.T.);
#4492=EDGE_CURVE('',#6031,#5908,#7609,.T.);
#4493=EDGE_CURVE('',#6043,#5920,#7610,.T.);
#4494=EDGE_CURVE('',#6055,#5932,#7611,.T.);
#4495=EDGE_CURVE('',#6067,#5944,#7612,.T.);
#4496=EDGE_CURVE('',#6079,#5956,#7613,.T.);
#4497=EDGE_CURVE('',#6091,#5968,#7614,.T.);
#4498=EDGE_CURVE('',#6103,#5980,#7615,.T.);
#4499=EDGE_CURVE('',#6199,#6154,#7616,.T.);
#4500=EDGE_CURVE('',#6200,#6199,#85,.T.);
#4501=EDGE_CURVE('',#6201,#6200,#7617,.T.);
#4502=EDGE_CURVE('',#6202,#6201,#7618,.T.);
#4503=EDGE_CURVE('',#6203,#6202,#7619,.T.);
#4504=EDGE_CURVE('',#6204,#6203,#7620,.T.);
#4505=EDGE_CURVE('',#6205,#6204,#7621,.T.);
#4506=EDGE_CURVE('',#6206,#6205,#86,.T.);
#4507=EDGE_CURVE('',#6143,#6206,#7622,.T.);
#4508=EDGE_CURVE('',#6181,#6182,#7623,.T.);
#4509=EDGE_CURVE('',#6174,#6185,#7624,.T.);
#4510=EDGE_CURVE('',#6207,#6206,#7625,.T.);
#4511=EDGE_CURVE('',#6142,#6207,#7626,.T.);
#4512=EDGE_CURVE('',#6208,#6205,#7627,.T.);
#4513=EDGE_CURVE('',#6207,#6208,#87,.T.);
#4514=EDGE_CURVE('',#6209,#6204,#7628,.T.);
#4515=EDGE_CURVE('',#6208,#6209,#7629,.T.);
#4516=EDGE_CURVE('',#6210,#6203,#7630,.T.);
#4517=EDGE_CURVE('',#6209,#6210,#7631,.T.);
#4518=EDGE_CURVE('',#6211,#6202,#7632,.T.);
#4519=EDGE_CURVE('',#6210,#6211,#7633,.T.);
#4520=EDGE_CURVE('',#6212,#6201,#7634,.T.);
#4521=EDGE_CURVE('',#6211,#6212,#7635,.T.);
#4522=EDGE_CURVE('',#6213,#6200,#7636,.T.);
#4523=EDGE_CURVE('',#6212,#6213,#7637,.T.);
#4524=EDGE_CURVE('',#6214,#6199,#7638,.T.);
#4525=EDGE_CURVE('',#6213,#6214,#88,.T.);
#4526=EDGE_CURVE('',#6214,#6153,#7639,.T.);
#4527=EDGE_CURVE('',#6172,#6115,#7640,.T.);
#4528=EDGE_CURVE('',#6173,#6114,#7641,.T.);
#4529=EDGE_CURVE('',#6215,#6117,#7642,.T.);
#4530=EDGE_CURVE('',#6216,#6215,#7643,.T.);
#4531=EDGE_CURVE('',#6216,#6166,#7644,.T.);
#4532=EDGE_CURVE('',#6217,#6160,#7645,.T.);
#4533=EDGE_CURVE('',#6215,#6217,#7646,.T.);
#4534=EDGE_CURVE('',#6217,#6144,#7647,.T.);
#4535=EDGE_CURVE('',#6218,#6130,#7648,.T.);
#4536=EDGE_CURVE('',#6152,#6218,#7649,.T.);
#4537=EDGE_CURVE('',#6219,#6120,#7650,.T.);
#4538=EDGE_CURVE('',#6218,#6219,#7651,.T.);
#4539=EDGE_CURVE('',#6220,#6167,#7652,.T.);
#4540=EDGE_CURVE('',#6219,#6220,#7653,.T.);
#4541=EDGE_CURVE('',#6220,#6216,#7654,.T.);
#4542=EDGE_CURVE('',#6113,#5870,#7655,.T.);
#4543=EDGE_CURVE('',#5990,#5882,#7656,.T.);
#4544=EDGE_CURVE('',#6002,#5894,#7657,.T.);
#4545=EDGE_CURVE('',#6014,#5906,#7658,.T.);
#4546=EDGE_CURVE('',#6026,#5918,#7659,.T.);
#4547=EDGE_CURVE('',#6038,#5930,#7660,.T.);
#4548=EDGE_CURVE('',#6050,#5942,#7661,.T.);
#4549=EDGE_CURVE('',#6062,#5954,#7662,.T.);
#4550=EDGE_CURVE('',#6074,#5966,#7663,.T.);
#4551=EDGE_CURVE('',#6086,#5978,#7664,.T.);
#4552=EDGE_CURVE('',#6098,#6111,#7665,.T.);
#4553=EDGE_CURVE('',#6221,#6195,#7666,.T.);
#4554=EDGE_CURVE('',#6156,#6221,#7667,.T.);
#4555=EDGE_CURVE('',#6222,#6198,#7668,.T.);
#4556=EDGE_CURVE('',#6221,#6222,#89,.T.);
#4557=EDGE_CURVE('',#6223,#6197,#7669,.T.);
#4558=EDGE_CURVE('',#6222,#6223,#7670,.T.);
#4559=EDGE_CURVE('',#6224,#6196,#7671,.T.);
#4560=EDGE_CURVE('',#6223,#6224,#90,.T.);
#4561=EDGE_CURVE('',#6224,#6158,#7672,.T.);
#4562=EDGE_CURVE('',#6123,#6225,#7673,.T.);
#4563=EDGE_CURVE('',#6225,#6134,#7674,.T.);
#4564=EDGE_CURVE('',#6225,#6226,#91,.T.);
#4565=EDGE_CURVE('',#6226,#6135,#7675,.T.);
#4566=EDGE_CURVE('',#6226,#6227,#7676,.T.);
#4567=EDGE_CURVE('',#6227,#6136,#7677,.T.);
#4568=EDGE_CURVE('',#6227,#6228,#92,.T.);
#4569=EDGE_CURVE('',#6228,#6137,#7678,.T.);
#4570=EDGE_CURVE('',#6228,#6122,#7679,.T.);
#4571=EDGE_CURVE('',#6105,#6110,#7680,.T.);
#4572=EDGE_CURVE('',#6093,#5984,#7681,.T.);
#4573=EDGE_CURVE('',#6081,#5972,#7682,.T.);
#4574=EDGE_CURVE('',#6069,#5960,#7683,.T.);
#4575=EDGE_CURVE('',#6057,#5948,#7684,.T.);
#4576=EDGE_CURVE('',#6045,#5936,#7685,.T.);
#4577=EDGE_CURVE('',#6033,#5924,#7686,.T.);
#4578=EDGE_CURVE('',#6021,#5912,#7687,.T.);
#4579=EDGE_CURVE('',#6009,#5900,#7688,.T.);
#4580=EDGE_CURVE('',#5997,#5888,#7689,.T.);
#4581=EDGE_CURVE('',#6112,#5876,#7690,.T.);
#4582=EDGE_CURVE('',#6229,#6150,#7691,.T.);
#4583=EDGE_CURVE('',#6230,#6229,#7692,.T.);
#4584=EDGE_CURVE('',#6230,#6151,#7693,.T.);
#4585=EDGE_CURVE('',#6231,#6149,#7694,.T.);
#4586=EDGE_CURVE('',#6229,#6231,#7695,.T.);
#4587=EDGE_CURVE('',#6231,#6230,#7696,.T.);
#4588=EDGE_CURVE('',#6232,#6233,#7697,.T.);
#4589=EDGE_CURVE('',#6232,#6234,#7698,.T.);
#4590=EDGE_CURVE('',#6235,#6234,#7699,.T.);
#4591=EDGE_CURVE('',#6233,#6235,#7700,.T.);
#4592=EDGE_CURVE('',#6236,#6237,#7701,.T.);
#4593=EDGE_CURVE('',#6236,#6238,#7702,.T.);
#4594=EDGE_CURVE('',#6239,#6238,#7703,.T.);
#4595=EDGE_CURVE('',#6239,#6237,#7704,.T.);
#4596=EDGE_CURVE('',#6240,#6241,#7705,.T.);
#4597=EDGE_CURVE('',#6240,#6242,#7706,.T.);
#4598=EDGE_CURVE('',#6243,#6242,#7707,.T.);
#4599=EDGE_CURVE('',#6243,#6241,#7708,.T.);
#4600=EDGE_CURVE('',#6244,#6245,#7709,.T.);
#4601=EDGE_CURVE('',#6244,#6246,#7710,.T.);
#4602=EDGE_CURVE('',#6247,#6246,#7711,.T.);
#4603=EDGE_CURVE('',#6247,#6245,#7712,.T.);
#4604=EDGE_CURVE('',#6248,#6249,#7713,.T.);
#4605=EDGE_CURVE('',#6248,#6250,#7714,.T.);
#4606=EDGE_CURVE('',#6251,#6250,#7715,.T.);
#4607=EDGE_CURVE('',#6251,#6249,#7716,.T.);
#4608=EDGE_CURVE('',#6252,#6253,#7717,.T.);
#4609=EDGE_CURVE('',#6252,#6254,#7718,.T.);
#4610=EDGE_CURVE('',#6255,#6254,#7719,.T.);
#4611=EDGE_CURVE('',#6255,#6253,#7720,.T.);
#4612=EDGE_CURVE('',#6256,#6257,#7721,.T.);
#4613=EDGE_CURVE('',#6256,#6258,#7722,.T.);
#4614=EDGE_CURVE('',#6259,#6258,#7723,.T.);
#4615=EDGE_CURVE('',#6259,#6257,#7724,.T.);
#4616=EDGE_CURVE('',#6260,#6261,#7725,.T.);
#4617=EDGE_CURVE('',#6260,#6262,#7726,.T.);
#4618=EDGE_CURVE('',#6263,#6262,#7727,.T.);
#4619=EDGE_CURVE('',#6263,#6261,#7728,.T.);
#4620=EDGE_CURVE('',#6264,#6265,#7729,.T.);
#4621=EDGE_CURVE('',#6264,#6266,#7730,.T.);
#4622=EDGE_CURVE('',#6267,#6266,#7731,.T.);
#4623=EDGE_CURVE('',#6267,#6265,#7732,.T.);
#4624=EDGE_CURVE('',#6268,#6269,#7733,.T.);
#4625=EDGE_CURVE('',#6270,#6268,#7734,.T.);
#4626=EDGE_CURVE('',#6270,#6271,#7735,.T.);
#4627=EDGE_CURVE('',#6271,#6269,#7736,.T.);
#4628=EDGE_CURVE('',#6272,#6273,#7737,.T.);
#4629=EDGE_CURVE('',#6274,#6272,#7738,.T.);
#4630=EDGE_CURVE('',#6274,#6275,#7739,.T.);
#4631=EDGE_CURVE('',#6273,#6275,#7740,.T.);
#4632=EDGE_CURVE('',#6276,#6277,#7741,.T.);
#4633=EDGE_CURVE('',#6278,#6276,#7742,.T.);
#4634=EDGE_CURVE('',#6278,#6279,#7743,.T.);
#4635=EDGE_CURVE('',#6277,#6279,#7744,.T.);
#4636=EDGE_CURVE('',#6280,#6281,#7745,.T.);
#4637=EDGE_CURVE('',#6282,#6280,#7746,.T.);
#4638=EDGE_CURVE('',#6282,#6283,#7747,.T.);
#4639=EDGE_CURVE('',#6281,#6283,#7748,.T.);
#4640=EDGE_CURVE('',#6284,#6285,#7749,.T.);
#4641=EDGE_CURVE('',#6286,#6284,#7750,.T.);
#4642=EDGE_CURVE('',#6286,#6287,#7751,.T.);
#4643=EDGE_CURVE('',#6285,#6287,#7752,.T.);
#4644=EDGE_CURVE('',#6288,#6289,#7753,.T.);
#4645=EDGE_CURVE('',#6290,#6288,#7754,.T.);
#4646=EDGE_CURVE('',#6290,#6291,#7755,.T.);
#4647=EDGE_CURVE('',#6289,#6291,#7756,.T.);
#4648=EDGE_CURVE('',#6292,#6293,#7757,.T.);
#4649=EDGE_CURVE('',#6294,#6292,#7758,.T.);
#4650=EDGE_CURVE('',#6294,#6295,#7759,.T.);
#4651=EDGE_CURVE('',#6293,#6295,#7760,.T.);
#4652=EDGE_CURVE('',#6296,#6297,#7761,.T.);
#4653=EDGE_CURVE('',#6298,#6296,#7762,.T.);
#4654=EDGE_CURVE('',#6298,#6299,#7763,.T.);
#4655=EDGE_CURVE('',#6297,#6299,#7764,.T.);
#4656=EDGE_CURVE('',#6300,#6301,#7765,.T.);
#4657=EDGE_CURVE('',#6302,#6300,#7766,.T.);
#4658=EDGE_CURVE('',#6302,#6303,#7767,.T.);
#4659=EDGE_CURVE('',#6301,#6303,#7768,.T.);
#4660=EDGE_CURVE('',#6304,#6305,#7769,.T.);
#4661=EDGE_CURVE('',#6306,#6304,#7770,.T.);
#4662=EDGE_CURVE('',#6306,#6307,#7771,.T.);
#4663=EDGE_CURVE('',#6305,#6307,#7772,.T.);
#4664=EDGE_CURVE('',#6308,#6309,#7773,.T.);
#4665=EDGE_CURVE('',#6308,#6310,#7774,.T.);
#4666=EDGE_CURVE('',#6311,#6310,#7775,.T.);
#4667=EDGE_CURVE('',#6311,#6309,#7776,.T.);
#4668=EDGE_CURVE('',#6312,#6313,#7777,.T.);
#4669=EDGE_CURVE('',#6313,#6233,#7778,.T.);
#4670=EDGE_CURVE('',#6235,#6314,#7779,.T.);
#4671=EDGE_CURVE('',#6314,#6315,#7780,.T.);
#4672=EDGE_CURVE('',#6315,#6316,#7781,.T.);
#4673=EDGE_CURVE('',#6316,#6317,#7782,.T.);
#4674=EDGE_CURVE('',#6317,#6318,#7783,.T.);
#4675=EDGE_CURVE('',#6318,#6319,#7784,.T.);
#4676=EDGE_CURVE('',#6319,#6320,#7785,.T.);
#4677=EDGE_CURVE('',#6320,#6321,#7786,.T.);
#4678=EDGE_CURVE('',#6321,#6274,#7787,.T.);
#4679=EDGE_CURVE('',#6272,#6312,#7788,.T.);
#4680=EDGE_CURVE('',#6322,#6264,#7789,.T.);
#4681=EDGE_CURVE('',#6323,#6322,#7790,.T.);
#4682=EDGE_CURVE('',#6269,#6323,#7791,.T.);
#4683=EDGE_CURVE('',#6324,#6271,#7792,.T.);
#4684=EDGE_CURVE('',#6325,#6324,#7793,.T.);
#4685=EDGE_CURVE('',#6326,#6325,#7794,.T.);
#4686=EDGE_CURVE('',#6327,#6326,#7795,.T.);
#4687=EDGE_CURVE('',#6328,#6327,#7796,.T.);
#4688=EDGE_CURVE('',#6329,#6328,#7797,.T.);
#4689=EDGE_CURVE('',#6330,#6329,#7798,.T.);
#4690=EDGE_CURVE('',#6331,#6330,#7799,.T.);
#4691=EDGE_CURVE('',#6266,#6331,#7800,.T.);
#4692=EDGE_CURVE('',#6332,#6333,#7801,.T.);
#4693=EDGE_CURVE('',#6332,#6334,#7802,.T.);
#4694=EDGE_CURVE('',#6334,#6305,#7803,.T.);
#4695=EDGE_CURVE('',#6307,#6335,#7804,.T.);
#4696=EDGE_CURVE('',#6335,#6336,#7805,.T.);
#4697=EDGE_CURVE('',#6336,#6337,#7806,.T.);
#4698=EDGE_CURVE('',#6337,#6338,#7807,.T.);
#4699=EDGE_CURVE('',#6338,#6333,#7808,.T.);
#4700=EDGE_CURVE('',#6268,#6339,#7809,.T.);
#4701=EDGE_CURVE('',#6339,#6340,#7810,.T.);
#4702=EDGE_CURVE('',#6341,#6340,#7811,.T.);
#4703=EDGE_CURVE('',#6341,#6342,#7812,.T.);
#4704=EDGE_CURVE('',#6342,#6343,#7813,.T.);
#4705=EDGE_CURVE('',#6343,#6344,#7814,.T.);
#4706=EDGE_CURVE('',#6344,#6345,#7815,.T.);
#4707=EDGE_CURVE('',#6345,#6270,#7816,.T.);
#4708=EDGE_CURVE('',#6340,#6332,#7817,.T.);
#4709=EDGE_CURVE('',#6333,#6341,#7818,.T.);
#4710=EDGE_CURVE('',#6346,#6347,#7819,.T.);
#4711=EDGE_CURVE('',#6346,#6348,#7820,.T.);
#4712=EDGE_CURVE('',#6348,#6301,#7821,.T.);
#4713=EDGE_CURVE('',#6303,#6349,#7822,.T.);
#4714=EDGE_CURVE('',#6349,#6350,#7823,.T.);
#4715=EDGE_CURVE('',#6350,#6351,#7824,.T.);
#4716=EDGE_CURVE('',#6351,#6352,#7825,.T.);
#4717=EDGE_CURVE('',#6352,#6347,#7826,.T.);
#4718=EDGE_CURVE('',#6304,#6353,#7827,.T.);
#4719=EDGE_CURVE('',#6353,#6354,#7828,.T.);
#4720=EDGE_CURVE('',#6355,#6354,#7829,.T.);
#4721=EDGE_CURVE('',#6355,#6356,#7830,.T.);
#4722=EDGE_CURVE('',#6356,#6357,#7831,.T.);
#4723=EDGE_CURVE('',#6357,#6358,#7832,.T.);
#4724=EDGE_CURVE('',#6358,#6359,#7833,.T.);
#4725=EDGE_CURVE('',#6359,#6306,#7834,.T.);
#4726=EDGE_CURVE('',#6354,#6346,#7835,.T.);
#4727=EDGE_CURVE('',#6347,#6355,#7836,.T.);
#4728=EDGE_CURVE('',#6360,#6361,#7837,.T.);
#4729=EDGE_CURVE('',#6360,#6362,#7838,.T.);
#4730=EDGE_CURVE('',#6362,#6297,#7839,.T.);
#4731=EDGE_CURVE('',#6299,#6363,#7840,.T.);
#4732=EDGE_CURVE('',#6363,#6364,#7841,.T.);
#4733=EDGE_CURVE('',#6364,#6365,#7842,.T.);
#4734=EDGE_CURVE('',#6365,#6366,#7843,.T.);
#4735=EDGE_CURVE('',#6366,#6361,#7844,.T.);
#4736=EDGE_CURVE('',#6300,#6367,#7845,.T.);
#4737=EDGE_CURVE('',#6367,#6368,#7846,.T.);
#4738=EDGE_CURVE('',#6369,#6368,#7847,.T.);
#4739=EDGE_CURVE('',#6369,#6370,#7848,.T.);
#4740=EDGE_CURVE('',#6370,#6371,#7849,.T.);
#4741=EDGE_CURVE('',#6371,#6372,#7850,.T.);
#4742=EDGE_CURVE('',#6372,#6373,#7851,.T.);
#4743=EDGE_CURVE('',#6373,#6302,#7852,.T.);
#4744=EDGE_CURVE('',#6368,#6360,#7853,.T.);
#4745=EDGE_CURVE('',#6361,#6369,#7854,.T.);
#4746=EDGE_CURVE('',#6374,#6375,#7855,.T.);
#4747=EDGE_CURVE('',#6374,#6376,#7856,.T.);
#4748=EDGE_CURVE('',#6376,#6293,#7857,.T.);
#4749=EDGE_CURVE('',#6295,#6377,#7858,.T.);
#4750=EDGE_CURVE('',#6377,#6378,#7859,.T.);
#4751=EDGE_CURVE('',#6378,#6379,#7860,.T.);
#4752=EDGE_CURVE('',#6379,#6380,#7861,.T.);
#4753=EDGE_CURVE('',#6380,#6375,#7862,.T.);
#4754=EDGE_CURVE('',#6296,#6381,#7863,.T.);
#4755=EDGE_CURVE('',#6381,#6382,#7864,.T.);
#4756=EDGE_CURVE('',#6383,#6382,#7865,.T.);
#4757=EDGE_CURVE('',#6383,#6384,#7866,.T.);
#4758=EDGE_CURVE('',#6384,#6385,#7867,.T.);
#4759=EDGE_CURVE('',#6385,#6386,#7868,.T.);
#4760=EDGE_CURVE('',#6386,#6387,#7869,.T.);
#4761=EDGE_CURVE('',#6387,#6298,#7870,.T.);
#4762=EDGE_CURVE('',#6382,#6374,#7871,.T.);
#4763=EDGE_CURVE('',#6375,#6383,#7872,.T.);
#4764=EDGE_CURVE('',#6388,#6389,#7873,.T.);
#4765=EDGE_CURVE('',#6388,#6390,#7874,.T.);
#4766=EDGE_CURVE('',#6390,#6289,#7875,.T.);
#4767=EDGE_CURVE('',#6291,#6391,#7876,.T.);
#4768=EDGE_CURVE('',#6391,#6392,#7877,.T.);
#4769=EDGE_CURVE('',#6392,#6393,#7878,.T.);
#4770=EDGE_CURVE('',#6393,#6394,#7879,.T.);
#4771=EDGE_CURVE('',#6394,#6389,#7880,.T.);
#4772=EDGE_CURVE('',#6292,#6395,#7881,.T.);
#4773=EDGE_CURVE('',#6395,#6396,#7882,.T.);
#4774=EDGE_CURVE('',#6397,#6396,#7883,.T.);
#4775=EDGE_CURVE('',#6397,#6398,#7884,.T.);
#4776=EDGE_CURVE('',#6398,#6399,#7885,.T.);
#4777=EDGE_CURVE('',#6399,#6400,#7886,.T.);
#4778=EDGE_CURVE('',#6400,#6401,#7887,.T.);
#4779=EDGE_CURVE('',#6401,#6294,#7888,.T.);
#4780=EDGE_CURVE('',#6396,#6388,#7889,.T.);
#4781=EDGE_CURVE('',#6389,#6397,#7890,.T.);
#4782=EDGE_CURVE('',#6402,#6403,#7891,.T.);
#4783=EDGE_CURVE('',#6402,#6404,#7892,.T.);
#4784=EDGE_CURVE('',#6404,#6285,#7893,.T.);
#4785=EDGE_CURVE('',#6287,#6405,#7894,.T.);
#4786=EDGE_CURVE('',#6405,#6406,#7895,.T.);
#4787=EDGE_CURVE('',#6406,#6407,#7896,.T.);
#4788=EDGE_CURVE('',#6407,#6408,#7897,.T.);
#4789=EDGE_CURVE('',#6408,#6403,#7898,.T.);
#4790=EDGE_CURVE('',#6288,#6409,#7899,.T.);
#4791=EDGE_CURVE('',#6409,#6410,#7900,.T.);
#4792=EDGE_CURVE('',#6411,#6410,#7901,.T.);
#4793=EDGE_CURVE('',#6411,#6412,#7902,.T.);
#4794=EDGE_CURVE('',#6412,#6413,#7903,.T.);
#4795=EDGE_CURVE('',#6413,#6414,#7904,.T.);
#4796=EDGE_CURVE('',#6414,#6415,#7905,.T.);
#4797=EDGE_CURVE('',#6415,#6290,#7906,.T.);
#4798=EDGE_CURVE('',#6410,#6402,#7907,.T.);
#4799=EDGE_CURVE('',#6403,#6411,#7908,.T.);
#4800=EDGE_CURVE('',#6416,#6417,#7909,.T.);
#4801=EDGE_CURVE('',#6416,#6418,#7910,.T.);
#4802=EDGE_CURVE('',#6418,#6281,#7911,.T.);
#4803=EDGE_CURVE('',#6283,#6419,#7912,.T.);
#4804=EDGE_CURVE('',#6419,#6420,#7913,.T.);
#4805=EDGE_CURVE('',#6420,#6421,#7914,.T.);
#4806=EDGE_CURVE('',#6421,#6422,#7915,.T.);
#4807=EDGE_CURVE('',#6422,#6417,#7916,.T.);
#4808=EDGE_CURVE('',#6284,#6423,#7917,.T.);
#4809=EDGE_CURVE('',#6423,#6424,#7918,.T.);
#4810=EDGE_CURVE('',#6425,#6424,#7919,.T.);
#4811=EDGE_CURVE('',#6425,#6426,#7920,.T.);
#4812=EDGE_CURVE('',#6426,#6427,#7921,.T.);
#4813=EDGE_CURVE('',#6427,#6428,#7922,.T.);
#4814=EDGE_CURVE('',#6428,#6429,#7923,.T.);
#4815=EDGE_CURVE('',#6429,#6286,#7924,.T.);
#4816=EDGE_CURVE('',#6424,#6416,#7925,.T.);
#4817=EDGE_CURVE('',#6417,#6425,#7926,.T.);
#4818=EDGE_CURVE('',#6430,#6431,#7927,.T.);
#4819=EDGE_CURVE('',#6430,#6432,#7928,.T.);
#4820=EDGE_CURVE('',#6432,#6277,#7929,.T.);
#4821=EDGE_CURVE('',#6279,#6433,#7930,.T.);
#4822=EDGE_CURVE('',#6433,#6434,#7931,.T.);
#4823=EDGE_CURVE('',#6434,#6435,#7932,.T.);
#4824=EDGE_CURVE('',#6435,#6436,#7933,.T.);
#4825=EDGE_CURVE('',#6436,#6431,#7934,.T.);
#4826=EDGE_CURVE('',#6280,#6437,#7935,.T.);
#4827=EDGE_CURVE('',#6437,#6438,#7936,.T.);
#4828=EDGE_CURVE('',#6439,#6438,#7937,.T.);
#4829=EDGE_CURVE('',#6439,#6440,#7938,.T.);
#4830=EDGE_CURVE('',#6440,#6441,#7939,.T.);
#4831=EDGE_CURVE('',#6441,#6442,#7940,.T.);
#4832=EDGE_CURVE('',#6442,#6443,#7941,.T.);
#4833=EDGE_CURVE('',#6443,#6282,#7942,.T.);
#4834=EDGE_CURVE('',#6438,#6430,#7943,.T.);
#4835=EDGE_CURVE('',#6431,#6439,#7944,.T.);
#4836=EDGE_CURVE('',#6444,#6445,#7945,.T.);
#4837=EDGE_CURVE('',#6445,#6446,#7946,.T.);
#4838=EDGE_CURVE('',#6446,#6447,#7947,.T.);
#4839=EDGE_CURVE('',#6447,#6444,#7948,.T.);
#4840=EDGE_CURVE('',#6446,#6448,#7949,.T.);
#4841=EDGE_CURVE('',#6448,#6273,#7950,.T.);
#4842=EDGE_CURVE('',#6275,#6449,#7951,.T.);
#4843=EDGE_CURVE('',#6449,#6450,#7952,.T.);
#4844=EDGE_CURVE('',#6450,#6451,#7953,.T.);
#4845=EDGE_CURVE('',#6451,#6452,#7954,.T.);
#4846=EDGE_CURVE('',#6452,#6447,#7955,.T.);
#4847=EDGE_CURVE('',#6276,#6453,#7956,.T.);
#4848=EDGE_CURVE('',#6453,#6445,#7957,.T.);
#4849=EDGE_CURVE('',#6444,#6454,#7958,.T.);
#4850=EDGE_CURVE('',#6454,#6455,#7959,.T.);
#4851=EDGE_CURVE('',#6455,#6456,#7960,.T.);
#4852=EDGE_CURVE('',#6456,#6457,#7961,.T.);
#4853=EDGE_CURVE('',#6457,#6278,#7962,.T.);
#4854=EDGE_CURVE('',#6458,#6308,#7963,.T.);
#4855=EDGE_CURVE('',#6459,#6458,#7964,.T.);
#4856=EDGE_CURVE('',#6459,#6460,#7965,.T.);
#4857=EDGE_CURVE('',#6461,#6460,#7966,.T.);
#4858=EDGE_CURVE('',#6462,#6461,#7967,.T.);
#4859=EDGE_CURVE('',#6463,#6462,#7968,.T.);
#4860=EDGE_CURVE('',#6464,#6463,#7969,.T.);
#4861=EDGE_CURVE('',#6310,#6464,#7970,.T.);
#4862=EDGE_CURVE('',#6265,#6465,#7971,.T.);
#4863=EDGE_CURVE('',#6466,#6267,#7972,.T.);
#4864=EDGE_CURVE('',#6467,#6466,#7973,.T.);
#4865=EDGE_CURVE('',#6468,#6467,#7974,.T.);
#4866=EDGE_CURVE('',#6469,#6468,#7975,.T.);
#4867=EDGE_CURVE('',#6470,#6469,#7976,.T.);
#4868=EDGE_CURVE('',#6470,#6471,#7977,.T.);
#4869=EDGE_CURVE('',#6465,#6471,#7978,.T.);
#4870=EDGE_CURVE('',#6471,#6459,#7979,.T.);
#4871=EDGE_CURVE('',#6460,#6470,#7980,.T.);
#4872=EDGE_CURVE('',#6472,#6260,#7981,.T.);
#4873=EDGE_CURVE('',#6473,#6472,#7982,.T.);
#4874=EDGE_CURVE('',#6473,#6474,#7983,.T.);
#4875=EDGE_CURVE('',#6475,#6474,#7984,.T.);
#4876=EDGE_CURVE('',#6476,#6475,#7985,.T.);
#4877=EDGE_CURVE('',#6477,#6476,#7986,.T.);
#4878=EDGE_CURVE('',#6478,#6477,#7987,.T.);
#4879=EDGE_CURVE('',#6262,#6478,#7988,.T.);
#4880=EDGE_CURVE('',#6309,#6479,#7989,.T.);
#4881=EDGE_CURVE('',#6480,#6311,#7990,.T.);
#4882=EDGE_CURVE('',#6481,#6480,#7991,.T.);
#4883=EDGE_CURVE('',#6482,#6481,#7992,.T.);
#4884=EDGE_CURVE('',#6483,#6482,#7993,.T.);
#4885=EDGE_CURVE('',#6484,#6483,#7994,.T.);
#4886=EDGE_CURVE('',#6484,#6485,#7995,.T.);
#4887=EDGE_CURVE('',#6479,#6485,#7996,.T.);
#4888=EDGE_CURVE('',#6485,#6473,#7997,.T.);
#4889=EDGE_CURVE('',#6474,#6484,#7998,.T.);
#4890=EDGE_CURVE('',#6486,#6256,#7999,.T.);
#4891=EDGE_CURVE('',#6487,#6486,#8000,.T.);
#4892=EDGE_CURVE('',#6487,#6488,#8001,.T.);
#4893=EDGE_CURVE('',#6489,#6488,#8002,.T.);
#4894=EDGE_CURVE('',#6490,#6489,#8003,.T.);
#4895=EDGE_CURVE('',#6491,#6490,#8004,.T.);
#4896=EDGE_CURVE('',#6492,#6491,#8005,.T.);
#4897=EDGE_CURVE('',#6258,#6492,#8006,.T.);
#4898=EDGE_CURVE('',#6261,#6493,#8007,.T.);
#4899=EDGE_CURVE('',#6494,#6263,#8008,.T.);
#4900=EDGE_CURVE('',#6495,#6494,#8009,.T.);
#4901=EDGE_CURVE('',#6496,#6495,#8010,.T.);
#4902=EDGE_CURVE('',#6497,#6496,#8011,.T.);
#4903=EDGE_CURVE('',#6498,#6497,#8012,.T.);
#4904=EDGE_CURVE('',#6498,#6499,#8013,.T.);
#4905=EDGE_CURVE('',#6493,#6499,#8014,.T.);
#4906=EDGE_CURVE('',#6499,#6487,#8015,.T.);
#4907=EDGE_CURVE('',#6488,#6498,#8016,.T.);
#4908=EDGE_CURVE('',#6500,#6252,#8017,.T.);
#4909=EDGE_CURVE('',#6501,#6500,#8018,.T.);
#4910=EDGE_CURVE('',#6501,#6502,#8019,.T.);
#4911=EDGE_CURVE('',#6503,#6502,#8020,.T.);
#4912=EDGE_CURVE('',#6504,#6503,#8021,.T.);
#4913=EDGE_CURVE('',#6505,#6504,#8022,.T.);
#4914=EDGE_CURVE('',#6506,#6505,#8023,.T.);
#4915=EDGE_CURVE('',#6254,#6506,#8024,.T.);
#4916=EDGE_CURVE('',#6257,#6507,#8025,.T.);
#4917=EDGE_CURVE('',#6508,#6259,#8026,.T.);
#4918=EDGE_CURVE('',#6509,#6508,#8027,.T.);
#4919=EDGE_CURVE('',#6510,#6509,#8028,.T.);
#4920=EDGE_CURVE('',#6511,#6510,#8029,.T.);
#4921=EDGE_CURVE('',#6512,#6511,#8030,.T.);
#4922=EDGE_CURVE('',#6512,#6513,#8031,.T.);
#4923=EDGE_CURVE('',#6507,#6513,#8032,.T.);
#4924=EDGE_CURVE('',#6513,#6501,#8033,.T.);
#4925=EDGE_CURVE('',#6502,#6512,#8034,.T.);
#4926=EDGE_CURVE('',#6514,#6248,#8035,.T.);
#4927=EDGE_CURVE('',#6515,#6514,#8036,.T.);
#4928=EDGE_CURVE('',#6515,#6516,#8037,.T.);
#4929=EDGE_CURVE('',#6517,#6516,#8038,.T.);
#4930=EDGE_CURVE('',#6518,#6517,#8039,.T.);
#4931=EDGE_CURVE('',#6519,#6518,#8040,.T.);
#4932=EDGE_CURVE('',#6520,#6519,#8041,.T.);
#4933=EDGE_CURVE('',#6250,#6520,#8042,.T.);
#4934=EDGE_CURVE('',#6253,#6521,#8043,.T.);
#4935=EDGE_CURVE('',#6522,#6255,#8044,.T.);
#4936=EDGE_CURVE('',#6523,#6522,#8045,.T.);
#4937=EDGE_CURVE('',#6524,#6523,#8046,.T.);
#4938=EDGE_CURVE('',#6525,#6524,#8047,.T.);
#4939=EDGE_CURVE('',#6526,#6525,#8048,.T.);
#4940=EDGE_CURVE('',#6526,#6527,#8049,.T.);
#4941=EDGE_CURVE('',#6521,#6527,#8050,.T.);
#4942=EDGE_CURVE('',#6527,#6515,#8051,.T.);
#4943=EDGE_CURVE('',#6516,#6526,#8052,.T.);
#4944=EDGE_CURVE('',#6528,#6244,#8053,.T.);
#4945=EDGE_CURVE('',#6529,#6528,#8054,.T.);
#4946=EDGE_CURVE('',#6529,#6530,#8055,.T.);
#4947=EDGE_CURVE('',#6531,#6530,#8056,.T.);
#4948=EDGE_CURVE('',#6532,#6531,#8057,.T.);
#4949=EDGE_CURVE('',#6533,#6532,#8058,.T.);
#4950=EDGE_CURVE('',#6534,#6533,#8059,.T.);
#4951=EDGE_CURVE('',#6246,#6534,#8060,.T.);
#4952=EDGE_CURVE('',#6249,#6535,#8061,.T.);
#4953=EDGE_CURVE('',#6536,#6251,#8062,.T.);
#4954=EDGE_CURVE('',#6537,#6536,#8063,.T.);
#4955=EDGE_CURVE('',#6538,#6537,#8064,.T.);
#4956=EDGE_CURVE('',#6539,#6538,#8065,.T.);
#4957=EDGE_CURVE('',#6540,#6539,#8066,.T.);
#4958=EDGE_CURVE('',#6540,#6541,#8067,.T.);
#4959=EDGE_CURVE('',#6535,#6541,#8068,.T.);
#4960=EDGE_CURVE('',#6541,#6529,#8069,.T.);
#4961=EDGE_CURVE('',#6530,#6540,#8070,.T.);
#4962=EDGE_CURVE('',#6542,#6240,#8071,.T.);
#4963=EDGE_CURVE('',#6543,#6542,#8072,.T.);
#4964=EDGE_CURVE('',#6543,#6544,#8073,.T.);
#4965=EDGE_CURVE('',#6545,#6544,#8074,.T.);
#4966=EDGE_CURVE('',#6546,#6545,#8075,.T.);
#4967=EDGE_CURVE('',#6547,#6546,#8076,.T.);
#4968=EDGE_CURVE('',#6548,#6547,#8077,.T.);
#4969=EDGE_CURVE('',#6242,#6548,#8078,.T.);
#4970=EDGE_CURVE('',#6245,#6549,#8079,.T.);
#4971=EDGE_CURVE('',#6550,#6247,#8080,.T.);
#4972=EDGE_CURVE('',#6551,#6550,#8081,.T.);
#4973=EDGE_CURVE('',#6552,#6551,#8082,.T.);
#4974=EDGE_CURVE('',#6553,#6552,#8083,.T.);
#4975=EDGE_CURVE('',#6554,#6553,#8084,.T.);
#4976=EDGE_CURVE('',#6554,#6555,#8085,.T.);
#4977=EDGE_CURVE('',#6549,#6555,#8086,.T.);
#4978=EDGE_CURVE('',#6555,#6543,#8087,.T.);
#4979=EDGE_CURVE('',#6544,#6554,#8088,.T.);
#4980=EDGE_CURVE('',#6556,#6236,#8089,.T.);
#4981=EDGE_CURVE('',#6557,#6556,#8090,.T.);
#4982=EDGE_CURVE('',#6557,#6558,#8091,.T.);
#4983=EDGE_CURVE('',#6559,#6558,#8092,.T.);
#4984=EDGE_CURVE('',#6560,#6559,#8093,.T.);
#4985=EDGE_CURVE('',#6561,#6560,#8094,.T.);
#4986=EDGE_CURVE('',#6562,#6561,#8095,.T.);
#4987=EDGE_CURVE('',#6238,#6562,#8096,.T.);
#4988=EDGE_CURVE('',#6241,#6563,#8097,.T.);
#4989=EDGE_CURVE('',#6564,#6243,#8098,.T.);
#4990=EDGE_CURVE('',#6565,#6564,#8099,.T.);
#4991=EDGE_CURVE('',#6566,#6565,#8100,.T.);
#4992=EDGE_CURVE('',#6567,#6566,#8101,.T.);
#4993=EDGE_CURVE('',#6568,#6567,#8102,.T.);
#4994=EDGE_CURVE('',#6568,#6569,#8103,.T.);
#4995=EDGE_CURVE('',#6563,#6569,#8104,.T.);
#4996=EDGE_CURVE('',#6569,#6557,#8105,.T.);
#4997=EDGE_CURVE('',#6558,#6568,#8106,.T.);
#4998=EDGE_CURVE('',#6570,#6571,#8107,.T.);
#4999=EDGE_CURVE('',#6572,#6570,#8108,.T.);
#5000=EDGE_CURVE('',#6573,#6572,#8109,.T.);
#5001=EDGE_CURVE('',#6571,#6573,#8110,.T.);
#5002=EDGE_CURVE('',#6574,#6232,#8111,.T.);
#5003=EDGE_CURVE('',#6571,#6574,#8112,.T.);
#5004=EDGE_CURVE('',#6575,#6573,#8113,.T.);
#5005=EDGE_CURVE('',#6576,#6575,#8114,.T.);
#5006=EDGE_CURVE('',#6577,#6576,#8115,.T.);
#5007=EDGE_CURVE('',#6578,#6577,#8116,.T.);
#5008=EDGE_CURVE('',#6234,#6578,#8117,.T.);
#5009=EDGE_CURVE('',#6237,#6579,#8118,.T.);
#5010=EDGE_CURVE('',#6580,#6239,#8119,.T.);
#5011=EDGE_CURVE('',#6581,#6580,#8120,.T.);
#5012=EDGE_CURVE('',#6582,#6581,#8121,.T.);
#5013=EDGE_CURVE('',#6583,#6582,#8122,.T.);
#5014=EDGE_CURVE('',#6572,#6583,#8123,.T.);
#5015=EDGE_CURVE('',#6579,#6570,#8124,.T.);
#5016=EDGE_CURVE('',#6314,#6578,#8125,.T.);
#5017=EDGE_CURVE('',#6580,#6562,#8126,.T.);
#5018=EDGE_CURVE('',#6564,#6548,#8127,.T.);
#5019=EDGE_CURVE('',#6550,#6534,#8128,.T.);
#5020=EDGE_CURVE('',#6536,#6520,#8129,.T.);
#5021=EDGE_CURVE('',#6522,#6506,#8130,.T.);
#5022=EDGE_CURVE('',#6508,#6492,#8131,.T.);
#5023=EDGE_CURVE('',#6494,#6478,#8132,.T.);
#5024=EDGE_CURVE('',#6466,#6331,#8133,.T.);
#5025=EDGE_CURVE('',#6315,#6577,#8134,.T.);
#5026=EDGE_CURVE('',#6581,#6561,#8135,.T.);
#5027=EDGE_CURVE('',#6565,#6547,#8136,.T.);
#5028=EDGE_CURVE('',#6551,#6533,#8137,.T.);
#5029=EDGE_CURVE('',#6537,#6519,#8138,.T.);
#5030=EDGE_CURVE('',#6523,#6505,#8139,.T.);
#5031=EDGE_CURVE('',#6509,#6491,#8140,.T.);
#5032=EDGE_CURVE('',#6495,#6477,#8141,.T.);
#5033=EDGE_CURVE('',#6467,#6330,#8142,.T.);
#5034=EDGE_CURVE('',#6316,#6576,#8143,.T.);
#5035=EDGE_CURVE('',#6582,#6560,#8144,.T.);
#5036=EDGE_CURVE('',#6566,#6546,#8145,.T.);
#5037=EDGE_CURVE('',#6552,#6532,#8146,.T.);
#5038=EDGE_CURVE('',#6538,#6518,#8147,.T.);
#5039=EDGE_CURVE('',#6524,#6504,#8148,.T.);
#5040=EDGE_CURVE('',#6510,#6490,#8149,.T.);
#5041=EDGE_CURVE('',#6496,#6476,#8150,.T.);
#5042=EDGE_CURVE('',#6468,#6329,#8151,.T.);
#5043=EDGE_CURVE('',#6317,#6575,#8152,.T.);
#5044=EDGE_CURVE('',#6583,#6559,#8153,.T.);
#5045=EDGE_CURVE('',#6567,#6545,#8154,.T.);
#5046=EDGE_CURVE('',#6553,#6531,#8155,.T.);
#5047=EDGE_CURVE('',#6539,#6517,#8156,.T.);
#5048=EDGE_CURVE('',#6525,#6503,#8157,.T.);
#5049=EDGE_CURVE('',#6511,#6489,#8158,.T.);
#5050=EDGE_CURVE('',#6497,#6475,#8159,.T.);
#5051=EDGE_CURVE('',#6469,#6328,#8160,.T.);
#5052=EDGE_CURVE('',#6483,#6461,#8161,.T.);
#5053=EDGE_CURVE('',#6342,#6327,#8162,.T.);
#5054=EDGE_CURVE('',#6356,#6338,#8163,.T.);
#5055=EDGE_CURVE('',#6370,#6352,#8164,.T.);
#5056=EDGE_CURVE('',#6384,#6366,#8165,.T.);
#5057=EDGE_CURVE('',#6398,#6380,#8166,.T.);
#5058=EDGE_CURVE('',#6412,#6394,#8167,.T.);
#5059=EDGE_CURVE('',#6426,#6408,#8168,.T.);
#5060=EDGE_CURVE('',#6440,#6422,#8169,.T.);
#5061=EDGE_CURVE('',#6454,#6436,#8170,.T.);
#5062=EDGE_CURVE('',#6318,#6452,#8171,.T.);
#5063=EDGE_CURVE('',#6343,#6326,#8172,.T.);
#5064=EDGE_CURVE('',#6319,#6451,#8173,.T.);
#5065=EDGE_CURVE('',#6455,#6435,#8174,.T.);
#5066=EDGE_CURVE('',#6441,#6421,#8175,.T.);
#5067=EDGE_CURVE('',#6427,#6407,#8176,.T.);
#5068=EDGE_CURVE('',#6413,#6393,#8177,.T.);
#5069=EDGE_CURVE('',#6399,#6379,#8178,.T.);
#5070=EDGE_CURVE('',#6385,#6365,#8179,.T.);
#5071=EDGE_CURVE('',#6371,#6351,#8180,.T.);
#5072=EDGE_CURVE('',#6357,#6337,#8181,.T.);
#5073=EDGE_CURVE('',#6344,#6325,#8182,.T.);
#5074=EDGE_CURVE('',#6320,#6450,#8183,.T.);
#5075=EDGE_CURVE('',#6456,#6434,#8184,.T.);
#5076=EDGE_CURVE('',#6442,#6420,#8185,.T.);
#5077=EDGE_CURVE('',#6428,#6406,#8186,.T.);
#5078=EDGE_CURVE('',#6414,#6392,#8187,.T.);
#5079=EDGE_CURVE('',#6400,#6378,#8188,.T.);
#5080=EDGE_CURVE('',#6386,#6364,#8189,.T.);
#5081=EDGE_CURVE('',#6372,#6350,#8190,.T.);
#5082=EDGE_CURVE('',#6358,#6336,#8191,.T.);
#5083=EDGE_CURVE('',#6345,#6324,#8192,.T.);
#5084=EDGE_CURVE('',#6321,#6449,#8193,.T.);
#5085=EDGE_CURVE('',#6457,#6433,#8194,.T.);
#5086=EDGE_CURVE('',#6443,#6419,#8195,.T.);
#5087=EDGE_CURVE('',#6429,#6405,#8196,.T.);
#5088=EDGE_CURVE('',#6415,#6391,#8197,.T.);
#5089=EDGE_CURVE('',#6401,#6377,#8198,.T.);
#5090=EDGE_CURVE('',#6387,#6363,#8199,.T.);
#5091=EDGE_CURVE('',#6373,#6349,#8200,.T.);
#5092=EDGE_CURVE('',#6359,#6335,#8201,.T.);
#5093=EDGE_CURVE('',#6480,#6464,#8202,.T.);
#5094=EDGE_CURVE('',#6481,#6463,#8203,.T.);
#5095=EDGE_CURVE('',#6482,#6462,#8204,.T.);
#5096=EDGE_CURVE('',#6339,#6323,#8205,.T.);
#5097=EDGE_CURVE('',#6353,#6334,#8206,.T.);
#5098=EDGE_CURVE('',#6367,#6348,#8207,.T.);
#5099=EDGE_CURVE('',#6381,#6362,#8208,.T.);
#5100=EDGE_CURVE('',#6395,#6376,#8209,.T.);
#5101=EDGE_CURVE('',#6409,#6390,#8210,.T.);
#5102=EDGE_CURVE('',#6423,#6404,#8211,.T.);
#5103=EDGE_CURVE('',#6437,#6418,#8212,.T.);
#5104=EDGE_CURVE('',#6312,#6448,#8213,.T.);
#5105=EDGE_CURVE('',#6465,#6322,#8214,.T.);
#5106=EDGE_CURVE('',#6479,#6458,#8215,.T.);
#5107=EDGE_CURVE('',#6493,#6472,#8216,.T.);
#5108=EDGE_CURVE('',#6507,#6486,#8217,.T.);
#5109=EDGE_CURVE('',#6521,#6500,#8218,.T.);
#5110=EDGE_CURVE('',#6535,#6514,#8219,.T.);
#5111=EDGE_CURVE('',#6549,#6528,#8220,.T.);
#5112=EDGE_CURVE('',#6563,#6542,#8221,.T.);
#5113=EDGE_CURVE('',#6579,#6556,#8222,.T.);
#5114=EDGE_CURVE('',#6453,#6432,#8223,.T.);
#5115=EDGE_CURVE('',#6313,#6574,#8224,.T.);
#5116=EDGE_CURVE('',#6584,#6585,#8225,.T.);
#5117=EDGE_CURVE('',#6586,#6584,#8226,.T.);
#5118=EDGE_CURVE('',#6586,#6587,#8227,.T.);
#5119=EDGE_CURVE('',#6587,#6585,#8228,.T.);
#5120=EDGE_CURVE('',#6588,#6589,#8229,.T.);
#5121=EDGE_CURVE('',#6588,#6590,#8230,.T.);
#5122=EDGE_CURVE('',#6590,#6591,#8231,.T.);
#5123=EDGE_CURVE('',#6591,#6589,#8232,.T.);
#5124=EDGE_CURVE('',#6592,#6593,#8233,.T.);
#5125=EDGE_CURVE('',#6592,#6594,#8234,.T.);
#5126=EDGE_CURVE('',#6594,#6595,#8235,.T.);
#5127=EDGE_CURVE('',#6595,#6593,#8236,.T.);
#5128=EDGE_CURVE('',#6596,#6597,#8237,.T.);
#5129=EDGE_CURVE('',#6596,#6598,#8238,.T.);
#5130=EDGE_CURVE('',#6598,#6599,#8239,.T.);
#5131=EDGE_CURVE('',#6599,#6597,#8240,.T.);
#5132=EDGE_CURVE('',#6600,#6601,#8241,.T.);
#5133=EDGE_CURVE('',#6600,#6602,#8242,.T.);
#5134=EDGE_CURVE('',#6602,#6603,#8243,.T.);
#5135=EDGE_CURVE('',#6603,#6601,#8244,.T.);
#5136=EDGE_CURVE('',#6604,#6605,#8245,.T.);
#5137=EDGE_CURVE('',#6604,#6606,#8246,.T.);
#5138=EDGE_CURVE('',#6606,#6607,#8247,.T.);
#5139=EDGE_CURVE('',#6607,#6605,#8248,.T.);
#5140=EDGE_CURVE('',#6608,#6609,#8249,.T.);
#5141=EDGE_CURVE('',#6608,#6610,#8250,.T.);
#5142=EDGE_CURVE('',#6610,#6611,#8251,.T.);
#5143=EDGE_CURVE('',#6611,#6609,#8252,.T.);
#5144=EDGE_CURVE('',#6612,#6613,#8253,.T.);
#5145=EDGE_CURVE('',#6612,#6614,#8254,.T.);
#5146=EDGE_CURVE('',#6614,#6615,#8255,.T.);
#5147=EDGE_CURVE('',#6615,#6613,#8256,.T.);
#5148=EDGE_CURVE('',#6616,#6617,#8257,.T.);
#5149=EDGE_CURVE('',#6616,#6618,#8258,.T.);
#5150=EDGE_CURVE('',#6618,#6619,#8259,.T.);
#5151=EDGE_CURVE('',#6619,#6617,#8260,.T.);
#5152=EDGE_CURVE('',#6620,#6621,#8261,.T.);
#5153=EDGE_CURVE('',#6620,#6622,#8262,.T.);
#5154=EDGE_CURVE('',#6623,#6622,#8263,.T.);
#5155=EDGE_CURVE('',#6621,#6623,#8264,.T.);
#5156=EDGE_CURVE('',#6624,#6625,#8265,.T.);
#5157=EDGE_CURVE('',#6626,#6624,#8266,.T.);
#5158=EDGE_CURVE('',#6627,#6626,#8267,.T.);
#5159=EDGE_CURVE('',#6625,#6627,#8268,.T.);
#5160=EDGE_CURVE('',#6628,#6629,#8269,.T.);
#5161=EDGE_CURVE('',#6630,#6628,#8270,.T.);
#5162=EDGE_CURVE('',#6631,#6630,#8271,.T.);
#5163=EDGE_CURVE('',#6629,#6631,#8272,.T.);
#5164=EDGE_CURVE('',#6632,#6633,#8273,.T.);
#5165=EDGE_CURVE('',#6634,#6632,#8274,.T.);
#5166=EDGE_CURVE('',#6635,#6634,#8275,.T.);
#5167=EDGE_CURVE('',#6633,#6635,#8276,.T.);
#5168=EDGE_CURVE('',#6636,#6637,#8277,.T.);
#5169=EDGE_CURVE('',#6638,#6636,#8278,.T.);
#5170=EDGE_CURVE('',#6639,#6638,#8279,.T.);
#5171=EDGE_CURVE('',#6637,#6639,#8280,.T.);
#5172=EDGE_CURVE('',#6640,#6641,#8281,.T.);
#5173=EDGE_CURVE('',#6642,#6640,#8282,.T.);
#5174=EDGE_CURVE('',#6643,#6642,#8283,.T.);
#5175=EDGE_CURVE('',#6641,#6643,#8284,.T.);
#5176=EDGE_CURVE('',#6644,#6645,#8285,.T.);
#5177=EDGE_CURVE('',#6646,#6644,#8286,.T.);
#5178=EDGE_CURVE('',#6647,#6646,#8287,.T.);
#5179=EDGE_CURVE('',#6645,#6647,#8288,.T.);
#5180=EDGE_CURVE('',#6648,#6649,#8289,.T.);
#5181=EDGE_CURVE('',#6650,#6648,#8290,.T.);
#5182=EDGE_CURVE('',#6651,#6650,#8291,.T.);
#5183=EDGE_CURVE('',#6649,#6651,#8292,.T.);
#5184=EDGE_CURVE('',#6652,#6653,#8293,.T.);
#5185=EDGE_CURVE('',#6654,#6652,#8294,.T.);
#5186=EDGE_CURVE('',#6655,#6654,#8295,.T.);
#5187=EDGE_CURVE('',#6653,#6655,#8296,.T.);
#5188=EDGE_CURVE('',#6656,#6657,#8297,.T.);
#5189=EDGE_CURVE('',#6658,#6656,#8298,.T.);
#5190=EDGE_CURVE('',#6659,#6658,#8299,.T.);
#5191=EDGE_CURVE('',#6657,#6659,#8300,.T.);
#5192=EDGE_CURVE('',#6660,#6661,#8301,.T.);
#5193=EDGE_CURVE('',#6660,#6662,#8302,.T.);
#5194=EDGE_CURVE('',#6662,#6663,#8303,.T.);
#5195=EDGE_CURVE('',#6663,#6661,#8304,.T.);
#5196=EDGE_CURVE('',#6664,#6665,#8305,.T.);
#5197=EDGE_CURVE('',#6665,#6625,#8306,.T.);
#5198=EDGE_CURVE('',#6627,#6666,#93,.T.);
#5199=EDGE_CURVE('',#6666,#6667,#8307,.T.);
#5200=EDGE_CURVE('',#6667,#6668,#8308,.T.);
#5201=EDGE_CURVE('',#6668,#6669,#8309,.T.);
#5202=EDGE_CURVE('',#6669,#6670,#8310,.T.);
#5203=EDGE_CURVE('',#6670,#6671,#8311,.T.);
#5204=EDGE_CURVE('',#6671,#6672,#8312,.T.);
#5205=EDGE_CURVE('',#6672,#6673,#8313,.T.);
#5206=EDGE_CURVE('',#6673,#6674,#8314,.T.);
#5207=EDGE_CURVE('',#6674,#6675,#8315,.T.);
#5208=EDGE_CURVE('',#6675,#6676,#8316,.T.);
#5209=EDGE_CURVE('',#6676,#6677,#8317,.T.);
#5210=EDGE_CURVE('',#6677,#6586,#94,.T.);
#5211=EDGE_CURVE('',#6584,#6664,#8318,.T.);
#5212=EDGE_CURVE('',#6678,#6620,#8319,.T.);
#5213=EDGE_CURVE('',#6679,#6678,#8320,.T.);
#5214=EDGE_CURVE('',#6617,#6679,#8321,.T.);
#5215=EDGE_CURVE('',#6680,#6619,#95,.T.);
#5216=EDGE_CURVE('',#6681,#6680,#8322,.T.);
#5217=EDGE_CURVE('',#6682,#6681,#8323,.T.);
#5218=EDGE_CURVE('',#6683,#6682,#8324,.T.);
#5219=EDGE_CURVE('',#6684,#6683,#8325,.T.);
#5220=EDGE_CURVE('',#6685,#6684,#8326,.T.);
#5221=EDGE_CURVE('',#6686,#6685,#8327,.T.);
#5222=EDGE_CURVE('',#6687,#6686,#8328,.T.);
#5223=EDGE_CURVE('',#6688,#6687,#8329,.T.);
#5224=EDGE_CURVE('',#6689,#6688,#8330,.T.);
#5225=EDGE_CURVE('',#6690,#6689,#8331,.T.);
#5226=EDGE_CURVE('',#6691,#6690,#8332,.T.);
#5227=EDGE_CURVE('',#6622,#6691,#96,.T.);
#5228=EDGE_CURVE('',#6656,#6692,#8333,.T.);
#5229=EDGE_CURVE('',#6692,#6693,#8334,.T.);
#5230=EDGE_CURVE('',#6694,#6693,#8335,.T.);
#5231=EDGE_CURVE('',#6694,#6695,#8336,.T.);
#5232=EDGE_CURVE('',#6695,#6696,#8337,.T.);
#5233=EDGE_CURVE('',#6696,#6697,#8338,.T.);
#5234=EDGE_CURVE('',#6697,#6698,#8339,.T.);
#5235=EDGE_CURVE('',#6698,#6699,#8340,.T.);
#5236=EDGE_CURVE('',#6699,#6700,#8341,.T.);
#5237=EDGE_CURVE('',#6700,#6658,#97,.T.);
#5238=EDGE_CURVE('',#6701,#6702,#8342,.T.);
#5239=EDGE_CURVE('',#6702,#6621,#8343,.T.);
#5240=EDGE_CURVE('',#6623,#6703,#98,.T.);
#5241=EDGE_CURVE('',#6703,#6704,#8344,.T.);
#5242=EDGE_CURVE('',#6704,#6705,#8345,.T.);
#5243=EDGE_CURVE('',#6705,#6706,#8346,.T.);
#5244=EDGE_CURVE('',#6706,#6707,#8347,.T.);
#5245=EDGE_CURVE('',#6707,#6708,#8348,.T.);
#5246=EDGE_CURVE('',#6708,#6709,#8349,.T.);
#5247=EDGE_CURVE('',#6701,#6709,#8350,.T.);
#5248=EDGE_CURVE('',#6693,#6701,#8351,.T.);
#5249=EDGE_CURVE('',#6709,#6694,#8352,.T.);
#5250=EDGE_CURVE('',#6652,#6710,#8353,.T.);
#5251=EDGE_CURVE('',#6710,#6711,#8354,.T.);
#5252=EDGE_CURVE('',#6712,#6711,#8355,.T.);
#5253=EDGE_CURVE('',#6712,#6713,#8356,.T.);
#5254=EDGE_CURVE('',#6713,#6714,#8357,.T.);
#5255=EDGE_CURVE('',#6714,#6715,#8358,.T.);
#5256=EDGE_CURVE('',#6715,#6716,#8359,.T.);
#5257=EDGE_CURVE('',#6716,#6717,#8360,.T.);
#5258=EDGE_CURVE('',#6717,#6718,#8361,.T.);
#5259=EDGE_CURVE('',#6718,#6654,#99,.T.);
#5260=EDGE_CURVE('',#6719,#6720,#8362,.T.);
#5261=EDGE_CURVE('',#6720,#6657,#8363,.T.);
#5262=EDGE_CURVE('',#6659,#6721,#100,.T.);
#5263=EDGE_CURVE('',#6721,#6722,#8364,.T.);
#5264=EDGE_CURVE('',#6722,#6723,#8365,.T.);
#5265=EDGE_CURVE('',#6723,#6724,#8366,.T.);
#5266=EDGE_CURVE('',#6724,#6725,#8367,.T.);
#5267=EDGE_CURVE('',#6725,#6726,#8368,.T.);
#5268=EDGE_CURVE('',#6726,#6727,#8369,.T.);
#5269=EDGE_CURVE('',#6719,#6727,#8370,.T.);
#5270=EDGE_CURVE('',#6711,#6719,#8371,.T.);
#5271=EDGE_CURVE('',#6727,#6712,#8372,.T.);
#5272=EDGE_CURVE('',#6648,#6728,#8373,.T.);
#5273=EDGE_CURVE('',#6728,#6729,#8374,.T.);
#5274=EDGE_CURVE('',#6730,#6729,#8375,.T.);
#5275=EDGE_CURVE('',#6730,#6731,#8376,.T.);
#5276=EDGE_CURVE('',#6731,#6732,#8377,.T.);
#5277=EDGE_CURVE('',#6732,#6733,#8378,.T.);
#5278=EDGE_CURVE('',#6733,#6734,#8379,.T.);
#5279=EDGE_CURVE('',#6734,#6735,#8380,.T.);
#5280=EDGE_CURVE('',#6735,#6736,#8381,.T.);
#5281=EDGE_CURVE('',#6736,#6650,#101,.T.);
#5282=EDGE_CURVE('',#6737,#6738,#8382,.T.);
#5283=EDGE_CURVE('',#6738,#6653,#8383,.T.);
#5284=EDGE_CURVE('',#6655,#6739,#102,.T.);
#5285=EDGE_CURVE('',#6739,#6740,#8384,.T.);
#5286=EDGE_CURVE('',#6740,#6741,#8385,.T.);
#5287=EDGE_CURVE('',#6741,#6742,#8386,.T.);
#5288=EDGE_CURVE('',#6742,#6743,#8387,.T.);
#5289=EDGE_CURVE('',#6743,#6744,#8388,.T.);
#5290=EDGE_CURVE('',#6744,#6745,#8389,.T.);
#5291=EDGE_CURVE('',#6737,#6745,#8390,.T.);
#5292=EDGE_CURVE('',#6729,#6737,#8391,.T.);
#5293=EDGE_CURVE('',#6745,#6730,#8392,.T.);
#5294=EDGE_CURVE('',#6644,#6746,#8393,.T.);
#5295=EDGE_CURVE('',#6746,#6747,#8394,.T.);
#5296=EDGE_CURVE('',#6748,#6747,#8395,.T.);
#5297=EDGE_CURVE('',#6748,#6749,#8396,.T.);
#5298=EDGE_CURVE('',#6749,#6750,#8397,.T.);
#5299=EDGE_CURVE('',#6750,#6751,#8398,.T.);
#5300=EDGE_CURVE('',#6751,#6752,#8399,.T.);
#5301=EDGE_CURVE('',#6752,#6753,#8400,.T.);
#5302=EDGE_CURVE('',#6753,#6754,#8401,.T.);
#5303=EDGE_CURVE('',#6754,#6646,#103,.T.);
#5304=EDGE_CURVE('',#6755,#6756,#8402,.T.);
#5305=EDGE_CURVE('',#6756,#6649,#8403,.T.);
#5306=EDGE_CURVE('',#6651,#6757,#104,.T.);
#5307=EDGE_CURVE('',#6757,#6758,#8404,.T.);
#5308=EDGE_CURVE('',#6758,#6759,#8405,.T.);
#5309=EDGE_CURVE('',#6759,#6760,#8406,.T.);
#5310=EDGE_CURVE('',#6760,#6761,#8407,.T.);
#5311=EDGE_CURVE('',#6761,#6762,#8408,.T.);
#5312=EDGE_CURVE('',#6762,#6763,#8409,.T.);
#5313=EDGE_CURVE('',#6755,#6763,#8410,.T.);
#5314=EDGE_CURVE('',#6747,#6755,#8411,.T.);
#5315=EDGE_CURVE('',#6763,#6748,#8412,.T.);
#5316=EDGE_CURVE('',#6640,#6764,#8413,.T.);
#5317=EDGE_CURVE('',#6764,#6765,#8414,.T.);
#5318=EDGE_CURVE('',#6766,#6765,#8415,.T.);
#5319=EDGE_CURVE('',#6766,#6767,#8416,.T.);
#5320=EDGE_CURVE('',#6767,#6768,#8417,.T.);
#5321=EDGE_CURVE('',#6768,#6769,#8418,.T.);
#5322=EDGE_CURVE('',#6769,#6770,#8419,.T.);
#5323=EDGE_CURVE('',#6770,#6771,#8420,.T.);
#5324=EDGE_CURVE('',#6771,#6772,#8421,.T.);
#5325=EDGE_CURVE('',#6772,#6642,#105,.T.);
#5326=EDGE_CURVE('',#6773,#6774,#8422,.T.);
#5327=EDGE_CURVE('',#6774,#6645,#8423,.T.);
#5328=EDGE_CURVE('',#6647,#6775,#106,.T.);
#5329=EDGE_CURVE('',#6775,#6776,#8424,.T.);
#5330=EDGE_CURVE('',#6776,#6777,#8425,.T.);
#5331=EDGE_CURVE('',#6777,#6778,#8426,.T.);
#5332=EDGE_CURVE('',#6778,#6779,#8427,.T.);
#5333=EDGE_CURVE('',#6779,#6780,#8428,.T.);
#5334=EDGE_CURVE('',#6780,#6781,#8429,.T.);
#5335=EDGE_CURVE('',#6773,#6781,#8430,.T.);
#5336=EDGE_CURVE('',#6765,#6773,#8431,.T.);
#5337=EDGE_CURVE('',#6781,#6766,#8432,.T.);
#5338=EDGE_CURVE('',#6636,#6782,#8433,.T.);
#5339=EDGE_CURVE('',#6782,#6783,#8434,.T.);
#5340=EDGE_CURVE('',#6784,#6783,#8435,.T.);
#5341=EDGE_CURVE('',#6784,#6785,#8436,.T.);
#5342=EDGE_CURVE('',#6785,#6786,#8437,.T.);
#5343=EDGE_CURVE('',#6786,#6787,#8438,.T.);
#5344=EDGE_CURVE('',#6787,#6788,#8439,.T.);
#5345=EDGE_CURVE('',#6788,#6789,#8440,.T.);
#5346=EDGE_CURVE('',#6789,#6790,#8441,.T.);
#5347=EDGE_CURVE('',#6790,#6638,#107,.T.);
#5348=EDGE_CURVE('',#6791,#6792,#8442,.T.);
#5349=EDGE_CURVE('',#6792,#6641,#8443,.T.);
#5350=EDGE_CURVE('',#6643,#6793,#108,.T.);
#5351=EDGE_CURVE('',#6793,#6794,#8444,.T.);
#5352=EDGE_CURVE('',#6794,#6795,#8445,.T.);
#5353=EDGE_CURVE('',#6795,#6796,#8446,.T.);
#5354=EDGE_CURVE('',#6796,#6797,#8447,.T.);
#5355=EDGE_CURVE('',#6797,#6798,#8448,.T.);
#5356=EDGE_CURVE('',#6798,#6799,#8449,.T.);
#5357=EDGE_CURVE('',#6791,#6799,#8450,.T.);
#5358=EDGE_CURVE('',#6783,#6791,#8451,.T.);
#5359=EDGE_CURVE('',#6799,#6784,#8452,.T.);
#5360=EDGE_CURVE('',#6632,#6800,#8453,.T.);
#5361=EDGE_CURVE('',#6800,#6801,#8454,.T.);
#5362=EDGE_CURVE('',#6802,#6801,#8455,.T.);
#5363=EDGE_CURVE('',#6802,#6803,#8456,.T.);
#5364=EDGE_CURVE('',#6803,#6804,#8457,.T.);
#5365=EDGE_CURVE('',#6804,#6805,#8458,.T.);
#5366=EDGE_CURVE('',#6805,#6806,#8459,.T.);
#5367=EDGE_CURVE('',#6806,#6807,#8460,.T.);
#5368=EDGE_CURVE('',#6807,#6808,#8461,.T.);
#5369=EDGE_CURVE('',#6808,#6634,#109,.T.);
#5370=EDGE_CURVE('',#6809,#6810,#8462,.T.);
#5371=EDGE_CURVE('',#6810,#6637,#8463,.T.);
#5372=EDGE_CURVE('',#6639,#6811,#110,.T.);
#5373=EDGE_CURVE('',#6811,#6812,#8464,.T.);
#5374=EDGE_CURVE('',#6812,#6813,#8465,.T.);
#5375=EDGE_CURVE('',#6813,#6814,#8466,.T.);
#5376=EDGE_CURVE('',#6814,#6815,#8467,.T.);
#5377=EDGE_CURVE('',#6815,#6816,#8468,.T.);
#5378=EDGE_CURVE('',#6816,#6817,#8469,.T.);
#5379=EDGE_CURVE('',#6809,#6817,#8470,.T.);
#5380=EDGE_CURVE('',#6801,#6809,#8471,.T.);
#5381=EDGE_CURVE('',#6817,#6802,#8472,.T.);
#5382=EDGE_CURVE('',#6628,#6818,#8473,.T.);
#5383=EDGE_CURVE('',#6818,#6819,#8474,.T.);
#5384=EDGE_CURVE('',#6820,#6819,#8475,.T.);
#5385=EDGE_CURVE('',#6820,#6821,#8476,.T.);
#5386=EDGE_CURVE('',#6821,#6822,#8477,.T.);
#5387=EDGE_CURVE('',#6822,#6823,#8478,.T.);
#5388=EDGE_CURVE('',#6823,#6824,#8479,.T.);
#5389=EDGE_CURVE('',#6824,#6825,#8480,.T.);
#5390=EDGE_CURVE('',#6825,#6826,#8481,.T.);
#5391=EDGE_CURVE('',#6826,#6630,#111,.T.);
#5392=EDGE_CURVE('',#6827,#6828,#8482,.T.);
#5393=EDGE_CURVE('',#6828,#6633,#8483,.T.);
#5394=EDGE_CURVE('',#6635,#6829,#112,.T.);
#5395=EDGE_CURVE('',#6829,#6830,#8484,.T.);
#5396=EDGE_CURVE('',#6830,#6831,#8485,.T.);
#5397=EDGE_CURVE('',#6831,#6832,#8486,.T.);
#5398=EDGE_CURVE('',#6832,#6833,#8487,.T.);
#5399=EDGE_CURVE('',#6833,#6834,#8488,.T.);
#5400=EDGE_CURVE('',#6834,#6835,#8489,.T.);
#5401=EDGE_CURVE('',#6827,#6835,#8490,.T.);
#5402=EDGE_CURVE('',#6819,#6827,#8491,.T.);
#5403=EDGE_CURVE('',#6835,#6820,#8492,.T.);
#5404=EDGE_CURVE('',#6836,#6837,#8493,.T.);
#5405=EDGE_CURVE('',#6837,#6838,#8494,.T.);
#5406=EDGE_CURVE('',#6838,#6839,#8495,.T.);
#5407=EDGE_CURVE('',#6839,#6836,#8496,.T.);
#5408=EDGE_CURVE('',#6624,#6840,#8497,.T.);
#5409=EDGE_CURVE('',#6840,#6837,#8498,.T.);
#5410=EDGE_CURVE('',#6836,#6841,#8499,.T.);
#5411=EDGE_CURVE('',#6841,#6842,#8500,.T.);
#5412=EDGE_CURVE('',#6842,#6843,#8501,.T.);
#5413=EDGE_CURVE('',#6843,#6844,#8502,.T.);
#5414=EDGE_CURVE('',#6844,#6845,#8503,.T.);
#5415=EDGE_CURVE('',#6845,#6846,#8504,.T.);
#5416=EDGE_CURVE('',#6846,#6626,#113,.T.);
#5417=EDGE_CURVE('',#6838,#6847,#8505,.T.);
#5418=EDGE_CURVE('',#6847,#6629,#8506,.T.);
#5419=EDGE_CURVE('',#6631,#6848,#114,.T.);
#5420=EDGE_CURVE('',#6848,#6849,#8507,.T.);
#5421=EDGE_CURVE('',#6849,#6850,#8508,.T.);
#5422=EDGE_CURVE('',#6850,#6851,#8509,.T.);
#5423=EDGE_CURVE('',#6851,#6852,#8510,.T.);
#5424=EDGE_CURVE('',#6852,#6853,#8511,.T.);
#5425=EDGE_CURVE('',#6853,#6839,#8512,.T.);
#5426=EDGE_CURVE('',#6854,#6855,#8513,.T.);
#5427=EDGE_CURVE('',#6661,#6854,#8514,.T.);
#5428=EDGE_CURVE('',#6856,#6663,#115,.T.);
#5429=EDGE_CURVE('',#6857,#6856,#8515,.T.);
#5430=EDGE_CURVE('',#6858,#6857,#8516,.T.);
#5431=EDGE_CURVE('',#6859,#6858,#8517,.T.);
#5432=EDGE_CURVE('',#6860,#6859,#8518,.T.);
#5433=EDGE_CURVE('',#6861,#6860,#8519,.T.);
#5434=EDGE_CURVE('',#6862,#6861,#8520,.T.);
#5435=EDGE_CURVE('',#6862,#6855,#8521,.T.);
#5436=EDGE_CURVE('',#6863,#6864,#8522,.T.);
#5437=EDGE_CURVE('',#6863,#6865,#8523,.T.);
#5438=EDGE_CURVE('',#6866,#6865,#8524,.T.);
#5439=EDGE_CURVE('',#6867,#6866,#8525,.T.);
#5440=EDGE_CURVE('',#6868,#6867,#8526,.T.);
#5441=EDGE_CURVE('',#6869,#6868,#8527,.T.);
#5442=EDGE_CURVE('',#6870,#6869,#8528,.T.);
#5443=EDGE_CURVE('',#6871,#6870,#8529,.T.);
#5444=EDGE_CURVE('',#6618,#6871,#116,.T.);
#5445=EDGE_CURVE('',#6864,#6616,#8530,.T.);
#5446=EDGE_CURVE('',#6855,#6863,#8531,.T.);
#5447=EDGE_CURVE('',#6865,#6862,#8532,.T.);
#5448=EDGE_CURVE('',#6872,#6873,#8533,.T.);
#5449=EDGE_CURVE('',#6613,#6872,#8534,.T.);
#5450=EDGE_CURVE('',#6874,#6615,#117,.T.);
#5451=EDGE_CURVE('',#6875,#6874,#8535,.T.);
#5452=EDGE_CURVE('',#6876,#6875,#8536,.T.);
#5453=EDGE_CURVE('',#6877,#6876,#8537,.T.);
#5454=EDGE_CURVE('',#6878,#6877,#8538,.T.);
#5455=EDGE_CURVE('',#6879,#6878,#8539,.T.);
#5456=EDGE_CURVE('',#6880,#6879,#8540,.T.);
#5457=EDGE_CURVE('',#6880,#6873,#8541,.T.);
#5458=EDGE_CURVE('',#6881,#6882,#8542,.T.);
#5459=EDGE_CURVE('',#6881,#6883,#8543,.T.);
#5460=EDGE_CURVE('',#6884,#6883,#8544,.T.);
#5461=EDGE_CURVE('',#6885,#6884,#8545,.T.);
#5462=EDGE_CURVE('',#6886,#6885,#8546,.T.);
#5463=EDGE_CURVE('',#6887,#6886,#8547,.T.);
#5464=EDGE_CURVE('',#6888,#6887,#8548,.T.);
#5465=EDGE_CURVE('',#6889,#6888,#8549,.T.);
#5466=EDGE_CURVE('',#6662,#6889,#118,.T.);
#5467=EDGE_CURVE('',#6882,#6660,#8550,.T.);
#5468=EDGE_CURVE('',#6873,#6881,#8551,.T.);
#5469=EDGE_CURVE('',#6883,#6880,#8552,.T.);
#5470=EDGE_CURVE('',#6890,#6891,#8553,.T.);
#5471=EDGE_CURVE('',#6609,#6890,#8554,.T.);
#5472=EDGE_CURVE('',#6892,#6611,#119,.T.);
#5473=EDGE_CURVE('',#6893,#6892,#8555,.T.);
#5474=EDGE_CURVE('',#6894,#6893,#8556,.T.);
#5475=EDGE_CURVE('',#6895,#6894,#8557,.T.);
#5476=EDGE_CURVE('',#6896,#6895,#8558,.T.);
#5477=EDGE_CURVE('',#6897,#6896,#8559,.T.);
#5478=EDGE_CURVE('',#6898,#6897,#8560,.T.);
#5479=EDGE_CURVE('',#6898,#6891,#8561,.T.);
#5480=EDGE_CURVE('',#6899,#6900,#8562,.T.);
#5481=EDGE_CURVE('',#6899,#6901,#8563,.T.);
#5482=EDGE_CURVE('',#6902,#6901,#8564,.T.);
#5483=EDGE_CURVE('',#6903,#6902,#8565,.T.);
#5484=EDGE_CURVE('',#6904,#6903,#8566,.T.);
#5485=EDGE_CURVE('',#6905,#6904,#8567,.T.);
#5486=EDGE_CURVE('',#6906,#6905,#8568,.T.);
#5487=EDGE_CURVE('',#6907,#6906,#8569,.T.);
#5488=EDGE_CURVE('',#6614,#6907,#120,.T.);
#5489=EDGE_CURVE('',#6900,#6612,#8570,.T.);
#5490=EDGE_CURVE('',#6891,#6899,#8571,.T.);
#5491=EDGE_CURVE('',#6901,#6898,#8572,.T.);
#5492=EDGE_CURVE('',#6908,#6909,#8573,.T.);
#5493=EDGE_CURVE('',#6605,#6908,#8574,.T.);
#5494=EDGE_CURVE('',#6910,#6607,#121,.T.);
#5495=EDGE_CURVE('',#6911,#6910,#8575,.T.);
#5496=EDGE_CURVE('',#6912,#6911,#8576,.T.);
#5497=EDGE_CURVE('',#6913,#6912,#8577,.T.);
#5498=EDGE_CURVE('',#6914,#6913,#8578,.T.);
#5499=EDGE_CURVE('',#6915,#6914,#8579,.T.);
#5500=EDGE_CURVE('',#6916,#6915,#8580,.T.);
#5501=EDGE_CURVE('',#6916,#6909,#8581,.T.);
#5502=EDGE_CURVE('',#6917,#6918,#8582,.T.);
#5503=EDGE_CURVE('',#6917,#6919,#8583,.T.);
#5504=EDGE_CURVE('',#6920,#6919,#8584,.T.);
#5505=EDGE_CURVE('',#6921,#6920,#8585,.T.);
#5506=EDGE_CURVE('',#6922,#6921,#8586,.T.);
#5507=EDGE_CURVE('',#6923,#6922,#8587,.T.);
#5508=EDGE_CURVE('',#6924,#6923,#8588,.T.);
#5509=EDGE_CURVE('',#6925,#6924,#8589,.T.);
#5510=EDGE_CURVE('',#6610,#6925,#122,.T.);
#5511=EDGE_CURVE('',#6918,#6608,#8590,.T.);
#5512=EDGE_CURVE('',#6909,#6917,#8591,.T.);
#5513=EDGE_CURVE('',#6919,#6916,#8592,.T.);
#5514=EDGE_CURVE('',#6926,#6927,#8593,.T.);
#5515=EDGE_CURVE('',#6601,#6926,#8594,.T.);
#5516=EDGE_CURVE('',#6928,#6603,#123,.T.);
#5517=EDGE_CURVE('',#6929,#6928,#8595,.T.);
#5518=EDGE_CURVE('',#6930,#6929,#8596,.T.);
#5519=EDGE_CURVE('',#6931,#6930,#8597,.T.);
#5520=EDGE_CURVE('',#6932,#6931,#8598,.T.);
#5521=EDGE_CURVE('',#6933,#6932,#8599,.T.);
#5522=EDGE_CURVE('',#6934,#6933,#8600,.T.);
#5523=EDGE_CURVE('',#6934,#6927,#8601,.T.);
#5524=EDGE_CURVE('',#6935,#6936,#8602,.T.);
#5525=EDGE_CURVE('',#6935,#6937,#8603,.T.);
#5526=EDGE_CURVE('',#6938,#6937,#8604,.T.);
#5527=EDGE_CURVE('',#6939,#6938,#8605,.T.);
#5528=EDGE_CURVE('',#6940,#6939,#8606,.T.);
#5529=EDGE_CURVE('',#6941,#6940,#8607,.T.);
#5530=EDGE_CURVE('',#6942,#6941,#8608,.T.);
#5531=EDGE_CURVE('',#6943,#6942,#8609,.T.);
#5532=EDGE_CURVE('',#6606,#6943,#124,.T.);
#5533=EDGE_CURVE('',#6936,#6604,#8610,.T.);
#5534=EDGE_CURVE('',#6927,#6935,#8611,.T.);
#5535=EDGE_CURVE('',#6937,#6934,#8612,.T.);
#5536=EDGE_CURVE('',#6944,#6945,#8613,.T.);
#5537=EDGE_CURVE('',#6597,#6944,#8614,.T.);
#5538=EDGE_CURVE('',#6946,#6599,#125,.T.);
#5539=EDGE_CURVE('',#6947,#6946,#8615,.T.);
#5540=EDGE_CURVE('',#6948,#6947,#8616,.T.);
#5541=EDGE_CURVE('',#6949,#6948,#8617,.T.);
#5542=EDGE_CURVE('',#6950,#6949,#8618,.T.);
#5543=EDGE_CURVE('',#6951,#6950,#8619,.T.);
#5544=EDGE_CURVE('',#6952,#6951,#8620,.T.);
#5545=EDGE_CURVE('',#6952,#6945,#8621,.T.);
#5546=EDGE_CURVE('',#6953,#6954,#8622,.T.);
#5547=EDGE_CURVE('',#6953,#6955,#8623,.T.);
#5548=EDGE_CURVE('',#6956,#6955,#8624,.T.);
#5549=EDGE_CURVE('',#6957,#6956,#8625,.T.);
#5550=EDGE_CURVE('',#6958,#6957,#8626,.T.);
#5551=EDGE_CURVE('',#6959,#6958,#8627,.T.);
#5552=EDGE_CURVE('',#6960,#6959,#8628,.T.);
#5553=EDGE_CURVE('',#6961,#6960,#8629,.T.);
#5554=EDGE_CURVE('',#6602,#6961,#126,.T.);
#5555=EDGE_CURVE('',#6954,#6600,#8630,.T.);
#5556=EDGE_CURVE('',#6945,#6953,#8631,.T.);
#5557=EDGE_CURVE('',#6955,#6952,#8632,.T.);
#5558=EDGE_CURVE('',#6962,#6963,#8633,.T.);
#5559=EDGE_CURVE('',#6593,#6962,#8634,.T.);
#5560=EDGE_CURVE('',#6964,#6595,#127,.T.);
#5561=EDGE_CURVE('',#6965,#6964,#8635,.T.);
#5562=EDGE_CURVE('',#6966,#6965,#8636,.T.);
#5563=EDGE_CURVE('',#6967,#6966,#8637,.T.);
#5564=EDGE_CURVE('',#6968,#6967,#8638,.T.);
#5565=EDGE_CURVE('',#6969,#6968,#8639,.T.);
#5566=EDGE_CURVE('',#6970,#6969,#8640,.T.);
#5567=EDGE_CURVE('',#6970,#6963,#8641,.T.);
#5568=EDGE_CURVE('',#6971,#6972,#8642,.T.);
#5569=EDGE_CURVE('',#6971,#6973,#8643,.T.);
#5570=EDGE_CURVE('',#6974,#6973,#8644,.T.);
#5571=EDGE_CURVE('',#6975,#6974,#8645,.T.);
#5572=EDGE_CURVE('',#6976,#6975,#8646,.T.);
#5573=EDGE_CURVE('',#6977,#6976,#8647,.T.);
#5574=EDGE_CURVE('',#6978,#6977,#8648,.T.);
#5575=EDGE_CURVE('',#6979,#6978,#8649,.T.);
#5576=EDGE_CURVE('',#6598,#6979,#128,.T.);
#5577=EDGE_CURVE('',#6972,#6596,#8650,.T.);
#5578=EDGE_CURVE('',#6963,#6971,#8651,.T.);
#5579=EDGE_CURVE('',#6973,#6970,#8652,.T.);
#5580=EDGE_CURVE('',#6980,#6981,#8653,.T.);
#5581=EDGE_CURVE('',#6589,#6980,#8654,.T.);
#5582=EDGE_CURVE('',#6982,#6591,#129,.T.);
#5583=EDGE_CURVE('',#6983,#6982,#8655,.T.);
#5584=EDGE_CURVE('',#6984,#6983,#8656,.T.);
#5585=EDGE_CURVE('',#6985,#6984,#8657,.T.);
#5586=EDGE_CURVE('',#6986,#6985,#8658,.T.);
#5587=EDGE_CURVE('',#6987,#6986,#8659,.T.);
#5588=EDGE_CURVE('',#6988,#6987,#8660,.T.);
#5589=EDGE_CURVE('',#6988,#6981,#8661,.T.);
#5590=EDGE_CURVE('',#6989,#6990,#8662,.T.);
#5591=EDGE_CURVE('',#6989,#6991,#8663,.T.);
#5592=EDGE_CURVE('',#6992,#6991,#8664,.T.);
#5593=EDGE_CURVE('',#6993,#6992,#8665,.T.);
#5594=EDGE_CURVE('',#6994,#6993,#8666,.T.);
#5595=EDGE_CURVE('',#6995,#6994,#8667,.T.);
#5596=EDGE_CURVE('',#6996,#6995,#8668,.T.);
#5597=EDGE_CURVE('',#6997,#6996,#8669,.T.);
#5598=EDGE_CURVE('',#6594,#6997,#130,.T.);
#5599=EDGE_CURVE('',#6990,#6592,#8670,.T.);
#5600=EDGE_CURVE('',#6981,#6989,#8671,.T.);
#5601=EDGE_CURVE('',#6991,#6988,#8672,.T.);
#5602=EDGE_CURVE('',#6998,#6999,#8673,.T.);
#5603=EDGE_CURVE('',#7000,#6998,#8674,.T.);
#5604=EDGE_CURVE('',#7001,#7000,#8675,.T.);
#5605=EDGE_CURVE('',#6999,#7001,#8676,.T.);
#5606=EDGE_CURVE('',#7002,#6998,#8677,.T.);
#5607=EDGE_CURVE('',#6585,#7002,#8678,.T.);
#5608=EDGE_CURVE('',#7003,#6587,#131,.T.);
#5609=EDGE_CURVE('',#7004,#7003,#8679,.T.);
#5610=EDGE_CURVE('',#7005,#7004,#8680,.T.);
#5611=EDGE_CURVE('',#7006,#7005,#8681,.T.);
#5612=EDGE_CURVE('',#7007,#7006,#8682,.T.);
#5613=EDGE_CURVE('',#7008,#7007,#8683,.T.);
#5614=EDGE_CURVE('',#7000,#7008,#8684,.T.);
#5615=EDGE_CURVE('',#6999,#7009,#8685,.T.);
#5616=EDGE_CURVE('',#7010,#7001,#8686,.T.);
#5617=EDGE_CURVE('',#7011,#7010,#8687,.T.);
#5618=EDGE_CURVE('',#7012,#7011,#8688,.T.);
#5619=EDGE_CURVE('',#7013,#7012,#8689,.T.);
#5620=EDGE_CURVE('',#7014,#7013,#8690,.T.);
#5621=EDGE_CURVE('',#7015,#7014,#8691,.T.);
#5622=EDGE_CURVE('',#6590,#7015,#132,.T.);
#5623=EDGE_CURVE('',#7009,#6588,#8692,.T.);
#5624=EDGE_CURVE('',#6672,#7008,#8693,.T.);
#5625=EDGE_CURVE('',#6673,#7007,#8694,.T.);
#5626=EDGE_CURVE('',#7011,#6986,#8695,.T.);
#5627=EDGE_CURVE('',#7010,#6987,#8696,.T.);
#5628=EDGE_CURVE('',#6993,#6968,#8697,.T.);
#5629=EDGE_CURVE('',#6992,#6969,#8698,.T.);
#5630=EDGE_CURVE('',#6975,#6950,#8699,.T.);
#5631=EDGE_CURVE('',#6974,#6951,#8700,.T.);
#5632=EDGE_CURVE('',#6957,#6932,#8701,.T.);
#5633=EDGE_CURVE('',#6956,#6933,#8702,.T.);
#5634=EDGE_CURVE('',#6939,#6914,#8703,.T.);
#5635=EDGE_CURVE('',#6938,#6915,#8704,.T.);
#5636=EDGE_CURVE('',#6921,#6896,#8705,.T.);
#5637=EDGE_CURVE('',#6920,#6897,#8706,.T.);
#5638=EDGE_CURVE('',#6903,#6878,#8707,.T.);
#5639=EDGE_CURVE('',#6902,#6879,#8708,.T.);
#5640=EDGE_CURVE('',#6867,#6684,#8709,.T.);
#5641=EDGE_CURVE('',#6866,#6685,#8710,.T.);
#5642=EDGE_CURVE('',#6674,#7006,#8711,.T.);
#5643=EDGE_CURVE('',#7012,#6985,#8712,.T.);
#5644=EDGE_CURVE('',#6994,#6967,#8713,.T.);
#5645=EDGE_CURVE('',#6976,#6949,#8714,.T.);
#5646=EDGE_CURVE('',#6958,#6931,#8715,.T.);
#5647=EDGE_CURVE('',#6940,#6913,#8716,.T.);
#5648=EDGE_CURVE('',#6922,#6895,#8717,.T.);
#5649=EDGE_CURVE('',#6904,#6877,#8718,.T.);
#5650=EDGE_CURVE('',#6868,#6683,#8719,.T.);
#5651=EDGE_CURVE('',#6675,#7005,#8720,.T.);
#5652=EDGE_CURVE('',#7013,#6984,#8721,.T.);
#5653=EDGE_CURVE('',#6995,#6966,#8722,.T.);
#5654=EDGE_CURVE('',#6977,#6948,#8723,.T.);
#5655=EDGE_CURVE('',#6959,#6930,#8724,.T.);
#5656=EDGE_CURVE('',#6941,#6912,#8725,.T.);
#5657=EDGE_CURVE('',#6923,#6894,#8726,.T.);
#5658=EDGE_CURVE('',#6905,#6876,#8727,.T.);
#5659=EDGE_CURVE('',#6869,#6682,#8728,.T.);
#5660=EDGE_CURVE('',#6676,#7004,#8729,.T.);
#5661=EDGE_CURVE('',#7014,#6983,#8730,.T.);
#5662=EDGE_CURVE('',#6996,#6965,#8731,.T.);
#5663=EDGE_CURVE('',#6978,#6947,#8732,.T.);
#5664=EDGE_CURVE('',#6960,#6929,#8733,.T.);
#5665=EDGE_CURVE('',#6942,#6911,#8734,.T.);
#5666=EDGE_CURVE('',#6924,#6893,#8735,.T.);
#5667=EDGE_CURVE('',#6906,#6875,#8736,.T.);
#5668=EDGE_CURVE('',#6870,#6681,#8737,.T.);
#5669=EDGE_CURVE('',#6677,#7003,#8738,.T.);
#5670=EDGE_CURVE('',#7015,#6982,#8739,.T.);
#5671=EDGE_CURVE('',#6997,#6964,#8740,.T.);
#5672=EDGE_CURVE('',#6979,#6946,#8741,.T.);
#5673=EDGE_CURVE('',#6961,#6928,#8742,.T.);
#5674=EDGE_CURVE('',#6943,#6910,#8743,.T.);
#5675=EDGE_CURVE('',#6925,#6892,#8744,.T.);
#5676=EDGE_CURVE('',#6907,#6874,#8745,.T.);
#5677=EDGE_CURVE('',#6871,#6680,#8746,.T.);
#5678=EDGE_CURVE('',#6703,#6691,#8747,.T.);
#5679=EDGE_CURVE('',#6666,#6846,#8748,.T.);
#5680=EDGE_CURVE('',#6848,#6826,#8749,.T.);
#5681=EDGE_CURVE('',#6829,#6808,#8750,.T.);
#5682=EDGE_CURVE('',#6811,#6790,#8751,.T.);
#5683=EDGE_CURVE('',#6793,#6772,#8752,.T.);
#5684=EDGE_CURVE('',#6775,#6754,#8753,.T.);
#5685=EDGE_CURVE('',#6757,#6736,#8754,.T.);
#5686=EDGE_CURVE('',#6739,#6718,#8755,.T.);
#5687=EDGE_CURVE('',#6721,#6700,#8756,.T.);
#5688=EDGE_CURVE('',#6704,#6690,#8757,.T.);
#5689=EDGE_CURVE('',#6667,#6845,#8758,.T.);
#5690=EDGE_CURVE('',#6849,#6825,#8759,.T.);
#5691=EDGE_CURVE('',#6830,#6807,#8760,.T.);
#5692=EDGE_CURVE('',#6812,#6789,#8761,.T.);
#5693=EDGE_CURVE('',#6794,#6771,#8762,.T.);
#5694=EDGE_CURVE('',#6776,#6753,#8763,.T.);
#5695=EDGE_CURVE('',#6758,#6735,#8764,.T.);
#5696=EDGE_CURVE('',#6740,#6717,#8765,.T.);
#5697=EDGE_CURVE('',#6722,#6699,#8766,.T.);
#5698=EDGE_CURVE('',#6705,#6689,#8767,.T.);
#5699=EDGE_CURVE('',#6668,#6844,#8768,.T.);
#5700=EDGE_CURVE('',#6850,#6824,#8769,.T.);
#5701=EDGE_CURVE('',#6831,#6806,#8770,.T.);
#5702=EDGE_CURVE('',#6813,#6788,#8771,.T.);
#5703=EDGE_CURVE('',#6795,#6770,#8772,.T.);
#5704=EDGE_CURVE('',#6777,#6752,#8773,.T.);
#5705=EDGE_CURVE('',#6759,#6734,#8774,.T.);
#5706=EDGE_CURVE('',#6741,#6716,#8775,.T.);
#5707=EDGE_CURVE('',#6723,#6698,#8776,.T.);
#5708=EDGE_CURVE('',#6706,#6688,#8777,.T.);
#5709=EDGE_CURVE('',#6669,#6843,#8778,.T.);
#5710=EDGE_CURVE('',#6851,#6823,#8779,.T.);
#5711=EDGE_CURVE('',#6832,#6805,#8780,.T.);
#5712=EDGE_CURVE('',#6814,#6787,#8781,.T.);
#5713=EDGE_CURVE('',#6796,#6769,#8782,.T.);
#5714=EDGE_CURVE('',#6778,#6751,#8783,.T.);
#5715=EDGE_CURVE('',#6760,#6733,#8784,.T.);
#5716=EDGE_CURVE('',#6742,#6715,#8785,.T.);
#5717=EDGE_CURVE('',#6724,#6697,#8786,.T.);
#5718=EDGE_CURVE('',#6707,#6687,#8787,.T.);
#5719=EDGE_CURVE('',#6670,#6842,#8788,.T.);
#5720=EDGE_CURVE('',#6852,#6822,#8789,.T.);
#5721=EDGE_CURVE('',#6833,#6804,#8790,.T.);
#5722=EDGE_CURVE('',#6815,#6786,#8791,.T.);
#5723=EDGE_CURVE('',#6797,#6768,#8792,.T.);
#5724=EDGE_CURVE('',#6779,#6750,#8793,.T.);
#5725=EDGE_CURVE('',#6761,#6732,#8794,.T.);
#5726=EDGE_CURVE('',#6743,#6714,#8795,.T.);
#5727=EDGE_CURVE('',#6725,#6696,#8796,.T.);
#5728=EDGE_CURVE('',#6708,#6686,#8797,.T.);
#5729=EDGE_CURVE('',#6671,#6841,#8798,.T.);
#5730=EDGE_CURVE('',#6853,#6821,#8799,.T.);
#5731=EDGE_CURVE('',#6834,#6803,#8800,.T.);
#5732=EDGE_CURVE('',#6816,#6785,#8801,.T.);
#5733=EDGE_CURVE('',#6798,#6767,#8802,.T.);
#5734=EDGE_CURVE('',#6780,#6749,#8803,.T.);
#5735=EDGE_CURVE('',#6762,#6731,#8804,.T.);
#5736=EDGE_CURVE('',#6744,#6713,#8805,.T.);
#5737=EDGE_CURVE('',#6726,#6695,#8806,.T.);
#5738=EDGE_CURVE('',#6884,#6861,#8807,.T.);
#5739=EDGE_CURVE('',#6885,#6860,#8808,.T.);
#5740=EDGE_CURVE('',#6886,#6859,#8809,.T.);
#5741=EDGE_CURVE('',#6887,#6858,#8810,.T.);
#5742=EDGE_CURVE('',#6888,#6857,#8811,.T.);
#5743=EDGE_CURVE('',#6889,#6856,#8812,.T.);
#5744=EDGE_CURVE('',#6702,#6678,#8813,.T.);
#5745=EDGE_CURVE('',#6720,#6692,#8814,.T.);
#5746=EDGE_CURVE('',#6738,#6710,#8815,.T.);
#5747=EDGE_CURVE('',#6756,#6728,#8816,.T.);
#5748=EDGE_CURVE('',#6774,#6746,#8817,.T.);
#5749=EDGE_CURVE('',#6792,#6764,#8818,.T.);
#5750=EDGE_CURVE('',#6810,#6782,#8819,.T.);
#5751=EDGE_CURVE('',#6828,#6800,#8820,.T.);
#5752=EDGE_CURVE('',#6665,#6840,#8821,.T.);
#5753=EDGE_CURVE('',#6664,#7002,#8822,.T.);
#5754=EDGE_CURVE('',#7009,#6980,#8823,.T.);
#5755=EDGE_CURVE('',#6990,#6962,#8824,.T.);
#5756=EDGE_CURVE('',#6972,#6944,#8825,.T.);
#5757=EDGE_CURVE('',#6954,#6926,#8826,.T.);
#5758=EDGE_CURVE('',#6936,#6908,#8827,.T.);
#5759=EDGE_CURVE('',#6918,#6890,#8828,.T.);
#5760=EDGE_CURVE('',#6900,#6872,#8829,.T.);
#5761=EDGE_CURVE('',#6882,#6854,#8830,.T.);
#5762=EDGE_CURVE('',#6864,#6679,#8831,.T.);
#5763=EDGE_CURVE('',#6847,#6818,#8832,.T.);
#5764=EDGE_CURVE('',#7016,#7016,#133,.T.);
#5765=EDGE_CURVE('',#7017,#7017,#134,.T.);
#5766=VERTEX_POINT('',#16855);
#5767=VERTEX_POINT('',#16856);
#5768=VERTEX_POINT('',#16858);
#5769=VERTEX_POINT('',#16860);
#5770=VERTEX_POINT('',#16862);
#5771=VERTEX_POINT('',#16864);
#5772=VERTEX_POINT('',#16866);
#5773=VERTEX_POINT('',#16868);
#5774=VERTEX_POINT('',#16870);
#5775=VERTEX_POINT('',#16872);
#5776=VERTEX_POINT('',#16874);
#5777=VERTEX_POINT('',#16876);
#5778=VERTEX_POINT('',#16878);
#5779=VERTEX_POINT('',#16880);
#5780=VERTEX_POINT('',#16882);
#5781=VERTEX_POINT('',#16884);
#5782=VERTEX_POINT('',#16886);
#5783=VERTEX_POINT('',#16888);
#5784=VERTEX_POINT('',#16890);
#5785=VERTEX_POINT('',#16892);
#5786=VERTEX_POINT('',#16894);
#5787=VERTEX_POINT('',#16896);
#5788=VERTEX_POINT('',#16898);
#5789=VERTEX_POINT('',#16900);
#5790=VERTEX_POINT('',#16902);
#5791=VERTEX_POINT('',#16904);
#5792=VERTEX_POINT('',#16906);
#5793=VERTEX_POINT('',#16908);
#5794=VERTEX_POINT('',#16910);
#5795=VERTEX_POINT('',#16912);
#5796=VERTEX_POINT('',#16914);
#5797=VERTEX_POINT('',#16916);
#5798=VERTEX_POINT('',#16918);
#5799=VERTEX_POINT('',#16920);
#5800=VERTEX_POINT('',#16922);
#5801=VERTEX_POINT('',#16924);
#5802=VERTEX_POINT('',#16926);
#5803=VERTEX_POINT('',#16928);
#5804=VERTEX_POINT('',#16930);
#5805=VERTEX_POINT('',#16932);
#5806=VERTEX_POINT('',#16934);
#5807=VERTEX_POINT('',#16936);
#5808=VERTEX_POINT('',#16938);
#5809=VERTEX_POINT('',#16940);
#5810=VERTEX_POINT('',#16942);
#5811=VERTEX_POINT('',#16944);
#5812=VERTEX_POINT('',#16946);
#5813=VERTEX_POINT('',#16948);
#5814=VERTEX_POINT('',#16950);
#5815=VERTEX_POINT('',#16952);
#5816=VERTEX_POINT('',#16956);
#5817=VERTEX_POINT('',#16957);
#5818=VERTEX_POINT('',#16959);
#5819=VERTEX_POINT('',#16961);
#5820=VERTEX_POINT('',#16965);
#5821=VERTEX_POINT('',#16966);
#5822=VERTEX_POINT('',#16968);
#5823=VERTEX_POINT('',#16970);
#5824=VERTEX_POINT('',#16972);
#5825=VERTEX_POINT('',#16974);
#5826=VERTEX_POINT('',#16976);
#5827=VERTEX_POINT('',#16978);
#5828=VERTEX_POINT('',#16980);
#5829=VERTEX_POINT('',#16982);
#5830=VERTEX_POINT('',#16984);
#5831=VERTEX_POINT('',#16986);
#5832=VERTEX_POINT('',#16988);
#5833=VERTEX_POINT('',#16990);
#5834=VERTEX_POINT('',#16992);
#5835=VERTEX_POINT('',#16994);
#5836=VERTEX_POINT('',#16996);
#5837=VERTEX_POINT('',#16998);
#5838=VERTEX_POINT('',#17000);
#5839=VERTEX_POINT('',#17002);
#5840=VERTEX_POINT('',#17004);
#5841=VERTEX_POINT('',#17006);
#5842=VERTEX_POINT('',#17008);
#5843=VERTEX_POINT('',#17010);
#5844=VERTEX_POINT('',#17012);
#5845=VERTEX_POINT('',#17014);
#5846=VERTEX_POINT('',#17016);
#5847=VERTEX_POINT('',#17018);
#5848=VERTEX_POINT('',#17020);
#5849=VERTEX_POINT('',#17022);
#5850=VERTEX_POINT('',#17024);
#5851=VERTEX_POINT('',#17026);
#5852=VERTEX_POINT('',#17028);
#5853=VERTEX_POINT('',#17030);
#5854=VERTEX_POINT('',#17032);
#5855=VERTEX_POINT('',#17034);
#5856=VERTEX_POINT('',#17036);
#5857=VERTEX_POINT('',#17038);
#5858=VERTEX_POINT('',#17040);
#5859=VERTEX_POINT('',#17042);
#5860=VERTEX_POINT('',#17044);
#5861=VERTEX_POINT('',#17046);
#5862=VERTEX_POINT('',#17048);
#5863=VERTEX_POINT('',#17050);
#5864=VERTEX_POINT('',#17052);
#5865=VERTEX_POINT('',#17054);
#5866=VERTEX_POINT('',#17056);
#5867=VERTEX_POINT('',#17058);
#5868=VERTEX_POINT('',#17060);
#5869=VERTEX_POINT('',#17062);
#5870=VERTEX_POINT('',#17066);
#5871=VERTEX_POINT('',#17067);
#5872=VERTEX_POINT('',#17070);
#5873=VERTEX_POINT('',#17072);
#5874=VERTEX_POINT('',#17074);
#5875=VERTEX_POINT('',#17076);
#5876=VERTEX_POINT('',#17080);
#5877=VERTEX_POINT('',#17082);
#5878=VERTEX_POINT('',#17084);
#5879=VERTEX_POINT('',#17086);
#5880=VERTEX_POINT('',#17088);
#5881=VERTEX_POINT('',#17090);
#5882=VERTEX_POINT('',#17094);
#5883=VERTEX_POINT('',#17095);
#5884=VERTEX_POINT('',#17098);
#5885=VERTEX_POINT('',#17100);
#5886=VERTEX_POINT('',#17102);
#5887=VERTEX_POINT('',#17104);
#5888=VERTEX_POINT('',#17108);
#5889=VERTEX_POINT('',#17110);
#5890=VERTEX_POINT('',#17112);
#5891=VERTEX_POINT('',#17114);
#5892=VERTEX_POINT('',#17116);
#5893=VERTEX_POINT('',#17118);
#5894=VERTEX_POINT('',#17122);
#5895=VERTEX_POINT('',#17123);
#5896=VERTEX_POINT('',#17126);
#5897=VERTEX_POINT('',#17128);
#5898=VERTEX_POINT('',#17130);
#5899=VERTEX_POINT('',#17132);
#5900=VERTEX_POINT('',#17136);
#5901=VERTEX_POINT('',#17138);
#5902=VERTEX_POINT('',#17140);
#5903=VERTEX_POINT('',#17142);
#5904=VERTEX_POINT('',#17144);
#5905=VERTEX_POINT('',#17146);
#5906=VERTEX_POINT('',#17150);
#5907=VERTEX_POINT('',#17151);
#5908=VERTEX_POINT('',#17154);
#5909=VERTEX_POINT('',#17156);
#5910=VERTEX_POINT('',#17158);
#5911=VERTEX_POINT('',#17160);
#5912=VERTEX_POINT('',#17164);
#5913=VERTEX_POINT('',#17166);
#5914=VERTEX_POINT('',#17168);
#5915=VERTEX_POINT('',#17170);
#5916=VERTEX_POINT('',#17172);
#5917=VERTEX_POINT('',#17174);
#5918=VERTEX_POINT('',#17178);
#5919=VERTEX_POINT('',#17179);
#5920=VERTEX_POINT('',#17182);
#5921=VERTEX_POINT('',#17184);
#5922=VERTEX_POINT('',#17186);
#5923=VERTEX_POINT('',#17188);
#5924=VERTEX_POINT('',#17192);
#5925=VERTEX_POINT('',#17194);
#5926=VERTEX_POINT('',#17196);
#5927=VERTEX_POINT('',#17198);
#5928=VERTEX_POINT('',#17200);
#5929=VERTEX_POINT('',#17202);
#5930=VERTEX_POINT('',#17206);
#5931=VERTEX_POINT('',#17207);
#5932=VERTEX_POINT('',#17210);
#5933=VERTEX_POINT('',#17212);
#5934=VERTEX_POINT('',#17214);
#5935=VERTEX_POINT('',#17216);
#5936=VERTEX_POINT('',#17220);
#5937=VERTEX_POINT('',#17222);
#5938=VERTEX_POINT('',#17224);
#5939=VERTEX_POINT('',#17226);
#5940=VERTEX_POINT('',#17228);
#5941=VERTEX_POINT('',#17230);
#5942=VERTEX_POINT('',#17234);
#5943=VERTEX_POINT('',#17235);
#5944=VERTEX_POINT('',#17238);
#5945=VERTEX_POINT('',#17240);
#5946=VERTEX_POINT('',#17242);
#5947=VERTEX_POINT('',#17244);
#5948=VERTEX_POINT('',#17248);
#5949=VERTEX_POINT('',#17250);
#5950=VERTEX_POINT('',#17252);
#5951=VERTEX_POINT('',#17254);
#5952=VERTEX_POINT('',#17256);
#5953=VERTEX_POINT('',#17258);
#5954=VERTEX_POINT('',#17262);
#5955=VERTEX_POINT('',#17263);
#5956=VERTEX_POINT('',#17266);
#5957=VERTEX_POINT('',#17268);
#5958=VERTEX_POINT('',#17270);
#5959=VERTEX_POINT('',#17272);
#5960=VERTEX_POINT('',#17276);
#5961=VERTEX_POINT('',#17278);
#5962=VERTEX_POINT('',#17280);
#5963=VERTEX_POINT('',#17282);
#5964=VERTEX_POINT('',#17284);
#5965=VERTEX_POINT('',#17286);
#5966=VERTEX_POINT('',#17290);
#5967=VERTEX_POINT('',#17291);
#5968=VERTEX_POINT('',#17294);
#5969=VERTEX_POINT('',#17296);
#5970=VERTEX_POINT('',#17298);
#5971=VERTEX_POINT('',#17300);
#5972=VERTEX_POINT('',#17304);
#5973=VERTEX_POINT('',#17306);
#5974=VERTEX_POINT('',#17308);
#5975=VERTEX_POINT('',#17310);
#5976=VERTEX_POINT('',#17312);
#5977=VERTEX_POINT('',#17314);
#5978=VERTEX_POINT('',#17318);
#5979=VERTEX_POINT('',#17319);
#5980=VERTEX_POINT('',#17322);
#5981=VERTEX_POINT('',#17324);
#5982=VERTEX_POINT('',#17326);
#5983=VERTEX_POINT('',#17328);
#5984=VERTEX_POINT('',#17332);
#5985=VERTEX_POINT('',#17334);
#5986=VERTEX_POINT('',#17336);
#5987=VERTEX_POINT('',#17338);
#5988=VERTEX_POINT('',#17340);
#5989=VERTEX_POINT('',#17342);
#5990=VERTEX_POINT('',#17346);
#5991=VERTEX_POINT('',#17348);
#5992=VERTEX_POINT('',#17350);
#5993=VERTEX_POINT('',#17352);
#5994=VERTEX_POINT('',#17354);
#5995=VERTEX_POINT('',#17356);
#5996=VERTEX_POINT('',#17360);
#5997=VERTEX_POINT('',#17361);
#5998=VERTEX_POINT('',#17364);
#5999=VERTEX_POINT('',#17366);
#6000=VERTEX_POINT('',#17368);
#6001=VERTEX_POINT('',#17370);
#6002=VERTEX_POINT('',#17374);
#6003=VERTEX_POINT('',#17376);
#6004=VERTEX_POINT('',#17378);
#6005=VERTEX_POINT('',#17380);
#6006=VERTEX_POINT('',#17382);
#6007=VERTEX_POINT('',#17384);
#6008=VERTEX_POINT('',#17388);
#6009=VERTEX_POINT('',#17389);
#6010=VERTEX_POINT('',#17392);
#6011=VERTEX_POINT('',#17394);
#6012=VERTEX_POINT('',#17396);
#6013=VERTEX_POINT('',#17398);
#6014=VERTEX_POINT('',#17402);
#6015=VERTEX_POINT('',#17404);
#6016=VERTEX_POINT('',#17406);
#6017=VERTEX_POINT('',#17408);
#6018=VERTEX_POINT('',#17410);
#6019=VERTEX_POINT('',#17412);
#6020=VERTEX_POINT('',#17416);
#6021=VERTEX_POINT('',#17417);
#6022=VERTEX_POINT('',#17420);
#6023=VERTEX_POINT('',#17422);
#6024=VERTEX_POINT('',#17424);
#6025=VERTEX_POINT('',#17426);
#6026=VERTEX_POINT('',#17430);
#6027=VERTEX_POINT('',#17432);
#6028=VERTEX_POINT('',#17434);
#6029=VERTEX_POINT('',#17436);
#6030=VERTEX_POINT('',#17438);
#6031=VERTEX_POINT('',#17440);
#6032=VERTEX_POINT('',#17444);
#6033=VERTEX_POINT('',#17445);
#6034=VERTEX_POINT('',#17448);
#6035=VERTEX_POINT('',#17450);
#6036=VERTEX_POINT('',#17452);
#6037=VERTEX_POINT('',#17454);
#6038=VERTEX_POINT('',#17458);
#6039=VERTEX_POINT('',#17460);
#6040=VERTEX_POINT('',#17462);
#6041=VERTEX_POINT('',#17464);
#6042=VERTEX_POINT('',#17466);
#6043=VERTEX_POINT('',#17468);
#6044=VERTEX_POINT('',#17472);
#6045=VERTEX_POINT('',#17473);
#6046=VERTEX_POINT('',#17476);
#6047=VERTEX_POINT('',#17478);
#6048=VERTEX_POINT('',#17480);
#6049=VERTEX_POINT('',#17482);
#6050=VERTEX_POINT('',#17486);
#6051=VERTEX_POINT('',#17488);
#6052=VERTEX_POINT('',#17490);
#6053=VERTEX_POINT('',#17492);
#6054=VERTEX_POINT('',#17494);
#6055=VERTEX_POINT('',#17496);
#6056=VERTEX_POINT('',#17500);
#6057=VERTEX_POINT('',#17501);
#6058=VERTEX_POINT('',#17504);
#6059=VERTEX_POINT('',#17506);
#6060=VERTEX_POINT('',#17508);
#6061=VERTEX_POINT('',#17510);
#6062=VERTEX_POINT('',#17514);
#6063=VERTEX_POINT('',#17516);
#6064=VERTEX_POINT('',#17518);
#6065=VERTEX_POINT('',#17520);
#6066=VERTEX_POINT('',#17522);
#6067=VERTEX_POINT('',#17524);
#6068=VERTEX_POINT('',#17528);
#6069=VERTEX_POINT('',#17529);
#6070=VERTEX_POINT('',#17532);
#6071=VERTEX_POINT('',#17534);
#6072=VERTEX_POINT('',#17536);
#6073=VERTEX_POINT('',#17538);
#6074=VERTEX_POINT('',#17542);
#6075=VERTEX_POINT('',#17544);
#6076=VERTEX_POINT('',#17546);
#6077=VERTEX_POINT('',#17548);
#6078=VERTEX_POINT('',#17550);
#6079=VERTEX_POINT('',#17552);
#6080=VERTEX_POINT('',#17556);
#6081=VERTEX_POINT('',#17557);
#6082=VERTEX_POINT('',#17560);
#6083=VERTEX_POINT('',#17562);
#6084=VERTEX_POINT('',#17564);
#6085=VERTEX_POINT('',#17566);
#6086=VERTEX_POINT('',#17570);
#6087=VERTEX_POINT('',#17572);
#6088=VERTEX_POINT('',#17574);
#6089=VERTEX_POINT('',#17576);
#6090=VERTEX_POINT('',#17578);
#6091=VERTEX_POINT('',#17580);
#6092=VERTEX_POINT('',#17584);
#6093=VERTEX_POINT('',#17585);
#6094=VERTEX_POINT('',#17588);
#6095=VERTEX_POINT('',#17590);
#6096=VERTEX_POINT('',#17592);
#6097=VERTEX_POINT('',#17594);
#6098=VERTEX_POINT('',#17598);
#6099=VERTEX_POINT('',#17600);
#6100=VERTEX_POINT('',#17602);
#6101=VERTEX_POINT('',#17604);
#6102=VERTEX_POINT('',#17606);
#6103=VERTEX_POINT('',#17608);
#6104=VERTEX_POINT('',#17612);
#6105=VERTEX_POINT('',#17613);
#6106=VERTEX_POINT('',#17616);
#6107=VERTEX_POINT('',#17618);
#6108=VERTEX_POINT('',#17620);
#6109=VERTEX_POINT('',#17622);
#6110=VERTEX_POINT('',#17626);
#6111=VERTEX_POINT('',#17629);
#6112=VERTEX_POINT('',#17634);
#6113=VERTEX_POINT('',#17638);
#6114=VERTEX_POINT('',#17643);
#6115=VERTEX_POINT('',#17645);
#6116=VERTEX_POINT('',#17667);
#6117=VERTEX_POINT('',#17669);
#6118=VERTEX_POINT('',#17671);
#6119=VERTEX_POINT('',#17673);
#6120=VERTEX_POINT('',#17675);
#6121=VERTEX_POINT('',#17677);
#6122=VERTEX_POINT('',#17729);
#6123=VERTEX_POINT('',#17730);
#6124=VERTEX_POINT('',#17732);
#6125=VERTEX_POINT('',#17734);
#6126=VERTEX_POINT('',#17736);
#6127=VERTEX_POINT('',#17738);
#6128=VERTEX_POINT('',#17740);
#6129=VERTEX_POINT('',#17752);
#6130=VERTEX_POINT('',#17754);
#6131=VERTEX_POINT('',#17756);
#6132=VERTEX_POINT('',#17758);
#6133=VERTEX_POINT('',#17760);
#6134=VERTEX_POINT('',#17764);
#6135=VERTEX_POINT('',#17766);
#6136=VERTEX_POINT('',#17768);
#6137=VERTEX_POINT('',#17770);
#6138=VERTEX_POINT('',#17773);
#6139=VERTEX_POINT('',#17775);
#6140=VERTEX_POINT('',#17779);
#6141=VERTEX_POINT('',#17781);
#6142=VERTEX_POINT('',#17785);
#6143=VERTEX_POINT('',#17786);
#6144=VERTEX_POINT('',#17788);
#6145=VERTEX_POINT('',#17790);
#6146=VERTEX_POINT('',#17792);
#6147=VERTEX_POINT('',#17794);
#6148=VERTEX_POINT('',#17796);
#6149=VERTEX_POINT('',#17801);
#6150=VERTEX_POINT('',#17802);
#6151=VERTEX_POINT('',#17804);
#6152=VERTEX_POINT('',#17807);
#6153=VERTEX_POINT('',#17809);
#6154=VERTEX_POINT('',#17811);
#6155=VERTEX_POINT('',#17814);
#6156=VERTEX_POINT('',#17818);
#6157=VERTEX_POINT('',#17819);
#6158=VERTEX_POINT('',#17821);
#6159=VERTEX_POINT('',#17823);
#6160=VERTEX_POINT('',#17826);
#6161=VERTEX_POINT('',#17828);
#6162=VERTEX_POINT('',#17850);
#6163=VERTEX_POINT('',#17852);
#6164=VERTEX_POINT('',#17854);
#6165=VERTEX_POINT('',#17856);
#6166=VERTEX_POINT('',#17860);
#6167=VERTEX_POINT('',#17862);
#6168=VERTEX_POINT('',#17870);
#6169=VERTEX_POINT('',#17872);
#6170=VERTEX_POINT('',#17876);
#6171=VERTEX_POINT('',#17878);
#6172=VERTEX_POINT('',#17882);
#6173=VERTEX_POINT('',#17883);
#6174=VERTEX_POINT('',#17886);
#6175=VERTEX_POINT('',#17888);
#6176=VERTEX_POINT('',#17890);
#6177=VERTEX_POINT('',#17892);
#6178=VERTEX_POINT('',#17894);
#6179=VERTEX_POINT('',#17896);
#6180=VERTEX_POINT('',#17898);
#6181=VERTEX_POINT('',#17900);
#6182=VERTEX_POINT('',#17905);
#6183=VERTEX_POINT('',#17906);
#6184=VERTEX_POINT('',#17908);
#6185=VERTEX_POINT('',#17913);
#6186=VERTEX_POINT('',#17914);
#6187=VERTEX_POINT('',#17916);
#6188=VERTEX_POINT('',#17922);
#6189=VERTEX_POINT('',#17924);
#6190=VERTEX_POINT('',#17929);
#6191=VERTEX_POINT('',#17934);
#6192=VERTEX_POINT('',#17938);
#6193=VERTEX_POINT('',#17943);
#6194=VERTEX_POINT('',#17947);
#6195=VERTEX_POINT('',#17960);
#6196=VERTEX_POINT('',#17962);
#6197=VERTEX_POINT('',#17964);
#6198=VERTEX_POINT('',#17966);
#6199=VERTEX_POINT('',#17991);
#6200=VERTEX_POINT('',#17993);
#6201=VERTEX_POINT('',#17995);
#6202=VERTEX_POINT('',#17997);
#6203=VERTEX_POINT('',#17999);
#6204=VERTEX_POINT('',#18001);
#6205=VERTEX_POINT('',#18003);
#6206=VERTEX_POINT('',#18005);
#6207=VERTEX_POINT('',#18015);
#6208=VERTEX_POINT('',#18019);
#6209=VERTEX_POINT('',#18023);
#6210=VERTEX_POINT('',#18027);
#6211=VERTEX_POINT('',#18031);
#6212=VERTEX_POINT('',#18035);
#6213=VERTEX_POINT('',#18039);
#6214=VERTEX_POINT('',#18043);
#6215=VERTEX_POINT('',#18072);
#6216=VERTEX_POINT('',#18074);
#6217=VERTEX_POINT('',#18078);
#6218=VERTEX_POINT('',#18084);
#6219=VERTEX_POINT('',#18088);
#6220=VERTEX_POINT('',#18092);
#6221=VERTEX_POINT('',#18121);
#6222=VERTEX_POINT('',#18125);
#6223=VERTEX_POINT('',#18129);
#6224=VERTEX_POINT('',#18133);
#6225=VERTEX_POINT('',#18140);
#6226=VERTEX_POINT('',#18144);
#6227=VERTEX_POINT('',#18148);
#6228=VERTEX_POINT('',#18152);
#6229=VERTEX_POINT('',#18203);
#6230=VERTEX_POINT('',#18205);
#6231=VERTEX_POINT('',#18209);
#6232=VERTEX_POINT('',#18217);
#6233=VERTEX_POINT('',#18218);
#6234=VERTEX_POINT('',#18220);
#6235=VERTEX_POINT('',#18222);
#6236=VERTEX_POINT('',#18226);
#6237=VERTEX_POINT('',#18227);
#6238=VERTEX_POINT('',#18229);
#6239=VERTEX_POINT('',#18231);
#6240=VERTEX_POINT('',#18235);
#6241=VERTEX_POINT('',#18236);
#6242=VERTEX_POINT('',#18238);
#6243=VERTEX_POINT('',#18240);
#6244=VERTEX_POINT('',#18244);
#6245=VERTEX_POINT('',#18245);
#6246=VERTEX_POINT('',#18247);
#6247=VERTEX_POINT('',#18249);
#6248=VERTEX_POINT('',#18253);
#6249=VERTEX_POINT('',#18254);
#6250=VERTEX_POINT('',#18256);
#6251=VERTEX_POINT('',#18258);
#6252=VERTEX_POINT('',#18262);
#6253=VERTEX_POINT('',#18263);
#6254=VERTEX_POINT('',#18265);
#6255=VERTEX_POINT('',#18267);
#6256=VERTEX_POINT('',#18271);
#6257=VERTEX_POINT('',#18272);
#6258=VERTEX_POINT('',#18274);
#6259=VERTEX_POINT('',#18276);
#6260=VERTEX_POINT('',#18280);
#6261=VERTEX_POINT('',#18281);
#6262=VERTEX_POINT('',#18283);
#6263=VERTEX_POINT('',#18285);
#6264=VERTEX_POINT('',#18289);
#6265=VERTEX_POINT('',#18290);
#6266=VERTEX_POINT('',#18292);
#6267=VERTEX_POINT('',#18294);
#6268=VERTEX_POINT('',#18298);
#6269=VERTEX_POINT('',#18299);
#6270=VERTEX_POINT('',#18301);
#6271=VERTEX_POINT('',#18303);
#6272=VERTEX_POINT('',#18307);
#6273=VERTEX_POINT('',#18308);
#6274=VERTEX_POINT('',#18310);
#6275=VERTEX_POINT('',#18312);
#6276=VERTEX_POINT('',#18316);
#6277=VERTEX_POINT('',#18317);
#6278=VERTEX_POINT('',#18319);
#6279=VERTEX_POINT('',#18321);
#6280=VERTEX_POINT('',#18325);
#6281=VERTEX_POINT('',#18326);
#6282=VERTEX_POINT('',#18328);
#6283=VERTEX_POINT('',#18330);
#6284=VERTEX_POINT('',#18334);
#6285=VERTEX_POINT('',#18335);
#6286=VERTEX_POINT('',#18337);
#6287=VERTEX_POINT('',#18339);
#6288=VERTEX_POINT('',#18343);
#6289=VERTEX_POINT('',#18344);
#6290=VERTEX_POINT('',#18346);
#6291=VERTEX_POINT('',#18348);
#6292=VERTEX_POINT('',#18352);
#6293=VERTEX_POINT('',#18353);
#6294=VERTEX_POINT('',#18355);
#6295=VERTEX_POINT('',#18357);
#6296=VERTEX_POINT('',#18361);
#6297=VERTEX_POINT('',#18362);
#6298=VERTEX_POINT('',#18364);
#6299=VERTEX_POINT('',#18366);
#6300=VERTEX_POINT('',#18370);
#6301=VERTEX_POINT('',#18371);
#6302=VERTEX_POINT('',#18373);
#6303=VERTEX_POINT('',#18375);
#6304=VERTEX_POINT('',#18379);
#6305=VERTEX_POINT('',#18380);
#6306=VERTEX_POINT('',#18382);
#6307=VERTEX_POINT('',#18384);
#6308=VERTEX_POINT('',#18388);
#6309=VERTEX_POINT('',#18389);
#6310=VERTEX_POINT('',#18391);
#6311=VERTEX_POINT('',#18393);
#6312=VERTEX_POINT('',#18397);
#6313=VERTEX_POINT('',#18398);
#6314=VERTEX_POINT('',#18401);
#6315=VERTEX_POINT('',#18403);
#6316=VERTEX_POINT('',#18405);
#6317=VERTEX_POINT('',#18407);
#6318=VERTEX_POINT('',#18409);
#6319=VERTEX_POINT('',#18411);
#6320=VERTEX_POINT('',#18413);
#6321=VERTEX_POINT('',#18415);
#6322=VERTEX_POINT('',#18420);
#6323=VERTEX_POINT('',#18422);
#6324=VERTEX_POINT('',#18425);
#6325=VERTEX_POINT('',#18427);
#6326=VERTEX_POINT('',#18429);
#6327=VERTEX_POINT('',#18431);
#6328=VERTEX_POINT('',#18433);
#6329=VERTEX_POINT('',#18435);
#6330=VERTEX_POINT('',#18437);
#6331=VERTEX_POINT('',#18439);
#6332=VERTEX_POINT('',#18443);
#6333=VERTEX_POINT('',#18444);
#6334=VERTEX_POINT('',#18446);
#6335=VERTEX_POINT('',#18449);
#6336=VERTEX_POINT('',#18451);
#6337=VERTEX_POINT('',#18453);
#6338=VERTEX_POINT('',#18455);
#6339=VERTEX_POINT('',#18459);
#6340=VERTEX_POINT('',#18461);
#6341=VERTEX_POINT('',#18463);
#6342=VERTEX_POINT('',#18465);
#6343=VERTEX_POINT('',#18467);
#6344=VERTEX_POINT('',#18469);
#6345=VERTEX_POINT('',#18471);
#6346=VERTEX_POINT('',#18478);
#6347=VERTEX_POINT('',#18479);
#6348=VERTEX_POINT('',#18481);
#6349=VERTEX_POINT('',#18484);
#6350=VERTEX_POINT('',#18486);
#6351=VERTEX_POINT('',#18488);
#6352=VERTEX_POINT('',#18490);
#6353=VERTEX_POINT('',#18494);
#6354=VERTEX_POINT('',#18496);
#6355=VERTEX_POINT('',#18498);
#6356=VERTEX_POINT('',#18500);
#6357=VERTEX_POINT('',#18502);
#6358=VERTEX_POINT('',#18504);
#6359=VERTEX_POINT('',#18506);
#6360=VERTEX_POINT('',#18513);
#6361=VERTEX_POINT('',#18514);
#6362=VERTEX_POINT('',#18516);
#6363=VERTEX_POINT('',#18519);
#6364=VERTEX_POINT('',#18521);
#6365=VERTEX_POINT('',#18523);
#6366=VERTEX_POINT('',#18525);
#6367=VERTEX_POINT('',#18529);
#6368=VERTEX_POINT('',#18531);
#6369=VERTEX_POINT('',#18533);
#6370=VERTEX_POINT('',#18535);
#6371=VERTEX_POINT('',#18537);
#6372=VERTEX_POINT('',#18539);
#6373=VERTEX_POINT('',#18541);
#6374=VERTEX_POINT('',#18548);
#6375=VERTEX_POINT('',#18549);
#6376=VERTEX_POINT('',#18551);
#6377=VERTEX_POINT('',#18554);
#6378=VERTEX_POINT('',#18556);
#6379=VERTEX_POINT('',#18558);
#6380=VERTEX_POINT('',#18560);
#6381=VERTEX_POINT('',#18564);
#6382=VERTEX_POINT('',#18566);
#6383=VERTEX_POINT('',#18568);
#6384=VERTEX_POINT('',#18570);
#6385=VERTEX_POINT('',#18572);
#6386=VERTEX_POINT('',#18574);
#6387=VERTEX_POINT('',#18576);
#6388=VERTEX_POINT('',#18583);
#6389=VERTEX_POINT('',#18584);
#6390=VERTEX_POINT('',#18586);
#6391=VERTEX_POINT('',#18589);
#6392=VERTEX_POINT('',#18591);
#6393=VERTEX_POINT('',#18593);
#6394=VERTEX_POINT('',#18595);
#6395=VERTEX_POINT('',#18599);
#6396=VERTEX_POINT('',#18601);
#6397=VERTEX_POINT('',#18603);
#6398=VERTEX_POINT('',#18605);
#6399=VERTEX_POINT('',#18607);
#6400=VERTEX_POINT('',#18609);
#6401=VERTEX_POINT('',#18611);
#6402=VERTEX_POINT('',#18618);
#6403=VERTEX_POINT('',#18619);
#6404=VERTEX_POINT('',#18621);
#6405=VERTEX_POINT('',#18624);
#6406=VERTEX_POINT('',#18626);
#6407=VERTEX_POINT('',#18628);
#6408=VERTEX_POINT('',#18630);
#6409=VERTEX_POINT('',#18634);
#6410=VERTEX_POINT('',#18636);
#6411=VERTEX_POINT('',#18638);
#6412=VERTEX_POINT('',#18640);
#6413=VERTEX_POINT('',#18642);
#6414=VERTEX_POINT('',#18644);
#6415=VERTEX_POINT('',#18646);
#6416=VERTEX_POINT('',#18653);
#6417=VERTEX_POINT('',#18654);
#6418=VERTEX_POINT('',#18656);
#6419=VERTEX_POINT('',#18659);
#6420=VERTEX_POINT('',#18661);
#6421=VERTEX_POINT('',#18663);
#6422=VERTEX_POINT('',#18665);
#6423=VERTEX_POINT('',#18669);
#6424=VERTEX_POINT('',#18671);
#6425=VERTEX_POINT('',#18673);
#6426=VERTEX_POINT('',#18675);
#6427=VERTEX_POINT('',#18677);
#6428=VERTEX_POINT('',#18679);
#6429=VERTEX_POINT('',#18681);
#6430=VERTEX_POINT('',#18688);
#6431=VERTEX_POINT('',#18689);
#6432=VERTEX_POINT('',#18691);
#6433=VERTEX_POINT('',#18694);
#6434=VERTEX_POINT('',#18696);
#6435=VERTEX_POINT('',#18698);
#6436=VERTEX_POINT('',#18700);
#6437=VERTEX_POINT('',#18704);
#6438=VERTEX_POINT('',#18706);
#6439=VERTEX_POINT('',#18708);
#6440=VERTEX_POINT('',#18710);
#6441=VERTEX_POINT('',#18712);
#6442=VERTEX_POINT('',#18714);
#6443=VERTEX_POINT('',#18716);
#6444=VERTEX_POINT('',#18723);
#6445=VERTEX_POINT('',#18724);
#6446=VERTEX_POINT('',#18726);
#6447=VERTEX_POINT('',#18728);
#6448=VERTEX_POINT('',#18732);
#6449=VERTEX_POINT('',#18735);
#6450=VERTEX_POINT('',#18737);
#6451=VERTEX_POINT('',#18739);
#6452=VERTEX_POINT('',#18741);
#6453=VERTEX_POINT('',#18745);
#6454=VERTEX_POINT('',#18748);
#6455=VERTEX_POINT('',#18750);
#6456=VERTEX_POINT('',#18752);
#6457=VERTEX_POINT('',#18754);
#6458=VERTEX_POINT('',#18758);
#6459=VERTEX_POINT('',#18760);
#6460=VERTEX_POINT('',#18762);
#6461=VERTEX_POINT('',#18764);
#6462=VERTEX_POINT('',#18766);
#6463=VERTEX_POINT('',#18768);
#6464=VERTEX_POINT('',#18770);
#6465=VERTEX_POINT('',#18774);
#6466=VERTEX_POINT('',#18776);
#6467=VERTEX_POINT('',#18778);
#6468=VERTEX_POINT('',#18780);
#6469=VERTEX_POINT('',#18782);
#6470=VERTEX_POINT('',#18784);
#6471=VERTEX_POINT('',#18786);
#6472=VERTEX_POINT('',#18793);
#6473=VERTEX_POINT('',#18795);
#6474=VERTEX_POINT('',#18797);
#6475=VERTEX_POINT('',#18799);
#6476=VERTEX_POINT('',#18801);
#6477=VERTEX_POINT('',#18803);
#6478=VERTEX_POINT('',#18805);
#6479=VERTEX_POINT('',#18809);
#6480=VERTEX_POINT('',#18811);
#6481=VERTEX_POINT('',#18813);
#6482=VERTEX_POINT('',#18815);
#6483=VERTEX_POINT('',#18817);
#6484=VERTEX_POINT('',#18819);
#6485=VERTEX_POINT('',#18821);
#6486=VERTEX_POINT('',#18828);
#6487=VERTEX_POINT('',#18830);
#6488=VERTEX_POINT('',#18832);
#6489=VERTEX_POINT('',#18834);
#6490=VERTEX_POINT('',#18836);
#6491=VERTEX_POINT('',#18838);
#6492=VERTEX_POINT('',#18840);
#6493=VERTEX_POINT('',#18844);
#6494=VERTEX_POINT('',#18846);
#6495=VERTEX_POINT('',#18848);
#6496=VERTEX_POINT('',#18850);
#6497=VERTEX_POINT('',#18852);
#6498=VERTEX_POINT('',#18854);
#6499=VERTEX_POINT('',#18856);
#6500=VERTEX_POINT('',#18863);
#6501=VERTEX_POINT('',#18865);
#6502=VERTEX_POINT('',#18867);
#6503=VERTEX_POINT('',#18869);
#6504=VERTEX_POINT('',#18871);
#6505=VERTEX_POINT('',#18873);
#6506=VERTEX_POINT('',#18875);
#6507=VERTEX_POINT('',#18879);
#6508=VERTEX_POINT('',#18881);
#6509=VERTEX_POINT('',#18883);
#6510=VERTEX_POINT('',#18885);
#6511=VERTEX_POINT('',#18887);
#6512=VERTEX_POINT('',#18889);
#6513=VERTEX_POINT('',#18891);
#6514=VERTEX_POINT('',#18898);
#6515=VERTEX_POINT('',#18900);
#6516=VERTEX_POINT('',#18902);
#6517=VERTEX_POINT('',#18904);
#6518=VERTEX_POINT('',#18906);
#6519=VERTEX_POINT('',#18908);
#6520=VERTEX_POINT('',#18910);
#6521=VERTEX_POINT('',#18914);
#6522=VERTEX_POINT('',#18916);
#6523=VERTEX_POINT('',#18918);
#6524=VERTEX_POINT('',#18920);
#6525=VERTEX_POINT('',#18922);
#6526=VERTEX_POINT('',#18924);
#6527=VERTEX_POINT('',#18926);
#6528=VERTEX_POINT('',#18933);
#6529=VERTEX_POINT('',#18935);
#6530=VERTEX_POINT('',#18937);
#6531=VERTEX_POINT('',#18939);
#6532=VERTEX_POINT('',#18941);
#6533=VERTEX_POINT('',#18943);
#6534=VERTEX_POINT('',#18945);
#6535=VERTEX_POINT('',#18949);
#6536=VERTEX_POINT('',#18951);
#6537=VERTEX_POINT('',#18953);
#6538=VERTEX_POINT('',#18955);
#6539=VERTEX_POINT('',#18957);
#6540=VERTEX_POINT('',#18959);
#6541=VERTEX_POINT('',#18961);
#6542=VERTEX_POINT('',#18968);
#6543=VERTEX_POINT('',#18970);
#6544=VERTEX_POINT('',#18972);
#6545=VERTEX_POINT('',#18974);
#6546=VERTEX_POINT('',#18976);
#6547=VERTEX_POINT('',#18978);
#6548=VERTEX_POINT('',#18980);
#6549=VERTEX_POINT('',#18984);
#6550=VERTEX_POINT('',#18986);
#6551=VERTEX_POINT('',#18988);
#6552=VERTEX_POINT('',#18990);
#6553=VERTEX_POINT('',#18992);
#6554=VERTEX_POINT('',#18994);
#6555=VERTEX_POINT('',#18996);
#6556=VERTEX_POINT('',#19003);
#6557=VERTEX_POINT('',#19005);
#6558=VERTEX_POINT('',#19007);
#6559=VERTEX_POINT('',#19009);
#6560=VERTEX_POINT('',#19011);
#6561=VERTEX_POINT('',#19013);
#6562=VERTEX_POINT('',#19015);
#6563=VERTEX_POINT('',#19019);
#6564=VERTEX_POINT('',#19021);
#6565=VERTEX_POINT('',#19023);
#6566=VERTEX_POINT('',#19025);
#6567=VERTEX_POINT('',#19027);
#6568=VERTEX_POINT('',#19029);
#6569=VERTEX_POINT('',#19031);
#6570=VERTEX_POINT('',#19038);
#6571=VERTEX_POINT('',#19039);
#6572=VERTEX_POINT('',#19041);
#6573=VERTEX_POINT('',#19043);
#6574=VERTEX_POINT('',#19047);
#6575=VERTEX_POINT('',#19050);
#6576=VERTEX_POINT('',#19052);
#6577=VERTEX_POINT('',#19054);
#6578=VERTEX_POINT('',#19056);
#6579=VERTEX_POINT('',#19060);
#6580=VERTEX_POINT('',#19062);
#6581=VERTEX_POINT('',#19064);
#6582=VERTEX_POINT('',#19066);
#6583=VERTEX_POINT('',#19068);
#6584=VERTEX_POINT('',#19276);
#6585=VERTEX_POINT('',#19277);
#6586=VERTEX_POINT('',#19279);
#6587=VERTEX_POINT('',#19281);
#6588=VERTEX_POINT('',#19285);
#6589=VERTEX_POINT('',#19286);
#6590=VERTEX_POINT('',#19288);
#6591=VERTEX_POINT('',#19290);
#6592=VERTEX_POINT('',#19294);
#6593=VERTEX_POINT('',#19295);
#6594=VERTEX_POINT('',#19297);
#6595=VERTEX_POINT('',#19299);
#6596=VERTEX_POINT('',#19303);
#6597=VERTEX_POINT('',#19304);
#6598=VERTEX_POINT('',#19306);
#6599=VERTEX_POINT('',#19308);
#6600=VERTEX_POINT('',#19312);
#6601=VERTEX_POINT('',#19313);
#6602=VERTEX_POINT('',#19315);
#6603=VERTEX_POINT('',#19317);
#6604=VERTEX_POINT('',#19321);
#6605=VERTEX_POINT('',#19322);
#6606=VERTEX_POINT('',#19324);
#6607=VERTEX_POINT('',#19326);
#6608=VERTEX_POINT('',#19330);
#6609=VERTEX_POINT('',#19331);
#6610=VERTEX_POINT('',#19333);
#6611=VERTEX_POINT('',#19335);
#6612=VERTEX_POINT('',#19339);
#6613=VERTEX_POINT('',#19340);
#6614=VERTEX_POINT('',#19342);
#6615=VERTEX_POINT('',#19344);
#6616=VERTEX_POINT('',#19348);
#6617=VERTEX_POINT('',#19349);
#6618=VERTEX_POINT('',#19351);
#6619=VERTEX_POINT('',#19353);
#6620=VERTEX_POINT('',#19357);
#6621=VERTEX_POINT('',#19358);
#6622=VERTEX_POINT('',#19360);
#6623=VERTEX_POINT('',#19362);
#6624=VERTEX_POINT('',#19366);
#6625=VERTEX_POINT('',#19367);
#6626=VERTEX_POINT('',#19369);
#6627=VERTEX_POINT('',#19371);
#6628=VERTEX_POINT('',#19375);
#6629=VERTEX_POINT('',#19376);
#6630=VERTEX_POINT('',#19378);
#6631=VERTEX_POINT('',#19380);
#6632=VERTEX_POINT('',#19384);
#6633=VERTEX_POINT('',#19385);
#6634=VERTEX_POINT('',#19387);
#6635=VERTEX_POINT('',#19389);
#6636=VERTEX_POINT('',#19393);
#6637=VERTEX_POINT('',#19394);
#6638=VERTEX_POINT('',#19396);
#6639=VERTEX_POINT('',#19398);
#6640=VERTEX_POINT('',#19402);
#6641=VERTEX_POINT('',#19403);
#6642=VERTEX_POINT('',#19405);
#6643=VERTEX_POINT('',#19407);
#6644=VERTEX_POINT('',#19411);
#6645=VERTEX_POINT('',#19412);
#6646=VERTEX_POINT('',#19414);
#6647=VERTEX_POINT('',#19416);
#6648=VERTEX_POINT('',#19420);
#6649=VERTEX_POINT('',#19421);
#6650=VERTEX_POINT('',#19423);
#6651=VERTEX_POINT('',#19425);
#6652=VERTEX_POINT('',#19429);
#6653=VERTEX_POINT('',#19430);
#6654=VERTEX_POINT('',#19432);
#6655=VERTEX_POINT('',#19434);
#6656=VERTEX_POINT('',#19438);
#6657=VERTEX_POINT('',#19439);
#6658=VERTEX_POINT('',#19441);
#6659=VERTEX_POINT('',#19443);
#6660=VERTEX_POINT('',#19447);
#6661=VERTEX_POINT('',#19448);
#6662=VERTEX_POINT('',#19450);
#6663=VERTEX_POINT('',#19452);
#6664=VERTEX_POINT('',#19456);
#6665=VERTEX_POINT('',#19457);
#6666=VERTEX_POINT('',#19460);
#6667=VERTEX_POINT('',#19462);
#6668=VERTEX_POINT('',#19464);
#6669=VERTEX_POINT('',#19466);
#6670=VERTEX_POINT('',#19468);
#6671=VERTEX_POINT('',#19470);
#6672=VERTEX_POINT('',#19472);
#6673=VERTEX_POINT('',#19474);
#6674=VERTEX_POINT('',#19476);
#6675=VERTEX_POINT('',#19478);
#6676=VERTEX_POINT('',#19480);
#6677=VERTEX_POINT('',#19482);
#6678=VERTEX_POINT('',#19487);
#6679=VERTEX_POINT('',#19489);
#6680=VERTEX_POINT('',#19492);
#6681=VERTEX_POINT('',#19494);
#6682=VERTEX_POINT('',#19496);
#6683=VERTEX_POINT('',#19498);
#6684=VERTEX_POINT('',#19500);
#6685=VERTEX_POINT('',#19502);
#6686=VERTEX_POINT('',#19504);
#6687=VERTEX_POINT('',#19506);
#6688=VERTEX_POINT('',#19508);
#6689=VERTEX_POINT('',#19510);
#6690=VERTEX_POINT('',#19512);
#6691=VERTEX_POINT('',#19514);
#6692=VERTEX_POINT('',#19518);
#6693=VERTEX_POINT('',#19520);
#6694=VERTEX_POINT('',#19522);
#6695=VERTEX_POINT('',#19524);
#6696=VERTEX_POINT('',#19526);
#6697=VERTEX_POINT('',#19528);
#6698=VERTEX_POINT('',#19530);
#6699=VERTEX_POINT('',#19532);
#6700=VERTEX_POINT('',#19534);
#6701=VERTEX_POINT('',#19538);
#6702=VERTEX_POINT('',#19539);
#6703=VERTEX_POINT('',#19542);
#6704=VERTEX_POINT('',#19544);
#6705=VERTEX_POINT('',#19546);
#6706=VERTEX_POINT('',#19548);
#6707=VERTEX_POINT('',#19550);
#6708=VERTEX_POINT('',#19552);
#6709=VERTEX_POINT('',#19554);
#6710=VERTEX_POINT('',#19561);
#6711=VERTEX_POINT('',#19563);
#6712=VERTEX_POINT('',#19565);
#6713=VERTEX_POINT('',#19567);
#6714=VERTEX_POINT('',#19569);
#6715=VERTEX_POINT('',#19571);
#6716=VERTEX_POINT('',#19573);
#6717=VERTEX_POINT('',#19575);
#6718=VERTEX_POINT('',#19577);
#6719=VERTEX_POINT('',#19581);
#6720=VERTEX_POINT('',#19582);
#6721=VERTEX_POINT('',#19585);
#6722=VERTEX_POINT('',#19587);
#6723=VERTEX_POINT('',#19589);
#6724=VERTEX_POINT('',#19591);
#6725=VERTEX_POINT('',#19593);
#6726=VERTEX_POINT('',#19595);
#6727=VERTEX_POINT('',#19597);
#6728=VERTEX_POINT('',#19604);
#6729=VERTEX_POINT('',#19606);
#6730=VERTEX_POINT('',#19608);
#6731=VERTEX_POINT('',#19610);
#6732=VERTEX_POINT('',#19612);
#6733=VERTEX_POINT('',#19614);
#6734=VERTEX_POINT('',#19616);
#6735=VERTEX_POINT('',#19618);
#6736=VERTEX_POINT('',#19620);
#6737=VERTEX_POINT('',#19624);
#6738=VERTEX_POINT('',#19625);
#6739=VERTEX_POINT('',#19628);
#6740=VERTEX_POINT('',#19630);
#6741=VERTEX_POINT('',#19632);
#6742=VERTEX_POINT('',#19634);
#6743=VERTEX_POINT('',#19636);
#6744=VERTEX_POINT('',#19638);
#6745=VERTEX_POINT('',#19640);
#6746=VERTEX_POINT('',#19647);
#6747=VERTEX_POINT('',#19649);
#6748=VERTEX_POINT('',#19651);
#6749=VERTEX_POINT('',#19653);
#6750=VERTEX_POINT('',#19655);
#6751=VERTEX_POINT('',#19657);
#6752=VERTEX_POINT('',#19659);
#6753=VERTEX_POINT('',#19661);
#6754=VERTEX_POINT('',#19663);
#6755=VERTEX_POINT('',#19667);
#6756=VERTEX_POINT('',#19668);
#6757=VERTEX_POINT('',#19671);
#6758=VERTEX_POINT('',#19673);
#6759=VERTEX_POINT('',#19675);
#6760=VERTEX_POINT('',#19677);
#6761=VERTEX_POINT('',#19679);
#6762=VERTEX_POINT('',#19681);
#6763=VERTEX_POINT('',#19683);
#6764=VERTEX_POINT('',#19690);
#6765=VERTEX_POINT('',#19692);
#6766=VERTEX_POINT('',#19694);
#6767=VERTEX_POINT('',#19696);
#6768=VERTEX_POINT('',#19698);
#6769=VERTEX_POINT('',#19700);
#6770=VERTEX_POINT('',#19702);
#6771=VERTEX_POINT('',#19704);
#6772=VERTEX_POINT('',#19706);
#6773=VERTEX_POINT('',#19710);
#6774=VERTEX_POINT('',#19711);
#6775=VERTEX_POINT('',#19714);
#6776=VERTEX_POINT('',#19716);
#6777=VERTEX_POINT('',#19718);
#6778=VERTEX_POINT('',#19720);
#6779=VERTEX_POINT('',#19722);
#6780=VERTEX_POINT('',#19724);
#6781=VERTEX_POINT('',#19726);
#6782=VERTEX_POINT('',#19733);
#6783=VERTEX_POINT('',#19735);
#6784=VERTEX_POINT('',#19737);
#6785=VERTEX_POINT('',#19739);
#6786=VERTEX_POINT('',#19741);
#6787=VERTEX_POINT('',#19743);
#6788=VERTEX_POINT('',#19745);
#6789=VERTEX_POINT('',#19747);
#6790=VERTEX_POINT('',#19749);
#6791=VERTEX_POINT('',#19753);
#6792=VERTEX_POINT('',#19754);
#6793=VERTEX_POINT('',#19757);
#6794=VERTEX_POINT('',#19759);
#6795=VERTEX_POINT('',#19761);
#6796=VERTEX_POINT('',#19763);
#6797=VERTEX_POINT('',#19765);
#6798=VERTEX_POINT('',#19767);
#6799=VERTEX_POINT('',#19769);
#6800=VERTEX_POINT('',#19776);
#6801=VERTEX_POINT('',#19778);
#6802=VERTEX_POINT('',#19780);
#6803=VERTEX_POINT('',#19782);
#6804=VERTEX_POINT('',#19784);
#6805=VERTEX_POINT('',#19786);
#6806=VERTEX_POINT('',#19788);
#6807=VERTEX_POINT('',#19790);
#6808=VERTEX_POINT('',#19792);
#6809=VERTEX_POINT('',#19796);
#6810=VERTEX_POINT('',#19797);
#6811=VERTEX_POINT('',#19800);
#6812=VERTEX_POINT('',#19802);
#6813=VERTEX_POINT('',#19804);
#6814=VERTEX_POINT('',#19806);
#6815=VERTEX_POINT('',#19808);
#6816=VERTEX_POINT('',#19810);
#6817=VERTEX_POINT('',#19812);
#6818=VERTEX_POINT('',#19819);
#6819=VERTEX_POINT('',#19821);
#6820=VERTEX_POINT('',#19823);
#6821=VERTEX_POINT('',#19825);
#6822=VERTEX_POINT('',#19827);
#6823=VERTEX_POINT('',#19829);
#6824=VERTEX_POINT('',#19831);
#6825=VERTEX_POINT('',#19833);
#6826=VERTEX_POINT('',#19835);
#6827=VERTEX_POINT('',#19839);
#6828=VERTEX_POINT('',#19840);
#6829=VERTEX_POINT('',#19843);
#6830=VERTEX_POINT('',#19845);
#6831=VERTEX_POINT('',#19847);
#6832=VERTEX_POINT('',#19849);
#6833=VERTEX_POINT('',#19851);
#6834=VERTEX_POINT('',#19853);
#6835=VERTEX_POINT('',#19855);
#6836=VERTEX_POINT('',#19862);
#6837=VERTEX_POINT('',#19863);
#6838=VERTEX_POINT('',#19865);
#6839=VERTEX_POINT('',#19867);
#6840=VERTEX_POINT('',#19871);
#6841=VERTEX_POINT('',#19874);
#6842=VERTEX_POINT('',#19876);
#6843=VERTEX_POINT('',#19878);
#6844=VERTEX_POINT('',#19880);
#6845=VERTEX_POINT('',#19882);
#6846=VERTEX_POINT('',#19884);
#6847=VERTEX_POINT('',#19888);
#6848=VERTEX_POINT('',#19891);
#6849=VERTEX_POINT('',#19893);
#6850=VERTEX_POINT('',#19895);
#6851=VERTEX_POINT('',#19897);
#6852=VERTEX_POINT('',#19899);
#6853=VERTEX_POINT('',#19901);
#6854=VERTEX_POINT('',#19905);
#6855=VERTEX_POINT('',#19906);
#6856=VERTEX_POINT('',#19909);
#6857=VERTEX_POINT('',#19911);
#6858=VERTEX_POINT('',#19913);
#6859=VERTEX_POINT('',#19915);
#6860=VERTEX_POINT('',#19917);
#6861=VERTEX_POINT('',#19919);
#6862=VERTEX_POINT('',#19921);
#6863=VERTEX_POINT('',#19925);
#6864=VERTEX_POINT('',#19926);
#6865=VERTEX_POINT('',#19928);
#6866=VERTEX_POINT('',#19930);
#6867=VERTEX_POINT('',#19932);
#6868=VERTEX_POINT('',#19934);
#6869=VERTEX_POINT('',#19936);
#6870=VERTEX_POINT('',#19938);
#6871=VERTEX_POINT('',#19940);
#6872=VERTEX_POINT('',#19948);
#6873=VERTEX_POINT('',#19949);
#6874=VERTEX_POINT('',#19952);
#6875=VERTEX_POINT('',#19954);
#6876=VERTEX_POINT('',#19956);
#6877=VERTEX_POINT('',#19958);
#6878=VERTEX_POINT('',#19960);
#6879=VERTEX_POINT('',#19962);
#6880=VERTEX_POINT('',#19964);
#6881=VERTEX_POINT('',#19968);
#6882=VERTEX_POINT('',#19969);
#6883=VERTEX_POINT('',#19971);
#6884=VERTEX_POINT('',#19973);
#6885=VERTEX_POINT('',#19975);
#6886=VERTEX_POINT('',#19977);
#6887=VERTEX_POINT('',#19979);
#6888=VERTEX_POINT('',#19981);
#6889=VERTEX_POINT('',#19983);
#6890=VERTEX_POINT('',#19991);
#6891=VERTEX_POINT('',#19992);
#6892=VERTEX_POINT('',#19995);
#6893=VERTEX_POINT('',#19997);
#6894=VERTEX_POINT('',#19999);
#6895=VERTEX_POINT('',#20001);
#6896=VERTEX_POINT('',#20003);
#6897=VERTEX_POINT('',#20005);
#6898=VERTEX_POINT('',#20007);
#6899=VERTEX_POINT('',#20011);
#6900=VERTEX_POINT('',#20012);
#6901=VERTEX_POINT('',#20014);
#6902=VERTEX_POINT('',#20016);
#6903=VERTEX_POINT('',#20018);
#6904=VERTEX_POINT('',#20020);
#6905=VERTEX_POINT('',#20022);
#6906=VERTEX_POINT('',#20024);
#6907=VERTEX_POINT('',#20026);
#6908=VERTEX_POINT('',#20034);
#6909=VERTEX_POINT('',#20035);
#6910=VERTEX_POINT('',#20038);
#6911=VERTEX_POINT('',#20040);
#6912=VERTEX_POINT('',#20042);
#6913=VERTEX_POINT('',#20044);
#6914=VERTEX_POINT('',#20046);
#6915=VERTEX_POINT('',#20048);
#6916=VERTEX_POINT('',#20050);
#6917=VERTEX_POINT('',#20054);
#6918=VERTEX_POINT('',#20055);
#6919=VERTEX_POINT('',#20057);
#6920=VERTEX_POINT('',#20059);
#6921=VERTEX_POINT('',#20061);
#6922=VERTEX_POINT('',#20063);
#6923=VERTEX_POINT('',#20065);
#6924=VERTEX_POINT('',#20067);
#6925=VERTEX_POINT('',#20069);
#6926=VERTEX_POINT('',#20077);
#6927=VERTEX_POINT('',#20078);
#6928=VERTEX_POINT('',#20081);
#6929=VERTEX_POINT('',#20083);
#6930=VERTEX_POINT('',#20085);
#6931=VERTEX_POINT('',#20087);
#6932=VERTEX_POINT('',#20089);
#6933=VERTEX_POINT('',#20091);
#6934=VERTEX_POINT('',#20093);
#6935=VERTEX_POINT('',#20097);
#6936=VERTEX_POINT('',#20098);
#6937=VERTEX_POINT('',#20100);
#6938=VERTEX_POINT('',#20102);
#6939=VERTEX_POINT('',#20104);
#6940=VERTEX_POINT('',#20106);
#6941=VERTEX_POINT('',#20108);
#6942=VERTEX_POINT('',#20110);
#6943=VERTEX_POINT('',#20112);
#6944=VERTEX_POINT('',#20120);
#6945=VERTEX_POINT('',#20121);
#6946=VERTEX_POINT('',#20124);
#6947=VERTEX_POINT('',#20126);
#6948=VERTEX_POINT('',#20128);
#6949=VERTEX_POINT('',#20130);
#6950=VERTEX_POINT('',#20132);
#6951=VERTEX_POINT('',#20134);
#6952=VERTEX_POINT('',#20136);
#6953=VERTEX_POINT('',#20140);
#6954=VERTEX_POINT('',#20141);
#6955=VERTEX_POINT('',#20143);
#6956=VERTEX_POINT('',#20145);
#6957=VERTEX_POINT('',#20147);
#6958=VERTEX_POINT('',#20149);
#6959=VERTEX_POINT('',#20151);
#6960=VERTEX_POINT('',#20153);
#6961=VERTEX_POINT('',#20155);
#6962=VERTEX_POINT('',#20163);
#6963=VERTEX_POINT('',#20164);
#6964=VERTEX_POINT('',#20167);
#6965=VERTEX_POINT('',#20169);
#6966=VERTEX_POINT('',#20171);
#6967=VERTEX_POINT('',#20173);
#6968=VERTEX_POINT('',#20175);
#6969=VERTEX_POINT('',#20177);
#6970=VERTEX_POINT('',#20179);
#6971=VERTEX_POINT('',#20183);
#6972=VERTEX_POINT('',#20184);
#6973=VERTEX_POINT('',#20186);
#6974=VERTEX_POINT('',#20188);
#6975=VERTEX_POINT('',#20190);
#6976=VERTEX_POINT('',#20192);
#6977=VERTEX_POINT('',#20194);
#6978=VERTEX_POINT('',#20196);
#6979=VERTEX_POINT('',#20198);
#6980=VERTEX_POINT('',#20206);
#6981=VERTEX_POINT('',#20207);
#6982=VERTEX_POINT('',#20210);
#6983=VERTEX_POINT('',#20212);
#6984=VERTEX_POINT('',#20214);
#6985=VERTEX_POINT('',#20216);
#6986=VERTEX_POINT('',#20218);
#6987=VERTEX_POINT('',#20220);
#6988=VERTEX_POINT('',#20222);
#6989=VERTEX_POINT('',#20226);
#6990=VERTEX_POINT('',#20227);
#6991=VERTEX_POINT('',#20229);
#6992=VERTEX_POINT('',#20231);
#6993=VERTEX_POINT('',#20233);
#6994=VERTEX_POINT('',#20235);
#6995=VERTEX_POINT('',#20237);
#6996=VERTEX_POINT('',#20239);
#6997=VERTEX_POINT('',#20241);
#6998=VERTEX_POINT('',#20249);
#6999=VERTEX_POINT('',#20250);
#7000=VERTEX_POINT('',#20252);
#7001=VERTEX_POINT('',#20254);
#7002=VERTEX_POINT('',#20258);
#7003=VERTEX_POINT('',#20261);
#7004=VERTEX_POINT('',#20263);
#7005=VERTEX_POINT('',#20265);
#7006=VERTEX_POINT('',#20267);
#7007=VERTEX_POINT('',#20269);
#7008=VERTEX_POINT('',#20271);
#7009=VERTEX_POINT('',#20275);
#7010=VERTEX_POINT('',#20277);
#7011=VERTEX_POINT('',#20279);
#7012=VERTEX_POINT('',#20281);
#7013=VERTEX_POINT('',#20283);
#7014=VERTEX_POINT('',#20285);
#7015=VERTEX_POINT('',#20287);
#7016=VERTEX_POINT('',#20575);
#7017=VERTEX_POINT('',#20577);
#7018=LINE('',#16854,#8833);
#7019=LINE('',#16857,#8834);
#7020=LINE('',#16859,#8835);
#7021=LINE('',#16861,#8836);
#7022=LINE('',#16863,#8837);
#7023=LINE('',#16865,#8838);
#7024=LINE('',#16867,#8839);
#7025=LINE('',#16869,#8840);
#7026=LINE('',#16871,#8841);
#7027=LINE('',#16873,#8842);
#7028=LINE('',#16875,#8843);
#7029=LINE('',#16877,#8844);
#7030=LINE('',#16879,#8845);
#7031=LINE('',#16881,#8846);
#7032=LINE('',#16883,#8847);
#7033=LINE('',#16885,#8848);
#7034=LINE('',#16887,#8849);
#7035=LINE('',#16889,#8850);
#7036=LINE('',#16891,#8851);
#7037=LINE('',#16893,#8852);
#7038=LINE('',#16895,#8853);
#7039=LINE('',#16897,#8854);
#7040=LINE('',#16899,#8855);
#7041=LINE('',#16901,#8856);
#7042=LINE('',#16903,#8857);
#7043=LINE('',#16905,#8858);
#7044=LINE('',#16907,#8859);
#7045=LINE('',#16909,#8860);
#7046=LINE('',#16911,#8861);
#7047=LINE('',#16913,#8862);
#7048=LINE('',#16915,#8863);
#7049=LINE('',#16917,#8864);
#7050=LINE('',#16919,#8865);
#7051=LINE('',#16921,#8866);
#7052=LINE('',#16923,#8867);
#7053=LINE('',#16925,#8868);
#7054=LINE('',#16927,#8869);
#7055=LINE('',#16929,#8870);
#7056=LINE('',#16931,#8871);
#7057=LINE('',#16933,#8872);
#7058=LINE('',#16935,#8873);
#7059=LINE('',#16937,#8874);
#7060=LINE('',#16939,#8875);
#7061=LINE('',#16941,#8876);
#7062=LINE('',#16943,#8877);
#7063=LINE('',#16945,#8878);
#7064=LINE('',#16947,#8879);
#7065=LINE('',#16949,#8880);
#7066=LINE('',#16951,#8881);
#7067=LINE('',#16953,#8882);
#7068=LINE('',#16955,#8883);
#7069=LINE('',#16958,#8884);
#7070=LINE('',#16960,#8885);
#7071=LINE('',#16962,#8886);
#7072=LINE('',#16964,#8887);
#7073=LINE('',#16967,#8888);
#7074=LINE('',#16969,#8889);
#7075=LINE('',#16971,#8890);
#7076=LINE('',#16973,#8891);
#7077=LINE('',#16975,#8892);
#7078=LINE('',#16977,#8893);
#7079=LINE('',#16979,#8894);
#7080=LINE('',#16981,#8895);
#7081=LINE('',#16983,#8896);
#7082=LINE('',#16985,#8897);
#7083=LINE('',#16987,#8898);
#7084=LINE('',#16989,#8899);
#7085=LINE('',#16991,#8900);
#7086=LINE('',#16993,#8901);
#7087=LINE('',#16995,#8902);
#7088=LINE('',#16997,#8903);
#7089=LINE('',#16999,#8904);
#7090=LINE('',#17001,#8905);
#7091=LINE('',#17003,#8906);
#7092=LINE('',#17005,#8907);
#7093=LINE('',#17007,#8908);
#7094=LINE('',#17009,#8909);
#7095=LINE('',#17011,#8910);
#7096=LINE('',#17013,#8911);
#7097=LINE('',#17015,#8912);
#7098=LINE('',#17017,#8913);
#7099=LINE('',#17019,#8914);
#7100=LINE('',#17021,#8915);
#7101=LINE('',#17023,#8916);
#7102=LINE('',#17025,#8917);
#7103=LINE('',#17027,#8918);
#7104=LINE('',#17029,#8919);
#7105=LINE('',#17031,#8920);
#7106=LINE('',#17033,#8921);
#7107=LINE('',#17035,#8922);
#7108=LINE('',#17037,#8923);
#7109=LINE('',#17039,#8924);
#7110=LINE('',#17041,#8925);
#7111=LINE('',#17043,#8926);
#7112=LINE('',#17045,#8927);
#7113=LINE('',#17047,#8928);
#7114=LINE('',#17049,#8929);
#7115=LINE('',#17051,#8930);
#7116=LINE('',#17053,#8931);
#7117=LINE('',#17055,#8932);
#7118=LINE('',#17057,#8933);
#7119=LINE('',#17059,#8934);
#7120=LINE('',#17061,#8935);
#7121=LINE('',#17063,#8936);
#7122=LINE('',#17065,#8937);
#7123=LINE('',#17068,#8938);
#7124=LINE('',#17069,#8939);
#7125=LINE('',#17071,#8940);
#7126=LINE('',#17073,#8941);
#7127=LINE('',#17075,#8942);
#7128=LINE('',#17077,#8943);
#7129=LINE('',#17079,#8944);
#7130=LINE('',#17081,#8945);
#7131=LINE('',#17083,#8946);
#7132=LINE('',#17085,#8947);
#7133=LINE('',#17087,#8948);
#7134=LINE('',#17089,#8949);
#7135=LINE('',#17091,#8950);
#7136=LINE('',#17093,#8951);
#7137=LINE('',#17096,#8952);
#7138=LINE('',#17097,#8953);
#7139=LINE('',#17099,#8954);
#7140=LINE('',#17101,#8955);
#7141=LINE('',#17103,#8956);
#7142=LINE('',#17105,#8957);
#7143=LINE('',#17107,#8958);
#7144=LINE('',#17109,#8959);
#7145=LINE('',#17111,#8960);
#7146=LINE('',#17113,#8961);
#7147=LINE('',#17115,#8962);
#7148=LINE('',#17117,#8963);
#7149=LINE('',#17119,#8964);
#7150=LINE('',#17121,#8965);
#7151=LINE('',#17124,#8966);
#7152=LINE('',#17125,#8967);
#7153=LINE('',#17127,#8968);
#7154=LINE('',#17129,#8969);
#7155=LINE('',#17131,#8970);
#7156=LINE('',#17133,#8971);
#7157=LINE('',#17135,#8972);
#7158=LINE('',#17137,#8973);
#7159=LINE('',#17139,#8974);
#7160=LINE('',#17141,#8975);
#7161=LINE('',#17143,#8976);
#7162=LINE('',#17145,#8977);
#7163=LINE('',#17147,#8978);
#7164=LINE('',#17149,#8979);
#7165=LINE('',#17152,#8980);
#7166=LINE('',#17153,#8981);
#7167=LINE('',#17155,#8982);
#7168=LINE('',#17157,#8983);
#7169=LINE('',#17159,#8984);
#7170=LINE('',#17161,#8985);
#7171=LINE('',#17163,#8986);
#7172=LINE('',#17165,#8987);
#7173=LINE('',#17167,#8988);
#7174=LINE('',#17169,#8989);
#7175=LINE('',#17171,#8990);
#7176=LINE('',#17173,#8991);
#7177=LINE('',#17175,#8992);
#7178=LINE('',#17177,#8993);
#7179=LINE('',#17180,#8994);
#7180=LINE('',#17181,#8995);
#7181=LINE('',#17183,#8996);
#7182=LINE('',#17185,#8997);
#7183=LINE('',#17187,#8998);
#7184=LINE('',#17189,#8999);
#7185=LINE('',#17191,#9000);
#7186=LINE('',#17193,#9001);
#7187=LINE('',#17195,#9002);
#7188=LINE('',#17197,#9003);
#7189=LINE('',#17199,#9004);
#7190=LINE('',#17201,#9005);
#7191=LINE('',#17203,#9006);
#7192=LINE('',#17205,#9007);
#7193=LINE('',#17208,#9008);
#7194=LINE('',#17209,#9009);
#7195=LINE('',#17211,#9010);
#7196=LINE('',#17213,#9011);
#7197=LINE('',#17215,#9012);
#7198=LINE('',#17217,#9013);
#7199=LINE('',#17219,#9014);
#7200=LINE('',#17221,#9015);
#7201=LINE('',#17223,#9016);
#7202=LINE('',#17225,#9017);
#7203=LINE('',#17227,#9018);
#7204=LINE('',#17229,#9019);
#7205=LINE('',#17231,#9020);
#7206=LINE('',#17233,#9021);
#7207=LINE('',#17236,#9022);
#7208=LINE('',#17237,#9023);
#7209=LINE('',#17239,#9024);
#7210=LINE('',#17241,#9025);
#7211=LINE('',#17243,#9026);
#7212=LINE('',#17245,#9027);
#7213=LINE('',#17247,#9028);
#7214=LINE('',#17249,#9029);
#7215=LINE('',#17251,#9030);
#7216=LINE('',#17253,#9031);
#7217=LINE('',#17255,#9032);
#7218=LINE('',#17257,#9033);
#7219=LINE('',#17259,#9034);
#7220=LINE('',#17261,#9035);
#7221=LINE('',#17264,#9036);
#7222=LINE('',#17265,#9037);
#7223=LINE('',#17267,#9038);
#7224=LINE('',#17269,#9039);
#7225=LINE('',#17271,#9040);
#7226=LINE('',#17273,#9041);
#7227=LINE('',#17275,#9042);
#7228=LINE('',#17277,#9043);
#7229=LINE('',#17279,#9044);
#7230=LINE('',#17281,#9045);
#7231=LINE('',#17283,#9046);
#7232=LINE('',#17285,#9047);
#7233=LINE('',#17287,#9048);
#7234=LINE('',#17289,#9049);
#7235=LINE('',#17292,#9050);
#7236=LINE('',#17293,#9051);
#7237=LINE('',#17295,#9052);
#7238=LINE('',#17297,#9053);
#7239=LINE('',#17299,#9054);
#7240=LINE('',#17301,#9055);
#7241=LINE('',#17303,#9056);
#7242=LINE('',#17305,#9057);
#7243=LINE('',#17307,#9058);
#7244=LINE('',#17309,#9059);
#7245=LINE('',#17311,#9060);
#7246=LINE('',#17313,#9061);
#7247=LINE('',#17315,#9062);
#7248=LINE('',#17317,#9063);
#7249=LINE('',#17320,#9064);
#7250=LINE('',#17321,#9065);
#7251=LINE('',#17323,#9066);
#7252=LINE('',#17325,#9067);
#7253=LINE('',#17327,#9068);
#7254=LINE('',#17329,#9069);
#7255=LINE('',#17331,#9070);
#7256=LINE('',#17333,#9071);
#7257=LINE('',#17335,#9072);
#7258=LINE('',#17337,#9073);
#7259=LINE('',#17339,#9074);
#7260=LINE('',#17341,#9075);
#7261=LINE('',#17343,#9076);
#7262=LINE('',#17345,#9077);
#7263=LINE('',#17347,#9078);
#7264=LINE('',#17349,#9079);
#7265=LINE('',#17351,#9080);
#7266=LINE('',#17353,#9081);
#7267=LINE('',#17355,#9082);
#7268=LINE('',#17357,#9083);
#7269=LINE('',#17359,#9084);
#7270=LINE('',#17362,#9085);
#7271=LINE('',#17363,#9086);
#7272=LINE('',#17365,#9087);
#7273=LINE('',#17367,#9088);
#7274=LINE('',#17369,#9089);
#7275=LINE('',#17371,#9090);
#7276=LINE('',#17373,#9091);
#7277=LINE('',#17375,#9092);
#7278=LINE('',#17377,#9093);
#7279=LINE('',#17379,#9094);
#7280=LINE('',#17381,#9095);
#7281=LINE('',#17383,#9096);
#7282=LINE('',#17385,#9097);
#7283=LINE('',#17387,#9098);
#7284=LINE('',#17390,#9099);
#7285=LINE('',#17391,#9100);
#7286=LINE('',#17393,#9101);
#7287=LINE('',#17395,#9102);
#7288=LINE('',#17397,#9103);
#7289=LINE('',#17399,#9104);
#7290=LINE('',#17401,#9105);
#7291=LINE('',#17403,#9106);
#7292=LINE('',#17405,#9107);
#7293=LINE('',#17407,#9108);
#7294=LINE('',#17409,#9109);
#7295=LINE('',#17411,#9110);
#7296=LINE('',#17413,#9111);
#7297=LINE('',#17415,#9112);
#7298=LINE('',#17418,#9113);
#7299=LINE('',#17419,#9114);
#7300=LINE('',#17421,#9115);
#7301=LINE('',#17423,#9116);
#7302=LINE('',#17425,#9117);
#7303=LINE('',#17427,#9118);
#7304=LINE('',#17429,#9119);
#7305=LINE('',#17431,#9120);
#7306=LINE('',#17433,#9121);
#7307=LINE('',#17435,#9122);
#7308=LINE('',#17437,#9123);
#7309=LINE('',#17439,#9124);
#7310=LINE('',#17441,#9125);
#7311=LINE('',#17443,#9126);
#7312=LINE('',#17446,#9127);
#7313=LINE('',#17447,#9128);
#7314=LINE('',#17449,#9129);
#7315=LINE('',#17451,#9130);
#7316=LINE('',#17453,#9131);
#7317=LINE('',#17455,#9132);
#7318=LINE('',#17457,#9133);
#7319=LINE('',#17459,#9134);
#7320=LINE('',#17461,#9135);
#7321=LINE('',#17463,#9136);
#7322=LINE('',#17465,#9137);
#7323=LINE('',#17467,#9138);
#7324=LINE('',#17469,#9139);
#7325=LINE('',#17471,#9140);
#7326=LINE('',#17474,#9141);
#7327=LINE('',#17475,#9142);
#7328=LINE('',#17477,#9143);
#7329=LINE('',#17479,#9144);
#7330=LINE('',#17481,#9145);
#7331=LINE('',#17483,#9146);
#7332=LINE('',#17485,#9147);
#7333=LINE('',#17487,#9148);
#7334=LINE('',#17489,#9149);
#7335=LINE('',#17491,#9150);
#7336=LINE('',#17493,#9151);
#7337=LINE('',#17495,#9152);
#7338=LINE('',#17497,#9153);
#7339=LINE('',#17499,#9154);
#7340=LINE('',#17502,#9155);
#7341=LINE('',#17503,#9156);
#7342=LINE('',#17505,#9157);
#7343=LINE('',#17507,#9158);
#7344=LINE('',#17509,#9159);
#7345=LINE('',#17511,#9160);
#7346=LINE('',#17513,#9161);
#7347=LINE('',#17515,#9162);
#7348=LINE('',#17517,#9163);
#7349=LINE('',#17519,#9164);
#7350=LINE('',#17521,#9165);
#7351=LINE('',#17523,#9166);
#7352=LINE('',#17525,#9167);
#7353=LINE('',#17527,#9168);
#7354=LINE('',#17530,#9169);
#7355=LINE('',#17531,#9170);
#7356=LINE('',#17533,#9171);
#7357=LINE('',#17535,#9172);
#7358=LINE('',#17537,#9173);
#7359=LINE('',#17539,#9174);
#7360=LINE('',#17541,#9175);
#7361=LINE('',#17543,#9176);
#7362=LINE('',#17545,#9177);
#7363=LINE('',#17547,#9178);
#7364=LINE('',#17549,#9179);
#7365=LINE('',#17551,#9180);
#7366=LINE('',#17553,#9181);
#7367=LINE('',#17555,#9182);
#7368=LINE('',#17558,#9183);
#7369=LINE('',#17559,#9184);
#7370=LINE('',#17561,#9185);
#7371=LINE('',#17563,#9186);
#7372=LINE('',#17565,#9187);
#7373=LINE('',#17567,#9188);
#7374=LINE('',#17569,#9189);
#7375=LINE('',#17571,#9190);
#7376=LINE('',#17573,#9191);
#7377=LINE('',#17575,#9192);
#7378=LINE('',#17577,#9193);
#7379=LINE('',#17579,#9194);
#7380=LINE('',#17581,#9195);
#7381=LINE('',#17583,#9196);
#7382=LINE('',#17586,#9197);
#7383=LINE('',#17587,#9198);
#7384=LINE('',#17589,#9199);
#7385=LINE('',#17591,#9200);
#7386=LINE('',#17593,#9201);
#7387=LINE('',#17595,#9202);
#7388=LINE('',#17597,#9203);
#7389=LINE('',#17599,#9204);
#7390=LINE('',#17601,#9205);
#7391=LINE('',#17603,#9206);
#7392=LINE('',#17605,#9207);
#7393=LINE('',#17607,#9208);
#7394=LINE('',#17609,#9209);
#7395=LINE('',#17611,#9210);
#7396=LINE('',#17614,#9211);
#7397=LINE('',#17615,#9212);
#7398=LINE('',#17617,#9213);
#7399=LINE('',#17619,#9214);
#7400=LINE('',#17621,#9215);
#7401=LINE('',#17623,#9216);
#7402=LINE('',#17625,#9217);
#7403=LINE('',#17627,#9218);
#7404=LINE('',#17628,#9219);
#7405=LINE('',#17630,#9220);
#7406=LINE('',#17631,#9221);
#7407=LINE('',#17633,#9222);
#7408=LINE('',#17635,#9223);
#7409=LINE('',#17636,#9224);
#7410=LINE('',#17637,#9225);
#7411=LINE('',#17639,#9226);
#7412=LINE('',#17641,#9227);
#7413=LINE('',#17642,#9228);
#7414=LINE('',#17644,#9229);
#7415=LINE('',#17646,#9230);
#7416=LINE('',#17647,#9231);
#7417=LINE('',#17648,#9232);
#7418=LINE('',#17649,#9233);
#7419=LINE('',#17650,#9234);
#7420=LINE('',#17651,#9235);
#7421=LINE('',#17652,#9236);
#7422=LINE('',#17653,#9237);
#7423=LINE('',#17654,#9238);
#7424=LINE('',#17655,#9239);
#7425=LINE('',#17656,#9240);
#7426=LINE('',#17657,#9241);
#7427=LINE('',#17658,#9242);
#7428=LINE('',#17659,#9243);
#7429=LINE('',#17660,#9244);
#7430=LINE('',#17661,#9245);
#7431=LINE('',#17662,#9246);
#7432=LINE('',#17663,#9247);
#7433=LINE('',#17664,#9248);
#7434=LINE('',#17665,#9249);
#7435=LINE('',#17666,#9250);
#7436=LINE('',#17668,#9251);
#7437=LINE('',#17670,#9252);
#7438=LINE('',#17672,#9253);
#7439=LINE('',#17674,#9254);
#7440=LINE('',#17676,#9255);
#7441=LINE('',#17678,#9256);
#7442=LINE('',#17679,#9257);
#7443=LINE('',#17680,#9258);
#7444=LINE('',#17681,#9259);
#7445=LINE('',#17682,#9260);
#7446=LINE('',#17683,#9261);
#7447=LINE('',#17684,#9262);
#7448=LINE('',#17685,#9263);
#7449=LINE('',#17686,#9264);
#7450=LINE('',#17687,#9265);
#7451=LINE('',#17688,#9266);
#7452=LINE('',#17689,#9267);
#7453=LINE('',#17690,#9268);
#7454=LINE('',#17691,#9269);
#7455=LINE('',#17692,#9270);
#7456=LINE('',#17693,#9271);
#7457=LINE('',#17694,#9272);
#7458=LINE('',#17695,#9273);
#7459=LINE('',#17696,#9274);
#7460=LINE('',#17698,#9275);
#7461=LINE('',#17699,#9276);
#7462=LINE('',#17701,#9277);
#7463=LINE('',#17702,#9278);
#7464=LINE('',#17704,#9279);
#7465=LINE('',#17705,#9280);
#7466=LINE('',#17707,#9281);
#7467=LINE('',#17708,#9282);
#7468=LINE('',#17710,#9283);
#7469=LINE('',#17711,#9284);
#7470=LINE('',#17713,#9285);
#7471=LINE('',#17714,#9286);
#7472=LINE('',#17716,#9287);
#7473=LINE('',#17717,#9288);
#7474=LINE('',#17719,#9289);
#7475=LINE('',#17720,#9290);
#7476=LINE('',#17722,#9291);
#7477=LINE('',#17723,#9292);
#7478=LINE('',#17725,#9293);
#7479=LINE('',#17726,#9294);
#7480=LINE('',#17728,#9295);
#7481=LINE('',#17731,#9296);
#7482=LINE('',#17733,#9297);
#7483=LINE('',#17735,#9298);
#7484=LINE('',#17737,#9299);
#7485=LINE('',#17739,#9300);
#7486=LINE('',#17741,#9301);
#7487=LINE('',#17742,#9302);
#7488=LINE('',#17743,#9303);
#7489=LINE('',#17744,#9304);
#7490=LINE('',#17745,#9305);
#7491=LINE('',#17746,#9306);
#7492=LINE('',#17747,#9307);
#7493=LINE('',#17748,#9308);
#7494=LINE('',#17749,#9309);
#7495=LINE('',#17750,#9310);
#7496=LINE('',#17751,#9311);
#7497=LINE('',#17753,#9312);
#7498=LINE('',#17755,#9313);
#7499=LINE('',#17757,#9314);
#7500=LINE('',#17759,#9315);
#7501=LINE('',#17761,#9316);
#7502=LINE('',#17763,#9317);
#7503=LINE('',#17767,#9318);
#7504=LINE('',#17771,#9319);
#7505=LINE('',#17772,#9320);
#7506=LINE('',#17774,#9321);
#7507=LINE('',#17776,#9322);
#7508=LINE('',#17778,#9323);
#7509=LINE('',#17780,#9324);
#7510=LINE('',#17782,#9325);
#7511=LINE('',#17784,#9326);
#7512=LINE('',#17787,#9327);
#7513=LINE('',#17789,#9328);
#7514=LINE('',#17791,#9329);
#7515=LINE('',#17793,#9330);
#7516=LINE('',#17797,#9331);
#7517=LINE('',#17798,#9332);
#7518=LINE('',#17800,#9333);
#7519=LINE('',#17803,#9334);
#7520=LINE('',#17805,#9335);
#7521=LINE('',#17806,#9336);
#7522=LINE('',#17808,#9337);
#7523=LINE('',#17810,#9338);
#7524=LINE('',#17812,#9339);
#7525=LINE('',#17813,#9340);
#7526=LINE('',#17817,#9341);
#7527=LINE('',#17820,#9342);
#7528=LINE('',#17822,#9343);
#7529=LINE('',#17824,#9344);
#7530=LINE('',#17825,#9345);
#7531=LINE('',#17827,#9346);
#7532=LINE('',#17829,#9347);
#7533=LINE('',#17830,#9348);
#7534=LINE('',#17831,#9349);
#7535=LINE('',#17832,#9350);
#7536=LINE('',#17833,#9351);
#7537=LINE('',#17834,#9352);
#7538=LINE('',#17835,#9353);
#7539=LINE('',#17836,#9354);
#7540=LINE('',#17837,#9355);
#7541=LINE('',#17838,#9356);
#7542=LINE('',#17839,#9357);
#7543=LINE('',#17840,#9358);
#7544=LINE('',#17841,#9359);
#7545=LINE('',#17842,#9360);
#7546=LINE('',#17843,#9361);
#7547=LINE('',#17844,#9362);
#7548=LINE('',#17845,#9363);
#7549=LINE('',#17846,#9364);
#7550=LINE('',#17847,#9365);
#7551=LINE('',#17848,#9366);
#7552=LINE('',#17849,#9367);
#7553=LINE('',#17851,#9368);
#7554=LINE('',#17853,#9369);
#7555=LINE('',#17855,#9370);
#7556=LINE('',#17857,#9371);
#7557=LINE('',#17859,#9372);
#7558=LINE('',#17861,#9373);
#7559=LINE('',#17863,#9374);
#7560=LINE('',#17865,#9375);
#7561=LINE('',#17867,#9376);
#7562=LINE('',#17869,#9377);
#7563=LINE('',#17871,#9378);
#7564=LINE('',#17873,#9379);
#7565=LINE('',#17875,#9380);
#7566=LINE('',#17877,#9381);
#7567=LINE('',#17879,#9382);
#7568=LINE('',#17881,#9383);
#7569=LINE('',#17884,#9384);
#7570=LINE('',#17885,#9385);
#7571=LINE('',#17889,#9386);
#7572=LINE('',#17891,#9387);
#7573=LINE('',#17893,#9388);
#7574=LINE('',#17895,#9389);
#7575=LINE('',#17897,#9390);
#7576=LINE('',#17901,#9391);
#7577=LINE('',#17902,#9392);
#7578=LINE('',#17904,#9393);
#7579=LINE('',#17909,#9394);
#7580=LINE('',#17910,#9395);
#7581=LINE('',#17915,#9396);
#7582=LINE('',#17917,#9397);
#7583=LINE('',#17918,#9398);
#7584=LINE('',#17920,#9399);
#7585=LINE('',#17921,#9400);
#7586=LINE('',#17925,#9401);
#7587=LINE('',#17927,#9402);
#7588=LINE('',#17930,#9403);
#7589=LINE('',#17932,#9404);
#7590=LINE('',#17933,#9405);
#7591=LINE('',#17935,#9406);
#7592=LINE('',#17937,#9407);
#7593=LINE('',#17939,#9408);
#7594=LINE('',#17940,#9409);
#7595=LINE('',#17942,#9410);
#7596=LINE('',#17944,#9411);
#7597=LINE('',#17946,#9412);
#7598=LINE('',#17948,#9413);
#7599=LINE('',#17950,#9414);
#7600=LINE('',#17952,#9415);
#7601=LINE('',#17955,#9416);
#7602=LINE('',#17957,#9417);
#7603=LINE('',#17959,#9418);
#7604=LINE('',#17961,#9419);
#7605=LINE('',#17965,#9420);
#7606=LINE('',#17969,#9421);
#7607=LINE('',#17971,#9422);
#7608=LINE('',#17973,#9423);
#7609=LINE('',#17975,#9424);
#7610=LINE('',#17977,#9425);
#7611=LINE('',#17979,#9426);
#7612=LINE('',#17981,#9427);
#7613=LINE('',#17983,#9428);
#7614=LINE('',#17985,#9429);
#7615=LINE('',#17987,#9430);
#7616=LINE('',#17990,#9431);
#7617=LINE('',#17994,#9432);
#7618=LINE('',#17996,#9433);
#7619=LINE('',#17998,#9434);
#7620=LINE('',#18000,#9435);
#7621=LINE('',#18002,#9436);
#7622=LINE('',#18006,#9437);
#7623=LINE('',#18008,#9438);
#7624=LINE('',#18011,#9439);
#7625=LINE('',#18014,#9440);
#7626=LINE('',#18016,#9441);
#7627=LINE('',#18018,#9442);
#7628=LINE('',#18022,#9443);
#7629=LINE('',#18024,#9444);
#7630=LINE('',#18026,#9445);
#7631=LINE('',#18028,#9446);
#7632=LINE('',#18030,#9447);
#7633=LINE('',#18032,#9448);
#7634=LINE('',#18034,#9449);
#7635=LINE('',#18036,#9450);
#7636=LINE('',#18038,#9451);
#7637=LINE('',#18040,#9452);
#7638=LINE('',#18042,#9453);
#7639=LINE('',#18046,#9454);
#7640=LINE('',#18066,#9455);
#7641=LINE('',#18068,#9456);
#7642=LINE('',#18071,#9457);
#7643=LINE('',#18073,#9458);
#7644=LINE('',#18075,#9459);
#7645=LINE('',#18077,#9460);
#7646=LINE('',#18079,#9461);
#7647=LINE('',#18081,#9462);
#7648=LINE('',#18083,#9463);
#7649=LINE('',#18085,#9464);
#7650=LINE('',#18087,#9465);
#7651=LINE('',#18089,#9466);
#7652=LINE('',#18091,#9467);
#7653=LINE('',#18093,#9468);
#7654=LINE('',#18095,#9469);
#7655=LINE('',#18108,#9470);
#7656=LINE('',#18109,#9471);
#7657=LINE('',#18110,#9472);
#7658=LINE('',#18111,#9473);
#7659=LINE('',#18112,#9474);
#7660=LINE('',#18113,#9475);
#7661=LINE('',#18114,#9476);
#7662=LINE('',#18115,#9477);
#7663=LINE('',#18116,#9478);
#7664=LINE('',#18117,#9479);
#7665=LINE('',#18118,#9480);
#7666=LINE('',#18120,#9481);
#7667=LINE('',#18122,#9482);
#7668=LINE('',#18124,#9483);
#7669=LINE('',#18128,#9484);
#7670=LINE('',#18130,#9485);
#7671=LINE('',#18132,#9486);
#7672=LINE('',#18136,#9487);
#7673=LINE('',#18139,#9488);
#7674=LINE('',#18141,#9489);
#7675=LINE('',#18145,#9490);
#7676=LINE('',#18147,#9491);
#7677=LINE('',#18149,#9492);
#7678=LINE('',#18153,#9493);
#7679=LINE('',#18155,#9494);
#7680=LINE('',#18168,#9495);
#7681=LINE('',#18169,#9496);
#7682=LINE('',#18170,#9497);
#7683=LINE('',#18171,#9498);
#7684=LINE('',#18172,#9499);
#7685=LINE('',#18173,#9500);
#7686=LINE('',#18174,#9501);
#7687=LINE('',#18175,#9502);
#7688=LINE('',#18176,#9503);
#7689=LINE('',#18177,#9504);
#7690=LINE('',#18178,#9505);
#7691=LINE('',#18202,#9506);
#7692=LINE('',#18204,#9507);
#7693=LINE('',#18206,#9508);
#7694=LINE('',#18208,#9509);
#7695=LINE('',#18210,#9510);
#7696=LINE('',#18212,#9511);
#7697=LINE('',#18216,#9512);
#7698=LINE('',#18219,#9513);
#7699=LINE('',#18221,#9514);
#7700=LINE('',#18223,#9515);
#7701=LINE('',#18225,#9516);
#7702=LINE('',#18228,#9517);
#7703=LINE('',#18230,#9518);
#7704=LINE('',#18232,#9519);
#7705=LINE('',#18234,#9520);
#7706=LINE('',#18237,#9521);
#7707=LINE('',#18239,#9522);
#7708=LINE('',#18241,#9523);
#7709=LINE('',#18243,#9524);
#7710=LINE('',#18246,#9525);
#7711=LINE('',#18248,#9526);
#7712=LINE('',#18250,#9527);
#7713=LINE('',#18252,#9528);
#7714=LINE('',#18255,#9529);
#7715=LINE('',#18257,#9530);
#7716=LINE('',#18259,#9531);
#7717=LINE('',#18261,#9532);
#7718=LINE('',#18264,#9533);
#7719=LINE('',#18266,#9534);
#7720=LINE('',#18268,#9535);
#7721=LINE('',#18270,#9536);
#7722=LINE('',#18273,#9537);
#7723=LINE('',#18275,#9538);
#7724=LINE('',#18277,#9539);
#7725=LINE('',#18279,#9540);
#7726=LINE('',#18282,#9541);
#7727=LINE('',#18284,#9542);
#7728=LINE('',#18286,#9543);
#7729=LINE('',#18288,#9544);
#7730=LINE('',#18291,#9545);
#7731=LINE('',#18293,#9546);
#7732=LINE('',#18295,#9547);
#7733=LINE('',#18297,#9548);
#7734=LINE('',#18300,#9549);
#7735=LINE('',#18302,#9550);
#7736=LINE('',#18304,#9551);
#7737=LINE('',#18306,#9552);
#7738=LINE('',#18309,#9553);
#7739=LINE('',#18311,#9554);
#7740=LINE('',#18313,#9555);
#7741=LINE('',#18315,#9556);
#7742=LINE('',#18318,#9557);
#7743=LINE('',#18320,#9558);
#7744=LINE('',#18322,#9559);
#7745=LINE('',#18324,#9560);
#7746=LINE('',#18327,#9561);
#7747=LINE('',#18329,#9562);
#7748=LINE('',#18331,#9563);
#7749=LINE('',#18333,#9564);
#7750=LINE('',#18336,#9565);
#7751=LINE('',#18338,#9566);
#7752=LINE('',#18340,#9567);
#7753=LINE('',#18342,#9568);
#7754=LINE('',#18345,#9569);
#7755=LINE('',#18347,#9570);
#7756=LINE('',#18349,#9571);
#7757=LINE('',#18351,#9572);
#7758=LINE('',#18354,#9573);
#7759=LINE('',#18356,#9574);
#7760=LINE('',#18358,#9575);
#7761=LINE('',#18360,#9576);
#7762=LINE('',#18363,#9577);
#7763=LINE('',#18365,#9578);
#7764=LINE('',#18367,#9579);
#7765=LINE('',#18369,#9580);
#7766=LINE('',#18372,#9581);
#7767=LINE('',#18374,#9582);
#7768=LINE('',#18376,#9583);
#7769=LINE('',#18378,#9584);
#7770=LINE('',#18381,#9585);
#7771=LINE('',#18383,#9586);
#7772=LINE('',#18385,#9587);
#7773=LINE('',#18387,#9588);
#7774=LINE('',#18390,#9589);
#7775=LINE('',#18392,#9590);
#7776=LINE('',#18394,#9591);
#7777=LINE('',#18396,#9592);
#7778=LINE('',#18399,#9593);
#7779=LINE('',#18400,#9594);
#7780=LINE('',#18402,#9595);
#7781=LINE('',#18404,#9596);
#7782=LINE('',#18406,#9597);
#7783=LINE('',#18408,#9598);
#7784=LINE('',#18410,#9599);
#7785=LINE('',#18412,#9600);
#7786=LINE('',#18414,#9601);
#7787=LINE('',#18416,#9602);
#7788=LINE('',#18417,#9603);
#7789=LINE('',#18419,#9604);
#7790=LINE('',#18421,#9605);
#7791=LINE('',#18423,#9606);
#7792=LINE('',#18424,#9607);
#7793=LINE('',#18426,#9608);
#7794=LINE('',#18428,#9609);
#7795=LINE('',#18430,#9610);
#7796=LINE('',#18432,#9611);
#7797=LINE('',#18434,#9612);
#7798=LINE('',#18436,#9613);
#7799=LINE('',#18438,#9614);
#7800=LINE('',#18440,#9615);
#7801=LINE('',#18442,#9616);
#7802=LINE('',#18445,#9617);
#7803=LINE('',#18447,#9618);
#7804=LINE('',#18448,#9619);
#7805=LINE('',#18450,#9620);
#7806=LINE('',#18452,#9621);
#7807=LINE('',#18454,#9622);
#7808=LINE('',#18456,#9623);
#7809=LINE('',#18458,#9624);
#7810=LINE('',#18460,#9625);
#7811=LINE('',#18462,#9626);
#7812=LINE('',#18464,#9627);
#7813=LINE('',#18466,#9628);
#7814=LINE('',#18468,#9629);
#7815=LINE('',#18470,#9630);
#7816=LINE('',#18472,#9631);
#7817=LINE('',#18474,#9632);
#7818=LINE('',#18475,#9633);
#7819=LINE('',#18477,#9634);
#7820=LINE('',#18480,#9635);
#7821=LINE('',#18482,#9636);
#7822=LINE('',#18483,#9637);
#7823=LINE('',#18485,#9638);
#7824=LINE('',#18487,#9639);
#7825=LINE('',#18489,#9640);
#7826=LINE('',#18491,#9641);
#7827=LINE('',#18493,#9642);
#7828=LINE('',#18495,#9643);
#7829=LINE('',#18497,#9644);
#7830=LINE('',#18499,#9645);
#7831=LINE('',#18501,#9646);
#7832=LINE('',#18503,#9647);
#7833=LINE('',#18505,#9648);
#7834=LINE('',#18507,#9649);
#7835=LINE('',#18509,#9650);
#7836=LINE('',#18510,#9651);
#7837=LINE('',#18512,#9652);
#7838=LINE('',#18515,#9653);
#7839=LINE('',#18517,#9654);
#7840=LINE('',#18518,#9655);
#7841=LINE('',#18520,#9656);
#7842=LINE('',#18522,#9657);
#7843=LINE('',#18524,#9658);
#7844=LINE('',#18526,#9659);
#7845=LINE('',#18528,#9660);
#7846=LINE('',#18530,#9661);
#7847=LINE('',#18532,#9662);
#7848=LINE('',#18534,#9663);
#7849=LINE('',#18536,#9664);
#7850=LINE('',#18538,#9665);
#7851=LINE('',#18540,#9666);
#7852=LINE('',#18542,#9667);
#7853=LINE('',#18544,#9668);
#7854=LINE('',#18545,#9669);
#7855=LINE('',#18547,#9670);
#7856=LINE('',#18550,#9671);
#7857=LINE('',#18552,#9672);
#7858=LINE('',#18553,#9673);
#7859=LINE('',#18555,#9674);
#7860=LINE('',#18557,#9675);
#7861=LINE('',#18559,#9676);
#7862=LINE('',#18561,#9677);
#7863=LINE('',#18563,#9678);
#7864=LINE('',#18565,#9679);
#7865=LINE('',#18567,#9680);
#7866=LINE('',#18569,#9681);
#7867=LINE('',#18571,#9682);
#7868=LINE('',#18573,#9683);
#7869=LINE('',#18575,#9684);
#7870=LINE('',#18577,#9685);
#7871=LINE('',#18579,#9686);
#7872=LINE('',#18580,#9687);
#7873=LINE('',#18582,#9688);
#7874=LINE('',#18585,#9689);
#7875=LINE('',#18587,#9690);
#7876=LINE('',#18588,#9691);
#7877=LINE('',#18590,#9692);
#7878=LINE('',#18592,#9693);
#7879=LINE('',#18594,#9694);
#7880=LINE('',#18596,#9695);
#7881=LINE('',#18598,#9696);
#7882=LINE('',#18600,#9697);
#7883=LINE('',#18602,#9698);
#7884=LINE('',#18604,#9699);
#7885=LINE('',#18606,#9700);
#7886=LINE('',#18608,#9701);
#7887=LINE('',#18610,#9702);
#7888=LINE('',#18612,#9703);
#7889=LINE('',#18614,#9704);
#7890=LINE('',#18615,#9705);
#7891=LINE('',#18617,#9706);
#7892=LINE('',#18620,#9707);
#7893=LINE('',#18622,#9708);
#7894=LINE('',#18623,#9709);
#7895=LINE('',#18625,#9710);
#7896=LINE('',#18627,#9711);
#7897=LINE('',#18629,#9712);
#7898=LINE('',#18631,#9713);
#7899=LINE('',#18633,#9714);
#7900=LINE('',#18635,#9715);
#7901=LINE('',#18637,#9716);
#7902=LINE('',#18639,#9717);
#7903=LINE('',#18641,#9718);
#7904=LINE('',#18643,#9719);
#7905=LINE('',#18645,#9720);
#7906=LINE('',#18647,#9721);
#7907=LINE('',#18649,#9722);
#7908=LINE('',#18650,#9723);
#7909=LINE('',#18652,#9724);
#7910=LINE('',#18655,#9725);
#7911=LINE('',#18657,#9726);
#7912=LINE('',#18658,#9727);
#7913=LINE('',#18660,#9728);
#7914=LINE('',#18662,#9729);
#7915=LINE('',#18664,#9730);
#7916=LINE('',#18666,#9731);
#7917=LINE('',#18668,#9732);
#7918=LINE('',#18670,#9733);
#7919=LINE('',#18672,#9734);
#7920=LINE('',#18674,#9735);
#7921=LINE('',#18676,#9736);
#7922=LINE('',#18678,#9737);
#7923=LINE('',#18680,#9738);
#7924=LINE('',#18682,#9739);
#7925=LINE('',#18684,#9740);
#7926=LINE('',#18685,#9741);
#7927=LINE('',#18687,#9742);
#7928=LINE('',#18690,#9743);
#7929=LINE('',#18692,#9744);
#7930=LINE('',#18693,#9745);
#7931=LINE('',#18695,#9746);
#7932=LINE('',#18697,#9747);
#7933=LINE('',#18699,#9748);
#7934=LINE('',#18701,#9749);
#7935=LINE('',#18703,#9750);
#7936=LINE('',#18705,#9751);
#7937=LINE('',#18707,#9752);
#7938=LINE('',#18709,#9753);
#7939=LINE('',#18711,#9754);
#7940=LINE('',#18713,#9755);
#7941=LINE('',#18715,#9756);
#7942=LINE('',#18717,#9757);
#7943=LINE('',#18719,#9758);
#7944=LINE('',#18720,#9759);
#7945=LINE('',#18722,#9760);
#7946=LINE('',#18725,#9761);
#7947=LINE('',#18727,#9762);
#7948=LINE('',#18729,#9763);
#7949=LINE('',#18731,#9764);
#7950=LINE('',#18733,#9765);
#7951=LINE('',#18734,#9766);
#7952=LINE('',#18736,#9767);
#7953=LINE('',#18738,#9768);
#7954=LINE('',#18740,#9769);
#7955=LINE('',#18742,#9770);
#7956=LINE('',#18744,#9771);
#7957=LINE('',#18746,#9772);
#7958=LINE('',#18747,#9773);
#7959=LINE('',#18749,#9774);
#7960=LINE('',#18751,#9775);
#7961=LINE('',#18753,#9776);
#7962=LINE('',#18755,#9777);
#7963=LINE('',#18757,#9778);
#7964=LINE('',#18759,#9779);
#7965=LINE('',#18761,#9780);
#7966=LINE('',#18763,#9781);
#7967=LINE('',#18765,#9782);
#7968=LINE('',#18767,#9783);
#7969=LINE('',#18769,#9784);
#7970=LINE('',#18771,#9785);
#7971=LINE('',#18773,#9786);
#7972=LINE('',#18775,#9787);
#7973=LINE('',#18777,#9788);
#7974=LINE('',#18779,#9789);
#7975=LINE('',#18781,#9790);
#7976=LINE('',#18783,#9791);
#7977=LINE('',#18785,#9792);
#7978=LINE('',#18787,#9793);
#7979=LINE('',#18789,#9794);
#7980=LINE('',#18790,#9795);
#7981=LINE('',#18792,#9796);
#7982=LINE('',#18794,#9797);
#7983=LINE('',#18796,#9798);
#7984=LINE('',#18798,#9799);
#7985=LINE('',#18800,#9800);
#7986=LINE('',#18802,#9801);
#7987=LINE('',#18804,#9802);
#7988=LINE('',#18806,#9803);
#7989=LINE('',#18808,#9804);
#7990=LINE('',#18810,#9805);
#7991=LINE('',#18812,#9806);
#7992=LINE('',#18814,#9807);
#7993=LINE('',#18816,#9808);
#7994=LINE('',#18818,#9809);
#7995=LINE('',#18820,#9810);
#7996=LINE('',#18822,#9811);
#7997=LINE('',#18824,#9812);
#7998=LINE('',#18825,#9813);
#7999=LINE('',#18827,#9814);
#8000=LINE('',#18829,#9815);
#8001=LINE('',#18831,#9816);
#8002=LINE('',#18833,#9817);
#8003=LINE('',#18835,#9818);
#8004=LINE('',#18837,#9819);
#8005=LINE('',#18839,#9820);
#8006=LINE('',#18841,#9821);
#8007=LINE('',#18843,#9822);
#8008=LINE('',#18845,#9823);
#8009=LINE('',#18847,#9824);
#8010=LINE('',#18849,#9825);
#8011=LINE('',#18851,#9826);
#8012=LINE('',#18853,#9827);
#8013=LINE('',#18855,#9828);
#8014=LINE('',#18857,#9829);
#8015=LINE('',#18859,#9830);
#8016=LINE('',#18860,#9831);
#8017=LINE('',#18862,#9832);
#8018=LINE('',#18864,#9833);
#8019=LINE('',#18866,#9834);
#8020=LINE('',#18868,#9835);
#8021=LINE('',#18870,#9836);
#8022=LINE('',#18872,#9837);
#8023=LINE('',#18874,#9838);
#8024=LINE('',#18876,#9839);
#8025=LINE('',#18878,#9840);
#8026=LINE('',#18880,#9841);
#8027=LINE('',#18882,#9842);
#8028=LINE('',#18884,#9843);
#8029=LINE('',#18886,#9844);
#8030=LINE('',#18888,#9845);
#8031=LINE('',#18890,#9846);
#8032=LINE('',#18892,#9847);
#8033=LINE('',#18894,#9848);
#8034=LINE('',#18895,#9849);
#8035=LINE('',#18897,#9850);
#8036=LINE('',#18899,#9851);
#8037=LINE('',#18901,#9852);
#8038=LINE('',#18903,#9853);
#8039=LINE('',#18905,#9854);
#8040=LINE('',#18907,#9855);
#8041=LINE('',#18909,#9856);
#8042=LINE('',#18911,#9857);
#8043=LINE('',#18913,#9858);
#8044=LINE('',#18915,#9859);
#8045=LINE('',#18917,#9860);
#8046=LINE('',#18919,#9861);
#8047=LINE('',#18921,#9862);
#8048=LINE('',#18923,#9863);
#8049=LINE('',#18925,#9864);
#8050=LINE('',#18927,#9865);
#8051=LINE('',#18929,#9866);
#8052=LINE('',#18930,#9867);
#8053=LINE('',#18932,#9868);
#8054=LINE('',#18934,#9869);
#8055=LINE('',#18936,#9870);
#8056=LINE('',#18938,#9871);
#8057=LINE('',#18940,#9872);
#8058=LINE('',#18942,#9873);
#8059=LINE('',#18944,#9874);
#8060=LINE('',#18946,#9875);
#8061=LINE('',#18948,#9876);
#8062=LINE('',#18950,#9877);
#8063=LINE('',#18952,#9878);
#8064=LINE('',#18954,#9879);
#8065=LINE('',#18956,#9880);
#8066=LINE('',#18958,#9881);
#8067=LINE('',#18960,#9882);
#8068=LINE('',#18962,#9883);
#8069=LINE('',#18964,#9884);
#8070=LINE('',#18965,#9885);
#8071=LINE('',#18967,#9886);
#8072=LINE('',#18969,#9887);
#8073=LINE('',#18971,#9888);
#8074=LINE('',#18973,#9889);
#8075=LINE('',#18975,#9890);
#8076=LINE('',#18977,#9891);
#8077=LINE('',#18979,#9892);
#8078=LINE('',#18981,#9893);
#8079=LINE('',#18983,#9894);
#8080=LINE('',#18985,#9895);
#8081=LINE('',#18987,#9896);
#8082=LINE('',#18989,#9897);
#8083=LINE('',#18991,#9898);
#8084=LINE('',#18993,#9899);
#8085=LINE('',#18995,#9900);
#8086=LINE('',#18997,#9901);
#8087=LINE('',#18999,#9902);
#8088=LINE('',#19000,#9903);
#8089=LINE('',#19002,#9904);
#8090=LINE('',#19004,#9905);
#8091=LINE('',#19006,#9906);
#8092=LINE('',#19008,#9907);
#8093=LINE('',#19010,#9908);
#8094=LINE('',#19012,#9909);
#8095=LINE('',#19014,#9910);
#8096=LINE('',#19016,#9911);
#8097=LINE('',#19018,#9912);
#8098=LINE('',#19020,#9913);
#8099=LINE('',#19022,#9914);
#8100=LINE('',#19024,#9915);
#8101=LINE('',#19026,#9916);
#8102=LINE('',#19028,#9917);
#8103=LINE('',#19030,#9918);
#8104=LINE('',#19032,#9919);
#8105=LINE('',#19034,#9920);
#8106=LINE('',#19035,#9921);
#8107=LINE('',#19037,#9922);
#8108=LINE('',#19040,#9923);
#8109=LINE('',#19042,#9924);
#8110=LINE('',#19044,#9925);
#8111=LINE('',#19046,#9926);
#8112=LINE('',#19048,#9927);
#8113=LINE('',#19049,#9928);
#8114=LINE('',#19051,#9929);
#8115=LINE('',#19053,#9930);
#8116=LINE('',#19055,#9931);
#8117=LINE('',#19057,#9932);
#8118=LINE('',#19059,#9933);
#8119=LINE('',#19061,#9934);
#8120=LINE('',#19063,#9935);
#8121=LINE('',#19065,#9936);
#8122=LINE('',#19067,#9937);
#8123=LINE('',#19069,#9938);
#8124=LINE('',#19070,#9939);
#8125=LINE('',#19072,#9940);
#8126=LINE('',#19074,#9941);
#8127=LINE('',#19076,#9942);
#8128=LINE('',#19078,#9943);
#8129=LINE('',#19080,#9944);
#8130=LINE('',#19082,#9945);
#8131=LINE('',#19084,#9946);
#8132=LINE('',#19086,#9947);
#8133=LINE('',#19088,#9948);
#8134=LINE('',#19090,#9949);
#8135=LINE('',#19092,#9950);
#8136=LINE('',#19094,#9951);
#8137=LINE('',#19096,#9952);
#8138=LINE('',#19098,#9953);
#8139=LINE('',#19100,#9954);
#8140=LINE('',#19102,#9955);
#8141=LINE('',#19104,#9956);
#8142=LINE('',#19106,#9957);
#8143=LINE('',#19108,#9958);
#8144=LINE('',#19110,#9959);
#8145=LINE('',#19112,#9960);
#8146=LINE('',#19114,#9961);
#8147=LINE('',#19116,#9962);
#8148=LINE('',#19118,#9963);
#8149=LINE('',#19120,#9964);
#8150=LINE('',#19122,#9965);
#8151=LINE('',#19124,#9966);
#8152=LINE('',#19126,#9967);
#8153=LINE('',#19128,#9968);
#8154=LINE('',#19130,#9969);
#8155=LINE('',#19132,#9970);
#8156=LINE('',#19134,#9971);
#8157=LINE('',#19136,#9972);
#8158=LINE('',#19138,#9973);
#8159=LINE('',#19140,#9974);
#8160=LINE('',#19142,#9975);
#8161=LINE('',#19144,#9976);
#8162=LINE('',#19145,#9977);
#8163=LINE('',#19146,#9978);
#8164=LINE('',#19147,#9979);
#8165=LINE('',#19148,#9980);
#8166=LINE('',#19149,#9981);
#8167=LINE('',#19150,#9982);
#8168=LINE('',#19151,#9983);
#8169=LINE('',#19152,#9984);
#8170=LINE('',#19153,#9985);
#8171=LINE('',#19154,#9986);
#8172=LINE('',#19156,#9987);
#8173=LINE('',#19158,#9988);
#8174=LINE('',#19160,#9989);
#8175=LINE('',#19162,#9990);
#8176=LINE('',#19164,#9991);
#8177=LINE('',#19166,#9992);
#8178=LINE('',#19168,#9993);
#8179=LINE('',#19170,#9994);
#8180=LINE('',#19172,#9995);
#8181=LINE('',#19174,#9996);
#8182=LINE('',#19176,#9997);
#8183=LINE('',#19178,#9998);
#8184=LINE('',#19180,#9999);
#8185=LINE('',#19182,#10000);
#8186=LINE('',#19184,#10001);
#8187=LINE('',#19186,#10002);
#8188=LINE('',#19188,#10003);
#8189=LINE('',#19190,#10004);
#8190=LINE('',#19192,#10005);
#8191=LINE('',#19194,#10006);
#8192=LINE('',#19196,#10007);
#8193=LINE('',#19198,#10008);
#8194=LINE('',#19200,#10009);
#8195=LINE('',#19202,#10010);
#8196=LINE('',#19204,#10011);
#8197=LINE('',#19206,#10012);
#8198=LINE('',#19208,#10013);
#8199=LINE('',#19210,#10014);
#8200=LINE('',#19212,#10015);
#8201=LINE('',#19214,#10016);
#8202=LINE('',#19226,#10017);
#8203=LINE('',#19228,#10018);
#8204=LINE('',#19230,#10019);
#8205=LINE('',#19233,#10020);
#8206=LINE('',#19235,#10021);
#8207=LINE('',#19237,#10022);
#8208=LINE('',#19239,#10023);
#8209=LINE('',#19241,#10024);
#8210=LINE('',#19243,#10025);
#8211=LINE('',#19245,#10026);
#8212=LINE('',#19247,#10027);
#8213=LINE('',#19249,#10028);
#8214=LINE('',#19251,#10029);
#8215=LINE('',#19253,#10030);
#8216=LINE('',#19255,#10031);
#8217=LINE('',#19257,#10032);
#8218=LINE('',#19259,#10033);
#8219=LINE('',#19261,#10034);
#8220=LINE('',#19263,#10035);
#8221=LINE('',#19265,#10036);
#8222=LINE('',#19267,#10037);
#8223=LINE('',#19269,#10038);
#8224=LINE('',#19270,#10039);
#8225=LINE('',#19275,#10040);
#8226=LINE('',#19278,#10041);
#8227=LINE('',#19280,#10042);
#8228=LINE('',#19282,#10043);
#8229=LINE('',#19284,#10044);
#8230=LINE('',#19287,#10045);
#8231=LINE('',#19289,#10046);
#8232=LINE('',#19291,#10047);
#8233=LINE('',#19293,#10048);
#8234=LINE('',#19296,#10049);
#8235=LINE('',#19298,#10050);
#8236=LINE('',#19300,#10051);
#8237=LINE('',#19302,#10052);
#8238=LINE('',#19305,#10053);
#8239=LINE('',#19307,#10054);
#8240=LINE('',#19309,#10055);
#8241=LINE('',#19311,#10056);
#8242=LINE('',#19314,#10057);
#8243=LINE('',#19316,#10058);
#8244=LINE('',#19318,#10059);
#8245=LINE('',#19320,#10060);
#8246=LINE('',#19323,#10061);
#8247=LINE('',#19325,#10062);
#8248=LINE('',#19327,#10063);
#8249=LINE('',#19329,#10064);
#8250=LINE('',#19332,#10065);
#8251=LINE('',#19334,#10066);
#8252=LINE('',#19336,#10067);
#8253=LINE('',#19338,#10068);
#8254=LINE('',#19341,#10069);
#8255=LINE('',#19343,#10070);
#8256=LINE('',#19345,#10071);
#8257=LINE('',#19347,#10072);
#8258=LINE('',#19350,#10073);
#8259=LINE('',#19352,#10074);
#8260=LINE('',#19354,#10075);
#8261=LINE('',#19356,#10076);
#8262=LINE('',#19359,#10077);
#8263=LINE('',#19361,#10078);
#8264=LINE('',#19363,#10079);
#8265=LINE('',#19365,#10080);
#8266=LINE('',#19368,#10081);
#8267=LINE('',#19370,#10082);
#8268=LINE('',#19372,#10083);
#8269=LINE('',#19374,#10084);
#8270=LINE('',#19377,#10085);
#8271=LINE('',#19379,#10086);
#8272=LINE('',#19381,#10087);
#8273=LINE('',#19383,#10088);
#8274=LINE('',#19386,#10089);
#8275=LINE('',#19388,#10090);
#8276=LINE('',#19390,#10091);
#8277=LINE('',#19392,#10092);
#8278=LINE('',#19395,#10093);
#8279=LINE('',#19397,#10094);
#8280=LINE('',#19399,#10095);
#8281=LINE('',#19401,#10096);
#8282=LINE('',#19404,#10097);
#8283=LINE('',#19406,#10098);
#8284=LINE('',#19408,#10099);
#8285=LINE('',#19410,#10100);
#8286=LINE('',#19413,#10101);
#8287=LINE('',#19415,#10102);
#8288=LINE('',#19417,#10103);
#8289=LINE('',#19419,#10104);
#8290=LINE('',#19422,#10105);
#8291=LINE('',#19424,#10106);
#8292=LINE('',#19426,#10107);
#8293=LINE('',#19428,#10108);
#8294=LINE('',#19431,#10109);
#8295=LINE('',#19433,#10110);
#8296=LINE('',#19435,#10111);
#8297=LINE('',#19437,#10112);
#8298=LINE('',#19440,#10113);
#8299=LINE('',#19442,#10114);
#8300=LINE('',#19444,#10115);
#8301=LINE('',#19446,#10116);
#8302=LINE('',#19449,#10117);
#8303=LINE('',#19451,#10118);
#8304=LINE('',#19453,#10119);
#8305=LINE('',#19455,#10120);
#8306=LINE('',#19458,#10121);
#8307=LINE('',#19461,#10122);
#8308=LINE('',#19463,#10123);
#8309=LINE('',#19465,#10124);
#8310=LINE('',#19467,#10125);
#8311=LINE('',#19469,#10126);
#8312=LINE('',#19471,#10127);
#8313=LINE('',#19473,#10128);
#8314=LINE('',#19475,#10129);
#8315=LINE('',#19477,#10130);
#8316=LINE('',#19479,#10131);
#8317=LINE('',#19481,#10132);
#8318=LINE('',#19484,#10133);
#8319=LINE('',#19486,#10134);
#8320=LINE('',#19488,#10135);
#8321=LINE('',#19490,#10136);
#8322=LINE('',#19493,#10137);
#8323=LINE('',#19495,#10138);
#8324=LINE('',#19497,#10139);
#8325=LINE('',#19499,#10140);
#8326=LINE('',#19501,#10141);
#8327=LINE('',#19503,#10142);
#8328=LINE('',#19505,#10143);
#8329=LINE('',#19507,#10144);
#8330=LINE('',#19509,#10145);
#8331=LINE('',#19511,#10146);
#8332=LINE('',#19513,#10147);
#8333=LINE('',#19517,#10148);
#8334=LINE('',#19519,#10149);
#8335=LINE('',#19521,#10150);
#8336=LINE('',#19523,#10151);
#8337=LINE('',#19525,#10152);
#8338=LINE('',#19527,#10153);
#8339=LINE('',#19529,#10154);
#8340=LINE('',#19531,#10155);
#8341=LINE('',#19533,#10156);
#8342=LINE('',#19537,#10157);
#8343=LINE('',#19540,#10158);
#8344=LINE('',#19543,#10159);
#8345=LINE('',#19545,#10160);
#8346=LINE('',#19547,#10161);
#8347=LINE('',#19549,#10162);
#8348=LINE('',#19551,#10163);
#8349=LINE('',#19553,#10164);
#8350=LINE('',#19555,#10165);
#8351=LINE('',#19557,#10166);
#8352=LINE('',#19558,#10167);
#8353=LINE('',#19560,#10168);
#8354=LINE('',#19562,#10169);
#8355=LINE('',#19564,#10170);
#8356=LINE('',#19566,#10171);
#8357=LINE('',#19568,#10172);
#8358=LINE('',#19570,#10173);
#8359=LINE('',#19572,#10174);
#8360=LINE('',#19574,#10175);
#8361=LINE('',#19576,#10176);
#8362=LINE('',#19580,#10177);
#8363=LINE('',#19583,#10178);
#8364=LINE('',#19586,#10179);
#8365=LINE('',#19588,#10180);
#8366=LINE('',#19590,#10181);
#8367=LINE('',#19592,#10182);
#8368=LINE('',#19594,#10183);
#8369=LINE('',#19596,#10184);
#8370=LINE('',#19598,#10185);
#8371=LINE('',#19600,#10186);
#8372=LINE('',#19601,#10187);
#8373=LINE('',#19603,#10188);
#8374=LINE('',#19605,#10189);
#8375=LINE('',#19607,#10190);
#8376=LINE('',#19609,#10191);
#8377=LINE('',#19611,#10192);
#8378=LINE('',#19613,#10193);
#8379=LINE('',#19615,#10194);
#8380=LINE('',#19617,#10195);
#8381=LINE('',#19619,#10196);
#8382=LINE('',#19623,#10197);
#8383=LINE('',#19626,#10198);
#8384=LINE('',#19629,#10199);
#8385=LINE('',#19631,#10200);
#8386=LINE('',#19633,#10201);
#8387=LINE('',#19635,#10202);
#8388=LINE('',#19637,#10203);
#8389=LINE('',#19639,#10204);
#8390=LINE('',#19641,#10205);
#8391=LINE('',#19643,#10206);
#8392=LINE('',#19644,#10207);
#8393=LINE('',#19646,#10208);
#8394=LINE('',#19648,#10209);
#8395=LINE('',#19650,#10210);
#8396=LINE('',#19652,#10211);
#8397=LINE('',#19654,#10212);
#8398=LINE('',#19656,#10213);
#8399=LINE('',#19658,#10214);
#8400=LINE('',#19660,#10215);
#8401=LINE('',#19662,#10216);
#8402=LINE('',#19666,#10217);
#8403=LINE('',#19669,#10218);
#8404=LINE('',#19672,#10219);
#8405=LINE('',#19674,#10220);
#8406=LINE('',#19676,#10221);
#8407=LINE('',#19678,#10222);
#8408=LINE('',#19680,#10223);
#8409=LINE('',#19682,#10224);
#8410=LINE('',#19684,#10225);
#8411=LINE('',#19686,#10226);
#8412=LINE('',#19687,#10227);
#8413=LINE('',#19689,#10228);
#8414=LINE('',#19691,#10229);
#8415=LINE('',#19693,#10230);
#8416=LINE('',#19695,#10231);
#8417=LINE('',#19697,#10232);
#8418=LINE('',#19699,#10233);
#8419=LINE('',#19701,#10234);
#8420=LINE('',#19703,#10235);
#8421=LINE('',#19705,#10236);
#8422=LINE('',#19709,#10237);
#8423=LINE('',#19712,#10238);
#8424=LINE('',#19715,#10239);
#8425=LINE('',#19717,#10240);
#8426=LINE('',#19719,#10241);
#8427=LINE('',#19721,#10242);
#8428=LINE('',#19723,#10243);
#8429=LINE('',#19725,#10244);
#8430=LINE('',#19727,#10245);
#8431=LINE('',#19729,#10246);
#8432=LINE('',#19730,#10247);
#8433=LINE('',#19732,#10248);
#8434=LINE('',#19734,#10249);
#8435=LINE('',#19736,#10250);
#8436=LINE('',#19738,#10251);
#8437=LINE('',#19740,#10252);
#8438=LINE('',#19742,#10253);
#8439=LINE('',#19744,#10254);
#8440=LINE('',#19746,#10255);
#8441=LINE('',#19748,#10256);
#8442=LINE('',#19752,#10257);
#8443=LINE('',#19755,#10258);
#8444=LINE('',#19758,#10259);
#8445=LINE('',#19760,#10260);
#8446=LINE('',#19762,#10261);
#8447=LINE('',#19764,#10262);
#8448=LINE('',#19766,#10263);
#8449=LINE('',#19768,#10264);
#8450=LINE('',#19770,#10265);
#8451=LINE('',#19772,#10266);
#8452=LINE('',#19773,#10267);
#8453=LINE('',#19775,#10268);
#8454=LINE('',#19777,#10269);
#8455=LINE('',#19779,#10270);
#8456=LINE('',#19781,#10271);
#8457=LINE('',#19783,#10272);
#8458=LINE('',#19785,#10273);
#8459=LINE('',#19787,#10274);
#8460=LINE('',#19789,#10275);
#8461=LINE('',#19791,#10276);
#8462=LINE('',#19795,#10277);
#8463=LINE('',#19798,#10278);
#8464=LINE('',#19801,#10279);
#8465=LINE('',#19803,#10280);
#8466=LINE('',#19805,#10281);
#8467=LINE('',#19807,#10282);
#8468=LINE('',#19809,#10283);
#8469=LINE('',#19811,#10284);
#8470=LINE('',#19813,#10285);
#8471=LINE('',#19815,#10286);
#8472=LINE('',#19816,#10287);
#8473=LINE('',#19818,#10288);
#8474=LINE('',#19820,#10289);
#8475=LINE('',#19822,#10290);
#8476=LINE('',#19824,#10291);
#8477=LINE('',#19826,#10292);
#8478=LINE('',#19828,#10293);
#8479=LINE('',#19830,#10294);
#8480=LINE('',#19832,#10295);
#8481=LINE('',#19834,#10296);
#8482=LINE('',#19838,#10297);
#8483=LINE('',#19841,#10298);
#8484=LINE('',#19844,#10299);
#8485=LINE('',#19846,#10300);
#8486=LINE('',#19848,#10301);
#8487=LINE('',#19850,#10302);
#8488=LINE('',#19852,#10303);
#8489=LINE('',#19854,#10304);
#8490=LINE('',#19856,#10305);
#8491=LINE('',#19858,#10306);
#8492=LINE('',#19859,#10307);
#8493=LINE('',#19861,#10308);
#8494=LINE('',#19864,#10309);
#8495=LINE('',#19866,#10310);
#8496=LINE('',#19868,#10311);
#8497=LINE('',#19870,#10312);
#8498=LINE('',#19872,#10313);
#8499=LINE('',#19873,#10314);
#8500=LINE('',#19875,#10315);
#8501=LINE('',#19877,#10316);
#8502=LINE('',#19879,#10317);
#8503=LINE('',#19881,#10318);
#8504=LINE('',#19883,#10319);
#8505=LINE('',#19887,#10320);
#8506=LINE('',#19889,#10321);
#8507=LINE('',#19892,#10322);
#8508=LINE('',#19894,#10323);
#8509=LINE('',#19896,#10324);
#8510=LINE('',#19898,#10325);
#8511=LINE('',#19900,#10326);
#8512=LINE('',#19902,#10327);
#8513=LINE('',#19904,#10328);
#8514=LINE('',#19907,#10329);
#8515=LINE('',#19910,#10330);
#8516=LINE('',#19912,#10331);
#8517=LINE('',#19914,#10332);
#8518=LINE('',#19916,#10333);
#8519=LINE('',#19918,#10334);
#8520=LINE('',#19920,#10335);
#8521=LINE('',#19922,#10336);
#8522=LINE('',#19924,#10337);
#8523=LINE('',#19927,#10338);
#8524=LINE('',#19929,#10339);
#8525=LINE('',#19931,#10340);
#8526=LINE('',#19933,#10341);
#8527=LINE('',#19935,#10342);
#8528=LINE('',#19937,#10343);
#8529=LINE('',#19939,#10344);
#8530=LINE('',#19942,#10345);
#8531=LINE('',#19944,#10346);
#8532=LINE('',#19945,#10347);
#8533=LINE('',#19947,#10348);
#8534=LINE('',#19950,#10349);
#8535=LINE('',#19953,#10350);
#8536=LINE('',#19955,#10351);
#8537=LINE('',#19957,#10352);
#8538=LINE('',#19959,#10353);
#8539=LINE('',#19961,#10354);
#8540=LINE('',#19963,#10355);
#8541=LINE('',#19965,#10356);
#8542=LINE('',#19967,#10357);
#8543=LINE('',#19970,#10358);
#8544=LINE('',#19972,#10359);
#8545=LINE('',#19974,#10360);
#8546=LINE('',#19976,#10361);
#8547=LINE('',#19978,#10362);
#8548=LINE('',#19980,#10363);
#8549=LINE('',#19982,#10364);
#8550=LINE('',#19985,#10365);
#8551=LINE('',#19987,#10366);
#8552=LINE('',#19988,#10367);
#8553=LINE('',#19990,#10368);
#8554=LINE('',#19993,#10369);
#8555=LINE('',#19996,#10370);
#8556=LINE('',#19998,#10371);
#8557=LINE('',#20000,#10372);
#8558=LINE('',#20002,#10373);
#8559=LINE('',#20004,#10374);
#8560=LINE('',#20006,#10375);
#8561=LINE('',#20008,#10376);
#8562=LINE('',#20010,#10377);
#8563=LINE('',#20013,#10378);
#8564=LINE('',#20015,#10379);
#8565=LINE('',#20017,#10380);
#8566=LINE('',#20019,#10381);
#8567=LINE('',#20021,#10382);
#8568=LINE('',#20023,#10383);
#8569=LINE('',#20025,#10384);
#8570=LINE('',#20028,#10385);
#8571=LINE('',#20030,#10386);
#8572=LINE('',#20031,#10387);
#8573=LINE('',#20033,#10388);
#8574=LINE('',#20036,#10389);
#8575=LINE('',#20039,#10390);
#8576=LINE('',#20041,#10391);
#8577=LINE('',#20043,#10392);
#8578=LINE('',#20045,#10393);
#8579=LINE('',#20047,#10394);
#8580=LINE('',#20049,#10395);
#8581=LINE('',#20051,#10396);
#8582=LINE('',#20053,#10397);
#8583=LINE('',#20056,#10398);
#8584=LINE('',#20058,#10399);
#8585=LINE('',#20060,#10400);
#8586=LINE('',#20062,#10401);
#8587=LINE('',#20064,#10402);
#8588=LINE('',#20066,#10403);
#8589=LINE('',#20068,#10404);
#8590=LINE('',#20071,#10405);
#8591=LINE('',#20073,#10406);
#8592=LINE('',#20074,#10407);
#8593=LINE('',#20076,#10408);
#8594=LINE('',#20079,#10409);
#8595=LINE('',#20082,#10410);
#8596=LINE('',#20084,#10411);
#8597=LINE('',#20086,#10412);
#8598=LINE('',#20088,#10413);
#8599=LINE('',#20090,#10414);
#8600=LINE('',#20092,#10415);
#8601=LINE('',#20094,#10416);
#8602=LINE('',#20096,#10417);
#8603=LINE('',#20099,#10418);
#8604=LINE('',#20101,#10419);
#8605=LINE('',#20103,#10420);
#8606=LINE('',#20105,#10421);
#8607=LINE('',#20107,#10422);
#8608=LINE('',#20109,#10423);
#8609=LINE('',#20111,#10424);
#8610=LINE('',#20114,#10425);
#8611=LINE('',#20116,#10426);
#8612=LINE('',#20117,#10427);
#8613=LINE('',#20119,#10428);
#8614=LINE('',#20122,#10429);
#8615=LINE('',#20125,#10430);
#8616=LINE('',#20127,#10431);
#8617=LINE('',#20129,#10432);
#8618=LINE('',#20131,#10433);
#8619=LINE('',#20133,#10434);
#8620=LINE('',#20135,#10435);
#8621=LINE('',#20137,#10436);
#8622=LINE('',#20139,#10437);
#8623=LINE('',#20142,#10438);
#8624=LINE('',#20144,#10439);
#8625=LINE('',#20146,#10440);
#8626=LINE('',#20148,#10441);
#8627=LINE('',#20150,#10442);
#8628=LINE('',#20152,#10443);
#8629=LINE('',#20154,#10444);
#8630=LINE('',#20157,#10445);
#8631=LINE('',#20159,#10446);
#8632=LINE('',#20160,#10447);
#8633=LINE('',#20162,#10448);
#8634=LINE('',#20165,#10449);
#8635=LINE('',#20168,#10450);
#8636=LINE('',#20170,#10451);
#8637=LINE('',#20172,#10452);
#8638=LINE('',#20174,#10453);
#8639=LINE('',#20176,#10454);
#8640=LINE('',#20178,#10455);
#8641=LINE('',#20180,#10456);
#8642=LINE('',#20182,#10457);
#8643=LINE('',#20185,#10458);
#8644=LINE('',#20187,#10459);
#8645=LINE('',#20189,#10460);
#8646=LINE('',#20191,#10461);
#8647=LINE('',#20193,#10462);
#8648=LINE('',#20195,#10463);
#8649=LINE('',#20197,#10464);
#8650=LINE('',#20200,#10465);
#8651=LINE('',#20202,#10466);
#8652=LINE('',#20203,#10467);
#8653=LINE('',#20205,#10468);
#8654=LINE('',#20208,#10469);
#8655=LINE('',#20211,#10470);
#8656=LINE('',#20213,#10471);
#8657=LINE('',#20215,#10472);
#8658=LINE('',#20217,#10473);
#8659=LINE('',#20219,#10474);
#8660=LINE('',#20221,#10475);
#8661=LINE('',#20223,#10476);
#8662=LINE('',#20225,#10477);
#8663=LINE('',#20228,#10478);
#8664=LINE('',#20230,#10479);
#8665=LINE('',#20232,#10480);
#8666=LINE('',#20234,#10481);
#8667=LINE('',#20236,#10482);
#8668=LINE('',#20238,#10483);
#8669=LINE('',#20240,#10484);
#8670=LINE('',#20243,#10485);
#8671=LINE('',#20245,#10486);
#8672=LINE('',#20246,#10487);
#8673=LINE('',#20248,#10488);
#8674=LINE('',#20251,#10489);
#8675=LINE('',#20253,#10490);
#8676=LINE('',#20255,#10491);
#8677=LINE('',#20257,#10492);
#8678=LINE('',#20259,#10493);
#8679=LINE('',#20262,#10494);
#8680=LINE('',#20264,#10495);
#8681=LINE('',#20266,#10496);
#8682=LINE('',#20268,#10497);
#8683=LINE('',#20270,#10498);
#8684=LINE('',#20272,#10499);
#8685=LINE('',#20274,#10500);
#8686=LINE('',#20276,#10501);
#8687=LINE('',#20278,#10502);
#8688=LINE('',#20280,#10503);
#8689=LINE('',#20282,#10504);
#8690=LINE('',#20284,#10505);
#8691=LINE('',#20286,#10506);
#8692=LINE('',#20289,#10507);
#8693=LINE('',#20291,#10508);
#8694=LINE('',#20292,#10509);
#8695=LINE('',#20294,#10510);
#8696=LINE('',#20295,#10511);
#8697=LINE('',#20297,#10512);
#8698=LINE('',#20298,#10513);
#8699=LINE('',#20300,#10514);
#8700=LINE('',#20301,#10515);
#8701=LINE('',#20303,#10516);
#8702=LINE('',#20304,#10517);
#8703=LINE('',#20306,#10518);
#8704=LINE('',#20307,#10519);
#8705=LINE('',#20309,#10520);
#8706=LINE('',#20310,#10521);
#8707=LINE('',#20312,#10522);
#8708=LINE('',#20313,#10523);
#8709=LINE('',#20315,#10524);
#8710=LINE('',#20316,#10525);
#8711=LINE('',#20318,#10526);
#8712=LINE('',#20320,#10527);
#8713=LINE('',#20322,#10528);
#8714=LINE('',#20324,#10529);
#8715=LINE('',#20326,#10530);
#8716=LINE('',#20328,#10531);
#8717=LINE('',#20330,#10532);
#8718=LINE('',#20332,#10533);
#8719=LINE('',#20334,#10534);
#8720=LINE('',#20336,#10535);
#8721=LINE('',#20338,#10536);
#8722=LINE('',#20340,#10537);
#8723=LINE('',#20342,#10538);
#8724=LINE('',#20344,#10539);
#8725=LINE('',#20346,#10540);
#8726=LINE('',#20348,#10541);
#8727=LINE('',#20350,#10542);
#8728=LINE('',#20352,#10543);
#8729=LINE('',#20354,#10544);
#8730=LINE('',#20356,#10545);
#8731=LINE('',#20358,#10546);
#8732=LINE('',#20360,#10547);
#8733=LINE('',#20362,#10548);
#8734=LINE('',#20364,#10549);
#8735=LINE('',#20366,#10550);
#8736=LINE('',#20368,#10551);
#8737=LINE('',#20370,#10552);
#8738=LINE('',#20372,#10553);
#8739=LINE('',#20374,#10554);
#8740=LINE('',#20376,#10555);
#8741=LINE('',#20378,#10556);
#8742=LINE('',#20380,#10557);
#8743=LINE('',#20382,#10558);
#8744=LINE('',#20384,#10559);
#8745=LINE('',#20386,#10560);
#8746=LINE('',#20388,#10561);
#8747=LINE('',#20399,#10562);
#8748=LINE('',#20401,#10563);
#8749=LINE('',#20403,#10564);
#8750=LINE('',#20405,#10565);
#8751=LINE('',#20407,#10566);
#8752=LINE('',#20409,#10567);
#8753=LINE('',#20411,#10568);
#8754=LINE('',#20413,#10569);
#8755=LINE('',#20415,#10570);
#8756=LINE('',#20417,#10571);
#8757=LINE('',#20419,#10572);
#8758=LINE('',#20421,#10573);
#8759=LINE('',#20423,#10574);
#8760=LINE('',#20425,#10575);
#8761=LINE('',#20427,#10576);
#8762=LINE('',#20429,#10577);
#8763=LINE('',#20431,#10578);
#8764=LINE('',#20433,#10579);
#8765=LINE('',#20435,#10580);
#8766=LINE('',#20437,#10581);
#8767=LINE('',#20439,#10582);
#8768=LINE('',#20441,#10583);
#8769=LINE('',#20443,#10584);
#8770=LINE('',#20445,#10585);
#8771=LINE('',#20447,#10586);
#8772=LINE('',#20449,#10587);
#8773=LINE('',#20451,#10588);
#8774=LINE('',#20453,#10589);
#8775=LINE('',#20455,#10590);
#8776=LINE('',#20457,#10591);
#8777=LINE('',#20459,#10592);
#8778=LINE('',#20461,#10593);
#8779=LINE('',#20463,#10594);
#8780=LINE('',#20465,#10595);
#8781=LINE('',#20467,#10596);
#8782=LINE('',#20469,#10597);
#8783=LINE('',#20471,#10598);
#8784=LINE('',#20473,#10599);
#8785=LINE('',#20475,#10600);
#8786=LINE('',#20477,#10601);
#8787=LINE('',#20479,#10602);
#8788=LINE('',#20481,#10603);
#8789=LINE('',#20483,#10604);
#8790=LINE('',#20485,#10605);
#8791=LINE('',#20487,#10606);
#8792=LINE('',#20489,#10607);
#8793=LINE('',#20491,#10608);
#8794=LINE('',#20493,#10609);
#8795=LINE('',#20495,#10610);
#8796=LINE('',#20497,#10611);
#8797=LINE('',#20499,#10612);
#8798=LINE('',#20501,#10613);
#8799=LINE('',#20503,#10614);
#8800=LINE('',#20505,#10615);
#8801=LINE('',#20507,#10616);
#8802=LINE('',#20509,#10617);
#8803=LINE('',#20511,#10618);
#8804=LINE('',#20513,#10619);
#8805=LINE('',#20515,#10620);
#8806=LINE('',#20517,#10621);
#8807=LINE('',#20519,#10622);
#8808=LINE('',#20521,#10623);
#8809=LINE('',#20523,#10624);
#8810=LINE('',#20525,#10625);
#8811=LINE('',#20527,#10626);
#8812=LINE('',#20529,#10627);
#8813=LINE('',#20532,#10628);
#8814=LINE('',#20534,#10629);
#8815=LINE('',#20536,#10630);
#8816=LINE('',#20538,#10631);
#8817=LINE('',#20540,#10632);
#8818=LINE('',#20542,#10633);
#8819=LINE('',#20544,#10634);
#8820=LINE('',#20546,#10635);
#8821=LINE('',#20548,#10636);
#8822=LINE('',#20550,#10637);
#8823=LINE('',#20551,#10638);
#8824=LINE('',#20552,#10639);
#8825=LINE('',#20553,#10640);
#8826=LINE('',#20554,#10641);
#8827=LINE('',#20555,#10642);
#8828=LINE('',#20556,#10643);
#8829=LINE('',#20557,#10644);
#8830=LINE('',#20558,#10645);
#8831=LINE('',#20559,#10646);
#8832=LINE('',#20560,#10647);
#8833=VECTOR('',#13717,1000.);
#8834=VECTOR('',#13718,1000.);
#8835=VECTOR('',#13719,1000.);
#8836=VECTOR('',#13720,1000.);
#8837=VECTOR('',#13721,1000.);
#8838=VECTOR('',#13722,1000.);
#8839=VECTOR('',#13723,1000.);
#8840=VECTOR('',#13724,1000.);
#8841=VECTOR('',#13725,1000.);
#8842=VECTOR('',#13726,1000.);
#8843=VECTOR('',#13727,1000.);
#8844=VECTOR('',#13728,1000.);
#8845=VECTOR('',#13729,1000.);
#8846=VECTOR('',#13730,1000.);
#8847=VECTOR('',#13731,1000.);
#8848=VECTOR('',#13732,1000.);
#8849=VECTOR('',#13733,1000.);
#8850=VECTOR('',#13734,1000.);
#8851=VECTOR('',#13735,1000.);
#8852=VECTOR('',#13736,1000.);
#8853=VECTOR('',#13737,1000.);
#8854=VECTOR('',#13738,1000.);
#8855=VECTOR('',#13739,1000.);
#8856=VECTOR('',#13740,1000.);
#8857=VECTOR('',#13741,1000.);
#8858=VECTOR('',#13742,1000.);
#8859=VECTOR('',#13743,1000.);
#8860=VECTOR('',#13744,1000.);
#8861=VECTOR('',#13745,1000.);
#8862=VECTOR('',#13746,1000.);
#8863=VECTOR('',#13747,1000.);
#8864=VECTOR('',#13748,1000.);
#8865=VECTOR('',#13749,1000.);
#8866=VECTOR('',#13750,1000.);
#8867=VECTOR('',#13751,1000.);
#8868=VECTOR('',#13752,1000.);
#8869=VECTOR('',#13753,1000.);
#8870=VECTOR('',#13754,1000.);
#8871=VECTOR('',#13755,1000.);
#8872=VECTOR('',#13756,1000.);
#8873=VECTOR('',#13757,1000.);
#8874=VECTOR('',#13758,1000.);
#8875=VECTOR('',#13759,1000.);
#8876=VECTOR('',#13760,1000.);
#8877=VECTOR('',#13761,1000.);
#8878=VECTOR('',#13762,1000.);
#8879=VECTOR('',#13763,1000.);
#8880=VECTOR('',#13764,1000.);
#8881=VECTOR('',#13765,1000.);
#8882=VECTOR('',#13766,1000.);
#8883=VECTOR('',#13769,1000.);
#8884=VECTOR('',#13770,1000.);
#8885=VECTOR('',#13771,1000.);
#8886=VECTOR('',#13772,1000.);
#8887=VECTOR('',#13775,1000.);
#8888=VECTOR('',#13776,1000.);
#8889=VECTOR('',#13777,1000.);
#8890=VECTOR('',#13778,1000.);
#8891=VECTOR('',#13779,1000.);
#8892=VECTOR('',#13780,1000.);
#8893=VECTOR('',#13781,1000.);
#8894=VECTOR('',#13782,1000.);
#8895=VECTOR('',#13783,1000.);
#8896=VECTOR('',#13784,1000.);
#8897=VECTOR('',#13785,1000.);
#8898=VECTOR('',#13786,1000.);
#8899=VECTOR('',#13787,1000.);
#8900=VECTOR('',#13788,1000.);
#8901=VECTOR('',#13789,1000.);
#8902=VECTOR('',#13790,1000.);
#8903=VECTOR('',#13791,1000.);
#8904=VECTOR('',#13792,1000.);
#8905=VECTOR('',#13793,1000.);
#8906=VECTOR('',#13794,1000.);
#8907=VECTOR('',#13795,1000.);
#8908=VECTOR('',#13796,1000.);
#8909=VECTOR('',#13797,1000.);
#8910=VECTOR('',#13798,1000.);
#8911=VECTOR('',#13799,1000.);
#8912=VECTOR('',#13800,1000.);
#8913=VECTOR('',#13801,1000.);
#8914=VECTOR('',#13802,1000.);
#8915=VECTOR('',#13803,1000.);
#8916=VECTOR('',#13804,1000.);
#8917=VECTOR('',#13805,1000.);
#8918=VECTOR('',#13806,1000.);
#8919=VECTOR('',#13807,1000.);
#8920=VECTOR('',#13808,1000.);
#8921=VECTOR('',#13809,1000.);
#8922=VECTOR('',#13810,1000.);
#8923=VECTOR('',#13811,1000.);
#8924=VECTOR('',#13812,1000.);
#8925=VECTOR('',#13813,1000.);
#8926=VECTOR('',#13814,1000.);
#8927=VECTOR('',#13815,1000.);
#8928=VECTOR('',#13816,1000.);
#8929=VECTOR('',#13817,1000.);
#8930=VECTOR('',#13818,1000.);
#8931=VECTOR('',#13819,1000.);
#8932=VECTOR('',#13820,1000.);
#8933=VECTOR('',#13821,1000.);
#8934=VECTOR('',#13822,1000.);
#8935=VECTOR('',#13823,1000.);
#8936=VECTOR('',#13824,1000.);
#8937=VECTOR('',#13827,1000.);
#8938=VECTOR('',#13828,1000.);
#8939=VECTOR('',#13829,1000.);
#8940=VECTOR('',#13830,1000.);
#8941=VECTOR('',#13831,1000.);
#8942=VECTOR('',#13832,1000.);
#8943=VECTOR('',#13833,1000.);
#8944=VECTOR('',#13836,1000.);
#8945=VECTOR('',#13837,1000.);
#8946=VECTOR('',#13838,1000.);
#8947=VECTOR('',#13839,1000.);
#8948=VECTOR('',#13840,1000.);
#8949=VECTOR('',#13841,1000.);
#8950=VECTOR('',#13842,1000.);
#8951=VECTOR('',#13845,1000.);
#8952=VECTOR('',#13846,1000.);
#8953=VECTOR('',#13847,1000.);
#8954=VECTOR('',#13848,1000.);
#8955=VECTOR('',#13849,1000.);
#8956=VECTOR('',#13850,1000.);
#8957=VECTOR('',#13851,1000.);
#8958=VECTOR('',#13854,1000.);
#8959=VECTOR('',#13855,1000.);
#8960=VECTOR('',#13856,1000.);
#8961=VECTOR('',#13857,1000.);
#8962=VECTOR('',#13858,1000.);
#8963=VECTOR('',#13859,1000.);
#8964=VECTOR('',#13860,1000.);
#8965=VECTOR('',#13863,1000.);
#8966=VECTOR('',#13864,1000.);
#8967=VECTOR('',#13865,1000.);
#8968=VECTOR('',#13866,1000.);
#8969=VECTOR('',#13867,1000.);
#8970=VECTOR('',#13868,1000.);
#8971=VECTOR('',#13869,1000.);
#8972=VECTOR('',#13872,1000.);
#8973=VECTOR('',#13873,1000.);
#8974=VECTOR('',#13874,1000.);
#8975=VECTOR('',#13875,1000.);
#8976=VECTOR('',#13876,1000.);
#8977=VECTOR('',#13877,1000.);
#8978=VECTOR('',#13878,1000.);
#8979=VECTOR('',#13881,1000.);
#8980=VECTOR('',#13882,1000.);
#8981=VECTOR('',#13883,1000.);
#8982=VECTOR('',#13884,1000.);
#8983=VECTOR('',#13885,1000.);
#8984=VECTOR('',#13886,1000.);
#8985=VECTOR('',#13887,1000.);
#8986=VECTOR('',#13890,1000.);
#8987=VECTOR('',#13891,1000.);
#8988=VECTOR('',#13892,1000.);
#8989=VECTOR('',#13893,1000.);
#8990=VECTOR('',#13894,1000.);
#8991=VECTOR('',#13895,1000.);
#8992=VECTOR('',#13896,1000.);
#8993=VECTOR('',#13899,1000.);
#8994=VECTOR('',#13900,1000.);
#8995=VECTOR('',#13901,1000.);
#8996=VECTOR('',#13902,1000.);
#8997=VECTOR('',#13903,1000.);
#8998=VECTOR('',#13904,1000.);
#8999=VECTOR('',#13905,1000.);
#9000=VECTOR('',#13908,1000.);
#9001=VECTOR('',#13909,1000.);
#9002=VECTOR('',#13910,1000.);
#9003=VECTOR('',#13911,1000.);
#9004=VECTOR('',#13912,1000.);
#9005=VECTOR('',#13913,1000.);
#9006=VECTOR('',#13914,1000.);
#9007=VECTOR('',#13917,1000.);
#9008=VECTOR('',#13918,1000.);
#9009=VECTOR('',#13919,1000.);
#9010=VECTOR('',#13920,1000.);
#9011=VECTOR('',#13921,1000.);
#9012=VECTOR('',#13922,1000.);
#9013=VECTOR('',#13923,1000.);
#9014=VECTOR('',#13926,1000.);
#9015=VECTOR('',#13927,1000.);
#9016=VECTOR('',#13928,1000.);
#9017=VECTOR('',#13929,1000.);
#9018=VECTOR('',#13930,1000.);
#9019=VECTOR('',#13931,1000.);
#9020=VECTOR('',#13932,1000.);
#9021=VECTOR('',#13935,1000.);
#9022=VECTOR('',#13936,1000.);
#9023=VECTOR('',#13937,1000.);
#9024=VECTOR('',#13938,1000.);
#9025=VECTOR('',#13939,1000.);
#9026=VECTOR('',#13940,1000.);
#9027=VECTOR('',#13941,1000.);
#9028=VECTOR('',#13944,1000.);
#9029=VECTOR('',#13945,1000.);
#9030=VECTOR('',#13946,1000.);
#9031=VECTOR('',#13947,1000.);
#9032=VECTOR('',#13948,1000.);
#9033=VECTOR('',#13949,1000.);
#9034=VECTOR('',#13950,1000.);
#9035=VECTOR('',#13953,1000.);
#9036=VECTOR('',#13954,1000.);
#9037=VECTOR('',#13955,1000.);
#9038=VECTOR('',#13956,1000.);
#9039=VECTOR('',#13957,1000.);
#9040=VECTOR('',#13958,1000.);
#9041=VECTOR('',#13959,1000.);
#9042=VECTOR('',#13962,1000.);
#9043=VECTOR('',#13963,1000.);
#9044=VECTOR('',#13964,1000.);
#9045=VECTOR('',#13965,1000.);
#9046=VECTOR('',#13966,1000.);
#9047=VECTOR('',#13967,1000.);
#9048=VECTOR('',#13968,1000.);
#9049=VECTOR('',#13971,1000.);
#9050=VECTOR('',#13972,1000.);
#9051=VECTOR('',#13973,1000.);
#9052=VECTOR('',#13974,1000.);
#9053=VECTOR('',#13975,1000.);
#9054=VECTOR('',#13976,1000.);
#9055=VECTOR('',#13977,1000.);
#9056=VECTOR('',#13980,1000.);
#9057=VECTOR('',#13981,1000.);
#9058=VECTOR('',#13982,1000.);
#9059=VECTOR('',#13983,1000.);
#9060=VECTOR('',#13984,1000.);
#9061=VECTOR('',#13985,1000.);
#9062=VECTOR('',#13986,1000.);
#9063=VECTOR('',#13989,1000.);
#9064=VECTOR('',#13990,1000.);
#9065=VECTOR('',#13991,1000.);
#9066=VECTOR('',#13992,1000.);
#9067=VECTOR('',#13993,1000.);
#9068=VECTOR('',#13994,1000.);
#9069=VECTOR('',#13995,1000.);
#9070=VECTOR('',#13998,1000.);
#9071=VECTOR('',#13999,1000.);
#9072=VECTOR('',#14000,1000.);
#9073=VECTOR('',#14001,1000.);
#9074=VECTOR('',#14002,1000.);
#9075=VECTOR('',#14003,1000.);
#9076=VECTOR('',#14004,1000.);
#9077=VECTOR('',#14007,1000.);
#9078=VECTOR('',#14008,1000.);
#9079=VECTOR('',#14009,1000.);
#9080=VECTOR('',#14010,1000.);
#9081=VECTOR('',#14011,1000.);
#9082=VECTOR('',#14012,1000.);
#9083=VECTOR('',#14013,1000.);
#9084=VECTOR('',#14016,1000.);
#9085=VECTOR('',#14017,1000.);
#9086=VECTOR('',#14018,1000.);
#9087=VECTOR('',#14019,1000.);
#9088=VECTOR('',#14020,1000.);
#9089=VECTOR('',#14021,1000.);
#9090=VECTOR('',#14022,1000.);
#9091=VECTOR('',#14025,1000.);
#9092=VECTOR('',#14026,1000.);
#9093=VECTOR('',#14027,1000.);
#9094=VECTOR('',#14028,1000.);
#9095=VECTOR('',#14029,1000.);
#9096=VECTOR('',#14030,1000.);
#9097=VECTOR('',#14031,1000.);
#9098=VECTOR('',#14034,1000.);
#9099=VECTOR('',#14035,1000.);
#9100=VECTOR('',#14036,1000.);
#9101=VECTOR('',#14037,1000.);
#9102=VECTOR('',#14038,1000.);
#9103=VECTOR('',#14039,1000.);
#9104=VECTOR('',#14040,1000.);
#9105=VECTOR('',#14043,1000.);
#9106=VECTOR('',#14044,1000.);
#9107=VECTOR('',#14045,1000.);
#9108=VECTOR('',#14046,1000.);
#9109=VECTOR('',#14047,1000.);
#9110=VECTOR('',#14048,1000.);
#9111=VECTOR('',#14049,1000.);
#9112=VECTOR('',#14052,1000.);
#9113=VECTOR('',#14053,1000.);
#9114=VECTOR('',#14054,1000.);
#9115=VECTOR('',#14055,1000.);
#9116=VECTOR('',#14056,1000.);
#9117=VECTOR('',#14057,1000.);
#9118=VECTOR('',#14058,1000.);
#9119=VECTOR('',#14061,1000.);
#9120=VECTOR('',#14062,1000.);
#9121=VECTOR('',#14063,1000.);
#9122=VECTOR('',#14064,1000.);
#9123=VECTOR('',#14065,1000.);
#9124=VECTOR('',#14066,1000.);
#9125=VECTOR('',#14067,1000.);
#9126=VECTOR('',#14070,1000.);
#9127=VECTOR('',#14071,1000.);
#9128=VECTOR('',#14072,1000.);
#9129=VECTOR('',#14073,1000.);
#9130=VECTOR('',#14074,1000.);
#9131=VECTOR('',#14075,1000.);
#9132=VECTOR('',#14076,1000.);
#9133=VECTOR('',#14079,1000.);
#9134=VECTOR('',#14080,1000.);
#9135=VECTOR('',#14081,1000.);
#9136=VECTOR('',#14082,1000.);
#9137=VECTOR('',#14083,1000.);
#9138=VECTOR('',#14084,1000.);
#9139=VECTOR('',#14085,1000.);
#9140=VECTOR('',#14088,1000.);
#9141=VECTOR('',#14089,1000.);
#9142=VECTOR('',#14090,1000.);
#9143=VECTOR('',#14091,1000.);
#9144=VECTOR('',#14092,1000.);
#9145=VECTOR('',#14093,1000.);
#9146=VECTOR('',#14094,1000.);
#9147=VECTOR('',#14097,1000.);
#9148=VECTOR('',#14098,1000.);
#9149=VECTOR('',#14099,1000.);
#9150=VECTOR('',#14100,1000.);
#9151=VECTOR('',#14101,1000.);
#9152=VECTOR('',#14102,1000.);
#9153=VECTOR('',#14103,1000.);
#9154=VECTOR('',#14106,1000.);
#9155=VECTOR('',#14107,1000.);
#9156=VECTOR('',#14108,1000.);
#9157=VECTOR('',#14109,1000.);
#9158=VECTOR('',#14110,1000.);
#9159=VECTOR('',#14111,1000.);
#9160=VECTOR('',#14112,1000.);
#9161=VECTOR('',#14115,1000.);
#9162=VECTOR('',#14116,1000.);
#9163=VECTOR('',#14117,1000.);
#9164=VECTOR('',#14118,1000.);
#9165=VECTOR('',#14119,1000.);
#9166=VECTOR('',#14120,1000.);
#9167=VECTOR('',#14121,1000.);
#9168=VECTOR('',#14124,1000.);
#9169=VECTOR('',#14125,1000.);
#9170=VECTOR('',#14126,1000.);
#9171=VECTOR('',#14127,1000.);
#9172=VECTOR('',#14128,1000.);
#9173=VECTOR('',#14129,1000.);
#9174=VECTOR('',#14130,1000.);
#9175=VECTOR('',#14133,1000.);
#9176=VECTOR('',#14134,1000.);
#9177=VECTOR('',#14135,1000.);
#9178=VECTOR('',#14136,1000.);
#9179=VECTOR('',#14137,1000.);
#9180=VECTOR('',#14138,1000.);
#9181=VECTOR('',#14139,1000.);
#9182=VECTOR('',#14142,1000.);
#9183=VECTOR('',#14143,1000.);
#9184=VECTOR('',#14144,1000.);
#9185=VECTOR('',#14145,1000.);
#9186=VECTOR('',#14146,1000.);
#9187=VECTOR('',#14147,1000.);
#9188=VECTOR('',#14148,1000.);
#9189=VECTOR('',#14151,1000.);
#9190=VECTOR('',#14152,1000.);
#9191=VECTOR('',#14153,1000.);
#9192=VECTOR('',#14154,1000.);
#9193=VECTOR('',#14155,1000.);
#9194=VECTOR('',#14156,1000.);
#9195=VECTOR('',#14157,1000.);
#9196=VECTOR('',#14160,1000.);
#9197=VECTOR('',#14161,1000.);
#9198=VECTOR('',#14162,1000.);
#9199=VECTOR('',#14163,1000.);
#9200=VECTOR('',#14164,1000.);
#9201=VECTOR('',#14165,1000.);
#9202=VECTOR('',#14166,1000.);
#9203=VECTOR('',#14169,1000.);
#9204=VECTOR('',#14170,1000.);
#9205=VECTOR('',#14171,1000.);
#9206=VECTOR('',#14172,1000.);
#9207=VECTOR('',#14173,1000.);
#9208=VECTOR('',#14174,1000.);
#9209=VECTOR('',#14175,1000.);
#9210=VECTOR('',#14178,1000.);
#9211=VECTOR('',#14179,1000.);
#9212=VECTOR('',#14180,1000.);
#9213=VECTOR('',#14181,1000.);
#9214=VECTOR('',#14182,1000.);
#9215=VECTOR('',#14183,1000.);
#9216=VECTOR('',#14184,1000.);
#9217=VECTOR('',#14187,1000.);
#9218=VECTOR('',#14188,1000.);
#9219=VECTOR('',#14189,1000.);
#9220=VECTOR('',#14190,1000.);
#9221=VECTOR('',#14191,1000.);
#9222=VECTOR('',#14194,1000.);
#9223=VECTOR('',#14195,1000.);
#9224=VECTOR('',#14196,1000.);
#9225=VECTOR('',#14197,1000.);
#9226=VECTOR('',#14198,1000.);
#9227=VECTOR('',#14201,1000.);
#9228=VECTOR('',#14202,1000.);
#9229=VECTOR('',#14203,1000.);
#9230=VECTOR('',#14204,1000.);
#9231=VECTOR('',#14205,1000.);
#9232=VECTOR('',#14206,1000.);
#9233=VECTOR('',#14207,1000.);
#9234=VECTOR('',#14208,1000.);
#9235=VECTOR('',#14209,1000.);
#9236=VECTOR('',#14210,1000.);
#9237=VECTOR('',#14211,1000.);
#9238=VECTOR('',#14212,1000.);
#9239=VECTOR('',#14213,1000.);
#9240=VECTOR('',#14214,1000.);
#9241=VECTOR('',#14215,1000.);
#9242=VECTOR('',#14216,1000.);
#9243=VECTOR('',#14217,1000.);
#9244=VECTOR('',#14218,1000.);
#9245=VECTOR('',#14219,1000.);
#9246=VECTOR('',#14220,1000.);
#9247=VECTOR('',#14221,1000.);
#9248=VECTOR('',#14222,1000.);
#9249=VECTOR('',#14223,1000.);
#9250=VECTOR('',#14224,1000.);
#9251=VECTOR('',#14225,1000.);
#9252=VECTOR('',#14226,1000.);
#9253=VECTOR('',#14227,1000.);
#9254=VECTOR('',#14228,1000.);
#9255=VECTOR('',#14229,1000.);
#9256=VECTOR('',#14230,1000.);
#9257=VECTOR('',#14231,1000.);
#9258=VECTOR('',#14232,1000.);
#9259=VECTOR('',#14233,1000.);
#9260=VECTOR('',#14234,1000.);
#9261=VECTOR('',#14235,1000.);
#9262=VECTOR('',#14236,1000.);
#9263=VECTOR('',#14237,1000.);
#9264=VECTOR('',#14238,1000.);
#9265=VECTOR('',#14239,1000.);
#9266=VECTOR('',#14240,1000.);
#9267=VECTOR('',#14241,1000.);
#9268=VECTOR('',#14242,1000.);
#9269=VECTOR('',#14243,1000.);
#9270=VECTOR('',#14244,1000.);
#9271=VECTOR('',#14245,1000.);
#9272=VECTOR('',#14246,1000.);
#9273=VECTOR('',#14247,1000.);
#9274=VECTOR('',#14248,1000.);
#9275=VECTOR('',#14251,1000.);
#9276=VECTOR('',#14252,1000.);
#9277=VECTOR('',#14255,1000.);
#9278=VECTOR('',#14256,1000.);
#9279=VECTOR('',#14259,1000.);
#9280=VECTOR('',#14260,1000.);
#9281=VECTOR('',#14263,1000.);
#9282=VECTOR('',#14264,1000.);
#9283=VECTOR('',#14267,1000.);
#9284=VECTOR('',#14268,1000.);
#9285=VECTOR('',#14271,1000.);
#9286=VECTOR('',#14272,1000.);
#9287=VECTOR('',#14275,1000.);
#9288=VECTOR('',#14276,1000.);
#9289=VECTOR('',#14279,1000.);
#9290=VECTOR('',#14280,1000.);
#9291=VECTOR('',#14283,1000.);
#9292=VECTOR('',#14284,1000.);
#9293=VECTOR('',#14287,1000.);
#9294=VECTOR('',#14288,1000.);
#9295=VECTOR('',#14291,1000.);
#9296=VECTOR('',#14292,1000.);
#9297=VECTOR('',#14293,1000.);
#9298=VECTOR('',#14294,1000.);
#9299=VECTOR('',#14295,1000.);
#9300=VECTOR('',#14296,1000.);
#9301=VECTOR('',#14297,1000.);
#9302=VECTOR('',#14298,1000.);
#9303=VECTOR('',#14299,1000.);
#9304=VECTOR('',#14300,1000.);
#9305=VECTOR('',#14301,1000.);
#9306=VECTOR('',#14302,1000.);
#9307=VECTOR('',#14303,1000.);
#9308=VECTOR('',#14304,1000.);
#9309=VECTOR('',#14305,1000.);
#9310=VECTOR('',#14306,1000.);
#9311=VECTOR('',#14307,1000.);
#9312=VECTOR('',#14308,1000.);
#9313=VECTOR('',#14309,1000.);
#9314=VECTOR('',#14310,1000.);
#9315=VECTOR('',#14311,1000.);
#9316=VECTOR('',#14312,1000.);
#9317=VECTOR('',#14315,1000.);
#9318=VECTOR('',#14318,1000.);
#9319=VECTOR('',#14321,1000.);
#9320=VECTOR('',#14322,1000.);
#9321=VECTOR('',#14323,1000.);
#9322=VECTOR('',#14324,1000.);
#9323=VECTOR('',#14327,1000.);
#9324=VECTOR('',#14328,1000.);
#9325=VECTOR('',#14329,1000.);
#9326=VECTOR('',#14332,1000.);
#9327=VECTOR('',#14333,1000.);
#9328=VECTOR('',#14334,1000.);
#9329=VECTOR('',#14335,1000.);
#9330=VECTOR('',#14336,1000.);
#9331=VECTOR('',#14339,1000.);
#9332=VECTOR('',#14340,1000.);
#9333=VECTOR('',#14343,1000.);
#9334=VECTOR('',#14344,1000.);
#9335=VECTOR('',#14345,1000.);
#9336=VECTOR('',#14346,1000.);
#9337=VECTOR('',#14347,1000.);
#9338=VECTOR('',#14348,1000.);
#9339=VECTOR('',#14349,1000.);
#9340=VECTOR('',#14350,1000.);
#9341=VECTOR('',#14355,1000.);
#9342=VECTOR('',#14356,1000.);
#9343=VECTOR('',#14357,1000.);
#9344=VECTOR('',#14358,1000.);
#9345=VECTOR('',#14359,1000.);
#9346=VECTOR('',#14360,1000.);
#9347=VECTOR('',#14361,1000.);
#9348=VECTOR('',#14362,1000.);
#9349=VECTOR('',#14363,1000.);
#9350=VECTOR('',#14364,1000.);
#9351=VECTOR('',#14365,1000.);
#9352=VECTOR('',#14366,1000.);
#9353=VECTOR('',#14367,1000.);
#9354=VECTOR('',#14368,1000.);
#9355=VECTOR('',#14369,1000.);
#9356=VECTOR('',#14370,1000.);
#9357=VECTOR('',#14371,1000.);
#9358=VECTOR('',#14372,1000.);
#9359=VECTOR('',#14373,1000.);
#9360=VECTOR('',#14374,1000.);
#9361=VECTOR('',#14375,1000.);
#9362=VECTOR('',#14376,1000.);
#9363=VECTOR('',#14377,1000.);
#9364=VECTOR('',#14378,1000.);
#9365=VECTOR('',#14379,1000.);
#9366=VECTOR('',#14380,1000.);
#9367=VECTOR('',#14381,1000.);
#9368=VECTOR('',#14382,1000.);
#9369=VECTOR('',#14383,1000.);
#9370=VECTOR('',#14384,1000.);
#9371=VECTOR('',#14385,1000.);
#9372=VECTOR('',#14388,1000.);
#9373=VECTOR('',#14389,1000.);
#9374=VECTOR('',#14390,1000.);
#9375=VECTOR('',#14393,1000.);
#9376=VECTOR('',#14396,1000.);
#9377=VECTOR('',#14399,1000.);
#9378=VECTOR('',#14400,1000.);
#9379=VECTOR('',#14401,1000.);
#9380=VECTOR('',#14404,1000.);
#9381=VECTOR('',#14405,1000.);
#9382=VECTOR('',#14406,1000.);
#9383=VECTOR('',#14409,1000.);
#9384=VECTOR('',#14410,1000.);
#9385=VECTOR('',#14411,1000.);
#9386=VECTOR('',#14414,1000.);
#9387=VECTOR('',#14415,1000.);
#9388=VECTOR('',#14416,1000.);
#9389=VECTOR('',#14417,1000.);
#9390=VECTOR('',#14418,1000.);
#9391=VECTOR('',#14421,1000.);
#9392=VECTOR('',#14422,1000.);
#9393=VECTOR('',#14425,1000.);
#9394=VECTOR('',#14428,1000.);
#9395=VECTOR('',#14429,1000.);
#9396=VECTOR('',#14434,1000.);
#9397=VECTOR('',#14435,1000.);
#9398=VECTOR('',#14436,1000.);
#9399=VECTOR('',#14439,1000.);
#9400=VECTOR('',#14440,1000.);
#9401=VECTOR('',#14443,1000.);
#9402=VECTOR('',#14446,1000.);
#9403=VECTOR('',#14449,1000.);
#9404=VECTOR('',#14452,1000.);
#9405=VECTOR('',#14453,1000.);
#9406=VECTOR('',#14454,1000.);
#9407=VECTOR('',#14457,1000.);
#9408=VECTOR('',#14458,1000.);
#9409=VECTOR('',#14459,1000.);
#9410=VECTOR('',#14462,1000.);
#9411=VECTOR('',#14463,1000.);
#9412=VECTOR('',#14466,1000.);
#9413=VECTOR('',#14467,1000.);
#9414=VECTOR('',#14470,1000.);
#9415=VECTOR('',#14473,1000.);
#9416=VECTOR('',#14478,1000.);
#9417=VECTOR('',#14481,1000.);
#9418=VECTOR('',#14484,1000.);
#9419=VECTOR('',#14485,1000.);
#9420=VECTOR('',#14488,1000.);
#9421=VECTOR('',#14493,1000.);
#9422=VECTOR('',#14496,1000.);
#9423=VECTOR('',#14499,1000.);
#9424=VECTOR('',#14502,1000.);
#9425=VECTOR('',#14505,1000.);
#9426=VECTOR('',#14508,1000.);
#9427=VECTOR('',#14511,1000.);
#9428=VECTOR('',#14514,1000.);
#9429=VECTOR('',#14517,1000.);
#9430=VECTOR('',#14520,1000.);
#9431=VECTOR('',#14525,1000.);
#9432=VECTOR('',#14528,1000.);
#9433=VECTOR('',#14529,1000.);
#9434=VECTOR('',#14530,1000.);
#9435=VECTOR('',#14531,1000.);
#9436=VECTOR('',#14532,1000.);
#9437=VECTOR('',#14535,1000.);
#9438=VECTOR('',#14538,1000.);
#9439=VECTOR('',#14543,1000.);
#9440=VECTOR('',#14548,1000.);
#9441=VECTOR('',#14549,1000.);
#9442=VECTOR('',#14552,1000.);
#9443=VECTOR('',#14557,1000.);
#9444=VECTOR('',#14558,1000.);
#9445=VECTOR('',#14561,1000.);
#9446=VECTOR('',#14562,1000.);
#9447=VECTOR('',#14565,1000.);
#9448=VECTOR('',#14566,1000.);
#9449=VECTOR('',#14569,1000.);
#9450=VECTOR('',#14570,1000.);
#9451=VECTOR('',#14573,1000.);
#9452=VECTOR('',#14574,1000.);
#9453=VECTOR('',#14577,1000.);
#9454=VECTOR('',#14582,1000.);
#9455=VECTOR('',#14621,1000.);
#9456=VECTOR('',#14624,1000.);
#9457=VECTOR('',#14629,1000.);
#9458=VECTOR('',#14630,1000.);
#9459=VECTOR('',#14631,1000.);
#9460=VECTOR('',#14634,1000.);
#9461=VECTOR('',#14635,1000.);
#9462=VECTOR('',#14638,1000.);
#9463=VECTOR('',#14641,1000.);
#9464=VECTOR('',#14642,1000.);
#9465=VECTOR('',#14645,1000.);
#9466=VECTOR('',#14646,1000.);
#9467=VECTOR('',#14649,1000.);
#9468=VECTOR('',#14650,1000.);
#9469=VECTOR('',#14653,1000.);
#9470=VECTOR('',#14678,1000.);
#9471=VECTOR('',#14679,1000.);
#9472=VECTOR('',#14680,1000.);
#9473=VECTOR('',#14681,1000.);
#9474=VECTOR('',#14682,1000.);
#9475=VECTOR('',#14683,1000.);
#9476=VECTOR('',#14684,1000.);
#9477=VECTOR('',#14685,1000.);
#9478=VECTOR('',#14686,1000.);
#9479=VECTOR('',#14687,1000.);
#9480=VECTOR('',#14688,1000.);
#9481=VECTOR('',#14691,1000.);
#9482=VECTOR('',#14692,1000.);
#9483=VECTOR('',#14695,1000.);
#9484=VECTOR('',#14700,1000.);
#9485=VECTOR('',#14701,1000.);
#9486=VECTOR('',#14704,1000.);
#9487=VECTOR('',#14709,1000.);
#9488=VECTOR('',#14714,1000.);
#9489=VECTOR('',#14715,1000.);
#9490=VECTOR('',#14720,1000.);
#9491=VECTOR('',#14723,1000.);
#9492=VECTOR('',#14724,1000.);
#9493=VECTOR('',#14729,1000.);
#9494=VECTOR('',#14732,1000.);
#9495=VECTOR('',#14757,1000.);
#9496=VECTOR('',#14758,1000.);
#9497=VECTOR('',#14759,1000.);
#9498=VECTOR('',#14760,1000.);
#9499=VECTOR('',#14761,1000.);
#9500=VECTOR('',#14762,1000.);
#9501=VECTOR('',#14763,1000.);
#9502=VECTOR('',#14764,1000.);
#9503=VECTOR('',#14765,1000.);
#9504=VECTOR('',#14766,1000.);
#9505=VECTOR('',#14767,1000.);
#9506=VECTOR('',#14814,1000.);
#9507=VECTOR('',#14815,1000.);
#9508=VECTOR('',#14816,1000.);
#9509=VECTOR('',#14819,1000.);
#9510=VECTOR('',#14820,1000.);
#9511=VECTOR('',#14823,1000.);
#9512=VECTOR('',#14830,1000.);
#9513=VECTOR('',#14831,1000.);
#9514=VECTOR('',#14832,1000.);
#9515=VECTOR('',#14833,1000.);
#9516=VECTOR('',#14836,1000.);
#9517=VECTOR('',#14837,1000.);
#9518=VECTOR('',#14838,1000.);
#9519=VECTOR('',#14839,1000.);
#9520=VECTOR('',#14842,1000.);
#9521=VECTOR('',#14843,1000.);
#9522=VECTOR('',#14844,1000.);
#9523=VECTOR('',#14845,1000.);
#9524=VECTOR('',#14848,1000.);
#9525=VECTOR('',#14849,1000.);
#9526=VECTOR('',#14850,1000.);
#9527=VECTOR('',#14851,1000.);
#9528=VECTOR('',#14854,1000.);
#9529=VECTOR('',#14855,1000.);
#9530=VECTOR('',#14856,1000.);
#9531=VECTOR('',#14857,1000.);
#9532=VECTOR('',#14860,1000.);
#9533=VECTOR('',#14861,1000.);
#9534=VECTOR('',#14862,1000.);
#9535=VECTOR('',#14863,1000.);
#9536=VECTOR('',#14866,1000.);
#9537=VECTOR('',#14867,1000.);
#9538=VECTOR('',#14868,1000.);
#9539=VECTOR('',#14869,1000.);
#9540=VECTOR('',#14872,1000.);
#9541=VECTOR('',#14873,1000.);
#9542=VECTOR('',#14874,1000.);
#9543=VECTOR('',#14875,1000.);
#9544=VECTOR('',#14878,1000.);
#9545=VECTOR('',#14879,1000.);
#9546=VECTOR('',#14880,1000.);
#9547=VECTOR('',#14881,1000.);
#9548=VECTOR('',#14884,1000.);
#9549=VECTOR('',#14885,1000.);
#9550=VECTOR('',#14886,1000.);
#9551=VECTOR('',#14887,1000.);
#9552=VECTOR('',#14890,1000.);
#9553=VECTOR('',#14891,1000.);
#9554=VECTOR('',#14892,1000.);
#9555=VECTOR('',#14893,1000.);
#9556=VECTOR('',#14896,1000.);
#9557=VECTOR('',#14897,1000.);
#9558=VECTOR('',#14898,1000.);
#9559=VECTOR('',#14899,1000.);
#9560=VECTOR('',#14902,1000.);
#9561=VECTOR('',#14903,1000.);
#9562=VECTOR('',#14904,1000.);
#9563=VECTOR('',#14905,1000.);
#9564=VECTOR('',#14908,1000.);
#9565=VECTOR('',#14909,1000.);
#9566=VECTOR('',#14910,1000.);
#9567=VECTOR('',#14911,1000.);
#9568=VECTOR('',#14914,1000.);
#9569=VECTOR('',#14915,1000.);
#9570=VECTOR('',#14916,1000.);
#9571=VECTOR('',#14917,1000.);
#9572=VECTOR('',#14920,1000.);
#9573=VECTOR('',#14921,1000.);
#9574=VECTOR('',#14922,1000.);
#9575=VECTOR('',#14923,1000.);
#9576=VECTOR('',#14926,1000.);
#9577=VECTOR('',#14927,1000.);
#9578=VECTOR('',#14928,1000.);
#9579=VECTOR('',#14929,1000.);
#9580=VECTOR('',#14932,1000.);
#9581=VECTOR('',#14933,1000.);
#9582=VECTOR('',#14934,1000.);
#9583=VECTOR('',#14935,1000.);
#9584=VECTOR('',#14938,1000.);
#9585=VECTOR('',#14939,1000.);
#9586=VECTOR('',#14940,1000.);
#9587=VECTOR('',#14941,1000.);
#9588=VECTOR('',#14944,1000.);
#9589=VECTOR('',#14945,1000.);
#9590=VECTOR('',#14946,1000.);
#9591=VECTOR('',#14947,1000.);
#9592=VECTOR('',#14950,1000.);
#9593=VECTOR('',#14951,1000.);
#9594=VECTOR('',#14952,1000.);
#9595=VECTOR('',#14953,1000.);
#9596=VECTOR('',#14954,1000.);
#9597=VECTOR('',#14955,1000.);
#9598=VECTOR('',#14956,1000.);
#9599=VECTOR('',#14957,1000.);
#9600=VECTOR('',#14958,1000.);
#9601=VECTOR('',#14959,1000.);
#9602=VECTOR('',#14960,1000.);
#9603=VECTOR('',#14961,1000.);
#9604=VECTOR('',#14964,1000.);
#9605=VECTOR('',#14965,1000.);
#9606=VECTOR('',#14966,1000.);
#9607=VECTOR('',#14967,1000.);
#9608=VECTOR('',#14968,1000.);
#9609=VECTOR('',#14969,1000.);
#9610=VECTOR('',#14970,1000.);
#9611=VECTOR('',#14971,1000.);
#9612=VECTOR('',#14972,1000.);
#9613=VECTOR('',#14973,1000.);
#9614=VECTOR('',#14974,1000.);
#9615=VECTOR('',#14975,1000.);
#9616=VECTOR('',#14978,1000.);
#9617=VECTOR('',#14979,1000.);
#9618=VECTOR('',#14980,1000.);
#9619=VECTOR('',#14981,1000.);
#9620=VECTOR('',#14982,1000.);
#9621=VECTOR('',#14983,1000.);
#9622=VECTOR('',#14984,1000.);
#9623=VECTOR('',#14985,1000.);
#9624=VECTOR('',#14988,1000.);
#9625=VECTOR('',#14989,1000.);
#9626=VECTOR('',#14990,1000.);
#9627=VECTOR('',#14991,1000.);
#9628=VECTOR('',#14992,1000.);
#9629=VECTOR('',#14993,1000.);
#9630=VECTOR('',#14994,1000.);
#9631=VECTOR('',#14995,1000.);
#9632=VECTOR('',#14998,1000.);
#9633=VECTOR('',#14999,1000.);
#9634=VECTOR('',#15002,1000.);
#9635=VECTOR('',#15003,1000.);
#9636=VECTOR('',#15004,1000.);
#9637=VECTOR('',#15005,1000.);
#9638=VECTOR('',#15006,1000.);
#9639=VECTOR('',#15007,1000.);
#9640=VECTOR('',#15008,1000.);
#9641=VECTOR('',#15009,1000.);
#9642=VECTOR('',#15012,1000.);
#9643=VECTOR('',#15013,1000.);
#9644=VECTOR('',#15014,1000.);
#9645=VECTOR('',#15015,1000.);
#9646=VECTOR('',#15016,1000.);
#9647=VECTOR('',#15017,1000.);
#9648=VECTOR('',#15018,1000.);
#9649=VECTOR('',#15019,1000.);
#9650=VECTOR('',#15022,1000.);
#9651=VECTOR('',#15023,1000.);
#9652=VECTOR('',#15026,1000.);
#9653=VECTOR('',#15027,1000.);
#9654=VECTOR('',#15028,1000.);
#9655=VECTOR('',#15029,1000.);
#9656=VECTOR('',#15030,1000.);
#9657=VECTOR('',#15031,1000.);
#9658=VECTOR('',#15032,1000.);
#9659=VECTOR('',#15033,1000.);
#9660=VECTOR('',#15036,1000.);
#9661=VECTOR('',#15037,1000.);
#9662=VECTOR('',#15038,1000.);
#9663=VECTOR('',#15039,1000.);
#9664=VECTOR('',#15040,1000.);
#9665=VECTOR('',#15041,1000.);
#9666=VECTOR('',#15042,1000.);
#9667=VECTOR('',#15043,1000.);
#9668=VECTOR('',#15046,1000.);
#9669=VECTOR('',#15047,1000.);
#9670=VECTOR('',#15050,1000.);
#9671=VECTOR('',#15051,1000.);
#9672=VECTOR('',#15052,1000.);
#9673=VECTOR('',#15053,1000.);
#9674=VECTOR('',#15054,1000.);
#9675=VECTOR('',#15055,1000.);
#9676=VECTOR('',#15056,1000.);
#9677=VECTOR('',#15057,1000.);
#9678=VECTOR('',#15060,1000.);
#9679=VECTOR('',#15061,1000.);
#9680=VECTOR('',#15062,1000.);
#9681=VECTOR('',#15063,1000.);
#9682=VECTOR('',#15064,1000.);
#9683=VECTOR('',#15065,1000.);
#9684=VECTOR('',#15066,1000.);
#9685=VECTOR('',#15067,1000.);
#9686=VECTOR('',#15070,1000.);
#9687=VECTOR('',#15071,1000.);
#9688=VECTOR('',#15074,1000.);
#9689=VECTOR('',#15075,1000.);
#9690=VECTOR('',#15076,1000.);
#9691=VECTOR('',#15077,1000.);
#9692=VECTOR('',#15078,1000.);
#9693=VECTOR('',#15079,1000.);
#9694=VECTOR('',#15080,1000.);
#9695=VECTOR('',#15081,1000.);
#9696=VECTOR('',#15084,1000.);
#9697=VECTOR('',#15085,1000.);
#9698=VECTOR('',#15086,1000.);
#9699=VECTOR('',#15087,1000.);
#9700=VECTOR('',#15088,1000.);
#9701=VECTOR('',#15089,1000.);
#9702=VECTOR('',#15090,1000.);
#9703=VECTOR('',#15091,1000.);
#9704=VECTOR('',#15094,1000.);
#9705=VECTOR('',#15095,1000.);
#9706=VECTOR('',#15098,1000.);
#9707=VECTOR('',#15099,1000.);
#9708=VECTOR('',#15100,1000.);
#9709=VECTOR('',#15101,1000.);
#9710=VECTOR('',#15102,1000.);
#9711=VECTOR('',#15103,1000.);
#9712=VECTOR('',#15104,1000.);
#9713=VECTOR('',#15105,1000.);
#9714=VECTOR('',#15108,1000.);
#9715=VECTOR('',#15109,1000.);
#9716=VECTOR('',#15110,1000.);
#9717=VECTOR('',#15111,1000.);
#9718=VECTOR('',#15112,1000.);
#9719=VECTOR('',#15113,1000.);
#9720=VECTOR('',#15114,1000.);
#9721=VECTOR('',#15115,1000.);
#9722=VECTOR('',#15118,1000.);
#9723=VECTOR('',#15119,1000.);
#9724=VECTOR('',#15122,1000.);
#9725=VECTOR('',#15123,1000.);
#9726=VECTOR('',#15124,1000.);
#9727=VECTOR('',#15125,1000.);
#9728=VECTOR('',#15126,1000.);
#9729=VECTOR('',#15127,1000.);
#9730=VECTOR('',#15128,1000.);
#9731=VECTOR('',#15129,1000.);
#9732=VECTOR('',#15132,1000.);
#9733=VECTOR('',#15133,1000.);
#9734=VECTOR('',#15134,1000.);
#9735=VECTOR('',#15135,1000.);
#9736=VECTOR('',#15136,1000.);
#9737=VECTOR('',#15137,1000.);
#9738=VECTOR('',#15138,1000.);
#9739=VECTOR('',#15139,1000.);
#9740=VECTOR('',#15142,1000.);
#9741=VECTOR('',#15143,1000.);
#9742=VECTOR('',#15146,1000.);
#9743=VECTOR('',#15147,1000.);
#9744=VECTOR('',#15148,1000.);
#9745=VECTOR('',#15149,1000.);
#9746=VECTOR('',#15150,1000.);
#9747=VECTOR('',#15151,1000.);
#9748=VECTOR('',#15152,1000.);
#9749=VECTOR('',#15153,1000.);
#9750=VECTOR('',#15156,1000.);
#9751=VECTOR('',#15157,1000.);
#9752=VECTOR('',#15158,1000.);
#9753=VECTOR('',#15159,1000.);
#9754=VECTOR('',#15160,1000.);
#9755=VECTOR('',#15161,1000.);
#9756=VECTOR('',#15162,1000.);
#9757=VECTOR('',#15163,1000.);
#9758=VECTOR('',#15166,1000.);
#9759=VECTOR('',#15167,1000.);
#9760=VECTOR('',#15170,1000.);
#9761=VECTOR('',#15171,1000.);
#9762=VECTOR('',#15172,1000.);
#9763=VECTOR('',#15173,1000.);
#9764=VECTOR('',#15176,1000.);
#9765=VECTOR('',#15177,1000.);
#9766=VECTOR('',#15178,1000.);
#9767=VECTOR('',#15179,1000.);
#9768=VECTOR('',#15180,1000.);
#9769=VECTOR('',#15181,1000.);
#9770=VECTOR('',#15182,1000.);
#9771=VECTOR('',#15185,1000.);
#9772=VECTOR('',#15186,1000.);
#9773=VECTOR('',#15187,1000.);
#9774=VECTOR('',#15188,1000.);
#9775=VECTOR('',#15189,1000.);
#9776=VECTOR('',#15190,1000.);
#9777=VECTOR('',#15191,1000.);
#9778=VECTOR('',#15194,1000.);
#9779=VECTOR('',#15195,1000.);
#9780=VECTOR('',#15196,1000.);
#9781=VECTOR('',#15197,1000.);
#9782=VECTOR('',#15198,1000.);
#9783=VECTOR('',#15199,1000.);
#9784=VECTOR('',#15200,1000.);
#9785=VECTOR('',#15201,1000.);
#9786=VECTOR('',#15204,1000.);
#9787=VECTOR('',#15205,1000.);
#9788=VECTOR('',#15206,1000.);
#9789=VECTOR('',#15207,1000.);
#9790=VECTOR('',#15208,1000.);
#9791=VECTOR('',#15209,1000.);
#9792=VECTOR('',#15210,1000.);
#9793=VECTOR('',#15211,1000.);
#9794=VECTOR('',#15214,1000.);
#9795=VECTOR('',#15215,1000.);
#9796=VECTOR('',#15218,1000.);
#9797=VECTOR('',#15219,1000.);
#9798=VECTOR('',#15220,1000.);
#9799=VECTOR('',#15221,1000.);
#9800=VECTOR('',#15222,1000.);
#9801=VECTOR('',#15223,1000.);
#9802=VECTOR('',#15224,1000.);
#9803=VECTOR('',#15225,1000.);
#9804=VECTOR('',#15228,1000.);
#9805=VECTOR('',#15229,1000.);
#9806=VECTOR('',#15230,1000.);
#9807=VECTOR('',#15231,1000.);
#9808=VECTOR('',#15232,1000.);
#9809=VECTOR('',#15233,1000.);
#9810=VECTOR('',#15234,1000.);
#9811=VECTOR('',#15235,1000.);
#9812=VECTOR('',#15238,1000.);
#9813=VECTOR('',#15239,1000.);
#9814=VECTOR('',#15242,1000.);
#9815=VECTOR('',#15243,1000.);
#9816=VECTOR('',#15244,1000.);
#9817=VECTOR('',#15245,1000.);
#9818=VECTOR('',#15246,1000.);
#9819=VECTOR('',#15247,1000.);
#9820=VECTOR('',#15248,1000.);
#9821=VECTOR('',#15249,1000.);
#9822=VECTOR('',#15252,1000.);
#9823=VECTOR('',#15253,1000.);
#9824=VECTOR('',#15254,1000.);
#9825=VECTOR('',#15255,1000.);
#9826=VECTOR('',#15256,1000.);
#9827=VECTOR('',#15257,1000.);
#9828=VECTOR('',#15258,1000.);
#9829=VECTOR('',#15259,1000.);
#9830=VECTOR('',#15262,1000.);
#9831=VECTOR('',#15263,1000.);
#9832=VECTOR('',#15266,1000.);
#9833=VECTOR('',#15267,1000.);
#9834=VECTOR('',#15268,1000.);
#9835=VECTOR('',#15269,1000.);
#9836=VECTOR('',#15270,1000.);
#9837=VECTOR('',#15271,1000.);
#9838=VECTOR('',#15272,1000.);
#9839=VECTOR('',#15273,1000.);
#9840=VECTOR('',#15276,1000.);
#9841=VECTOR('',#15277,1000.);
#9842=VECTOR('',#15278,1000.);
#9843=VECTOR('',#15279,1000.);
#9844=VECTOR('',#15280,1000.);
#9845=VECTOR('',#15281,1000.);
#9846=VECTOR('',#15282,1000.);
#9847=VECTOR('',#15283,1000.);
#9848=VECTOR('',#15286,1000.);
#9849=VECTOR('',#15287,1000.);
#9850=VECTOR('',#15290,1000.);
#9851=VECTOR('',#15291,1000.);
#9852=VECTOR('',#15292,1000.);
#9853=VECTOR('',#15293,1000.);
#9854=VECTOR('',#15294,1000.);
#9855=VECTOR('',#15295,1000.);
#9856=VECTOR('',#15296,1000.);
#9857=VECTOR('',#15297,1000.);
#9858=VECTOR('',#15300,1000.);
#9859=VECTOR('',#15301,1000.);
#9860=VECTOR('',#15302,1000.);
#9861=VECTOR('',#15303,1000.);
#9862=VECTOR('',#15304,1000.);
#9863=VECTOR('',#15305,1000.);
#9864=VECTOR('',#15306,1000.);
#9865=VECTOR('',#15307,1000.);
#9866=VECTOR('',#15310,1000.);
#9867=VECTOR('',#15311,1000.);
#9868=VECTOR('',#15314,1000.);
#9869=VECTOR('',#15315,1000.);
#9870=VECTOR('',#15316,1000.);
#9871=VECTOR('',#15317,1000.);
#9872=VECTOR('',#15318,1000.);
#9873=VECTOR('',#15319,1000.);
#9874=VECTOR('',#15320,1000.);
#9875=VECTOR('',#15321,1000.);
#9876=VECTOR('',#15324,1000.);
#9877=VECTOR('',#15325,1000.);
#9878=VECTOR('',#15326,1000.);
#9879=VECTOR('',#15327,1000.);
#9880=VECTOR('',#15328,1000.);
#9881=VECTOR('',#15329,1000.);
#9882=VECTOR('',#15330,1000.);
#9883=VECTOR('',#15331,1000.);
#9884=VECTOR('',#15334,1000.);
#9885=VECTOR('',#15335,1000.);
#9886=VECTOR('',#15338,1000.);
#9887=VECTOR('',#15339,1000.);
#9888=VECTOR('',#15340,1000.);
#9889=VECTOR('',#15341,1000.);
#9890=VECTOR('',#15342,1000.);
#9891=VECTOR('',#15343,1000.);
#9892=VECTOR('',#15344,1000.);
#9893=VECTOR('',#15345,1000.);
#9894=VECTOR('',#15348,1000.);
#9895=VECTOR('',#15349,1000.);
#9896=VECTOR('',#15350,1000.);
#9897=VECTOR('',#15351,1000.);
#9898=VECTOR('',#15352,1000.);
#9899=VECTOR('',#15353,1000.);
#9900=VECTOR('',#15354,1000.);
#9901=VECTOR('',#15355,1000.);
#9902=VECTOR('',#15358,1000.);
#9903=VECTOR('',#15359,1000.);
#9904=VECTOR('',#15362,1000.);
#9905=VECTOR('',#15363,1000.);
#9906=VECTOR('',#15364,1000.);
#9907=VECTOR('',#15365,1000.);
#9908=VECTOR('',#15366,1000.);
#9909=VECTOR('',#15367,1000.);
#9910=VECTOR('',#15368,1000.);
#9911=VECTOR('',#15369,1000.);
#9912=VECTOR('',#15372,1000.);
#9913=VECTOR('',#15373,1000.);
#9914=VECTOR('',#15374,1000.);
#9915=VECTOR('',#15375,1000.);
#9916=VECTOR('',#15376,1000.);
#9917=VECTOR('',#15377,1000.);
#9918=VECTOR('',#15378,1000.);
#9919=VECTOR('',#15379,1000.);
#9920=VECTOR('',#15382,1000.);
#9921=VECTOR('',#15383,1000.);
#9922=VECTOR('',#15386,1000.);
#9923=VECTOR('',#15387,1000.);
#9924=VECTOR('',#15388,1000.);
#9925=VECTOR('',#15389,1000.);
#9926=VECTOR('',#15392,1000.);
#9927=VECTOR('',#15393,1000.);
#9928=VECTOR('',#15394,1000.);
#9929=VECTOR('',#15395,1000.);
#9930=VECTOR('',#15396,1000.);
#9931=VECTOR('',#15397,1000.);
#9932=VECTOR('',#15398,1000.);
#9933=VECTOR('',#15401,1000.);
#9934=VECTOR('',#15402,1000.);
#9935=VECTOR('',#15403,1000.);
#9936=VECTOR('',#15404,1000.);
#9937=VECTOR('',#15405,1000.);
#9938=VECTOR('',#15406,1000.);
#9939=VECTOR('',#15407,1000.);
#9940=VECTOR('',#15410,1000.);
#9941=VECTOR('',#15413,1000.);
#9942=VECTOR('',#15416,1000.);
#9943=VECTOR('',#15419,1000.);
#9944=VECTOR('',#15422,1000.);
#9945=VECTOR('',#15425,1000.);
#9946=VECTOR('',#15428,1000.);
#9947=VECTOR('',#15431,1000.);
#9948=VECTOR('',#15434,1000.);
#9949=VECTOR('',#15437,1000.);
#9950=VECTOR('',#15440,1000.);
#9951=VECTOR('',#15443,1000.);
#9952=VECTOR('',#15446,1000.);
#9953=VECTOR('',#15449,1000.);
#9954=VECTOR('',#15452,1000.);
#9955=VECTOR('',#15455,1000.);
#9956=VECTOR('',#15458,1000.);
#9957=VECTOR('',#15461,1000.);
#9958=VECTOR('',#15464,1000.);
#9959=VECTOR('',#15467,1000.);
#9960=VECTOR('',#15470,1000.);
#9961=VECTOR('',#15473,1000.);
#9962=VECTOR('',#15476,1000.);
#9963=VECTOR('',#15479,1000.);
#9964=VECTOR('',#15482,1000.);
#9965=VECTOR('',#15485,1000.);
#9966=VECTOR('',#15488,1000.);
#9967=VECTOR('',#15491,1000.);
#9968=VECTOR('',#15494,1000.);
#9969=VECTOR('',#15497,1000.);
#9970=VECTOR('',#15500,1000.);
#9971=VECTOR('',#15503,1000.);
#9972=VECTOR('',#15506,1000.);
#9973=VECTOR('',#15509,1000.);
#9974=VECTOR('',#15512,1000.);
#9975=VECTOR('',#15515,1000.);
#9976=VECTOR('',#15518,1000.);
#9977=VECTOR('',#15519,1000.);
#9978=VECTOR('',#15520,1000.);
#9979=VECTOR('',#15521,1000.);
#9980=VECTOR('',#15522,1000.);
#9981=VECTOR('',#15523,1000.);
#9982=VECTOR('',#15524,1000.);
#9983=VECTOR('',#15525,1000.);
#9984=VECTOR('',#15526,1000.);
#9985=VECTOR('',#15527,1000.);
#9986=VECTOR('',#15528,1000.);
#9987=VECTOR('',#15531,1000.);
#9988=VECTOR('',#15534,1000.);
#9989=VECTOR('',#15537,1000.);
#9990=VECTOR('',#15540,1000.);
#9991=VECTOR('',#15543,1000.);
#9992=VECTOR('',#15546,1000.);
#9993=VECTOR('',#15549,1000.);
#9994=VECTOR('',#15552,1000.);
#9995=VECTOR('',#15555,1000.);
#9996=VECTOR('',#15558,1000.);
#9997=VECTOR('',#15561,1000.);
#9998=VECTOR('',#15564,1000.);
#9999=VECTOR('',#15567,1000.);
#10000=VECTOR('',#15570,1000.);
#10001=VECTOR('',#15573,1000.);
#10002=VECTOR('',#15576,1000.);
#10003=VECTOR('',#15579,1000.);
#10004=VECTOR('',#15582,1000.);
#10005=VECTOR('',#15585,1000.);
#10006=VECTOR('',#15588,1000.);
#10007=VECTOR('',#15591,1000.);
#10008=VECTOR('',#15594,1000.);
#10009=VECTOR('',#15597,1000.);
#10010=VECTOR('',#15600,1000.);
#10011=VECTOR('',#15603,1000.);
#10012=VECTOR('',#15606,1000.);
#10013=VECTOR('',#15609,1000.);
#10014=VECTOR('',#15612,1000.);
#10015=VECTOR('',#15615,1000.);
#10016=VECTOR('',#15618,1000.);
#10017=VECTOR('',#15641,1000.);
#10018=VECTOR('',#15644,1000.);
#10019=VECTOR('',#15647,1000.);
#10020=VECTOR('',#15652,1000.);
#10021=VECTOR('',#15655,1000.);
#10022=VECTOR('',#15658,1000.);
#10023=VECTOR('',#15661,1000.);
#10024=VECTOR('',#15664,1000.);
#10025=VECTOR('',#15667,1000.);
#10026=VECTOR('',#15670,1000.);
#10027=VECTOR('',#15673,1000.);
#10028=VECTOR('',#15676,1000.);
#10029=VECTOR('',#15679,1000.);
#10030=VECTOR('',#15682,1000.);
#10031=VECTOR('',#15685,1000.);
#10032=VECTOR('',#15688,1000.);
#10033=VECTOR('',#15691,1000.);
#10034=VECTOR('',#15694,1000.);
#10035=VECTOR('',#15697,1000.);
#10036=VECTOR('',#15700,1000.);
#10037=VECTOR('',#15703,1000.);
#10038=VECTOR('',#15706,1000.);
#10039=VECTOR('',#15707,1000.);
#10040=VECTOR('',#15716,1000.);
#10041=VECTOR('',#15717,1000.);
#10042=VECTOR('',#15718,1000.);
#10043=VECTOR('',#15719,1000.);
#10044=VECTOR('',#15722,1000.);
#10045=VECTOR('',#15723,1000.);
#10046=VECTOR('',#15724,1000.);
#10047=VECTOR('',#15725,1000.);
#10048=VECTOR('',#15728,1000.);
#10049=VECTOR('',#15729,1000.);
#10050=VECTOR('',#15730,1000.);
#10051=VECTOR('',#15731,1000.);
#10052=VECTOR('',#15734,1000.);
#10053=VECTOR('',#15735,1000.);
#10054=VECTOR('',#15736,1000.);
#10055=VECTOR('',#15737,1000.);
#10056=VECTOR('',#15740,1000.);
#10057=VECTOR('',#15741,1000.);
#10058=VECTOR('',#15742,1000.);
#10059=VECTOR('',#15743,1000.);
#10060=VECTOR('',#15746,1000.);
#10061=VECTOR('',#15747,1000.);
#10062=VECTOR('',#15748,1000.);
#10063=VECTOR('',#15749,1000.);
#10064=VECTOR('',#15752,1000.);
#10065=VECTOR('',#15753,1000.);
#10066=VECTOR('',#15754,1000.);
#10067=VECTOR('',#15755,1000.);
#10068=VECTOR('',#15758,1000.);
#10069=VECTOR('',#15759,1000.);
#10070=VECTOR('',#15760,1000.);
#10071=VECTOR('',#15761,1000.);
#10072=VECTOR('',#15764,1000.);
#10073=VECTOR('',#15765,1000.);
#10074=VECTOR('',#15766,1000.);
#10075=VECTOR('',#15767,1000.);
#10076=VECTOR('',#15770,1000.);
#10077=VECTOR('',#15771,1000.);
#10078=VECTOR('',#15772,1000.);
#10079=VECTOR('',#15773,1000.);
#10080=VECTOR('',#15776,1000.);
#10081=VECTOR('',#15777,1000.);
#10082=VECTOR('',#15778,1000.);
#10083=VECTOR('',#15779,1000.);
#10084=VECTOR('',#15782,1000.);
#10085=VECTOR('',#15783,1000.);
#10086=VECTOR('',#15784,1000.);
#10087=VECTOR('',#15785,1000.);
#10088=VECTOR('',#15788,1000.);
#10089=VECTOR('',#15789,1000.);
#10090=VECTOR('',#15790,1000.);
#10091=VECTOR('',#15791,1000.);
#10092=VECTOR('',#15794,1000.);
#10093=VECTOR('',#15795,1000.);
#10094=VECTOR('',#15796,1000.);
#10095=VECTOR('',#15797,1000.);
#10096=VECTOR('',#15800,1000.);
#10097=VECTOR('',#15801,1000.);
#10098=VECTOR('',#15802,1000.);
#10099=VECTOR('',#15803,1000.);
#10100=VECTOR('',#15806,1000.);
#10101=VECTOR('',#15807,1000.);
#10102=VECTOR('',#15808,1000.);
#10103=VECTOR('',#15809,1000.);
#10104=VECTOR('',#15812,1000.);
#10105=VECTOR('',#15813,1000.);
#10106=VECTOR('',#15814,1000.);
#10107=VECTOR('',#15815,1000.);
#10108=VECTOR('',#15818,1000.);
#10109=VECTOR('',#15819,1000.);
#10110=VECTOR('',#15820,1000.);
#10111=VECTOR('',#15821,1000.);
#10112=VECTOR('',#15824,1000.);
#10113=VECTOR('',#15825,1000.);
#10114=VECTOR('',#15826,1000.);
#10115=VECTOR('',#15827,1000.);
#10116=VECTOR('',#15830,1000.);
#10117=VECTOR('',#15831,1000.);
#10118=VECTOR('',#15832,1000.);
#10119=VECTOR('',#15833,1000.);
#10120=VECTOR('',#15836,1000.);
#10121=VECTOR('',#15837,1000.);
#10122=VECTOR('',#15840,1000.);
#10123=VECTOR('',#15841,1000.);
#10124=VECTOR('',#15842,1000.);
#10125=VECTOR('',#15843,1000.);
#10126=VECTOR('',#15844,1000.);
#10127=VECTOR('',#15845,1000.);
#10128=VECTOR('',#15846,1000.);
#10129=VECTOR('',#15847,1000.);
#10130=VECTOR('',#15848,1000.);
#10131=VECTOR('',#15849,1000.);
#10132=VECTOR('',#15850,1000.);
#10133=VECTOR('',#15853,1000.);
#10134=VECTOR('',#15856,1000.);
#10135=VECTOR('',#15857,1000.);
#10136=VECTOR('',#15858,1000.);
#10137=VECTOR('',#15861,1000.);
#10138=VECTOR('',#15862,1000.);
#10139=VECTOR('',#15863,1000.);
#10140=VECTOR('',#15864,1000.);
#10141=VECTOR('',#15865,1000.);
#10142=VECTOR('',#15866,1000.);
#10143=VECTOR('',#15867,1000.);
#10144=VECTOR('',#15868,1000.);
#10145=VECTOR('',#15869,1000.);
#10146=VECTOR('',#15870,1000.);
#10147=VECTOR('',#15871,1000.);
#10148=VECTOR('',#15876,1000.);
#10149=VECTOR('',#15877,1000.);
#10150=VECTOR('',#15878,1000.);
#10151=VECTOR('',#15879,1000.);
#10152=VECTOR('',#15880,1000.);
#10153=VECTOR('',#15881,1000.);
#10154=VECTOR('',#15882,1000.);
#10155=VECTOR('',#15883,1000.);
#10156=VECTOR('',#15884,1000.);
#10157=VECTOR('',#15889,1000.);
#10158=VECTOR('',#15890,1000.);
#10159=VECTOR('',#15893,1000.);
#10160=VECTOR('',#15894,1000.);
#10161=VECTOR('',#15895,1000.);
#10162=VECTOR('',#15896,1000.);
#10163=VECTOR('',#15897,1000.);
#10164=VECTOR('',#15898,1000.);
#10165=VECTOR('',#15899,1000.);
#10166=VECTOR('',#15902,1000.);
#10167=VECTOR('',#15903,1000.);
#10168=VECTOR('',#15906,1000.);
#10169=VECTOR('',#15907,1000.);
#10170=VECTOR('',#15908,1000.);
#10171=VECTOR('',#15909,1000.);
#10172=VECTOR('',#15910,1000.);
#10173=VECTOR('',#15911,1000.);
#10174=VECTOR('',#15912,1000.);
#10175=VECTOR('',#15913,1000.);
#10176=VECTOR('',#15914,1000.);
#10177=VECTOR('',#15919,1000.);
#10178=VECTOR('',#15920,1000.);
#10179=VECTOR('',#15923,1000.);
#10180=VECTOR('',#15924,1000.);
#10181=VECTOR('',#15925,1000.);
#10182=VECTOR('',#15926,1000.);
#10183=VECTOR('',#15927,1000.);
#10184=VECTOR('',#15928,1000.);
#10185=VECTOR('',#15929,1000.);
#10186=VECTOR('',#15932,1000.);
#10187=VECTOR('',#15933,1000.);
#10188=VECTOR('',#15936,1000.);
#10189=VECTOR('',#15937,1000.);
#10190=VECTOR('',#15938,1000.);
#10191=VECTOR('',#15939,1000.);
#10192=VECTOR('',#15940,1000.);
#10193=VECTOR('',#15941,1000.);
#10194=VECTOR('',#15942,1000.);
#10195=VECTOR('',#15943,1000.);
#10196=VECTOR('',#15944,1000.);
#10197=VECTOR('',#15949,1000.);
#10198=VECTOR('',#15950,1000.);
#10199=VECTOR('',#15953,1000.);
#10200=VECTOR('',#15954,1000.);
#10201=VECTOR('',#15955,1000.);
#10202=VECTOR('',#15956,1000.);
#10203=VECTOR('',#15957,1000.);
#10204=VECTOR('',#15958,1000.);
#10205=VECTOR('',#15959,1000.);
#10206=VECTOR('',#15962,1000.);
#10207=VECTOR('',#15963,1000.);
#10208=VECTOR('',#15966,1000.);
#10209=VECTOR('',#15967,1000.);
#10210=VECTOR('',#15968,1000.);
#10211=VECTOR('',#15969,1000.);
#10212=VECTOR('',#15970,1000.);
#10213=VECTOR('',#15971,1000.);
#10214=VECTOR('',#15972,1000.);
#10215=VECTOR('',#15973,1000.);
#10216=VECTOR('',#15974,1000.);
#10217=VECTOR('',#15979,1000.);
#10218=VECTOR('',#15980,1000.);
#10219=VECTOR('',#15983,1000.);
#10220=VECTOR('',#15984,1000.);
#10221=VECTOR('',#15985,1000.);
#10222=VECTOR('',#15986,1000.);
#10223=VECTOR('',#15987,1000.);
#10224=VECTOR('',#15988,1000.);
#10225=VECTOR('',#15989,1000.);
#10226=VECTOR('',#15992,1000.);
#10227=VECTOR('',#15993,1000.);
#10228=VECTOR('',#15996,1000.);
#10229=VECTOR('',#15997,1000.);
#10230=VECTOR('',#15998,1000.);
#10231=VECTOR('',#15999,1000.);
#10232=VECTOR('',#16000,1000.);
#10233=VECTOR('',#16001,1000.);
#10234=VECTOR('',#16002,1000.);
#10235=VECTOR('',#16003,1000.);
#10236=VECTOR('',#16004,1000.);
#10237=VECTOR('',#16009,1000.);
#10238=VECTOR('',#16010,1000.);
#10239=VECTOR('',#16013,1000.);
#10240=VECTOR('',#16014,1000.);
#10241=VECTOR('',#16015,1000.);
#10242=VECTOR('',#16016,1000.);
#10243=VECTOR('',#16017,1000.);
#10244=VECTOR('',#16018,1000.);
#10245=VECTOR('',#16019,1000.);
#10246=VECTOR('',#16022,1000.);
#10247=VECTOR('',#16023,1000.);
#10248=VECTOR('',#16026,1000.);
#10249=VECTOR('',#16027,1000.);
#10250=VECTOR('',#16028,1000.);
#10251=VECTOR('',#16029,1000.);
#10252=VECTOR('',#16030,1000.);
#10253=VECTOR('',#16031,1000.);
#10254=VECTOR('',#16032,1000.);
#10255=VECTOR('',#16033,1000.);
#10256=VECTOR('',#16034,1000.);
#10257=VECTOR('',#16039,1000.);
#10258=VECTOR('',#16040,1000.);
#10259=VECTOR('',#16043,1000.);
#10260=VECTOR('',#16044,1000.);
#10261=VECTOR('',#16045,1000.);
#10262=VECTOR('',#16046,1000.);
#10263=VECTOR('',#16047,1000.);
#10264=VECTOR('',#16048,1000.);
#10265=VECTOR('',#16049,1000.);
#10266=VECTOR('',#16052,1000.);
#10267=VECTOR('',#16053,1000.);
#10268=VECTOR('',#16056,1000.);
#10269=VECTOR('',#16057,1000.);
#10270=VECTOR('',#16058,1000.);
#10271=VECTOR('',#16059,1000.);
#10272=VECTOR('',#16060,1000.);
#10273=VECTOR('',#16061,1000.);
#10274=VECTOR('',#16062,1000.);
#10275=VECTOR('',#16063,1000.);
#10276=VECTOR('',#16064,1000.);
#10277=VECTOR('',#16069,1000.);
#10278=VECTOR('',#16070,1000.);
#10279=VECTOR('',#16073,1000.);
#10280=VECTOR('',#16074,1000.);
#10281=VECTOR('',#16075,1000.);
#10282=VECTOR('',#16076,1000.);
#10283=VECTOR('',#16077,1000.);
#10284=VECTOR('',#16078,1000.);
#10285=VECTOR('',#16079,1000.);
#10286=VECTOR('',#16082,1000.);
#10287=VECTOR('',#16083,1000.);
#10288=VECTOR('',#16086,1000.);
#10289=VECTOR('',#16087,1000.);
#10290=VECTOR('',#16088,1000.);
#10291=VECTOR('',#16089,1000.);
#10292=VECTOR('',#16090,1000.);
#10293=VECTOR('',#16091,1000.);
#10294=VECTOR('',#16092,1000.);
#10295=VECTOR('',#16093,1000.);
#10296=VECTOR('',#16094,1000.);
#10297=VECTOR('',#16099,1000.);
#10298=VECTOR('',#16100,1000.);
#10299=VECTOR('',#16103,1000.);
#10300=VECTOR('',#16104,1000.);
#10301=VECTOR('',#16105,1000.);
#10302=VECTOR('',#16106,1000.);
#10303=VECTOR('',#16107,1000.);
#10304=VECTOR('',#16108,1000.);
#10305=VECTOR('',#16109,1000.);
#10306=VECTOR('',#16112,1000.);
#10307=VECTOR('',#16113,1000.);
#10308=VECTOR('',#16116,1000.);
#10309=VECTOR('',#16117,1000.);
#10310=VECTOR('',#16118,1000.);
#10311=VECTOR('',#16119,1000.);
#10312=VECTOR('',#16122,1000.);
#10313=VECTOR('',#16123,1000.);
#10314=VECTOR('',#16124,1000.);
#10315=VECTOR('',#16125,1000.);
#10316=VECTOR('',#16126,1000.);
#10317=VECTOR('',#16127,1000.);
#10318=VECTOR('',#16128,1000.);
#10319=VECTOR('',#16129,1000.);
#10320=VECTOR('',#16134,1000.);
#10321=VECTOR('',#16135,1000.);
#10322=VECTOR('',#16138,1000.);
#10323=VECTOR('',#16139,1000.);
#10324=VECTOR('',#16140,1000.);
#10325=VECTOR('',#16141,1000.);
#10326=VECTOR('',#16142,1000.);
#10327=VECTOR('',#16143,1000.);
#10328=VECTOR('',#16146,1000.);
#10329=VECTOR('',#16147,1000.);
#10330=VECTOR('',#16150,1000.);
#10331=VECTOR('',#16151,1000.);
#10332=VECTOR('',#16152,1000.);
#10333=VECTOR('',#16153,1000.);
#10334=VECTOR('',#16154,1000.);
#10335=VECTOR('',#16155,1000.);
#10336=VECTOR('',#16156,1000.);
#10337=VECTOR('',#16159,1000.);
#10338=VECTOR('',#16160,1000.);
#10339=VECTOR('',#16161,1000.);
#10340=VECTOR('',#16162,1000.);
#10341=VECTOR('',#16163,1000.);
#10342=VECTOR('',#16164,1000.);
#10343=VECTOR('',#16165,1000.);
#10344=VECTOR('',#16166,1000.);
#10345=VECTOR('',#16169,1000.);
#10346=VECTOR('',#16172,1000.);
#10347=VECTOR('',#16173,1000.);
#10348=VECTOR('',#16176,1000.);
#10349=VECTOR('',#16177,1000.);
#10350=VECTOR('',#16180,1000.);
#10351=VECTOR('',#16181,1000.);
#10352=VECTOR('',#16182,1000.);
#10353=VECTOR('',#16183,1000.);
#10354=VECTOR('',#16184,1000.);
#10355=VECTOR('',#16185,1000.);
#10356=VECTOR('',#16186,1000.);
#10357=VECTOR('',#16189,1000.);
#10358=VECTOR('',#16190,1000.);
#10359=VECTOR('',#16191,1000.);
#10360=VECTOR('',#16192,1000.);
#10361=VECTOR('',#16193,1000.);
#10362=VECTOR('',#16194,1000.);
#10363=VECTOR('',#16195,1000.);
#10364=VECTOR('',#16196,1000.);
#10365=VECTOR('',#16199,1000.);
#10366=VECTOR('',#16202,1000.);
#10367=VECTOR('',#16203,1000.);
#10368=VECTOR('',#16206,1000.);
#10369=VECTOR('',#16207,1000.);
#10370=VECTOR('',#16210,1000.);
#10371=VECTOR('',#16211,1000.);
#10372=VECTOR('',#16212,1000.);
#10373=VECTOR('',#16213,1000.);
#10374=VECTOR('',#16214,1000.);
#10375=VECTOR('',#16215,1000.);
#10376=VECTOR('',#16216,1000.);
#10377=VECTOR('',#16219,1000.);
#10378=VECTOR('',#16220,1000.);
#10379=VECTOR('',#16221,1000.);
#10380=VECTOR('',#16222,1000.);
#10381=VECTOR('',#16223,1000.);
#10382=VECTOR('',#16224,1000.);
#10383=VECTOR('',#16225,1000.);
#10384=VECTOR('',#16226,1000.);
#10385=VECTOR('',#16229,1000.);
#10386=VECTOR('',#16232,1000.);
#10387=VECTOR('',#16233,1000.);
#10388=VECTOR('',#16236,1000.);
#10389=VECTOR('',#16237,1000.);
#10390=VECTOR('',#16240,1000.);
#10391=VECTOR('',#16241,1000.);
#10392=VECTOR('',#16242,1000.);
#10393=VECTOR('',#16243,1000.);
#10394=VECTOR('',#16244,1000.);
#10395=VECTOR('',#16245,1000.);
#10396=VECTOR('',#16246,1000.);
#10397=VECTOR('',#16249,1000.);
#10398=VECTOR('',#16250,1000.);
#10399=VECTOR('',#16251,1000.);
#10400=VECTOR('',#16252,1000.);
#10401=VECTOR('',#16253,1000.);
#10402=VECTOR('',#16254,1000.);
#10403=VECTOR('',#16255,1000.);
#10404=VECTOR('',#16256,1000.);
#10405=VECTOR('',#16259,1000.);
#10406=VECTOR('',#16262,1000.);
#10407=VECTOR('',#16263,1000.);
#10408=VECTOR('',#16266,1000.);
#10409=VECTOR('',#16267,1000.);
#10410=VECTOR('',#16270,1000.);
#10411=VECTOR('',#16271,1000.);
#10412=VECTOR('',#16272,1000.);
#10413=VECTOR('',#16273,1000.);
#10414=VECTOR('',#16274,1000.);
#10415=VECTOR('',#16275,1000.);
#10416=VECTOR('',#16276,1000.);
#10417=VECTOR('',#16279,1000.);
#10418=VECTOR('',#16280,1000.);
#10419=VECTOR('',#16281,1000.);
#10420=VECTOR('',#16282,1000.);
#10421=VECTOR('',#16283,1000.);
#10422=VECTOR('',#16284,1000.);
#10423=VECTOR('',#16285,1000.);
#10424=VECTOR('',#16286,1000.);
#10425=VECTOR('',#16289,1000.);
#10426=VECTOR('',#16292,1000.);
#10427=VECTOR('',#16293,1000.);
#10428=VECTOR('',#16296,1000.);
#10429=VECTOR('',#16297,1000.);
#10430=VECTOR('',#16300,1000.);
#10431=VECTOR('',#16301,1000.);
#10432=VECTOR('',#16302,1000.);
#10433=VECTOR('',#16303,1000.);
#10434=VECTOR('',#16304,1000.);
#10435=VECTOR('',#16305,1000.);
#10436=VECTOR('',#16306,1000.);
#10437=VECTOR('',#16309,1000.);
#10438=VECTOR('',#16310,1000.);
#10439=VECTOR('',#16311,1000.);
#10440=VECTOR('',#16312,1000.);
#10441=VECTOR('',#16313,1000.);
#10442=VECTOR('',#16314,1000.);
#10443=VECTOR('',#16315,1000.);
#10444=VECTOR('',#16316,1000.);
#10445=VECTOR('',#16319,1000.);
#10446=VECTOR('',#16322,1000.);
#10447=VECTOR('',#16323,1000.);
#10448=VECTOR('',#16326,1000.);
#10449=VECTOR('',#16327,1000.);
#10450=VECTOR('',#16330,1000.);
#10451=VECTOR('',#16331,1000.);
#10452=VECTOR('',#16332,1000.);
#10453=VECTOR('',#16333,1000.);
#10454=VECTOR('',#16334,1000.);
#10455=VECTOR('',#16335,1000.);
#10456=VECTOR('',#16336,1000.);
#10457=VECTOR('',#16339,1000.);
#10458=VECTOR('',#16340,1000.);
#10459=VECTOR('',#16341,1000.);
#10460=VECTOR('',#16342,1000.);
#10461=VECTOR('',#16343,1000.);
#10462=VECTOR('',#16344,1000.);
#10463=VECTOR('',#16345,1000.);
#10464=VECTOR('',#16346,1000.);
#10465=VECTOR('',#16349,1000.);
#10466=VECTOR('',#16352,1000.);
#10467=VECTOR('',#16353,1000.);
#10468=VECTOR('',#16356,1000.);
#10469=VECTOR('',#16357,1000.);
#10470=VECTOR('',#16360,1000.);
#10471=VECTOR('',#16361,1000.);
#10472=VECTOR('',#16362,1000.);
#10473=VECTOR('',#16363,1000.);
#10474=VECTOR('',#16364,1000.);
#10475=VECTOR('',#16365,1000.);
#10476=VECTOR('',#16366,1000.);
#10477=VECTOR('',#16369,1000.);
#10478=VECTOR('',#16370,1000.);
#10479=VECTOR('',#16371,1000.);
#10480=VECTOR('',#16372,1000.);
#10481=VECTOR('',#16373,1000.);
#10482=VECTOR('',#16374,1000.);
#10483=VECTOR('',#16375,1000.);
#10484=VECTOR('',#16376,1000.);
#10485=VECTOR('',#16379,1000.);
#10486=VECTOR('',#16382,1000.);
#10487=VECTOR('',#16383,1000.);
#10488=VECTOR('',#16386,1000.);
#10489=VECTOR('',#16387,1000.);
#10490=VECTOR('',#16388,1000.);
#10491=VECTOR('',#16389,1000.);
#10492=VECTOR('',#16392,1000.);
#10493=VECTOR('',#16393,1000.);
#10494=VECTOR('',#16396,1000.);
#10495=VECTOR('',#16397,1000.);
#10496=VECTOR('',#16398,1000.);
#10497=VECTOR('',#16399,1000.);
#10498=VECTOR('',#16400,1000.);
#10499=VECTOR('',#16401,1000.);
#10500=VECTOR('',#16404,1000.);
#10501=VECTOR('',#16405,1000.);
#10502=VECTOR('',#16406,1000.);
#10503=VECTOR('',#16407,1000.);
#10504=VECTOR('',#16408,1000.);
#10505=VECTOR('',#16409,1000.);
#10506=VECTOR('',#16410,1000.);
#10507=VECTOR('',#16413,1000.);
#10508=VECTOR('',#16416,1000.);
#10509=VECTOR('',#16417,1000.);
#10510=VECTOR('',#16420,1000.);
#10511=VECTOR('',#16421,1000.);
#10512=VECTOR('',#16424,1000.);
#10513=VECTOR('',#16425,1000.);
#10514=VECTOR('',#16428,1000.);
#10515=VECTOR('',#16429,1000.);
#10516=VECTOR('',#16432,1000.);
#10517=VECTOR('',#16433,1000.);
#10518=VECTOR('',#16436,1000.);
#10519=VECTOR('',#16437,1000.);
#10520=VECTOR('',#16440,1000.);
#10521=VECTOR('',#16441,1000.);
#10522=VECTOR('',#16444,1000.);
#10523=VECTOR('',#16445,1000.);
#10524=VECTOR('',#16448,1000.);
#10525=VECTOR('',#16449,1000.);
#10526=VECTOR('',#16452,1000.);
#10527=VECTOR('',#16455,1000.);
#10528=VECTOR('',#16458,1000.);
#10529=VECTOR('',#16461,1000.);
#10530=VECTOR('',#16464,1000.);
#10531=VECTOR('',#16467,1000.);
#10532=VECTOR('',#16470,1000.);
#10533=VECTOR('',#16473,1000.);
#10534=VECTOR('',#16476,1000.);
#10535=VECTOR('',#16479,1000.);
#10536=VECTOR('',#16482,1000.);
#10537=VECTOR('',#16485,1000.);
#10538=VECTOR('',#16488,1000.);
#10539=VECTOR('',#16491,1000.);
#10540=VECTOR('',#16494,1000.);
#10541=VECTOR('',#16497,1000.);
#10542=VECTOR('',#16500,1000.);
#10543=VECTOR('',#16503,1000.);
#10544=VECTOR('',#16506,1000.);
#10545=VECTOR('',#16509,1000.);
#10546=VECTOR('',#16512,1000.);
#10547=VECTOR('',#16515,1000.);
#10548=VECTOR('',#16518,1000.);
#10549=VECTOR('',#16521,1000.);
#10550=VECTOR('',#16524,1000.);
#10551=VECTOR('',#16527,1000.);
#10552=VECTOR('',#16530,1000.);
#10553=VECTOR('',#16533,1000.);
#10554=VECTOR('',#16536,1000.);
#10555=VECTOR('',#16539,1000.);
#10556=VECTOR('',#16542,1000.);
#10557=VECTOR('',#16545,1000.);
#10558=VECTOR('',#16548,1000.);
#10559=VECTOR('',#16551,1000.);
#10560=VECTOR('',#16554,1000.);
#10561=VECTOR('',#16557,1000.);
#10562=VECTOR('',#16578,1000.);
#10563=VECTOR('',#16581,1000.);
#10564=VECTOR('',#16584,1000.);
#10565=VECTOR('',#16587,1000.);
#10566=VECTOR('',#16590,1000.);
#10567=VECTOR('',#16593,1000.);
#10568=VECTOR('',#16596,1000.);
#10569=VECTOR('',#16599,1000.);
#10570=VECTOR('',#16602,1000.);
#10571=VECTOR('',#16605,1000.);
#10572=VECTOR('',#16608,1000.);
#10573=VECTOR('',#16611,1000.);
#10574=VECTOR('',#16614,1000.);
#10575=VECTOR('',#16617,1000.);
#10576=VECTOR('',#16620,1000.);
#10577=VECTOR('',#16623,1000.);
#10578=VECTOR('',#16626,1000.);
#10579=VECTOR('',#16629,1000.);
#10580=VECTOR('',#16632,1000.);
#10581=VECTOR('',#16635,1000.);
#10582=VECTOR('',#16638,1000.);
#10583=VECTOR('',#16641,1000.);
#10584=VECTOR('',#16644,1000.);
#10585=VECTOR('',#16647,1000.);
#10586=VECTOR('',#16650,1000.);
#10587=VECTOR('',#16653,1000.);
#10588=VECTOR('',#16656,1000.);
#10589=VECTOR('',#16659,1000.);
#10590=VECTOR('',#16662,1000.);
#10591=VECTOR('',#16665,1000.);
#10592=VECTOR('',#16668,1000.);
#10593=VECTOR('',#16671,1000.);
#10594=VECTOR('',#16674,1000.);
#10595=VECTOR('',#16677,1000.);
#10596=VECTOR('',#16680,1000.);
#10597=VECTOR('',#16683,1000.);
#10598=VECTOR('',#16686,1000.);
#10599=VECTOR('',#16689,1000.);
#10600=VECTOR('',#16692,1000.);
#10601=VECTOR('',#16695,1000.);
#10602=VECTOR('',#16698,1000.);
#10603=VECTOR('',#16701,1000.);
#10604=VECTOR('',#16704,1000.);
#10605=VECTOR('',#16707,1000.);
#10606=VECTOR('',#16710,1000.);
#10607=VECTOR('',#16713,1000.);
#10608=VECTOR('',#16716,1000.);
#10609=VECTOR('',#16719,1000.);
#10610=VECTOR('',#16722,1000.);
#10611=VECTOR('',#16725,1000.);
#10612=VECTOR('',#16728,1000.);
#10613=VECTOR('',#16731,1000.);
#10614=VECTOR('',#16734,1000.);
#10615=VECTOR('',#16737,1000.);
#10616=VECTOR('',#16740,1000.);
#10617=VECTOR('',#16743,1000.);
#10618=VECTOR('',#16746,1000.);
#10619=VECTOR('',#16749,1000.);
#10620=VECTOR('',#16752,1000.);
#10621=VECTOR('',#16755,1000.);
#10622=VECTOR('',#16758,1000.);
#10623=VECTOR('',#16761,1000.);
#10624=VECTOR('',#16764,1000.);
#10625=VECTOR('',#16767,1000.);
#10626=VECTOR('',#16770,1000.);
#10627=VECTOR('',#16773,1000.);
#10628=VECTOR('',#16778,1000.);
#10629=VECTOR('',#16781,1000.);
#10630=VECTOR('',#16784,1000.);
#10631=VECTOR('',#16787,1000.);
#10632=VECTOR('',#16790,1000.);
#10633=VECTOR('',#16793,1000.);
#10634=VECTOR('',#16796,1000.);
#10635=VECTOR('',#16799,1000.);
#10636=VECTOR('',#16802,1000.);
#10637=VECTOR('',#16805,1000.);
#10638=VECTOR('',#16806,1000.);
#10639=VECTOR('',#16807,1000.);
#10640=VECTOR('',#16808,1000.);
#10641=VECTOR('',#16809,1000.);
#10642=VECTOR('',#16810,1000.);
#10643=VECTOR('',#16811,1000.);
#10644=VECTOR('',#16812,1000.);
#10645=VECTOR('',#16813,1000.);
#10646=VECTOR('',#16814,1000.);
#10647=VECTOR('',#16815,1000.);
#10648=EDGE_LOOP('',(#135,#136,#137,#138,#139,#140,#141,#142,#143,#144,
#145,#146,#147,#148,#149,#150,#151,#152,#153,#154,#155,#156,#157,#158,#159,
#160,#161,#162,#163,#164,#165,#166,#167,#168,#169,#170,#171,#172,#173,#174,
#175,#176,#177,#178,#179,#180,#181,#182,#183,#184));
#10649=EDGE_LOOP('',(#185,#186,#187,#188));
#10650=EDGE_LOOP('',(#189,#190,#191,#192,#193,#194,#195,#196,#197,#198,
#199,#200,#201,#202,#203,#204,#205,#206,#207,#208,#209,#210,#211,#212,#213,
#214,#215,#216,#217,#218,#219,#220,#221,#222,#223,#224,#225,#226,#227,#228,
#229,#230,#231,#232,#233,#234,#235,#236,#237,#238));
#10651=EDGE_LOOP('',(#239,#240,#241,#242,#243,#244,#245,#246));
#10652=EDGE_LOOP('',(#247,#248,#249,#250,#251,#252,#253,#254));
#10653=EDGE_LOOP('',(#255,#256,#257,#258,#259,#260,#261,#262));
#10654=EDGE_LOOP('',(#263,#264,#265,#266,#267,#268,#269,#270));
#10655=EDGE_LOOP('',(#271,#272,#273,#274,#275,#276,#277,#278));
#10656=EDGE_LOOP('',(#279,#280,#281,#282,#283,#284,#285,#286));
#10657=EDGE_LOOP('',(#287,#288,#289,#290,#291,#292,#293,#294));
#10658=EDGE_LOOP('',(#295,#296,#297,#298,#299,#300,#301,#302));
#10659=EDGE_LOOP('',(#303,#304,#305,#306,#307,#308,#309,#310));
#10660=EDGE_LOOP('',(#311,#312,#313,#314,#315,#316,#317,#318));
#10661=EDGE_LOOP('',(#319,#320,#321,#322,#323,#324,#325,#326));
#10662=EDGE_LOOP('',(#327,#328,#329,#330,#331,#332,#333,#334));
#10663=EDGE_LOOP('',(#335,#336,#337,#338,#339,#340,#341,#342));
#10664=EDGE_LOOP('',(#343,#344,#345,#346,#347,#348,#349,#350));
#10665=EDGE_LOOP('',(#351,#352,#353,#354,#355,#356,#357,#358));
#10666=EDGE_LOOP('',(#359,#360,#361,#362,#363,#364,#365,#366));
#10667=EDGE_LOOP('',(#367,#368,#369,#370,#371,#372,#373,#374));
#10668=EDGE_LOOP('',(#375,#376,#377,#378,#379,#380,#381,#382));
#10669=EDGE_LOOP('',(#383,#384,#385,#386,#387,#388,#389,#390));
#10670=EDGE_LOOP('',(#391,#392,#393,#394,#395,#396,#397,#398));
#10671=EDGE_LOOP('',(#399,#400,#401,#402,#403,#404,#405,#406));
#10672=EDGE_LOOP('',(#407,#408,#409,#410,#411,#412,#413,#414));
#10673=EDGE_LOOP('',(#415,#416,#417,#418,#419,#420,#421,#422));
#10674=EDGE_LOOP('',(#423,#424,#425,#426,#427,#428,#429,#430));
#10675=EDGE_LOOP('',(#431,#432,#433,#434,#435,#436,#437,#438));
#10676=EDGE_LOOP('',(#439,#440,#441,#442,#443,#444,#445,#446));
#10677=EDGE_LOOP('',(#447,#448,#449,#450,#451,#452,#453,#454));
#10678=EDGE_LOOP('',(#455,#456,#457,#458,#459,#460,#461,#462));
#10679=EDGE_LOOP('',(#463,#464,#465,#466,#467,#468,#469,#470));
#10680=EDGE_LOOP('',(#471,#472,#473,#474,#475,#476,#477,#478));
#10681=EDGE_LOOP('',(#479,#480,#481,#482,#483,#484,#485,#486));
#10682=EDGE_LOOP('',(#487,#488,#489,#490,#491,#492,#493,#494));
#10683=EDGE_LOOP('',(#495,#496,#497,#498,#499,#500,#501,#502));
#10684=EDGE_LOOP('',(#503,#504,#505,#506,#507,#508,#509,#510));
#10685=EDGE_LOOP('',(#511,#512,#513,#514,#515,#516,#517,#518));
#10686=EDGE_LOOP('',(#519,#520,#521,#522,#523,#524,#525,#526));
#10687=EDGE_LOOP('',(#527,#528,#529,#530,#531,#532,#533,#534));
#10688=EDGE_LOOP('',(#535,#536,#537,#538,#539,#540,#541,#542));
#10689=EDGE_LOOP('',(#543,#544,#545,#546,#547,#548,#549,#550));
#10690=EDGE_LOOP('',(#551,#552,#553,#554,#555,#556,#557,#558));
#10691=EDGE_LOOP('',(#559,#560,#561,#562,#563,#564,#565,#566));
#10692=EDGE_LOOP('',(#567,#568,#569,#570,#571,#572,#573,#574));
#10693=EDGE_LOOP('',(#575,#576,#577,#578,#579,#580,#581,#582,#583,#584,
#585,#586,#587,#588,#589,#590,#591,#592,#593,#594,#595,#596,#597,#598,#599,
#600,#601,#602,#603,#604,#605,#606,#607,#608,#609,#610,#611,#612,#613,#614,
#615,#616,#617,#618,#619,#620,#621,#622,#623,#624,#625,#626,#627,#628,#629,
#630,#631,#632,#633,#634,#635,#636,#637,#638,#639,#640,#641,#642,#643,#644,
#645,#646,#647,#648,#649,#650,#651,#652,#653,#654,#655,#656,#657,#658,#659,
#660,#661,#662));
#10694=EDGE_LOOP('',(#663,#664,#665,#666));
#10695=EDGE_LOOP('',(#667,#668,#669,#670));
#10696=EDGE_LOOP('',(#671,#672,#673,#674));
#10697=EDGE_LOOP('',(#675,#676,#677,#678));
#10698=EDGE_LOOP('',(#679,#680,#681,#682));
#10699=EDGE_LOOP('',(#683,#684,#685,#686));
#10700=EDGE_LOOP('',(#687,#688,#689,#690));
#10701=EDGE_LOOP('',(#691,#692,#693,#694));
#10702=EDGE_LOOP('',(#695,#696,#697,#698));
#10703=EDGE_LOOP('',(#699,#700,#701,#702));
#10704=EDGE_LOOP('',(#703,#704,#705,#706,#707,#708,#709,#710,#711,#712,
#713,#714,#715,#716,#717,#718,#719,#720,#721,#722,#723,#724,#725,#726,#727,
#728,#729,#730,#731,#732,#733,#734,#735,#736,#737,#738,#739,#740,#741,#742,
#743,#744,#745,#746,#747,#748,#749,#750,#751,#752,#753,#754));
#10705=EDGE_LOOP('',(#755,#756,#757,#758,#759,#760,#761,#762,#763,#764));
#10706=EDGE_LOOP('',(#765,#766,#767,#768));
#10707=EDGE_LOOP('',(#769,#770,#771,#772,#773,#774,#775,#776,#777));
#10708=EDGE_LOOP('',(#778,#779,#780));
#10709=EDGE_LOOP('',(#781,#782,#783,#784,#785,#786,#787,#788,#789));
#10710=EDGE_LOOP('',(#790,#791,#792,#793,#794,#795,#796,#797,#798,#799,
#800,#801,#802,#803,#804,#805,#806,#807,#808,#809,#810,#811,#812,#813,#814,
#815,#816,#817,#818,#819,#820,#821,#822,#823,#824,#825,#826,#827,#828,#829,
#830,#831,#832,#833,#834,#835,#836,#837,#838,#839,#840,#841));
#10711=EDGE_LOOP('',(#842,#843,#844,#845));
#10712=EDGE_LOOP('',(#846,#847,#848,#849));
#10713=EDGE_LOOP('',(#850,#851,#852,#853));
#10714=EDGE_LOOP('',(#854,#855,#856,#857));
#10715=EDGE_LOOP('',(#858,#859,#860,#861));
#10716=EDGE_LOOP('',(#862,#863,#864,#865,#866,#867,#868,#869,#870,#871,
#872,#873,#874,#875));
#10717=EDGE_LOOP('',(#876,#877,#878,#879,#880));
#10718=EDGE_LOOP('',(#881,#882,#883,#884,#885));
#10719=EDGE_LOOP('',(#886,#887,#888,#889,#890,#891,#892));
#10720=EDGE_LOOP('',(#893,#894,#895,#896,#897,#898,#899));
#10721=EDGE_LOOP('',(#900,#901,#902,#903,#904,#905));
#10722=EDGE_LOOP('',(#906,#907,#908,#909,#910,#911));
#10723=EDGE_LOOP('',(#912,#913,#914,#915));
#10724=EDGE_LOOP('',(#916,#917,#918,#919));
#10725=EDGE_LOOP('',(#920,#921,#922,#923));
#10726=EDGE_LOOP('',(#924,#925,#926,#927));
#10727=EDGE_LOOP('',(#928,#929,#930,#931));
#10728=EDGE_LOOP('',(#932,#933,#934,#935));
#10729=EDGE_LOOP('',(#936,#937,#938,#939));
#10730=EDGE_LOOP('',(#940,#941,#942,#943,#944,#945,#946,#947,#948,#949));
#10731=EDGE_LOOP('',(#950,#951,#952,#953));
#10732=EDGE_LOOP('',(#954,#955,#956,#957));
#10733=EDGE_LOOP('',(#958,#959,#960,#961));
#10734=EDGE_LOOP('',(#962,#963,#964,#965));
#10735=EDGE_LOOP('',(#966,#967,#968,#969));
#10736=EDGE_LOOP('',(#970,#971,#972,#973));
#10737=EDGE_LOOP('',(#974,#975,#976,#977));
#10738=EDGE_LOOP('',(#978,#979,#980,#981));
#10739=EDGE_LOOP('',(#982,#983,#984,#985));
#10740=EDGE_LOOP('',(#986,#987,#988,#989));
#10741=EDGE_LOOP('',(#990,#991,#992,#993,#994,#995,#996,#997));
#10742=EDGE_LOOP('',(#998,#999,#1000,#1001,#1002,#1003,#1004,#1005,#1006,
#1007,#1008,#1009,#1010,#1011));
#10743=EDGE_LOOP('',(#1012,#1013,#1014,#1015));
#10744=EDGE_LOOP('',(#1016,#1017,#1018,#1019,#1020,#1021));
#10745=EDGE_LOOP('',(#1022,#1023,#1024,#1025,#1026,#1027));
#10746=EDGE_LOOP('',(#1028,#1029,#1030,#1031));
#10747=EDGE_LOOP('',(#1032,#1033,#1034,#1035));
#10748=EDGE_LOOP('',(#1036,#1037,#1038,#1039));
#10749=EDGE_LOOP('',(#1040,#1041,#1042,#1043));
#10750=EDGE_LOOP('',(#1044,#1045,#1046,#1047));
#10751=EDGE_LOOP('',(#1048,#1049,#1050,#1051));
#10752=EDGE_LOOP('',(#1052,#1053,#1054,#1055));
#10753=EDGE_LOOP('',(#1056,#1057,#1058,#1059));
#10754=EDGE_LOOP('',(#1060,#1061,#1062,#1063));
#10755=EDGE_LOOP('',(#1064,#1065,#1066,#1067));
#10756=EDGE_LOOP('',(#1068,#1069,#1070,#1071));
#10757=EDGE_LOOP('',(#1072,#1073,#1074,#1075));
#10758=EDGE_LOOP('',(#1076,#1077,#1078,#1079));
#10759=EDGE_LOOP('',(#1080,#1081,#1082,#1083));
#10760=EDGE_LOOP('',(#1084,#1085,#1086,#1087));
#10761=EDGE_LOOP('',(#1088,#1089,#1090,#1091));
#10762=EDGE_LOOP('',(#1092,#1093,#1094,#1095));
#10763=EDGE_LOOP('',(#1096,#1097,#1098,#1099));
#10764=EDGE_LOOP('',(#1100,#1101,#1102,#1103));
#10765=EDGE_LOOP('',(#1104,#1105,#1106,#1107));
#10766=EDGE_LOOP('',(#1108,#1109,#1110,#1111));
#10767=EDGE_LOOP('',(#1112,#1113,#1114,#1115));
#10768=EDGE_LOOP('',(#1116,#1117,#1118,#1119));
#10769=EDGE_LOOP('',(#1120,#1121,#1122,#1123));
#10770=EDGE_LOOP('',(#1124,#1125,#1126,#1127));
#10771=EDGE_LOOP('',(#1128,#1129,#1130,#1131));
#10772=EDGE_LOOP('',(#1132,#1133,#1134,#1135));
#10773=EDGE_LOOP('',(#1136,#1137,#1138,#1139));
#10774=EDGE_LOOP('',(#1140,#1141,#1142,#1143,#1144,#1145));
#10775=EDGE_LOOP('',(#1146,#1147,#1148,#1149,#1150,#1151));
#10776=EDGE_LOOP('',(#1152,#1153,#1154,#1155));
#10777=EDGE_LOOP('',(#1156,#1157,#1158,#1159,#1160,#1161));
#10778=EDGE_LOOP('',(#1162,#1163,#1164,#1165,#1166,#1167));
#10779=EDGE_LOOP('',(#1168,#1169,#1170,#1171));
#10780=EDGE_LOOP('',(#1172,#1173,#1174,#1175));
#10781=EDGE_LOOP('',(#1176,#1177,#1178,#1179,#1180,#1181));
#10782=EDGE_LOOP('',(#1182,#1183,#1184,#1185,#1186,#1187));
#10783=EDGE_LOOP('',(#1188,#1189,#1190,#1191));
#10784=EDGE_LOOP('',(#1192,#1193,#1194,#1195,#1196,#1197,#1198,#1199,#1200,
#1201,#1202,#1203,#1204,#1205,#1206,#1207,#1208,#1209));
#10785=EDGE_LOOP('',(#1210,#1211,#1212,#1213));
#10786=EDGE_LOOP('',(#1214,#1215,#1216,#1217));
#10787=EDGE_LOOP('',(#1218,#1219,#1220,#1221));
#10788=EDGE_LOOP('',(#1222,#1223,#1224,#1225));
#10789=EDGE_LOOP('',(#1226,#1227,#1228,#1229));
#10790=EDGE_LOOP('',(#1230,#1231,#1232,#1233));
#10791=EDGE_LOOP('',(#1234,#1235,#1236,#1237));
#10792=EDGE_LOOP('',(#1238,#1239,#1240,#1241));
#10793=EDGE_LOOP('',(#1242,#1243,#1244,#1245));
#10794=EDGE_LOOP('',(#1246,#1247,#1248,#1249));
#10795=EDGE_LOOP('',(#1250,#1251,#1252,#1253,#1254,#1255,#1256,#1257,#1258,
#1259,#1260,#1261,#1262,#1263,#1264,#1265,#1266,#1267,#1268,#1269,#1270,
#1271,#1272,#1273,#1274,#1275,#1276,#1277,#1278,#1279,#1280,#1281,#1282,
#1283,#1284,#1285,#1286,#1287,#1288,#1289,#1290,#1291,#1292,#1293));
#10796=EDGE_LOOP('',(#1294,#1295,#1296,#1297));
#10797=EDGE_LOOP('',(#1298,#1299,#1300,#1301));
#10798=EDGE_LOOP('',(#1302,#1303,#1304,#1305));
#10799=EDGE_LOOP('',(#1306,#1307,#1308,#1309));
#10800=EDGE_LOOP('',(#1310,#1311,#1312,#1313));
#10801=EDGE_LOOP('',(#1314,#1315,#1316,#1317,#1318,#1319));
#10802=EDGE_LOOP('',(#1320,#1321,#1322,#1323));
#10803=EDGE_LOOP('',(#1324,#1325,#1326,#1327));
#10804=EDGE_LOOP('',(#1328,#1329,#1330,#1331));
#10805=EDGE_LOOP('',(#1332,#1333,#1334,#1335));
#10806=EDGE_LOOP('',(#1336,#1337,#1338,#1339));
#10807=EDGE_LOOP('',(#1340,#1341,#1342,#1343,#1344,#1345));
#10808=EDGE_LOOP('',(#1346,#1347,#1348,#1349));
#10809=EDGE_LOOP('',(#1350,#1351,#1352,#1353));
#10810=EDGE_LOOP('',(#1354,#1355,#1356,#1357));
#10811=EDGE_LOOP('',(#1358,#1359,#1360,#1361));
#10812=EDGE_LOOP('',(#1362,#1363,#1364,#1365));
#10813=EDGE_LOOP('',(#1366,#1367,#1368,#1369));
#10814=EDGE_LOOP('',(#1370,#1371,#1372,#1373));
#10815=EDGE_LOOP('',(#1374,#1375,#1376,#1377));
#10816=EDGE_LOOP('',(#1378,#1379,#1380,#1381));
#10817=EDGE_LOOP('',(#1382,#1383,#1384,#1385));
#10818=EDGE_LOOP('',(#1386,#1387,#1388,#1389,#1390,#1391,#1392,#1393,#1394,
#1395,#1396,#1397,#1398,#1399,#1400,#1401,#1402,#1403,#1404,#1405,#1406,
#1407,#1408,#1409,#1410,#1411,#1412,#1413,#1414,#1415,#1416,#1417,#1418,
#1419,#1420,#1421,#1422,#1423,#1424,#1425,#1426,#1427,#1428,#1429));
#10819=EDGE_LOOP('',(#1430,#1431,#1432,#1433));
#10820=EDGE_LOOP('',(#1434,#1435,#1436,#1437));
#10821=EDGE_LOOP('',(#1438,#1439,#1440,#1441));
#10822=EDGE_LOOP('',(#1442,#1443,#1444,#1445));
#10823=EDGE_LOOP('',(#1446,#1447,#1448,#1449));
#10824=EDGE_LOOP('',(#1450,#1451,#1452,#1453));
#10825=EDGE_LOOP('',(#1454,#1455,#1456,#1457));
#10826=EDGE_LOOP('',(#1458,#1459,#1460,#1461));
#10827=EDGE_LOOP('',(#1462,#1463,#1464,#1465));
#10828=EDGE_LOOP('',(#1466,#1467,#1468,#1469));
#10829=EDGE_LOOP('',(#1470,#1471,#1472,#1473));
#10830=EDGE_LOOP('',(#1474,#1475,#1476,#1477));
#10831=EDGE_LOOP('',(#1478,#1479,#1480,#1481));
#10832=EDGE_LOOP('',(#1482,#1483,#1484,#1485));
#10833=EDGE_LOOP('',(#1486,#1487,#1488,#1489));
#10834=EDGE_LOOP('',(#1490,#1491,#1492,#1493));
#10835=EDGE_LOOP('',(#1494,#1495,#1496,#1497));
#10836=EDGE_LOOP('',(#1498,#1499,#1500,#1501));
#10837=EDGE_LOOP('',(#1502,#1503,#1504,#1505));
#10838=EDGE_LOOP('',(#1506,#1507,#1508,#1509));
#10839=EDGE_LOOP('',(#1510,#1511,#1512,#1513));
#10840=EDGE_LOOP('',(#1514,#1515,#1516,#1517));
#10841=EDGE_LOOP('',(#1518,#1519,#1520,#1521));
#10842=EDGE_LOOP('',(#1522,#1523,#1524,#1525));
#10843=EDGE_LOOP('',(#1526,#1527,#1528,#1529));
#10844=EDGE_LOOP('',(#1530,#1531,#1532));
#10845=EDGE_LOOP('',(#1533,#1534,#1535,#1536));
#10846=EDGE_LOOP('',(#1537,#1538,#1539,#1540));
#10847=EDGE_LOOP('',(#1541,#1542,#1543,#1544));
#10848=EDGE_LOOP('',(#1545,#1546,#1547,#1548));
#10849=EDGE_LOOP('',(#1549,#1550,#1551,#1552));
#10850=EDGE_LOOP('',(#1553,#1554,#1555,#1556));
#10851=EDGE_LOOP('',(#1557,#1558,#1559,#1560));
#10852=EDGE_LOOP('',(#1561,#1562,#1563,#1564));
#10853=EDGE_LOOP('',(#1565,#1566,#1567,#1568));
#10854=EDGE_LOOP('',(#1569,#1570,#1571,#1572));
#10855=EDGE_LOOP('',(#1573,#1574,#1575,#1576));
#10856=EDGE_LOOP('',(#1577,#1578,#1579,#1580));
#10857=EDGE_LOOP('',(#1581,#1582,#1583,#1584));
#10858=EDGE_LOOP('',(#1585,#1586,#1587,#1588));
#10859=EDGE_LOOP('',(#1589,#1590,#1591,#1592));
#10860=EDGE_LOOP('',(#1593,#1594,#1595,#1596));
#10861=EDGE_LOOP('',(#1597,#1598,#1599,#1600));
#10862=EDGE_LOOP('',(#1601,#1602,#1603,#1604));
#10863=EDGE_LOOP('',(#1605,#1606,#1607,#1608));
#10864=EDGE_LOOP('',(#1609,#1610,#1611,#1612));
#10865=EDGE_LOOP('',(#1613,#1614,#1615,#1616,#1617,#1618,#1619,#1620,#1621,
#1622,#1623,#1624,#1625,#1626));
#10866=EDGE_LOOP('',(#1627,#1628,#1629,#1630,#1631,#1632,#1633,#1634,#1635,
#1636,#1637,#1638,#1639,#1640));
#10867=EDGE_LOOP('',(#1641,#1642,#1643,#1644,#1645,#1646,#1647,#1648,#1649));
#10868=EDGE_LOOP('',(#1650,#1651,#1652,#1653,#1654,#1655,#1656,#1657,#1658));
#10869=EDGE_LOOP('',(#1659,#1660,#1661,#1662));
#10870=EDGE_LOOP('',(#1663,#1664,#1665,#1666,#1667,#1668,#1669,#1670,#1671));
#10871=EDGE_LOOP('',(#1672,#1673,#1674,#1675,#1676,#1677,#1678,#1679,#1680));
#10872=EDGE_LOOP('',(#1681,#1682,#1683,#1684));
#10873=EDGE_LOOP('',(#1685,#1686,#1687,#1688,#1689,#1690,#1691,#1692,#1693));
#10874=EDGE_LOOP('',(#1694,#1695,#1696,#1697,#1698,#1699,#1700,#1701,#1702));
#10875=EDGE_LOOP('',(#1703,#1704,#1705,#1706));
#10876=EDGE_LOOP('',(#1707,#1708,#1709,#1710,#1711,#1712,#1713,#1714,#1715));
#10877=EDGE_LOOP('',(#1716,#1717,#1718,#1719,#1720,#1721,#1722,#1723,#1724));
#10878=EDGE_LOOP('',(#1725,#1726,#1727,#1728));
#10879=EDGE_LOOP('',(#1729,#1730,#1731,#1732,#1733,#1734,#1735,#1736,#1737));
#10880=EDGE_LOOP('',(#1738,#1739,#1740,#1741,#1742,#1743,#1744,#1745,#1746));
#10881=EDGE_LOOP('',(#1747,#1748,#1749,#1750));
#10882=EDGE_LOOP('',(#1751,#1752,#1753,#1754,#1755,#1756,#1757,#1758,#1759));
#10883=EDGE_LOOP('',(#1760,#1761,#1762,#1763,#1764,#1765,#1766,#1767,#1768));
#10884=EDGE_LOOP('',(#1769,#1770,#1771,#1772));
#10885=EDGE_LOOP('',(#1773,#1774,#1775,#1776,#1777,#1778,#1779,#1780,#1781));
#10886=EDGE_LOOP('',(#1782,#1783,#1784,#1785,#1786,#1787,#1788,#1789,#1790));
#10887=EDGE_LOOP('',(#1791,#1792,#1793,#1794));
#10888=EDGE_LOOP('',(#1795,#1796,#1797,#1798,#1799,#1800,#1801,#1802,#1803));
#10889=EDGE_LOOP('',(#1804,#1805,#1806,#1807,#1808,#1809,#1810,#1811,#1812));
#10890=EDGE_LOOP('',(#1813,#1814,#1815,#1816));
#10891=EDGE_LOOP('',(#1817,#1818,#1819,#1820));
#10892=EDGE_LOOP('',(#1821,#1822,#1823,#1824,#1825,#1826,#1827,#1828,#1829));
#10893=EDGE_LOOP('',(#1830,#1831,#1832,#1833,#1834,#1835,#1836,#1837,#1838));
#10894=EDGE_LOOP('',(#1839,#1840,#1841,#1842,#1843,#1844,#1845,#1846,#1847));
#10895=EDGE_LOOP('',(#1848,#1849,#1850,#1851,#1852,#1853,#1854,#1855,#1856));
#10896=EDGE_LOOP('',(#1857,#1858,#1859,#1860));
#10897=EDGE_LOOP('',(#1861,#1862,#1863,#1864,#1865,#1866,#1867,#1868,#1869));
#10898=EDGE_LOOP('',(#1870,#1871,#1872,#1873,#1874,#1875,#1876,#1877,#1878));
#10899=EDGE_LOOP('',(#1879,#1880,#1881,#1882));
#10900=EDGE_LOOP('',(#1883,#1884,#1885,#1886,#1887,#1888,#1889,#1890,#1891));
#10901=EDGE_LOOP('',(#1892,#1893,#1894,#1895,#1896,#1897,#1898,#1899,#1900));
#10902=EDGE_LOOP('',(#1901,#1902,#1903,#1904));
#10903=EDGE_LOOP('',(#1905,#1906,#1907,#1908,#1909,#1910,#1911,#1912,#1913));
#10904=EDGE_LOOP('',(#1914,#1915,#1916,#1917,#1918,#1919,#1920,#1921,#1922));
#10905=EDGE_LOOP('',(#1923,#1924,#1925,#1926));
#10906=EDGE_LOOP('',(#1927,#1928,#1929,#1930,#1931,#1932,#1933,#1934,#1935));
#10907=EDGE_LOOP('',(#1936,#1937,#1938,#1939,#1940,#1941,#1942,#1943,#1944));
#10908=EDGE_LOOP('',(#1945,#1946,#1947,#1948));
#10909=EDGE_LOOP('',(#1949,#1950,#1951,#1952,#1953,#1954,#1955,#1956,#1957));
#10910=EDGE_LOOP('',(#1958,#1959,#1960,#1961,#1962,#1963,#1964,#1965,#1966));
#10911=EDGE_LOOP('',(#1967,#1968,#1969,#1970));
#10912=EDGE_LOOP('',(#1971,#1972,#1973,#1974,#1975,#1976,#1977,#1978,#1979));
#10913=EDGE_LOOP('',(#1980,#1981,#1982,#1983,#1984,#1985,#1986,#1987,#1988));
#10914=EDGE_LOOP('',(#1989,#1990,#1991,#1992));
#10915=EDGE_LOOP('',(#1993,#1994,#1995,#1996,#1997,#1998,#1999,#2000,#2001));
#10916=EDGE_LOOP('',(#2002,#2003,#2004,#2005,#2006,#2007,#2008,#2009,#2010));
#10917=EDGE_LOOP('',(#2011,#2012,#2013,#2014));
#10918=EDGE_LOOP('',(#2015,#2016,#2017,#2018));
#10919=EDGE_LOOP('',(#2019,#2020,#2021,#2022,#2023,#2024,#2025,#2026,#2027));
#10920=EDGE_LOOP('',(#2028,#2029,#2030,#2031,#2032,#2033,#2034,#2035,#2036));
#10921=EDGE_LOOP('',(#2037,#2038,#2039,#2040));
#10922=EDGE_LOOP('',(#2041,#2042,#2043,#2044));
#10923=EDGE_LOOP('',(#2045,#2046,#2047,#2048));
#10924=EDGE_LOOP('',(#2049,#2050,#2051,#2052));
#10925=EDGE_LOOP('',(#2053,#2054,#2055,#2056));
#10926=EDGE_LOOP('',(#2057,#2058,#2059,#2060));
#10927=EDGE_LOOP('',(#2061,#2062,#2063,#2064));
#10928=EDGE_LOOP('',(#2065,#2066,#2067,#2068));
#10929=EDGE_LOOP('',(#2069,#2070,#2071,#2072));
#10930=EDGE_LOOP('',(#2073,#2074,#2075,#2076));
#10931=EDGE_LOOP('',(#2077,#2078,#2079,#2080));
#10932=EDGE_LOOP('',(#2081,#2082,#2083,#2084));
#10933=EDGE_LOOP('',(#2085,#2086,#2087,#2088));
#10934=EDGE_LOOP('',(#2089,#2090,#2091,#2092));
#10935=EDGE_LOOP('',(#2093,#2094,#2095,#2096));
#10936=EDGE_LOOP('',(#2097,#2098,#2099,#2100));
#10937=EDGE_LOOP('',(#2101,#2102,#2103,#2104));
#10938=EDGE_LOOP('',(#2105,#2106,#2107,#2108));
#10939=EDGE_LOOP('',(#2109,#2110,#2111,#2112));
#10940=EDGE_LOOP('',(#2113,#2114,#2115,#2116));
#10941=EDGE_LOOP('',(#2117,#2118,#2119,#2120));
#10942=EDGE_LOOP('',(#2121,#2122,#2123,#2124));
#10943=EDGE_LOOP('',(#2125,#2126,#2127,#2128));
#10944=EDGE_LOOP('',(#2129,#2130,#2131,#2132));
#10945=EDGE_LOOP('',(#2133,#2134,#2135,#2136));
#10946=EDGE_LOOP('',(#2137,#2138,#2139,#2140));
#10947=EDGE_LOOP('',(#2141,#2142,#2143,#2144));
#10948=EDGE_LOOP('',(#2145,#2146,#2147,#2148));
#10949=EDGE_LOOP('',(#2149,#2150,#2151,#2152));
#10950=EDGE_LOOP('',(#2153,#2154,#2155,#2156));
#10951=EDGE_LOOP('',(#2157,#2158,#2159,#2160));
#10952=EDGE_LOOP('',(#2161,#2162,#2163,#2164));
#10953=EDGE_LOOP('',(#2165,#2166,#2167,#2168));
#10954=EDGE_LOOP('',(#2169,#2170,#2171,#2172));
#10955=EDGE_LOOP('',(#2173,#2174,#2175,#2176));
#10956=EDGE_LOOP('',(#2177,#2178,#2179,#2180));
#10957=EDGE_LOOP('',(#2181,#2182,#2183,#2184,#2185,#2186,#2187,#2188,#2189,
#2190,#2191,#2192,#2193,#2194,#2195,#2196,#2197,#2198,#2199,#2200,#2201,
#2202,#2203,#2204,#2205,#2206,#2207,#2208,#2209,#2210,#2211,#2212,#2213,
#2214,#2215,#2216,#2217,#2218,#2219,#2220,#2221,#2222,#2223,#2224,#2225,
#2226,#2227,#2228,#2229,#2230,#2231,#2232,#2233,#2234,#2235,#2236,#2237,
#2238,#2239,#2240,#2241,#2242,#2243,#2244,#2245,#2246,#2247,#2248,#2249,
#2250,#2251,#2252,#2253,#2254,#2255,#2256));
#10958=EDGE_LOOP('',(#2257,#2258,#2259,#2260));
#10959=EDGE_LOOP('',(#2261,#2262,#2263,#2264));
#10960=EDGE_LOOP('',(#2265,#2266,#2267,#2268));
#10961=EDGE_LOOP('',(#2269,#2270,#2271,#2272));
#10962=EDGE_LOOP('',(#2273,#2274,#2275,#2276));
#10963=EDGE_LOOP('',(#2277,#2278,#2279,#2280));
#10964=EDGE_LOOP('',(#2281,#2282,#2283,#2284));
#10965=EDGE_LOOP('',(#2285,#2286,#2287,#2288));
#10966=EDGE_LOOP('',(#2289,#2290,#2291,#2292));
#10967=EDGE_LOOP('',(#2293,#2294,#2295,#2296));
#10968=EDGE_LOOP('',(#2297,#2298,#2299,#2300));
#10969=EDGE_LOOP('',(#2301,#2302,#2303,#2304));
#10970=EDGE_LOOP('',(#2305,#2306,#2307,#2308));
#10971=EDGE_LOOP('',(#2309,#2310,#2311,#2312));
#10972=EDGE_LOOP('',(#2313,#2314,#2315,#2316));
#10973=EDGE_LOOP('',(#2317,#2318,#2319,#2320));
#10974=EDGE_LOOP('',(#2321,#2322,#2323,#2324));
#10975=EDGE_LOOP('',(#2325,#2326,#2327,#2328));
#10976=EDGE_LOOP('',(#2329,#2330,#2331,#2332));
#10977=EDGE_LOOP('',(#2333,#2334,#2335,#2336));
#10978=EDGE_LOOP('',(#2337,#2338,#2339,#2340));
#10979=EDGE_LOOP('',(#2341,#2342,#2343,#2344));
#10980=EDGE_LOOP('',(#2345,#2346,#2347,#2348));
#10981=EDGE_LOOP('',(#2349,#2350,#2351,#2352));
#10982=EDGE_LOOP('',(#2353,#2354,#2355,#2356));
#10983=EDGE_LOOP('',(#2357,#2358,#2359,#2360));
#10984=EDGE_LOOP('',(#2361,#2362,#2363,#2364));
#10985=EDGE_LOOP('',(#2365,#2366,#2367,#2368));
#10986=EDGE_LOOP('',(#2369,#2370,#2371,#2372));
#10987=EDGE_LOOP('',(#2373,#2374,#2375,#2376));
#10988=EDGE_LOOP('',(#2377,#2378,#2379,#2380));
#10989=EDGE_LOOP('',(#2381,#2382,#2383,#2384));
#10990=EDGE_LOOP('',(#2385,#2386,#2387,#2388));
#10991=EDGE_LOOP('',(#2389,#2390,#2391,#2392));
#10992=EDGE_LOOP('',(#2393,#2394,#2395,#2396));
#10993=EDGE_LOOP('',(#2397,#2398,#2399,#2400));
#10994=EDGE_LOOP('',(#2401,#2402,#2403,#2404));
#10995=EDGE_LOOP('',(#2405,#2406,#2407,#2408));
#10996=EDGE_LOOP('',(#2409,#2410,#2411,#2412));
#10997=EDGE_LOOP('',(#2413,#2414,#2415,#2416));
#10998=EDGE_LOOP('',(#2417,#2418,#2419,#2420));
#10999=EDGE_LOOP('',(#2421,#2422,#2423,#2424));
#11000=EDGE_LOOP('',(#2425,#2426,#2427,#2428));
#11001=EDGE_LOOP('',(#2429,#2430,#2431,#2432));
#11002=EDGE_LOOP('',(#2433,#2434,#2435,#2436));
#11003=EDGE_LOOP('',(#2437,#2438,#2439,#2440));
#11004=EDGE_LOOP('',(#2441,#2442,#2443,#2444));
#11005=EDGE_LOOP('',(#2445,#2446,#2447,#2448));
#11006=EDGE_LOOP('',(#2449,#2450,#2451,#2452));
#11007=EDGE_LOOP('',(#2453,#2454,#2455,#2456));
#11008=EDGE_LOOP('',(#2457,#2458,#2459,#2460));
#11009=EDGE_LOOP('',(#2461,#2462,#2463,#2464));
#11010=EDGE_LOOP('',(#2465,#2466,#2467,#2468));
#11011=EDGE_LOOP('',(#2469,#2470,#2471,#2472));
#11012=EDGE_LOOP('',(#2473,#2474,#2475,#2476));
#11013=EDGE_LOOP('',(#2477,#2478,#2479,#2480));
#11014=EDGE_LOOP('',(#2481,#2482,#2483,#2484));
#11015=EDGE_LOOP('',(#2485,#2486,#2487,#2488));
#11016=EDGE_LOOP('',(#2489,#2490,#2491,#2492));
#11017=EDGE_LOOP('',(#2493,#2494,#2495,#2496));
#11018=EDGE_LOOP('',(#2497,#2498,#2499,#2500));
#11019=EDGE_LOOP('',(#2501,#2502,#2503,#2504));
#11020=EDGE_LOOP('',(#2505,#2506,#2507,#2508,#2509,#2510,#2511,#2512,#2513,
#2514,#2515,#2516,#2517,#2518,#2519,#2520,#2521,#2522,#2523,#2524,#2525,
#2526,#2527,#2528,#2529,#2530,#2531,#2532,#2533,#2534,#2535,#2536,#2537,
#2538,#2539,#2540,#2541,#2542,#2543,#2544,#2545,#2546,#2547,#2548,#2549,
#2550,#2551,#2552,#2553,#2554,#2555,#2556,#2557,#2558,#2559,#2560,#2561,
#2562,#2563,#2564,#2565,#2566,#2567,#2568,#2569,#2570,#2571,#2572,#2573,
#2574,#2575,#2576,#2577,#2578,#2579,#2580));
#11021=EDGE_LOOP('',(#2581,#2582,#2583,#2584));
#11022=EDGE_LOOP('',(#2585,#2586,#2587,#2588));
#11023=EDGE_LOOP('',(#2589,#2590,#2591,#2592));
#11024=EDGE_LOOP('',(#2593,#2594,#2595,#2596));
#11025=EDGE_LOOP('',(#2597,#2598,#2599,#2600));
#11026=EDGE_LOOP('',(#2601,#2602,#2603,#2604));
#11027=EDGE_LOOP('',(#2605,#2606,#2607,#2608));
#11028=EDGE_LOOP('',(#2609,#2610,#2611,#2612));
#11029=EDGE_LOOP('',(#2613,#2614,#2615,#2616));
#11030=EDGE_LOOP('',(#2617,#2618,#2619,#2620));
#11031=EDGE_LOOP('',(#2621,#2622,#2623,#2624));
#11032=EDGE_LOOP('',(#2625,#2626,#2627,#2628));
#11033=EDGE_LOOP('',(#2629,#2630,#2631,#2632));
#11034=EDGE_LOOP('',(#2633,#2634,#2635,#2636));
#11035=EDGE_LOOP('',(#2637,#2638,#2639,#2640));
#11036=EDGE_LOOP('',(#2641,#2642,#2643,#2644));
#11037=EDGE_LOOP('',(#2645,#2646,#2647,#2648));
#11038=EDGE_LOOP('',(#2649,#2650,#2651,#2652));
#11039=EDGE_LOOP('',(#2653,#2654,#2655,#2656));
#11040=EDGE_LOOP('',(#2657,#2658,#2659,#2660));
#11041=EDGE_LOOP('',(#2661,#2662,#2663,#2664));
#11042=EDGE_LOOP('',(#2665,#2666,#2667,#2668));
#11043=EDGE_LOOP('',(#2669,#2670,#2671,#2672,#2673,#2674,#2675,#2676,#2677,
#2678,#2679,#2680,#2681,#2682,#2683,#2684,#2685,#2686));
#11044=EDGE_LOOP('',(#2687,#2688,#2689,#2690,#2691,#2692,#2693,#2694,#2695,
#2696,#2697,#2698,#2699,#2700,#2701,#2702,#2703,#2704));
#11045=EDGE_LOOP('',(#2705,#2706,#2707,#2708,#2709,#2710,#2711,#2712,#2713,
#2714,#2715));
#11046=EDGE_LOOP('',(#2716,#2717,#2718,#2719,#2720,#2721,#2722,#2723,#2724,
#2725,#2726));
#11047=EDGE_LOOP('',(#2727,#2728,#2729,#2730));
#11048=EDGE_LOOP('',(#2731,#2732,#2733,#2734,#2735,#2736,#2737,#2738,#2739,
#2740,#2741));
#11049=EDGE_LOOP('',(#2742,#2743,#2744,#2745,#2746,#2747,#2748,#2749,#2750,
#2751,#2752));
#11050=EDGE_LOOP('',(#2753,#2754,#2755,#2756));
#11051=EDGE_LOOP('',(#2757,#2758,#2759,#2760,#2761,#2762,#2763,#2764,#2765,
#2766,#2767));
#11052=EDGE_LOOP('',(#2768,#2769,#2770,#2771,#2772,#2773,#2774,#2775,#2776,
#2777,#2778));
#11053=EDGE_LOOP('',(#2779,#2780,#2781,#2782));
#11054=EDGE_LOOP('',(#2783,#2784,#2785,#2786,#2787,#2788,#2789,#2790,#2791,
#2792,#2793));
#11055=EDGE_LOOP('',(#2794,#2795,#2796,#2797,#2798,#2799,#2800,#2801,#2802,
#2803,#2804));
#11056=EDGE_LOOP('',(#2805,#2806,#2807,#2808));
#11057=EDGE_LOOP('',(#2809,#2810,#2811,#2812,#2813,#2814,#2815,#2816,#2817,
#2818,#2819));
#11058=EDGE_LOOP('',(#2820,#2821,#2822,#2823,#2824,#2825,#2826,#2827,#2828,
#2829,#2830));
#11059=EDGE_LOOP('',(#2831,#2832,#2833,#2834));
#11060=EDGE_LOOP('',(#2835,#2836,#2837,#2838,#2839,#2840,#2841,#2842,#2843,
#2844,#2845));
#11061=EDGE_LOOP('',(#2846,#2847,#2848,#2849,#2850,#2851,#2852,#2853,#2854,
#2855,#2856));
#11062=EDGE_LOOP('',(#2857,#2858,#2859,#2860));
#11063=EDGE_LOOP('',(#2861,#2862,#2863,#2864,#2865,#2866,#2867,#2868,#2869,
#2870,#2871));
#11064=EDGE_LOOP('',(#2872,#2873,#2874,#2875,#2876,#2877,#2878,#2879,#2880,
#2881,#2882));
#11065=EDGE_LOOP('',(#2883,#2884,#2885,#2886));
#11066=EDGE_LOOP('',(#2887,#2888,#2889,#2890,#2891,#2892,#2893,#2894,#2895,
#2896,#2897));
#11067=EDGE_LOOP('',(#2898,#2899,#2900,#2901,#2902,#2903,#2904,#2905,#2906,
#2907,#2908));
#11068=EDGE_LOOP('',(#2909,#2910,#2911,#2912));
#11069=EDGE_LOOP('',(#2913,#2914,#2915,#2916));
#11070=EDGE_LOOP('',(#2917,#2918,#2919,#2920,#2921,#2922,#2923,#2924,#2925,
#2926,#2927));
#11071=EDGE_LOOP('',(#2928,#2929,#2930,#2931,#2932,#2933,#2934,#2935,#2936,
#2937,#2938));
#11072=EDGE_LOOP('',(#2939,#2940,#2941,#2942,#2943,#2944,#2945,#2946,#2947,
#2948,#2949));
#11073=EDGE_LOOP('',(#2950,#2951,#2952,#2953,#2954,#2955,#2956,#2957,#2958,
#2959,#2960));
#11074=EDGE_LOOP('',(#2961,#2962,#2963,#2964));
#11075=EDGE_LOOP('',(#2965,#2966,#2967,#2968,#2969,#2970,#2971,#2972,#2973,
#2974,#2975));
#11076=EDGE_LOOP('',(#2976,#2977,#2978,#2979,#2980,#2981,#2982,#2983,#2984,
#2985,#2986));
#11077=EDGE_LOOP('',(#2987,#2988,#2989,#2990));
#11078=EDGE_LOOP('',(#2991,#2992,#2993,#2994,#2995,#2996,#2997,#2998,#2999,
#3000,#3001));
#11079=EDGE_LOOP('',(#3002,#3003,#3004,#3005,#3006,#3007,#3008,#3009,#3010,
#3011,#3012));
#11080=EDGE_LOOP('',(#3013,#3014,#3015,#3016));
#11081=EDGE_LOOP('',(#3017,#3018,#3019,#3020,#3021,#3022,#3023,#3024,#3025,
#3026,#3027));
#11082=EDGE_LOOP('',(#3028,#3029,#3030,#3031,#3032,#3033,#3034,#3035,#3036,
#3037,#3038));
#11083=EDGE_LOOP('',(#3039,#3040,#3041,#3042));
#11084=EDGE_LOOP('',(#3043,#3044,#3045,#3046,#3047,#3048,#3049,#3050,#3051,
#3052,#3053));
#11085=EDGE_LOOP('',(#3054,#3055,#3056,#3057,#3058,#3059,#3060,#3061,#3062,
#3063,#3064));
#11086=EDGE_LOOP('',(#3065,#3066,#3067,#3068));
#11087=EDGE_LOOP('',(#3069,#3070,#3071,#3072,#3073,#3074,#3075,#3076,#3077,
#3078,#3079));
#11088=EDGE_LOOP('',(#3080,#3081,#3082,#3083,#3084,#3085,#3086,#3087,#3088,
#3089,#3090));
#11089=EDGE_LOOP('',(#3091,#3092,#3093,#3094));
#11090=EDGE_LOOP('',(#3095,#3096,#3097,#3098,#3099,#3100,#3101,#3102,#3103,
#3104,#3105));
#11091=EDGE_LOOP('',(#3106,#3107,#3108,#3109,#3110,#3111,#3112,#3113,#3114,
#3115,#3116));
#11092=EDGE_LOOP('',(#3117,#3118,#3119,#3120));
#11093=EDGE_LOOP('',(#3121,#3122,#3123,#3124,#3125,#3126,#3127,#3128,#3129,
#3130,#3131));
#11094=EDGE_LOOP('',(#3132,#3133,#3134,#3135,#3136,#3137,#3138,#3139,#3140,
#3141,#3142));
#11095=EDGE_LOOP('',(#3143,#3144,#3145,#3146));
#11096=EDGE_LOOP('',(#3147,#3148,#3149,#3150));
#11097=EDGE_LOOP('',(#3151,#3152,#3153,#3154,#3155,#3156,#3157,#3158,#3159,
#3160,#3161));
#11098=EDGE_LOOP('',(#3162,#3163,#3164,#3165,#3166,#3167,#3168,#3169,#3170,
#3171,#3172));
#11099=EDGE_LOOP('',(#3173,#3174,#3175,#3176));
#11100=EDGE_LOOP('',(#3177,#3178,#3179,#3180));
#11101=EDGE_LOOP('',(#3181,#3182,#3183,#3184));
#11102=EDGE_LOOP('',(#3185,#3186,#3187,#3188));
#11103=EDGE_LOOP('',(#3189,#3190,#3191,#3192));
#11104=EDGE_LOOP('',(#3193,#3194,#3195,#3196));
#11105=EDGE_LOOP('',(#3197,#3198,#3199,#3200));
#11106=EDGE_LOOP('',(#3201,#3202,#3203,#3204));
#11107=EDGE_LOOP('',(#3205,#3206,#3207,#3208));
#11108=EDGE_LOOP('',(#3209,#3210,#3211,#3212));
#11109=EDGE_LOOP('',(#3213,#3214,#3215,#3216));
#11110=EDGE_LOOP('',(#3217,#3218,#3219,#3220));
#11111=EDGE_LOOP('',(#3221,#3222,#3223,#3224));
#11112=EDGE_LOOP('',(#3225,#3226,#3227,#3228));
#11113=EDGE_LOOP('',(#3229,#3230,#3231,#3232));
#11114=EDGE_LOOP('',(#3233,#3234,#3235,#3236));
#11115=EDGE_LOOP('',(#3237,#3238,#3239,#3240));
#11116=EDGE_LOOP('',(#3241,#3242,#3243,#3244));
#11117=EDGE_LOOP('',(#3245,#3246,#3247,#3248));
#11118=EDGE_LOOP('',(#3249,#3250,#3251,#3252));
#11119=EDGE_LOOP('',(#3253,#3254,#3255,#3256));
#11120=EDGE_LOOP('',(#3257,#3258,#3259,#3260));
#11121=EDGE_LOOP('',(#3261,#3262,#3263,#3264));
#11122=EDGE_LOOP('',(#3265,#3266,#3267,#3268));
#11123=EDGE_LOOP('',(#3269,#3270,#3271,#3272));
#11124=EDGE_LOOP('',(#3273,#3274,#3275,#3276));
#11125=EDGE_LOOP('',(#3277,#3278,#3279,#3280));
#11126=EDGE_LOOP('',(#3281,#3282,#3283,#3284));
#11127=EDGE_LOOP('',(#3285,#3286,#3287,#3288));
#11128=EDGE_LOOP('',(#3289,#3290,#3291,#3292));
#11129=EDGE_LOOP('',(#3293,#3294,#3295,#3296));
#11130=EDGE_LOOP('',(#3297,#3298,#3299,#3300));
#11131=EDGE_LOOP('',(#3301,#3302,#3303,#3304));
#11132=EDGE_LOOP('',(#3305,#3306,#3307,#3308));
#11133=EDGE_LOOP('',(#3309,#3310,#3311,#3312));
#11134=EDGE_LOOP('',(#3313,#3314,#3315,#3316));
#11135=EDGE_LOOP('',(#3317,#3318,#3319,#3320));
#11136=EDGE_LOOP('',(#3321,#3322,#3323,#3324));
#11137=EDGE_LOOP('',(#3325,#3326,#3327,#3328));
#11138=EDGE_LOOP('',(#3329,#3330,#3331,#3332));
#11139=EDGE_LOOP('',(#3333,#3334,#3335,#3336));
#11140=EDGE_LOOP('',(#3337,#3338,#3339,#3340));
#11141=EDGE_LOOP('',(#3341,#3342,#3343,#3344));
#11142=EDGE_LOOP('',(#3345,#3346,#3347,#3348));
#11143=EDGE_LOOP('',(#3349,#3350,#3351,#3352));
#11144=EDGE_LOOP('',(#3353,#3354,#3355,#3356));
#11145=EDGE_LOOP('',(#3357,#3358,#3359,#3360));
#11146=EDGE_LOOP('',(#3361,#3362,#3363,#3364));
#11147=EDGE_LOOP('',(#3365,#3366,#3367,#3368));
#11148=EDGE_LOOP('',(#3369,#3370,#3371,#3372));
#11149=EDGE_LOOP('',(#3373,#3374,#3375,#3376));
#11150=EDGE_LOOP('',(#3377,#3378,#3379,#3380));
#11151=EDGE_LOOP('',(#3381,#3382,#3383,#3384));
#11152=EDGE_LOOP('',(#3385,#3386,#3387,#3388));
#11153=EDGE_LOOP('',(#3389,#3390,#3391,#3392));
#11154=EDGE_LOOP('',(#3393,#3394,#3395,#3396));
#11155=EDGE_LOOP('',(#3397,#3398,#3399,#3400));
#11156=EDGE_LOOP('',(#3401,#3402,#3403,#3404));
#11157=EDGE_LOOP('',(#3405,#3406,#3407,#3408));
#11158=EDGE_LOOP('',(#3409,#3410,#3411,#3412));
#11159=EDGE_LOOP('',(#3413,#3414,#3415,#3416));
#11160=EDGE_LOOP('',(#3417,#3418,#3419,#3420));
#11161=EDGE_LOOP('',(#3421,#3422,#3423,#3424));
#11162=EDGE_LOOP('',(#3425,#3426,#3427,#3428));
#11163=EDGE_LOOP('',(#3429,#3430,#3431,#3432));
#11164=EDGE_LOOP('',(#3433,#3434,#3435,#3436));
#11165=EDGE_LOOP('',(#3437,#3438,#3439,#3440));
#11166=EDGE_LOOP('',(#3441,#3442,#3443,#3444));
#11167=EDGE_LOOP('',(#3445,#3446,#3447,#3448));
#11168=EDGE_LOOP('',(#3449,#3450,#3451,#3452));
#11169=EDGE_LOOP('',(#3453,#3454,#3455,#3456));
#11170=EDGE_LOOP('',(#3457,#3458,#3459,#3460));
#11171=EDGE_LOOP('',(#3461,#3462,#3463,#3464));
#11172=EDGE_LOOP('',(#3465,#3466,#3467,#3468));
#11173=EDGE_LOOP('',(#3469,#3470,#3471,#3472));
#11174=EDGE_LOOP('',(#3473,#3474,#3475,#3476));
#11175=EDGE_LOOP('',(#3477,#3478,#3479,#3480));
#11176=EDGE_LOOP('',(#3481,#3482,#3483,#3484));
#11177=EDGE_LOOP('',(#3485,#3486,#3487,#3488));
#11178=EDGE_LOOP('',(#3489,#3490,#3491,#3492));
#11179=EDGE_LOOP('',(#3493,#3494,#3495,#3496));
#11180=EDGE_LOOP('',(#3497,#3498,#3499,#3500));
#11181=EDGE_LOOP('',(#3501,#3502,#3503,#3504));
#11182=EDGE_LOOP('',(#3505,#3506,#3507,#3508));
#11183=EDGE_LOOP('',(#3509,#3510,#3511,#3512));
#11184=EDGE_LOOP('',(#3513,#3514,#3515,#3516));
#11185=EDGE_LOOP('',(#3517,#3518,#3519,#3520));
#11186=EDGE_LOOP('',(#3521,#3522,#3523,#3524));
#11187=EDGE_LOOP('',(#3525,#3526,#3527,#3528));
#11188=EDGE_LOOP('',(#3529,#3530,#3531,#3532));
#11189=EDGE_LOOP('',(#3533,#3534,#3535,#3536));
#11190=EDGE_LOOP('',(#3537,#3538,#3539,#3540));
#11191=EDGE_LOOP('',(#3541,#3542,#3543,#3544));
#11192=EDGE_LOOP('',(#3545,#3546,#3547,#3548));
#11193=EDGE_LOOP('',(#3549,#3550,#3551,#3552));
#11194=EDGE_LOOP('',(#3553,#3554,#3555,#3556));
#11195=EDGE_LOOP('',(#3557,#3558,#3559,#3560));
#11196=EDGE_LOOP('',(#3561,#3562,#3563,#3564));
#11197=EDGE_LOOP('',(#3565,#3566,#3567,#3568));
#11198=EDGE_LOOP('',(#3569,#3570,#3571,#3572));
#11199=EDGE_LOOP('',(#3573,#3574,#3575,#3576));
#11200=EDGE_LOOP('',(#3577,#3578,#3579,#3580));
#11201=EDGE_LOOP('',(#3581,#3582,#3583,#3584));
#11202=EDGE_LOOP('',(#3585,#3586,#3587,#3588));
#11203=EDGE_LOOP('',(#3589,#3590,#3591,#3592));
#11204=EDGE_LOOP('',(#3593,#3594,#3595,#3596));
#11205=EDGE_LOOP('',(#3597,#3598,#3599,#3600));
#11206=EDGE_LOOP('',(#3601,#3602,#3603,#3604));
#11207=EDGE_LOOP('',(#3605,#3606,#3607,#3608));
#11208=EDGE_LOOP('',(#3609,#3610,#3611,#3612));
#11209=EDGE_LOOP('',(#3613,#3614,#3615,#3616));
#11210=EDGE_LOOP('',(#3617,#3618,#3619,#3620));
#11211=EDGE_LOOP('',(#3621,#3622,#3623,#3624));
#11212=EDGE_LOOP('',(#3625,#3626,#3627,#3628));
#11213=EDGE_LOOP('',(#3629,#3630,#3631,#3632,#3633,#3634,#3635,#3636,#3637,
#3638,#3639,#3640,#3641,#3642,#3643,#3644,#3645,#3646,#3647,#3648,#3649,
#3650,#3651,#3652,#3653,#3654,#3655,#3656,#3657,#3658,#3659,#3660,#3661,
#3662,#3663,#3664,#3665,#3666,#3667,#3668,#3669,#3670,#3671,#3672,#3673,
#3674,#3675,#3676,#3677,#3678,#3679,#3680,#3681,#3682,#3683,#3684,#3685,
#3686,#3687,#3688,#3689,#3690,#3691,#3692,#3693,#3694,#3695,#3696,#3697,
#3698,#3699,#3700,#3701,#3702,#3703,#3704));
#11214=EDGE_LOOP('',(#3705,#3706,#3707,#3708));
#11215=EDGE_LOOP('',(#3709,#3710,#3711,#3712));
#11216=EDGE_LOOP('',(#3713,#3714,#3715,#3716));
#11217=EDGE_LOOP('',(#3717,#3718,#3719,#3720));
#11218=EDGE_LOOP('',(#3721,#3722,#3723,#3724));
#11219=EDGE_LOOP('',(#3725,#3726,#3727,#3728));
#11220=EDGE_LOOP('',(#3729,#3730,#3731,#3732));
#11221=EDGE_LOOP('',(#3733,#3734,#3735,#3736));
#11222=EDGE_LOOP('',(#3737,#3738,#3739,#3740));
#11223=EDGE_LOOP('',(#3741,#3742,#3743,#3744));
#11224=EDGE_LOOP('',(#3745,#3746,#3747,#3748));
#11225=EDGE_LOOP('',(#3749,#3750,#3751,#3752));
#11226=EDGE_LOOP('',(#3753,#3754,#3755,#3756));
#11227=EDGE_LOOP('',(#3757,#3758,#3759,#3760));
#11228=EDGE_LOOP('',(#3761,#3762,#3763,#3764));
#11229=EDGE_LOOP('',(#3765,#3766,#3767,#3768,#3769,#3770,#3771,#3772,#3773,
#3774,#3775,#3776,#3777,#3778,#3779,#3780,#3781,#3782,#3783,#3784,#3785,
#3786,#3787,#3788,#3789,#3790,#3791,#3792,#3793,#3794,#3795,#3796,#3797,
#3798,#3799,#3800,#3801,#3802,#3803,#3804,#3805,#3806,#3807,#3808,#3809,
#3810,#3811,#3812,#3813,#3814,#3815,#3816,#3817,#3818,#3819,#3820,#3821,
#3822,#3823,#3824,#3825,#3826,#3827,#3828,#3829,#3830,#3831,#3832,#3833,
#3834,#3835,#3836,#3837,#3838,#3839,#3840));
#11230=EDGE_LOOP('',(#3841,#3842,#3843,#3844));
#11231=EDGE_LOOP('',(#3845,#3846,#3847,#3848));
#11232=EDGE_LOOP('',(#3849,#3850,#3851,#3852));
#11233=EDGE_LOOP('',(#3853,#3854,#3855,#3856));
#11234=EDGE_LOOP('',(#3857,#3858,#3859,#3860));
#11235=EDGE_LOOP('',(#3861,#3862,#3863,#3864));
#11236=EDGE_LOOP('',(#3865,#3866,#3867,#3868));
#11237=EDGE_LOOP('',(#3869,#3870,#3871,#3872));
#11238=EDGE_LOOP('',(#3873,#3874,#3875,#3876));
#11239=EDGE_LOOP('',(#3877,#3878,#3879,#3880));
#11240=EDGE_LOOP('',(#3881,#3882,#3883,#3884));
#11241=EDGE_LOOP('',(#3885));
#11242=EDGE_LOOP('',(#3886));
#11243=EDGE_LOOP('',(#3887));
#11244=EDGE_LOOP('',(#3888));
#11245=FACE_BOUND('',#10648,.T.);
#11246=FACE_BOUND('',#10649,.T.);
#11247=FACE_BOUND('',#10650,.T.);
#11248=FACE_BOUND('',#10651,.T.);
#11249=FACE_BOUND('',#10652,.T.);
#11250=FACE_BOUND('',#10653,.T.);
#11251=FACE_BOUND('',#10654,.T.);
#11252=FACE_BOUND('',#10655,.T.);
#11253=FACE_BOUND('',#10656,.T.);
#11254=FACE_BOUND('',#10657,.T.);
#11255=FACE_BOUND('',#10658,.T.);
#11256=FACE_BOUND('',#10659,.T.);
#11257=FACE_BOUND('',#10660,.T.);
#11258=FACE_BOUND('',#10661,.T.);
#11259=FACE_BOUND('',#10662,.T.);
#11260=FACE_BOUND('',#10663,.T.);
#11261=FACE_BOUND('',#10664,.T.);
#11262=FACE_BOUND('',#10665,.T.);
#11263=FACE_BOUND('',#10666,.T.);
#11264=FACE_BOUND('',#10667,.T.);
#11265=FACE_BOUND('',#10668,.T.);
#11266=FACE_BOUND('',#10669,.T.);
#11267=FACE_BOUND('',#10670,.T.);
#11268=FACE_BOUND('',#10671,.T.);
#11269=FACE_BOUND('',#10672,.T.);
#11270=FACE_BOUND('',#10673,.T.);
#11271=FACE_BOUND('',#10674,.T.);
#11272=FACE_BOUND('',#10675,.T.);
#11273=FACE_BOUND('',#10676,.T.);
#11274=FACE_BOUND('',#10677,.T.);
#11275=FACE_BOUND('',#10678,.T.);
#11276=FACE_BOUND('',#10679,.T.);
#11277=FACE_BOUND('',#10680,.T.);
#11278=FACE_BOUND('',#10681,.T.);
#11279=FACE_BOUND('',#10682,.T.);
#11280=FACE_BOUND('',#10683,.T.);
#11281=FACE_BOUND('',#10684,.T.);
#11282=FACE_BOUND('',#10685,.T.);
#11283=FACE_BOUND('',#10686,.T.);
#11284=FACE_BOUND('',#10687,.T.);
#11285=FACE_BOUND('',#10688,.T.);
#11286=FACE_BOUND('',#10689,.T.);
#11287=FACE_BOUND('',#10690,.T.);
#11288=FACE_BOUND('',#10691,.T.);
#11289=FACE_BOUND('',#10692,.T.);
#11290=FACE_BOUND('',#10693,.T.);
#11291=FACE_BOUND('',#10694,.T.);
#11292=FACE_BOUND('',#10695,.T.);
#11293=FACE_BOUND('',#10696,.T.);
#11294=FACE_BOUND('',#10697,.T.);
#11295=FACE_BOUND('',#10698,.T.);
#11296=FACE_BOUND('',#10699,.T.);
#11297=FACE_BOUND('',#10700,.T.);
#11298=FACE_BOUND('',#10701,.T.);
#11299=FACE_BOUND('',#10702,.T.);
#11300=FACE_BOUND('',#10703,.T.);
#11301=FACE_BOUND('',#10704,.T.);
#11302=FACE_BOUND('',#10705,.T.);
#11303=FACE_BOUND('',#10706,.T.);
#11304=FACE_BOUND('',#10707,.T.);
#11305=FACE_BOUND('',#10708,.T.);
#11306=FACE_BOUND('',#10709,.T.);
#11307=FACE_BOUND('',#10710,.T.);
#11308=FACE_BOUND('',#10711,.T.);
#11309=FACE_BOUND('',#10712,.T.);
#11310=FACE_BOUND('',#10713,.T.);
#11311=FACE_BOUND('',#10714,.T.);
#11312=FACE_BOUND('',#10715,.T.);
#11313=FACE_BOUND('',#10716,.T.);
#11314=FACE_BOUND('',#10717,.T.);
#11315=FACE_BOUND('',#10718,.T.);
#11316=FACE_BOUND('',#10719,.T.);
#11317=FACE_BOUND('',#10720,.T.);
#11318=FACE_BOUND('',#10721,.T.);
#11319=FACE_BOUND('',#10722,.T.);
#11320=FACE_BOUND('',#10723,.T.);
#11321=FACE_BOUND('',#10724,.T.);
#11322=FACE_BOUND('',#10725,.T.);
#11323=FACE_BOUND('',#10726,.T.);
#11324=FACE_BOUND('',#10727,.T.);
#11325=FACE_BOUND('',#10728,.T.);
#11326=FACE_BOUND('',#10729,.T.);
#11327=FACE_BOUND('',#10730,.T.);
#11328=FACE_BOUND('',#10731,.T.);
#11329=FACE_BOUND('',#10732,.T.);
#11330=FACE_BOUND('',#10733,.T.);
#11331=FACE_BOUND('',#10734,.T.);
#11332=FACE_BOUND('',#10735,.T.);
#11333=FACE_BOUND('',#10736,.T.);
#11334=FACE_BOUND('',#10737,.T.);
#11335=FACE_BOUND('',#10738,.T.);
#11336=FACE_BOUND('',#10739,.T.);
#11337=FACE_BOUND('',#10740,.T.);
#11338=FACE_BOUND('',#10741,.T.);
#11339=FACE_BOUND('',#10742,.T.);
#11340=FACE_BOUND('',#10743,.T.);
#11341=FACE_BOUND('',#10744,.T.);
#11342=FACE_BOUND('',#10745,.T.);
#11343=FACE_BOUND('',#10746,.T.);
#11344=FACE_BOUND('',#10747,.T.);
#11345=FACE_BOUND('',#10748,.T.);
#11346=FACE_BOUND('',#10749,.T.);
#11347=FACE_BOUND('',#10750,.T.);
#11348=FACE_BOUND('',#10751,.T.);
#11349=FACE_BOUND('',#10752,.T.);
#11350=FACE_BOUND('',#10753,.T.);
#11351=FACE_BOUND('',#10754,.T.);
#11352=FACE_BOUND('',#10755,.T.);
#11353=FACE_BOUND('',#10756,.T.);
#11354=FACE_BOUND('',#10757,.T.);
#11355=FACE_BOUND('',#10758,.T.);
#11356=FACE_BOUND('',#10759,.T.);
#11357=FACE_BOUND('',#10760,.T.);
#11358=FACE_BOUND('',#10761,.T.);
#11359=FACE_BOUND('',#10762,.T.);
#11360=FACE_BOUND('',#10763,.T.);
#11361=FACE_BOUND('',#10764,.T.);
#11362=FACE_BOUND('',#10765,.T.);
#11363=FACE_BOUND('',#10766,.T.);
#11364=FACE_BOUND('',#10767,.T.);
#11365=FACE_BOUND('',#10768,.T.);
#11366=FACE_BOUND('',#10769,.T.);
#11367=FACE_BOUND('',#10770,.T.);
#11368=FACE_BOUND('',#10771,.T.);
#11369=FACE_BOUND('',#10772,.T.);
#11370=FACE_BOUND('',#10773,.T.);
#11371=FACE_BOUND('',#10774,.T.);
#11372=FACE_BOUND('',#10775,.T.);
#11373=FACE_BOUND('',#10776,.T.);
#11374=FACE_BOUND('',#10777,.T.);
#11375=FACE_BOUND('',#10778,.T.);
#11376=FACE_BOUND('',#10779,.T.);
#11377=FACE_BOUND('',#10780,.T.);
#11378=FACE_BOUND('',#10781,.T.);
#11379=FACE_BOUND('',#10782,.T.);
#11380=FACE_BOUND('',#10783,.T.);
#11381=FACE_BOUND('',#10784,.T.);
#11382=FACE_BOUND('',#10785,.T.);
#11383=FACE_BOUND('',#10786,.T.);
#11384=FACE_BOUND('',#10787,.T.);
#11385=FACE_BOUND('',#10788,.T.);
#11386=FACE_BOUND('',#10789,.T.);
#11387=FACE_BOUND('',#10790,.T.);
#11388=FACE_BOUND('',#10791,.T.);
#11389=FACE_BOUND('',#10792,.T.);
#11390=FACE_BOUND('',#10793,.T.);
#11391=FACE_BOUND('',#10794,.T.);
#11392=FACE_BOUND('',#10795,.T.);
#11393=FACE_BOUND('',#10796,.T.);
#11394=FACE_BOUND('',#10797,.T.);
#11395=FACE_BOUND('',#10798,.T.);
#11396=FACE_BOUND('',#10799,.T.);
#11397=FACE_BOUND('',#10800,.T.);
#11398=FACE_BOUND('',#10801,.T.);
#11399=FACE_BOUND('',#10802,.T.);
#11400=FACE_BOUND('',#10803,.T.);
#11401=FACE_BOUND('',#10804,.T.);
#11402=FACE_BOUND('',#10805,.T.);
#11403=FACE_BOUND('',#10806,.T.);
#11404=FACE_BOUND('',#10807,.T.);
#11405=FACE_BOUND('',#10808,.T.);
#11406=FACE_BOUND('',#10809,.T.);
#11407=FACE_BOUND('',#10810,.T.);
#11408=FACE_BOUND('',#10811,.T.);
#11409=FACE_BOUND('',#10812,.T.);
#11410=FACE_BOUND('',#10813,.T.);
#11411=FACE_BOUND('',#10814,.T.);
#11412=FACE_BOUND('',#10815,.T.);
#11413=FACE_BOUND('',#10816,.T.);
#11414=FACE_BOUND('',#10817,.T.);
#11415=FACE_BOUND('',#10818,.T.);
#11416=FACE_BOUND('',#10819,.T.);
#11417=FACE_BOUND('',#10820,.T.);
#11418=FACE_BOUND('',#10821,.T.);
#11419=FACE_BOUND('',#10822,.T.);
#11420=FACE_BOUND('',#10823,.T.);
#11421=FACE_BOUND('',#10824,.T.);
#11422=FACE_BOUND('',#10825,.T.);
#11423=FACE_BOUND('',#10826,.T.);
#11424=FACE_BOUND('',#10827,.T.);
#11425=FACE_BOUND('',#10828,.T.);
#11426=FACE_BOUND('',#10829,.T.);
#11427=FACE_BOUND('',#10830,.T.);
#11428=FACE_BOUND('',#10831,.T.);
#11429=FACE_BOUND('',#10832,.T.);
#11430=FACE_BOUND('',#10833,.T.);
#11431=FACE_BOUND('',#10834,.T.);
#11432=FACE_BOUND('',#10835,.T.);
#11433=FACE_BOUND('',#10836,.T.);
#11434=FACE_BOUND('',#10837,.T.);
#11435=FACE_BOUND('',#10838,.T.);
#11436=FACE_BOUND('',#10839,.T.);
#11437=FACE_BOUND('',#10840,.T.);
#11438=FACE_BOUND('',#10841,.T.);
#11439=FACE_BOUND('',#10842,.T.);
#11440=FACE_BOUND('',#10843,.T.);
#11441=FACE_BOUND('',#10844,.T.);
#11442=FACE_BOUND('',#10845,.T.);
#11443=FACE_BOUND('',#10846,.T.);
#11444=FACE_BOUND('',#10847,.T.);
#11445=FACE_BOUND('',#10848,.T.);
#11446=FACE_BOUND('',#10849,.T.);
#11447=FACE_BOUND('',#10850,.T.);
#11448=FACE_BOUND('',#10851,.T.);
#11449=FACE_BOUND('',#10852,.T.);
#11450=FACE_BOUND('',#10853,.T.);
#11451=FACE_BOUND('',#10854,.T.);
#11452=FACE_BOUND('',#10855,.T.);
#11453=FACE_BOUND('',#10856,.T.);
#11454=FACE_BOUND('',#10857,.T.);
#11455=FACE_BOUND('',#10858,.T.);
#11456=FACE_BOUND('',#10859,.T.);
#11457=FACE_BOUND('',#10860,.T.);
#11458=FACE_BOUND('',#10861,.T.);
#11459=FACE_BOUND('',#10862,.T.);
#11460=FACE_BOUND('',#10863,.T.);
#11461=FACE_BOUND('',#10864,.T.);
#11462=FACE_BOUND('',#10865,.T.);
#11463=FACE_BOUND('',#10866,.T.);
#11464=FACE_BOUND('',#10867,.T.);
#11465=FACE_BOUND('',#10868,.T.);
#11466=FACE_BOUND('',#10869,.T.);
#11467=FACE_BOUND('',#10870,.T.);
#11468=FACE_BOUND('',#10871,.T.);
#11469=FACE_BOUND('',#10872,.T.);
#11470=FACE_BOUND('',#10873,.T.);
#11471=FACE_BOUND('',#10874,.T.);
#11472=FACE_BOUND('',#10875,.T.);
#11473=FACE_BOUND('',#10876,.T.);
#11474=FACE_BOUND('',#10877,.T.);
#11475=FACE_BOUND('',#10878,.T.);
#11476=FACE_BOUND('',#10879,.T.);
#11477=FACE_BOUND('',#10880,.T.);
#11478=FACE_BOUND('',#10881,.T.);
#11479=FACE_BOUND('',#10882,.T.);
#11480=FACE_BOUND('',#10883,.T.);
#11481=FACE_BOUND('',#10884,.T.);
#11482=FACE_BOUND('',#10885,.T.);
#11483=FACE_BOUND('',#10886,.T.);
#11484=FACE_BOUND('',#10887,.T.);
#11485=FACE_BOUND('',#10888,.T.);
#11486=FACE_BOUND('',#10889,.T.);
#11487=FACE_BOUND('',#10890,.T.);
#11488=FACE_BOUND('',#10891,.T.);
#11489=FACE_BOUND('',#10892,.T.);
#11490=FACE_BOUND('',#10893,.T.);
#11491=FACE_BOUND('',#10894,.T.);
#11492=FACE_BOUND('',#10895,.T.);
#11493=FACE_BOUND('',#10896,.T.);
#11494=FACE_BOUND('',#10897,.T.);
#11495=FACE_BOUND('',#10898,.T.);
#11496=FACE_BOUND('',#10899,.T.);
#11497=FACE_BOUND('',#10900,.T.);
#11498=FACE_BOUND('',#10901,.T.);
#11499=FACE_BOUND('',#10902,.T.);
#11500=FACE_BOUND('',#10903,.T.);
#11501=FACE_BOUND('',#10904,.T.);
#11502=FACE_BOUND('',#10905,.T.);
#11503=FACE_BOUND('',#10906,.T.);
#11504=FACE_BOUND('',#10907,.T.);
#11505=FACE_BOUND('',#10908,.T.);
#11506=FACE_BOUND('',#10909,.T.);
#11507=FACE_BOUND('',#10910,.T.);
#11508=FACE_BOUND('',#10911,.T.);
#11509=FACE_BOUND('',#10912,.T.);
#11510=FACE_BOUND('',#10913,.T.);
#11511=FACE_BOUND('',#10914,.T.);
#11512=FACE_BOUND('',#10915,.T.);
#11513=FACE_BOUND('',#10916,.T.);
#11514=FACE_BOUND('',#10917,.T.);
#11515=FACE_BOUND('',#10918,.T.);
#11516=FACE_BOUND('',#10919,.T.);
#11517=FACE_BOUND('',#10920,.T.);
#11518=FACE_BOUND('',#10921,.T.);
#11519=FACE_BOUND('',#10922,.T.);
#11520=FACE_BOUND('',#10923,.T.);
#11521=FACE_BOUND('',#10924,.T.);
#11522=FACE_BOUND('',#10925,.T.);
#11523=FACE_BOUND('',#10926,.T.);
#11524=FACE_BOUND('',#10927,.T.);
#11525=FACE_BOUND('',#10928,.T.);
#11526=FACE_BOUND('',#10929,.T.);
#11527=FACE_BOUND('',#10930,.T.);
#11528=FACE_BOUND('',#10931,.T.);
#11529=FACE_BOUND('',#10932,.T.);
#11530=FACE_BOUND('',#10933,.T.);
#11531=FACE_BOUND('',#10934,.T.);
#11532=FACE_BOUND('',#10935,.T.);
#11533=FACE_BOUND('',#10936,.T.);
#11534=FACE_BOUND('',#10937,.T.);
#11535=FACE_BOUND('',#10938,.T.);
#11536=FACE_BOUND('',#10939,.T.);
#11537=FACE_BOUND('',#10940,.T.);
#11538=FACE_BOUND('',#10941,.T.);
#11539=FACE_BOUND('',#10942,.T.);
#11540=FACE_BOUND('',#10943,.T.);
#11541=FACE_BOUND('',#10944,.T.);
#11542=FACE_BOUND('',#10945,.T.);
#11543=FACE_BOUND('',#10946,.T.);
#11544=FACE_BOUND('',#10947,.T.);
#11545=FACE_BOUND('',#10948,.T.);
#11546=FACE_BOUND('',#10949,.T.);
#11547=FACE_BOUND('',#10950,.T.);
#11548=FACE_BOUND('',#10951,.T.);
#11549=FACE_BOUND('',#10952,.T.);
#11550=FACE_BOUND('',#10953,.T.);
#11551=FACE_BOUND('',#10954,.T.);
#11552=FACE_BOUND('',#10955,.T.);
#11553=FACE_BOUND('',#10956,.T.);
#11554=FACE_BOUND('',#10957,.T.);
#11555=FACE_BOUND('',#10958,.T.);
#11556=FACE_BOUND('',#10959,.T.);
#11557=FACE_BOUND('',#10960,.T.);
#11558=FACE_BOUND('',#10961,.T.);
#11559=FACE_BOUND('',#10962,.T.);
#11560=FACE_BOUND('',#10963,.T.);
#11561=FACE_BOUND('',#10964,.T.);
#11562=FACE_BOUND('',#10965,.T.);
#11563=FACE_BOUND('',#10966,.T.);
#11564=FACE_BOUND('',#10967,.T.);
#11565=FACE_BOUND('',#10968,.T.);
#11566=FACE_BOUND('',#10969,.T.);
#11567=FACE_BOUND('',#10970,.T.);
#11568=FACE_BOUND('',#10971,.T.);
#11569=FACE_BOUND('',#10972,.T.);
#11570=FACE_BOUND('',#10973,.T.);
#11571=FACE_BOUND('',#10974,.T.);
#11572=FACE_BOUND('',#10975,.T.);
#11573=FACE_BOUND('',#10976,.T.);
#11574=FACE_BOUND('',#10977,.T.);
#11575=FACE_BOUND('',#10978,.T.);
#11576=FACE_BOUND('',#10979,.T.);
#11577=FACE_BOUND('',#10980,.T.);
#11578=FACE_BOUND('',#10981,.T.);
#11579=FACE_BOUND('',#10982,.T.);
#11580=FACE_BOUND('',#10983,.T.);
#11581=FACE_BOUND('',#10984,.T.);
#11582=FACE_BOUND('',#10985,.T.);
#11583=FACE_BOUND('',#10986,.T.);
#11584=FACE_BOUND('',#10987,.T.);
#11585=FACE_BOUND('',#10988,.T.);
#11586=FACE_BOUND('',#10989,.T.);
#11587=FACE_BOUND('',#10990,.T.);
#11588=FACE_BOUND('',#10991,.T.);
#11589=FACE_BOUND('',#10992,.T.);
#11590=FACE_BOUND('',#10993,.T.);
#11591=FACE_BOUND('',#10994,.T.);
#11592=FACE_BOUND('',#10995,.T.);
#11593=FACE_BOUND('',#10996,.T.);
#11594=FACE_BOUND('',#10997,.T.);
#11595=FACE_BOUND('',#10998,.T.);
#11596=FACE_BOUND('',#10999,.T.);
#11597=FACE_BOUND('',#11000,.T.);
#11598=FACE_BOUND('',#11001,.T.);
#11599=FACE_BOUND('',#11002,.T.);
#11600=FACE_BOUND('',#11003,.T.);
#11601=FACE_BOUND('',#11004,.T.);
#11602=FACE_BOUND('',#11005,.T.);
#11603=FACE_BOUND('',#11006,.T.);
#11604=FACE_BOUND('',#11007,.T.);
#11605=FACE_BOUND('',#11008,.T.);
#11606=FACE_BOUND('',#11009,.T.);
#11607=FACE_BOUND('',#11010,.T.);
#11608=FACE_BOUND('',#11011,.T.);
#11609=FACE_BOUND('',#11012,.T.);
#11610=FACE_BOUND('',#11013,.T.);
#11611=FACE_BOUND('',#11014,.T.);
#11612=FACE_BOUND('',#11015,.T.);
#11613=FACE_BOUND('',#11016,.T.);
#11614=FACE_BOUND('',#11017,.T.);
#11615=FACE_BOUND('',#11018,.T.);
#11616=FACE_BOUND('',#11019,.T.);
#11617=FACE_BOUND('',#11020,.T.);
#11618=FACE_BOUND('',#11021,.T.);
#11619=FACE_BOUND('',#11022,.T.);
#11620=FACE_BOUND('',#11023,.T.);
#11621=FACE_BOUND('',#11024,.T.);
#11622=FACE_BOUND('',#11025,.T.);
#11623=FACE_BOUND('',#11026,.T.);
#11624=FACE_BOUND('',#11027,.T.);
#11625=FACE_BOUND('',#11028,.T.);
#11626=FACE_BOUND('',#11029,.T.);
#11627=FACE_BOUND('',#11030,.T.);
#11628=FACE_BOUND('',#11031,.T.);
#11629=FACE_BOUND('',#11032,.T.);
#11630=FACE_BOUND('',#11033,.T.);
#11631=FACE_BOUND('',#11034,.T.);
#11632=FACE_BOUND('',#11035,.T.);
#11633=FACE_BOUND('',#11036,.T.);
#11634=FACE_BOUND('',#11037,.T.);
#11635=FACE_BOUND('',#11038,.T.);
#11636=FACE_BOUND('',#11039,.T.);
#11637=FACE_BOUND('',#11040,.T.);
#11638=FACE_BOUND('',#11041,.T.);
#11639=FACE_BOUND('',#11042,.T.);
#11640=FACE_BOUND('',#11043,.T.);
#11641=FACE_BOUND('',#11044,.T.);
#11642=FACE_BOUND('',#11045,.T.);
#11643=FACE_BOUND('',#11046,.T.);
#11644=FACE_BOUND('',#11047,.T.);
#11645=FACE_BOUND('',#11048,.T.);
#11646=FACE_BOUND('',#11049,.T.);
#11647=FACE_BOUND('',#11050,.T.);
#11648=FACE_BOUND('',#11051,.T.);
#11649=FACE_BOUND('',#11052,.T.);
#11650=FACE_BOUND('',#11053,.T.);
#11651=FACE_BOUND('',#11054,.T.);
#11652=FACE_BOUND('',#11055,.T.);
#11653=FACE_BOUND('',#11056,.T.);
#11654=FACE_BOUND('',#11057,.T.);
#11655=FACE_BOUND('',#11058,.T.);
#11656=FACE_BOUND('',#11059,.T.);
#11657=FACE_BOUND('',#11060,.T.);
#11658=FACE_BOUND('',#11061,.T.);
#11659=FACE_BOUND('',#11062,.T.);
#11660=FACE_BOUND('',#11063,.T.);
#11661=FACE_BOUND('',#11064,.T.);
#11662=FACE_BOUND('',#11065,.T.);
#11663=FACE_BOUND('',#11066,.T.);
#11664=FACE_BOUND('',#11067,.T.);
#11665=FACE_BOUND('',#11068,.T.);
#11666=FACE_BOUND('',#11069,.T.);
#11667=FACE_BOUND('',#11070,.T.);
#11668=FACE_BOUND('',#11071,.T.);
#11669=FACE_BOUND('',#11072,.T.);
#11670=FACE_BOUND('',#11073,.T.);
#11671=FACE_BOUND('',#11074,.T.);
#11672=FACE_BOUND('',#11075,.T.);
#11673=FACE_BOUND('',#11076,.T.);
#11674=FACE_BOUND('',#11077,.T.);
#11675=FACE_BOUND('',#11078,.T.);
#11676=FACE_BOUND('',#11079,.T.);
#11677=FACE_BOUND('',#11080,.T.);
#11678=FACE_BOUND('',#11081,.T.);
#11679=FACE_BOUND('',#11082,.T.);
#11680=FACE_BOUND('',#11083,.T.);
#11681=FACE_BOUND('',#11084,.T.);
#11682=FACE_BOUND('',#11085,.T.);
#11683=FACE_BOUND('',#11086,.T.);
#11684=FACE_BOUND('',#11087,.T.);
#11685=FACE_BOUND('',#11088,.T.);
#11686=FACE_BOUND('',#11089,.T.);
#11687=FACE_BOUND('',#11090,.T.);
#11688=FACE_BOUND('',#11091,.T.);
#11689=FACE_BOUND('',#11092,.T.);
#11690=FACE_BOUND('',#11093,.T.);
#11691=FACE_BOUND('',#11094,.T.);
#11692=FACE_BOUND('',#11095,.T.);
#11693=FACE_BOUND('',#11096,.T.);
#11694=FACE_BOUND('',#11097,.T.);
#11695=FACE_BOUND('',#11098,.T.);
#11696=FACE_BOUND('',#11099,.T.);
#11697=FACE_BOUND('',#11100,.T.);
#11698=FACE_BOUND('',#11101,.T.);
#11699=FACE_BOUND('',#11102,.T.);
#11700=FACE_BOUND('',#11103,.T.);
#11701=FACE_BOUND('',#11104,.T.);
#11702=FACE_BOUND('',#11105,.T.);
#11703=FACE_BOUND('',#11106,.T.);
#11704=FACE_BOUND('',#11107,.T.);
#11705=FACE_BOUND('',#11108,.T.);
#11706=FACE_BOUND('',#11109,.T.);
#11707=FACE_BOUND('',#11110,.T.);
#11708=FACE_BOUND('',#11111,.T.);
#11709=FACE_BOUND('',#11112,.T.);
#11710=FACE_BOUND('',#11113,.T.);
#11711=FACE_BOUND('',#11114,.T.);
#11712=FACE_BOUND('',#11115,.T.);
#11713=FACE_BOUND('',#11116,.T.);
#11714=FACE_BOUND('',#11117,.T.);
#11715=FACE_BOUND('',#11118,.T.);
#11716=FACE_BOUND('',#11119,.T.);
#11717=FACE_BOUND('',#11120,.T.);
#11718=FACE_BOUND('',#11121,.T.);
#11719=FACE_BOUND('',#11122,.T.);
#11720=FACE_BOUND('',#11123,.T.);
#11721=FACE_BOUND('',#11124,.T.);
#11722=FACE_BOUND('',#11125,.T.);
#11723=FACE_BOUND('',#11126,.T.);
#11724=FACE_BOUND('',#11127,.T.);
#11725=FACE_BOUND('',#11128,.T.);
#11726=FACE_BOUND('',#11129,.T.);
#11727=FACE_BOUND('',#11130,.T.);
#11728=FACE_BOUND('',#11131,.T.);
#11729=FACE_BOUND('',#11132,.T.);
#11730=FACE_BOUND('',#11133,.T.);
#11731=FACE_BOUND('',#11134,.T.);
#11732=FACE_BOUND('',#11135,.T.);
#11733=FACE_BOUND('',#11136,.T.);
#11734=FACE_BOUND('',#11137,.T.);
#11735=FACE_BOUND('',#11138,.T.);
#11736=FACE_BOUND('',#11139,.T.);
#11737=FACE_BOUND('',#11140,.T.);
#11738=FACE_BOUND('',#11141,.T.);
#11739=FACE_BOUND('',#11142,.T.);
#11740=FACE_BOUND('',#11143,.T.);
#11741=FACE_BOUND('',#11144,.T.);
#11742=FACE_BOUND('',#11145,.T.);
#11743=FACE_BOUND('',#11146,.T.);
#11744=FACE_BOUND('',#11147,.T.);
#11745=FACE_BOUND('',#11148,.T.);
#11746=FACE_BOUND('',#11149,.T.);
#11747=FACE_BOUND('',#11150,.T.);
#11748=FACE_BOUND('',#11151,.T.);
#11749=FACE_BOUND('',#11152,.T.);
#11750=FACE_BOUND('',#11153,.T.);
#11751=FACE_BOUND('',#11154,.T.);
#11752=FACE_BOUND('',#11155,.T.);
#11753=FACE_BOUND('',#11156,.T.);
#11754=FACE_BOUND('',#11157,.T.);
#11755=FACE_BOUND('',#11158,.T.);
#11756=FACE_BOUND('',#11159,.T.);
#11757=FACE_BOUND('',#11160,.T.);
#11758=FACE_BOUND('',#11161,.T.);
#11759=FACE_BOUND('',#11162,.T.);
#11760=FACE_BOUND('',#11163,.T.);
#11761=FACE_BOUND('',#11164,.T.);
#11762=FACE_BOUND('',#11165,.T.);
#11763=FACE_BOUND('',#11166,.T.);
#11764=FACE_BOUND('',#11167,.T.);
#11765=FACE_BOUND('',#11168,.T.);
#11766=FACE_BOUND('',#11169,.T.);
#11767=FACE_BOUND('',#11170,.T.);
#11768=FACE_BOUND('',#11171,.T.);
#11769=FACE_BOUND('',#11172,.T.);
#11770=FACE_BOUND('',#11173,.T.);
#11771=FACE_BOUND('',#11174,.T.);
#11772=FACE_BOUND('',#11175,.T.);
#11773=FACE_BOUND('',#11176,.T.);
#11774=FACE_BOUND('',#11177,.T.);
#11775=FACE_BOUND('',#11178,.T.);
#11776=FACE_BOUND('',#11179,.T.);
#11777=FACE_BOUND('',#11180,.T.);
#11778=FACE_BOUND('',#11181,.T.);
#11779=FACE_BOUND('',#11182,.T.);
#11780=FACE_BOUND('',#11183,.T.);
#11781=FACE_BOUND('',#11184,.T.);
#11782=FACE_BOUND('',#11185,.T.);
#11783=FACE_BOUND('',#11186,.T.);
#11784=FACE_BOUND('',#11187,.T.);
#11785=FACE_BOUND('',#11188,.T.);
#11786=FACE_BOUND('',#11189,.T.);
#11787=FACE_BOUND('',#11190,.T.);
#11788=FACE_BOUND('',#11191,.T.);
#11789=FACE_BOUND('',#11192,.T.);
#11790=FACE_BOUND('',#11193,.T.);
#11791=FACE_BOUND('',#11194,.T.);
#11792=FACE_BOUND('',#11195,.T.);
#11793=FACE_BOUND('',#11196,.T.);
#11794=FACE_BOUND('',#11197,.T.);
#11795=FACE_BOUND('',#11198,.T.);
#11796=FACE_BOUND('',#11199,.T.);
#11797=FACE_BOUND('',#11200,.T.);
#11798=FACE_BOUND('',#11201,.T.);
#11799=FACE_BOUND('',#11202,.T.);
#11800=FACE_BOUND('',#11203,.T.);
#11801=FACE_BOUND('',#11204,.T.);
#11802=FACE_BOUND('',#11205,.T.);
#11803=FACE_BOUND('',#11206,.T.);
#11804=FACE_BOUND('',#11207,.T.);
#11805=FACE_BOUND('',#11208,.T.);
#11806=FACE_BOUND('',#11209,.T.);
#11807=FACE_BOUND('',#11210,.T.);
#11808=FACE_BOUND('',#11211,.T.);
#11809=FACE_BOUND('',#11212,.T.);
#11810=FACE_BOUND('',#11213,.T.);
#11811=FACE_BOUND('',#11214,.T.);
#11812=FACE_BOUND('',#11215,.T.);
#11813=FACE_BOUND('',#11216,.T.);
#11814=FACE_BOUND('',#11217,.T.);
#11815=FACE_BOUND('',#11218,.T.);
#11816=FACE_BOUND('',#11219,.T.);
#11817=FACE_BOUND('',#11220,.T.);
#11818=FACE_BOUND('',#11221,.T.);
#11819=FACE_BOUND('',#11222,.T.);
#11820=FACE_BOUND('',#11223,.T.);
#11821=FACE_BOUND('',#11224,.T.);
#11822=FACE_BOUND('',#11225,.T.);
#11823=FACE_BOUND('',#11226,.T.);
#11824=FACE_BOUND('',#11227,.T.);
#11825=FACE_BOUND('',#11228,.T.);
#11826=FACE_BOUND('',#11229,.T.);
#11827=FACE_BOUND('',#11230,.T.);
#11828=FACE_BOUND('',#11231,.T.);
#11829=FACE_BOUND('',#11232,.T.);
#11830=FACE_BOUND('',#11233,.T.);
#11831=FACE_BOUND('',#11234,.T.);
#11832=FACE_BOUND('',#11235,.T.);
#11833=FACE_BOUND('',#11236,.T.);
#11834=FACE_BOUND('',#11237,.T.);
#11835=FACE_BOUND('',#11238,.T.);
#11836=FACE_BOUND('',#11239,.T.);
#11837=FACE_BOUND('',#11240,.T.);
#11838=FACE_BOUND('',#11241,.T.);
#11839=FACE_BOUND('',#11242,.T.);
#11840=FACE_BOUND('',#11243,.T.);
#11841=FACE_BOUND('',#11244,.T.);
#11842=PLANE('',#13052);
#11843=PLANE('',#13053);
#11844=PLANE('',#13054);
#11845=PLANE('',#13055);
#11846=PLANE('',#13056);
#11847=PLANE('',#13057);
#11848=PLANE('',#13058);
#11849=PLANE('',#13059);
#11850=PLANE('',#13060);
#11851=PLANE('',#13061);
#11852=PLANE('',#13062);
#11853=PLANE('',#13063);
#11854=PLANE('',#13064);
#11855=PLANE('',#13065);
#11856=PLANE('',#13066);
#11857=PLANE('',#13067);
#11858=PLANE('',#13068);
#11859=PLANE('',#13069);
#11860=PLANE('',#13070);
#11861=PLANE('',#13071);
#11862=PLANE('',#13072);
#11863=PLANE('',#13073);
#11864=PLANE('',#13074);
#11865=PLANE('',#13075);
#11866=PLANE('',#13076);
#11867=PLANE('',#13077);
#11868=PLANE('',#13078);
#11869=PLANE('',#13079);
#11870=PLANE('',#13080);
#11871=PLANE('',#13081);
#11872=PLANE('',#13082);
#11873=PLANE('',#13083);
#11874=PLANE('',#13084);
#11875=PLANE('',#13085);
#11876=PLANE('',#13086);
#11877=PLANE('',#13087);
#11878=PLANE('',#13088);
#11879=PLANE('',#13089);
#11880=PLANE('',#13090);
#11881=PLANE('',#13091);
#11882=PLANE('',#13092);
#11883=PLANE('',#13093);
#11884=PLANE('',#13094);
#11885=PLANE('',#13095);
#11886=PLANE('',#13096);
#11887=PLANE('',#13097);
#11888=PLANE('',#13098);
#11889=PLANE('',#13099);
#11890=PLANE('',#13100);
#11891=PLANE('',#13101);
#11892=PLANE('',#13102);
#11893=PLANE('',#13103);
#11894=PLANE('',#13104);
#11895=PLANE('',#13105);
#11896=PLANE('',#13106);
#11897=PLANE('',#13107);
#11898=PLANE('',#13108);
#11899=PLANE('',#13109);
#11900=PLANE('',#13112);
#11901=PLANE('',#13113);
#11902=PLANE('',#13115);
#11903=PLANE('',#13117);
#11904=PLANE('',#13118);
#11905=PLANE('',#13119);
#11906=PLANE('',#13120);
#11907=PLANE('',#13121);
#11908=PLANE('',#13122);
#11909=PLANE('',#13123);
#11910=PLANE('',#13126);
#11911=PLANE('',#13128);
#11912=PLANE('',#13130);
#11913=PLANE('',#13132);
#11914=PLANE('',#13134);
#11915=PLANE('',#13135);
#11916=PLANE('',#13136);
#11917=PLANE('',#13137);
#11918=PLANE('',#13138);
#11919=PLANE('',#13139);
#11920=PLANE('',#13141);
#11921=PLANE('',#13143);
#11922=PLANE('',#13146);
#11923=PLANE('',#13147);
#11924=PLANE('',#13148);
#11925=PLANE('',#13149);
#11926=PLANE('',#13150);
#11927=PLANE('',#13151);
#11928=PLANE('',#13152);
#11929=PLANE('',#13153);
#11930=PLANE('',#13154);
#11931=PLANE('',#13155);
#11932=PLANE('',#13156);
#11933=PLANE('',#13157);
#11934=PLANE('',#13161);
#11935=PLANE('',#13162);
#11936=PLANE('',#13164);
#11937=PLANE('',#13167);
#11938=PLANE('',#13168);
#11939=PLANE('',#13169);
#11940=PLANE('',#13170);
#11941=PLANE('',#13171);
#11942=PLANE('',#13174);
#11943=PLANE('',#13175);
#11944=PLANE('',#13176);
#11945=PLANE('',#13177);
#11946=PLANE('',#13178);
#11947=PLANE('',#13179);
#11948=PLANE('',#13180);
#11949=PLANE('',#13181);
#11950=PLANE('',#13182);
#11951=PLANE('',#13183);
#11952=PLANE('',#13184);
#11953=PLANE('',#13185);
#11954=PLANE('',#13186);
#11955=PLANE('',#13187);
#11956=PLANE('',#13188);
#11957=PLANE('',#13189);
#11958=PLANE('',#13190);
#11959=PLANE('',#13191);
#11960=PLANE('',#13192);
#11961=PLANE('',#13193);
#11962=PLANE('',#13194);
#11963=PLANE('',#13195);
#11964=PLANE('',#13196);
#11965=PLANE('',#13197);
#11966=PLANE('',#13198);
#11967=PLANE('',#13199);
#11968=PLANE('',#13200);
#11969=PLANE('',#13201);
#11970=PLANE('',#13202);
#11971=PLANE('',#13203);
#11972=PLANE('',#13204);
#11973=PLANE('',#13205);
#11974=PLANE('',#13206);
#11975=PLANE('',#13207);
#11976=PLANE('',#13208);
#11977=PLANE('',#13209);
#11978=PLANE('',#13210);
#11979=PLANE('',#13211);
#11980=PLANE('',#13212);
#11981=PLANE('',#13213);
#11982=PLANE('',#13214);
#11983=PLANE('',#13215);
#11984=PLANE('',#13218);
#11985=PLANE('',#13221);
#11986=PLANE('',#13222);
#11987=PLANE('',#13223);
#11988=PLANE('',#13226);
#11989=PLANE('',#13229);
#11990=PLANE('',#13230);
#11991=PLANE('',#13231);
#11992=PLANE('',#13232);
#11993=PLANE('',#13233);
#11994=PLANE('',#13234);
#11995=PLANE('',#13235);
#11996=PLANE('',#13236);
#11997=PLANE('',#13237);
#11998=PLANE('',#13238);
#11999=PLANE('',#13239);
#12000=PLANE('',#13240);
#12001=PLANE('',#13241);
#12002=PLANE('',#13242);
#12003=PLANE('',#13243);
#12004=PLANE('',#13244);
#12005=PLANE('',#13245);
#12006=PLANE('',#13246);
#12007=PLANE('',#13247);
#12008=PLANE('',#13248);
#12009=PLANE('',#13249);
#12010=PLANE('',#13250);
#12011=PLANE('',#13251);
#12012=PLANE('',#13252);
#12013=PLANE('',#13253);
#12014=PLANE('',#13254);
#12015=PLANE('',#13255);
#12016=PLANE('',#13256);
#12017=PLANE('',#13257);
#12018=PLANE('',#13258);
#12019=PLANE('',#13259);
#12020=PLANE('',#13260);
#12021=PLANE('',#13261);
#12022=PLANE('',#13262);
#12023=PLANE('',#13263);
#12024=PLANE('',#13264);
#12025=PLANE('',#13265);
#12026=PLANE('',#13266);
#12027=PLANE('',#13267);
#12028=PLANE('',#13269);
#12029=PLANE('',#13270);
#12030=PLANE('',#13271);
#12031=PLANE('',#13272);
#12032=PLANE('',#13273);
#12033=PLANE('',#13274);
#12034=PLANE('',#13275);
#12035=PLANE('',#13276);
#12036=PLANE('',#13277);
#12037=PLANE('',#13278);
#12038=PLANE('',#13279);
#12039=PLANE('',#13280);
#12040=PLANE('',#13281);
#12041=PLANE('',#13282);
#12042=PLANE('',#13283);
#12043=PLANE('',#13284);
#12044=PLANE('',#13285);
#12045=PLANE('',#13286);
#12046=PLANE('',#13287);
#12047=PLANE('',#13288);
#12048=PLANE('',#13289);
#12049=PLANE('',#13290);
#12050=PLANE('',#13291);
#12051=PLANE('',#13292);
#12052=PLANE('',#13293);
#12053=PLANE('',#13294);
#12054=PLANE('',#13295);
#12055=PLANE('',#13296);
#12056=PLANE('',#13297);
#12057=PLANE('',#13298);
#12058=PLANE('',#13299);
#12059=PLANE('',#13300);
#12060=PLANE('',#13301);
#12061=PLANE('',#13302);
#12062=PLANE('',#13303);
#12063=PLANE('',#13304);
#12064=PLANE('',#13305);
#12065=PLANE('',#13306);
#12066=PLANE('',#13307);
#12067=PLANE('',#13308);
#12068=PLANE('',#13309);
#12069=PLANE('',#13310);
#12070=PLANE('',#13311);
#12071=PLANE('',#13312);
#12072=PLANE('',#13313);
#12073=PLANE('',#13314);
#12074=PLANE('',#13315);
#12075=PLANE('',#13316);
#12076=PLANE('',#13317);
#12077=PLANE('',#13318);
#12078=PLANE('',#13319);
#12079=PLANE('',#13320);
#12080=PLANE('',#13321);
#12081=PLANE('',#13322);
#12082=PLANE('',#13323);
#12083=PLANE('',#13324);
#12084=PLANE('',#13325);
#12085=PLANE('',#13326);
#12086=PLANE('',#13327);
#12087=PLANE('',#13328);
#12088=PLANE('',#13329);
#12089=PLANE('',#13330);
#12090=PLANE('',#13331);
#12091=PLANE('',#13332);
#12092=PLANE('',#13333);
#12093=PLANE('',#13334);
#12094=PLANE('',#13335);
#12095=PLANE('',#13336);
#12096=PLANE('',#13337);
#12097=PLANE('',#13338);
#12098=PLANE('',#13339);
#12099=PLANE('',#13340);
#12100=PLANE('',#13341);
#12101=PLANE('',#13342);
#12102=PLANE('',#13343);
#12103=PLANE('',#13344);
#12104=PLANE('',#13345);
#12105=PLANE('',#13346);
#12106=PLANE('',#13347);
#12107=PLANE('',#13348);
#12108=PLANE('',#13349);
#12109=PLANE('',#13350);
#12110=PLANE('',#13351);
#12111=PLANE('',#13352);
#12112=PLANE('',#13353);
#12113=PLANE('',#13354);
#12114=PLANE('',#13355);
#12115=PLANE('',#13356);
#12116=PLANE('',#13357);
#12117=PLANE('',#13358);
#12118=PLANE('',#13359);
#12119=PLANE('',#13360);
#12120=PLANE('',#13361);
#12121=PLANE('',#13362);
#12122=PLANE('',#13363);
#12123=PLANE('',#13364);
#12124=PLANE('',#13365);
#12125=PLANE('',#13366);
#12126=PLANE('',#13367);
#12127=PLANE('',#13368);
#12128=PLANE('',#13369);
#12129=PLANE('',#13370);
#12130=PLANE('',#13371);
#12131=PLANE('',#13372);
#12132=PLANE('',#13373);
#12133=PLANE('',#13374);
#12134=PLANE('',#13375);
#12135=PLANE('',#13376);
#12136=PLANE('',#13377);
#12137=PLANE('',#13378);
#12138=PLANE('',#13379);
#12139=PLANE('',#13380);
#12140=PLANE('',#13381);
#12141=PLANE('',#13382);
#12142=PLANE('',#13383);
#12143=PLANE('',#13384);
#12144=PLANE('',#13385);
#12145=PLANE('',#13386);
#12146=PLANE('',#13387);
#12147=PLANE('',#13388);
#12148=PLANE('',#13389);
#12149=PLANE('',#13390);
#12150=PLANE('',#13391);
#12151=PLANE('',#13392);
#12152=PLANE('',#13393);
#12153=PLANE('',#13394);
#12154=PLANE('',#13395);
#12155=PLANE('',#13396);
#12156=PLANE('',#13397);
#12157=PLANE('',#13398);
#12158=PLANE('',#13399);
#12159=PLANE('',#13400);
#12160=PLANE('',#13401);
#12161=PLANE('',#13402);
#12162=PLANE('',#13403);
#12163=PLANE('',#13404);
#12164=PLANE('',#13405);
#12165=PLANE('',#13406);
#12166=PLANE('',#13407);
#12167=PLANE('',#13408);
#12168=PLANE('',#13409);
#12169=PLANE('',#13410);
#12170=PLANE('',#13411);
#12171=PLANE('',#13412);
#12172=PLANE('',#13413);
#12173=PLANE('',#13414);
#12174=PLANE('',#13415);
#12175=PLANE('',#13416);
#12176=PLANE('',#13417);
#12177=PLANE('',#13418);
#12178=PLANE('',#13419);
#12179=PLANE('',#13420);
#12180=PLANE('',#13421);
#12181=PLANE('',#13422);
#12182=PLANE('',#13423);
#12183=PLANE('',#13424);
#12184=PLANE('',#13425);
#12185=PLANE('',#13426);
#12186=PLANE('',#13427);
#12187=PLANE('',#13428);
#12188=PLANE('',#13429);
#12189=PLANE('',#13430);
#12190=PLANE('',#13431);
#12191=PLANE('',#13432);
#12192=PLANE('',#13433);
#12193=PLANE('',#13434);
#12194=PLANE('',#13435);
#12195=PLANE('',#13436);
#12196=PLANE('',#13437);
#12197=PLANE('',#13438);
#12198=PLANE('',#13439);
#12199=PLANE('',#13440);
#12200=PLANE('',#13441);
#12201=PLANE('',#13442);
#12202=PLANE('',#13443);
#12203=PLANE('',#13444);
#12204=PLANE('',#13445);
#12205=PLANE('',#13446);
#12206=PLANE('',#13448);
#12207=PLANE('',#13449);
#12208=PLANE('',#13450);
#12209=PLANE('',#13451);
#12210=PLANE('',#13452);
#12211=PLANE('',#13453);
#12212=PLANE('',#13454);
#12213=PLANE('',#13455);
#12214=PLANE('',#13456);
#12215=PLANE('',#13457);
#12216=PLANE('',#13458);
#12217=PLANE('',#13459);
#12218=PLANE('',#13460);
#12219=PLANE('',#13461);
#12220=PLANE('',#13462);
#12221=PLANE('',#13463);
#12222=PLANE('',#13464);
#12223=PLANE('',#13465);
#12224=PLANE('',#13466);
#12225=PLANE('',#13467);
#12226=PLANE('',#13468);
#12227=PLANE('',#13471);
#12228=PLANE('',#13474);
#12229=PLANE('',#13476);
#12230=PLANE('',#13478);
#12231=PLANE('',#13479);
#12232=PLANE('',#13481);
#12233=PLANE('',#13483);
#12234=PLANE('',#13484);
#12235=PLANE('',#13486);
#12236=PLANE('',#13488);
#12237=PLANE('',#13489);
#12238=PLANE('',#13491);
#12239=PLANE('',#13493);
#12240=PLANE('',#13494);
#12241=PLANE('',#13496);
#12242=PLANE('',#13498);
#12243=PLANE('',#13499);
#12244=PLANE('',#13501);
#12245=PLANE('',#13503);
#12246=PLANE('',#13504);
#12247=PLANE('',#13506);
#12248=PLANE('',#13508);
#12249=PLANE('',#13509);
#12250=PLANE('',#13511);
#12251=PLANE('',#13513);
#12252=PLANE('',#13514);
#12253=PLANE('',#13515);
#12254=PLANE('',#13517);
#12255=PLANE('',#13519);
#12256=PLANE('',#13521);
#12257=PLANE('',#13523);
#12258=PLANE('',#13524);
#12259=PLANE('',#13526);
#12260=PLANE('',#13528);
#12261=PLANE('',#13529);
#12262=PLANE('',#13531);
#12263=PLANE('',#13533);
#12264=PLANE('',#13534);
#12265=PLANE('',#13536);
#12266=PLANE('',#13538);
#12267=PLANE('',#13539);
#12268=PLANE('',#13541);
#12269=PLANE('',#13543);
#12270=PLANE('',#13544);
#12271=PLANE('',#13546);
#12272=PLANE('',#13548);
#12273=PLANE('',#13549);
#12274=PLANE('',#13551);
#12275=PLANE('',#13553);
#12276=PLANE('',#13554);
#12277=PLANE('',#13556);
#12278=PLANE('',#13558);
#12279=PLANE('',#13559);
#12280=PLANE('',#13560);
#12281=PLANE('',#13562);
#12282=PLANE('',#13564);
#12283=PLANE('',#13565);
#12284=PLANE('',#13566);
#12285=PLANE('',#13567);
#12286=PLANE('',#13568);
#12287=PLANE('',#13569);
#12288=PLANE('',#13570);
#12289=PLANE('',#13571);
#12290=PLANE('',#13572);
#12291=PLANE('',#13573);
#12292=PLANE('',#13574);
#12293=PLANE('',#13575);
#12294=PLANE('',#13576);
#12295=PLANE('',#13577);
#12296=PLANE('',#13578);
#12297=PLANE('',#13579);
#12298=PLANE('',#13580);
#12299=PLANE('',#13581);
#12300=PLANE('',#13582);
#12301=PLANE('',#13583);
#12302=PLANE('',#13584);
#12303=PLANE('',#13585);
#12304=PLANE('',#13586);
#12305=PLANE('',#13587);
#12306=PLANE('',#13588);
#12307=PLANE('',#13589);
#12308=PLANE('',#13590);
#12309=PLANE('',#13591);
#12310=PLANE('',#13592);
#12311=PLANE('',#13593);
#12312=PLANE('',#13594);
#12313=PLANE('',#13595);
#12314=PLANE('',#13596);
#12315=PLANE('',#13597);
#12316=PLANE('',#13598);
#12317=PLANE('',#13599);
#12318=PLANE('',#13600);
#12319=PLANE('',#13601);
#12320=PLANE('',#13602);
#12321=PLANE('',#13603);
#12322=PLANE('',#13604);
#12323=PLANE('',#13605);
#12324=PLANE('',#13606);
#12325=PLANE('',#13607);
#12326=PLANE('',#13608);
#12327=PLANE('',#13628);
#12328=PLANE('',#13629);
#12329=PLANE('',#13630);
#12330=PLANE('',#13631);
#12331=PLANE('',#13632);
#12332=PLANE('',#13633);
#12333=PLANE('',#13634);
#12334=PLANE('',#13635);
#12335=PLANE('',#13636);
#12336=PLANE('',#13637);
#12337=PLANE('',#13638);
#12338=PLANE('',#13639);
#12339=PLANE('',#13640);
#12340=PLANE('',#13641);
#12341=PLANE('',#13642);
#12342=PLANE('',#13643);
#12343=PLANE('',#13644);
#12344=PLANE('',#13645);
#12345=PLANE('',#13646);
#12346=PLANE('',#13647);
#12347=PLANE('',#13648);
#12348=PLANE('',#13649);
#12349=PLANE('',#13650);
#12350=PLANE('',#13651);
#12351=PLANE('',#13652);
#12352=PLANE('',#13653);
#12353=PLANE('',#13654);
#12354=PLANE('',#13655);
#12355=PLANE('',#13656);
#12356=PLANE('',#13657);
#12357=PLANE('',#13658);
#12358=PLANE('',#13659);
#12359=PLANE('',#13660);
#12360=PLANE('',#13661);
#12361=PLANE('',#13662);
#12362=PLANE('',#13663);
#12363=PLANE('',#13664);
#12364=PLANE('',#13665);
#12365=PLANE('',#13666);
#12366=PLANE('',#13667);
#12367=PLANE('',#13668);
#12368=PLANE('',#13669);
#12369=PLANE('',#13670);
#12370=PLANE('',#13671);
#12371=PLANE('',#13672);
#12372=PLANE('',#13673);
#12373=PLANE('',#13674);
#12374=PLANE('',#13675);
#12375=PLANE('',#13676);
#12376=PLANE('',#13677);
#12377=PLANE('',#13678);
#12378=PLANE('',#13679);
#12379=PLANE('',#13680);
#12380=PLANE('',#13681);
#12381=PLANE('',#13682);
#12382=PLANE('',#13683);
#12383=PLANE('',#13685);
#12384=PLANE('',#13686);
#12385=PLANE('',#13687);
#12386=PLANE('',#13688);
#12387=PLANE('',#13689);
#12388=PLANE('',#13690);
#12389=PLANE('',#13691);
#12390=PLANE('',#13692);
#12391=PLANE('',#13693);
#12392=PLANE('',#13694);
#12393=PLANE('',#13695);
#12394=PLANE('',#13696);
#12395=PLANE('',#13697);
#12396=PLANE('',#13698);
#12397=PLANE('',#13699);
#12398=PLANE('',#13700);
#12399=PLANE('',#13701);
#12400=PLANE('',#13702);
#12401=PLANE('',#13703);
#12402=PLANE('',#13704);
#12403=PLANE('',#13705);
#12404=PLANE('',#13710);
#12405=PLANE('',#13711);
#12406=ADVANCED_FACE('',(#11245),#11842,.F.);
#12407=ADVANCED_FACE('',(#11246),#11843,.F.);
#12408=ADVANCED_FACE('',(#11247),#11844,.F.);
#12409=ADVANCED_FACE('',(#11248),#11845,.T.);
#12410=ADVANCED_FACE('',(#11249),#11846,.T.);
#12411=ADVANCED_FACE('',(#11250),#11847,.T.);
#12412=ADVANCED_FACE('',(#11251),#11848,.T.);
#12413=ADVANCED_FACE('',(#11252),#11849,.T.);
#12414=ADVANCED_FACE('',(#11253),#11850,.T.);
#12415=ADVANCED_FACE('',(#11254),#11851,.T.);
#12416=ADVANCED_FACE('',(#11255),#11852,.T.);
#12417=ADVANCED_FACE('',(#11256),#11853,.T.);
#12418=ADVANCED_FACE('',(#11257),#11854,.T.);
#12419=ADVANCED_FACE('',(#11258),#11855,.T.);
#12420=ADVANCED_FACE('',(#11259),#11856,.T.);
#12421=ADVANCED_FACE('',(#11260),#11857,.T.);
#12422=ADVANCED_FACE('',(#11261),#11858,.T.);
#12423=ADVANCED_FACE('',(#11262),#11859,.T.);
#12424=ADVANCED_FACE('',(#11263),#11860,.T.);
#12425=ADVANCED_FACE('',(#11264),#11861,.T.);
#12426=ADVANCED_FACE('',(#11265),#11862,.T.);
#12427=ADVANCED_FACE('',(#11266),#11863,.T.);
#12428=ADVANCED_FACE('',(#11267),#11864,.T.);
#12429=ADVANCED_FACE('',(#11268),#11865,.T.);
#12430=ADVANCED_FACE('',(#11269),#11866,.T.);
#12431=ADVANCED_FACE('',(#11270),#11867,.T.);
#12432=ADVANCED_FACE('',(#11271),#11868,.T.);
#12433=ADVANCED_FACE('',(#11272),#11869,.T.);
#12434=ADVANCED_FACE('',(#11273),#11870,.T.);
#12435=ADVANCED_FACE('',(#11274),#11871,.T.);
#12436=ADVANCED_FACE('',(#11275),#11872,.T.);
#12437=ADVANCED_FACE('',(#11276),#11873,.T.);
#12438=ADVANCED_FACE('',(#11277),#11874,.T.);
#12439=ADVANCED_FACE('',(#11278),#11875,.T.);
#12440=ADVANCED_FACE('',(#11279),#11876,.T.);
#12441=ADVANCED_FACE('',(#11280),#11877,.T.);
#12442=ADVANCED_FACE('',(#11281),#11878,.T.);
#12443=ADVANCED_FACE('',(#11282),#11879,.T.);
#12444=ADVANCED_FACE('',(#11283),#11880,.T.);
#12445=ADVANCED_FACE('',(#11284),#11881,.T.);
#12446=ADVANCED_FACE('',(#11285),#11882,.T.);
#12447=ADVANCED_FACE('',(#11286),#11883,.T.);
#12448=ADVANCED_FACE('',(#11287),#11884,.T.);
#12449=ADVANCED_FACE('',(#11288),#11885,.T.);
#12450=ADVANCED_FACE('',(#11289),#11886,.T.);
#12451=ADVANCED_FACE('',(#11290),#11887,.T.);
#12452=ADVANCED_FACE('',(#11291),#11888,.T.);
#12453=ADVANCED_FACE('',(#11292),#11889,.T.);
#12454=ADVANCED_FACE('',(#11293),#11890,.T.);
#12455=ADVANCED_FACE('',(#11294),#11891,.T.);
#12456=ADVANCED_FACE('',(#11295),#11892,.T.);
#12457=ADVANCED_FACE('',(#11296),#11893,.T.);
#12458=ADVANCED_FACE('',(#11297),#11894,.T.);
#12459=ADVANCED_FACE('',(#11298),#11895,.T.);
#12460=ADVANCED_FACE('',(#11299),#11896,.T.);
#12461=ADVANCED_FACE('',(#11300),#11897,.T.);
#12462=ADVANCED_FACE('',(#11301),#11898,.T.);
#12463=ADVANCED_FACE('',(#11302),#11899,.T.);
#12464=ADVANCED_FACE('',(#11303),#11900,.F.);
#12465=ADVANCED_FACE('',(#11304),#11901,.F.);
#12466=ADVANCED_FACE('',(#11305,#11306),#11902,.F.);
#12467=ADVANCED_FACE('',(#11307),#11903,.T.);
#12468=ADVANCED_FACE('',(#11308),#11904,.T.);
#12469=ADVANCED_FACE('',(#11309),#11905,.T.);
#12470=ADVANCED_FACE('',(#11310),#11906,.T.);
#12471=ADVANCED_FACE('',(#11311),#11907,.F.);
#12472=ADVANCED_FACE('',(#11312),#11908,.F.);
#12473=ADVANCED_FACE('',(#11313),#11909,.T.);
#12474=ADVANCED_FACE('',(#11314),#11910,.T.);
#12475=ADVANCED_FACE('',(#11315),#11911,.T.);
#12476=ADVANCED_FACE('',(#11316),#11912,.T.);
#12477=ADVANCED_FACE('',(#11317),#11913,.T.);
#12478=ADVANCED_FACE('',(#11318),#11914,.F.);
#12479=ADVANCED_FACE('',(#11319),#11915,.F.);
#12480=ADVANCED_FACE('',(#11320),#11916,.F.);
#12481=ADVANCED_FACE('',(#11321),#11917,.F.);
#12482=ADVANCED_FACE('',(#11322),#11918,.F.);
#12483=ADVANCED_FACE('',(#11323),#11919,.T.);
#12484=ADVANCED_FACE('',(#11324),#42,.F.);
#12485=ADVANCED_FACE('',(#11325),#11920,.T.);
#12486=ADVANCED_FACE('',(#11326),#43,.F.);
#12487=ADVANCED_FACE('',(#11327),#11921,.T.);
#12488=ADVANCED_FACE('',(#11328),#11922,.T.);
#12489=ADVANCED_FACE('',(#11329),#11923,.T.);
#12490=ADVANCED_FACE('',(#11330),#11924,.T.);
#12491=ADVANCED_FACE('',(#11331),#11925,.T.);
#12492=ADVANCED_FACE('',(#11332),#11926,.T.);
#12493=ADVANCED_FACE('',(#11333),#11927,.T.);
#12494=ADVANCED_FACE('',(#11334),#11928,.T.);
#12495=ADVANCED_FACE('',(#11335),#11929,.T.);
#12496=ADVANCED_FACE('',(#11336),#11930,.T.);
#12497=ADVANCED_FACE('',(#11337),#11931,.T.);
#12498=ADVANCED_FACE('',(#11338),#11932,.T.);
#12499=ADVANCED_FACE('',(#11339),#11933,.T.);
#12500=ADVANCED_FACE('',(#11340),#44,.T.);
#12501=ADVANCED_FACE('',(#11341),#11934,.F.);
#12502=ADVANCED_FACE('',(#11342),#11935,.F.);
#12503=ADVANCED_FACE('',(#11343),#45,.T.);
#12504=ADVANCED_FACE('',(#11344),#11936,.F.);
#12505=ADVANCED_FACE('',(#11345),#46,.T.);
#12506=ADVANCED_FACE('',(#11346),#11937,.F.);
#12507=ADVANCED_FACE('',(#11347),#11938,.F.);
#12508=ADVANCED_FACE('',(#11348),#11939,.F.);
#12509=ADVANCED_FACE('',(#11349),#11940,.F.);
#12510=ADVANCED_FACE('',(#11350),#11941,.F.);
#12511=ADVANCED_FACE('',(#11351),#47,.T.);
#12512=ADVANCED_FACE('',(#11352),#11942,.F.);
#12513=ADVANCED_FACE('',(#11353),#11943,.T.);
#12514=ADVANCED_FACE('',(#11354),#11944,.T.);
#12515=ADVANCED_FACE('',(#11355),#11945,.T.);
#12516=ADVANCED_FACE('',(#11356),#11946,.T.);
#12517=ADVANCED_FACE('',(#11357),#11947,.T.);
#12518=ADVANCED_FACE('',(#11358),#11948,.T.);
#12519=ADVANCED_FACE('',(#11359),#11949,.T.);
#12520=ADVANCED_FACE('',(#11360),#11950,.T.);
#12521=ADVANCED_FACE('',(#11361),#11951,.T.);
#12522=ADVANCED_FACE('',(#11362),#11952,.T.);
#12523=ADVANCED_FACE('',(#11363),#11953,.T.);
#12524=ADVANCED_FACE('',(#11364),#11954,.T.);
#12525=ADVANCED_FACE('',(#11365),#11955,.T.);
#12526=ADVANCED_FACE('',(#11366),#11956,.T.);
#12527=ADVANCED_FACE('',(#11367),#11957,.T.);
#12528=ADVANCED_FACE('',(#11368),#11958,.T.);
#12529=ADVANCED_FACE('',(#11369),#11959,.T.);
#12530=ADVANCED_FACE('',(#11370),#11960,.T.);
#12531=ADVANCED_FACE('',(#11371),#11961,.T.);
#12532=ADVANCED_FACE('',(#11372),#11962,.T.);
#12533=ADVANCED_FACE('',(#11373),#11963,.T.);
#12534=ADVANCED_FACE('',(#11374),#11964,.F.);
#12535=ADVANCED_FACE('',(#11375),#11965,.F.);
#12536=ADVANCED_FACE('',(#11376),#11966,.F.);
#12537=ADVANCED_FACE('',(#11377),#11967,.F.);
#12538=ADVANCED_FACE('',(#11378),#11968,.F.);
#12539=ADVANCED_FACE('',(#11379),#11969,.F.);
#12540=ADVANCED_FACE('',(#11380),#11970,.F.);
#12541=ADVANCED_FACE('',(#11381),#11971,.T.);
#12542=ADVANCED_FACE('',(#11382),#11972,.F.);
#12543=ADVANCED_FACE('',(#11383),#11973,.F.);
#12544=ADVANCED_FACE('',(#11384),#11974,.F.);
#12545=ADVANCED_FACE('',(#11385),#11975,.F.);
#12546=ADVANCED_FACE('',(#11386),#11976,.F.);
#12547=ADVANCED_FACE('',(#11387),#11977,.F.);
#12548=ADVANCED_FACE('',(#11388),#11978,.F.);
#12549=ADVANCED_FACE('',(#11389),#11979,.F.);
#12550=ADVANCED_FACE('',(#11390),#11980,.F.);
#12551=ADVANCED_FACE('',(#11391),#11981,.F.);
#12552=ADVANCED_FACE('',(#11392),#11982,.T.);
#12553=ADVANCED_FACE('',(#11393),#11983,.F.);
#12554=ADVANCED_FACE('',(#11394),#48,.F.);
#12555=ADVANCED_FACE('',(#11395),#11984,.F.);
#12556=ADVANCED_FACE('',(#11396),#49,.F.);
#12557=ADVANCED_FACE('',(#11397),#11985,.F.);
#12558=ADVANCED_FACE('',(#11398),#11986,.T.);
#12559=ADVANCED_FACE('',(#11399),#11987,.T.);
#12560=ADVANCED_FACE('',(#11400),#50,.F.);
#12561=ADVANCED_FACE('',(#11401),#11988,.T.);
#12562=ADVANCED_FACE('',(#11402),#51,.F.);
#12563=ADVANCED_FACE('',(#11403),#11989,.T.);
#12564=ADVANCED_FACE('',(#11404),#11990,.F.);
#12565=ADVANCED_FACE('',(#11405),#11991,.T.);
#12566=ADVANCED_FACE('',(#11406),#11992,.T.);
#12567=ADVANCED_FACE('',(#11407),#11993,.T.);
#12568=ADVANCED_FACE('',(#11408),#11994,.T.);
#12569=ADVANCED_FACE('',(#11409),#11995,.T.);
#12570=ADVANCED_FACE('',(#11410),#11996,.T.);
#12571=ADVANCED_FACE('',(#11411),#11997,.T.);
#12572=ADVANCED_FACE('',(#11412),#11998,.T.);
#12573=ADVANCED_FACE('',(#11413),#11999,.T.);
#12574=ADVANCED_FACE('',(#11414),#12000,.T.);
#12575=ADVANCED_FACE('',(#11415),#12001,.F.);
#12576=ADVANCED_FACE('',(#11416),#12002,.T.);
#12577=ADVANCED_FACE('',(#11417),#12003,.T.);
#12578=ADVANCED_FACE('',(#11418),#12004,.T.);
#12579=ADVANCED_FACE('',(#11419),#12005,.T.);
#12580=ADVANCED_FACE('',(#11420),#12006,.T.);
#12581=ADVANCED_FACE('',(#11421),#12007,.T.);
#12582=ADVANCED_FACE('',(#11422),#12008,.T.);
#12583=ADVANCED_FACE('',(#11423),#12009,.T.);
#12584=ADVANCED_FACE('',(#11424),#12010,.T.);
#12585=ADVANCED_FACE('',(#11425),#12011,.T.);
#12586=ADVANCED_FACE('',(#11426),#12012,.T.);
#12587=ADVANCED_FACE('',(#11427),#12013,.T.);
#12588=ADVANCED_FACE('',(#11428),#12014,.T.);
#12589=ADVANCED_FACE('',(#11429),#12015,.T.);
#12590=ADVANCED_FACE('',(#11430),#12016,.T.);
#12591=ADVANCED_FACE('',(#11431),#12017,.T.);
#12592=ADVANCED_FACE('',(#11432),#12018,.T.);
#12593=ADVANCED_FACE('',(#11433),#12019,.T.);
#12594=ADVANCED_FACE('',(#11434),#12020,.T.);
#12595=ADVANCED_FACE('',(#11435),#12021,.T.);
#12596=ADVANCED_FACE('',(#11436),#12022,.T.);
#12597=ADVANCED_FACE('',(#11437),#12023,.T.);
#12598=ADVANCED_FACE('',(#11438),#12024,.F.);
#12599=ADVANCED_FACE('',(#11439),#12025,.F.);
#12600=ADVANCED_FACE('',(#11440),#12026,.F.);
#12601=ADVANCED_FACE('',(#11441),#12027,.T.);
#12602=ADVANCED_FACE('',(#11442),#12028,.F.);
#12603=ADVANCED_FACE('',(#11443),#12029,.F.);
#12604=ADVANCED_FACE('',(#11444),#12030,.F.);
#12605=ADVANCED_FACE('',(#11445),#12031,.F.);
#12606=ADVANCED_FACE('',(#11446),#12032,.F.);
#12607=ADVANCED_FACE('',(#11447),#12033,.F.);
#12608=ADVANCED_FACE('',(#11448),#12034,.F.);
#12609=ADVANCED_FACE('',(#11449),#12035,.F.);
#12610=ADVANCED_FACE('',(#11450),#12036,.F.);
#12611=ADVANCED_FACE('',(#11451),#12037,.F.);
#12612=ADVANCED_FACE('',(#11452),#12038,.F.);
#12613=ADVANCED_FACE('',(#11453),#12039,.F.);
#12614=ADVANCED_FACE('',(#11454),#12040,.F.);
#12615=ADVANCED_FACE('',(#11455),#12041,.F.);
#12616=ADVANCED_FACE('',(#11456),#12042,.F.);
#12617=ADVANCED_FACE('',(#11457),#12043,.F.);
#12618=ADVANCED_FACE('',(#11458),#12044,.F.);
#12619=ADVANCED_FACE('',(#11459),#12045,.F.);
#12620=ADVANCED_FACE('',(#11460),#12046,.F.);
#12621=ADVANCED_FACE('',(#11461),#12047,.F.);
#12622=ADVANCED_FACE('',(#11462),#12048,.T.);
#12623=ADVANCED_FACE('',(#11463),#12049,.F.);
#12624=ADVANCED_FACE('',(#11464),#12050,.T.);
#12625=ADVANCED_FACE('',(#11465),#12051,.T.);
#12626=ADVANCED_FACE('',(#11466),#12052,.T.);
#12627=ADVANCED_FACE('',(#11467),#12053,.T.);
#12628=ADVANCED_FACE('',(#11468),#12054,.T.);
#12629=ADVANCED_FACE('',(#11469),#12055,.T.);
#12630=ADVANCED_FACE('',(#11470),#12056,.T.);
#12631=ADVANCED_FACE('',(#11471),#12057,.T.);
#12632=ADVANCED_FACE('',(#11472),#12058,.T.);
#12633=ADVANCED_FACE('',(#11473),#12059,.T.);
#12634=ADVANCED_FACE('',(#11474),#12060,.T.);
#12635=ADVANCED_FACE('',(#11475),#12061,.T.);
#12636=ADVANCED_FACE('',(#11476),#12062,.T.);
#12637=ADVANCED_FACE('',(#11477),#12063,.T.);
#12638=ADVANCED_FACE('',(#11478),#12064,.T.);
#12639=ADVANCED_FACE('',(#11479),#12065,.T.);
#12640=ADVANCED_FACE('',(#11480),#12066,.T.);
#12641=ADVANCED_FACE('',(#11481),#12067,.T.);
#12642=ADVANCED_FACE('',(#11482),#12068,.T.);
#12643=ADVANCED_FACE('',(#11483),#12069,.T.);
#12644=ADVANCED_FACE('',(#11484),#12070,.T.);
#12645=ADVANCED_FACE('',(#11485),#12071,.T.);
#12646=ADVANCED_FACE('',(#11486),#12072,.T.);
#12647=ADVANCED_FACE('',(#11487),#12073,.T.);
#12648=ADVANCED_FACE('',(#11488),#12074,.T.);
#12649=ADVANCED_FACE('',(#11489),#12075,.T.);
#12650=ADVANCED_FACE('',(#11490),#12076,.T.);
#12651=ADVANCED_FACE('',(#11491),#12077,.F.);
#12652=ADVANCED_FACE('',(#11492),#12078,.F.);
#12653=ADVANCED_FACE('',(#11493),#12079,.F.);
#12654=ADVANCED_FACE('',(#11494),#12080,.F.);
#12655=ADVANCED_FACE('',(#11495),#12081,.F.);
#12656=ADVANCED_FACE('',(#11496),#12082,.F.);
#12657=ADVANCED_FACE('',(#11497),#12083,.F.);
#12658=ADVANCED_FACE('',(#11498),#12084,.F.);
#12659=ADVANCED_FACE('',(#11499),#12085,.F.);
#12660=ADVANCED_FACE('',(#11500),#12086,.F.);
#12661=ADVANCED_FACE('',(#11501),#12087,.F.);
#12662=ADVANCED_FACE('',(#11502),#12088,.F.);
#12663=ADVANCED_FACE('',(#11503),#12089,.F.);
#12664=ADVANCED_FACE('',(#11504),#12090,.F.);
#12665=ADVANCED_FACE('',(#11505),#12091,.F.);
#12666=ADVANCED_FACE('',(#11506),#12092,.F.);
#12667=ADVANCED_FACE('',(#11507),#12093,.F.);
#12668=ADVANCED_FACE('',(#11508),#12094,.F.);
#12669=ADVANCED_FACE('',(#11509),#12095,.F.);
#12670=ADVANCED_FACE('',(#11510),#12096,.F.);
#12671=ADVANCED_FACE('',(#11511),#12097,.F.);
#12672=ADVANCED_FACE('',(#11512),#12098,.F.);
#12673=ADVANCED_FACE('',(#11513),#12099,.F.);
#12674=ADVANCED_FACE('',(#11514),#12100,.F.);
#12675=ADVANCED_FACE('',(#11515),#12101,.F.);
#12676=ADVANCED_FACE('',(#11516),#12102,.F.);
#12677=ADVANCED_FACE('',(#11517),#12103,.F.);
#12678=ADVANCED_FACE('',(#11518),#12104,.F.);
#12679=ADVANCED_FACE('',(#11519),#12105,.F.);
#12680=ADVANCED_FACE('',(#11520),#12106,.F.);
#12681=ADVANCED_FACE('',(#11521),#12107,.F.);
#12682=ADVANCED_FACE('',(#11522),#12108,.F.);
#12683=ADVANCED_FACE('',(#11523),#12109,.F.);
#12684=ADVANCED_FACE('',(#11524),#12110,.F.);
#12685=ADVANCED_FACE('',(#11525),#12111,.F.);
#12686=ADVANCED_FACE('',(#11526),#12112,.F.);
#12687=ADVANCED_FACE('',(#11527),#12113,.F.);
#12688=ADVANCED_FACE('',(#11528),#12114,.F.);
#12689=ADVANCED_FACE('',(#11529),#12115,.F.);
#12690=ADVANCED_FACE('',(#11530),#12116,.F.);
#12691=ADVANCED_FACE('',(#11531),#12117,.F.);
#12692=ADVANCED_FACE('',(#11532),#12118,.F.);
#12693=ADVANCED_FACE('',(#11533),#12119,.F.);
#12694=ADVANCED_FACE('',(#11534),#12120,.F.);
#12695=ADVANCED_FACE('',(#11535),#12121,.F.);
#12696=ADVANCED_FACE('',(#11536),#12122,.F.);
#12697=ADVANCED_FACE('',(#11537),#12123,.F.);
#12698=ADVANCED_FACE('',(#11538),#12124,.F.);
#12699=ADVANCED_FACE('',(#11539),#12125,.F.);
#12700=ADVANCED_FACE('',(#11540),#12126,.F.);
#12701=ADVANCED_FACE('',(#11541),#12127,.F.);
#12702=ADVANCED_FACE('',(#11542),#12128,.F.);
#12703=ADVANCED_FACE('',(#11543),#12129,.F.);
#12704=ADVANCED_FACE('',(#11544),#12130,.F.);
#12705=ADVANCED_FACE('',(#11545),#12131,.F.);
#12706=ADVANCED_FACE('',(#11546),#12132,.F.);
#12707=ADVANCED_FACE('',(#11547),#12133,.F.);
#12708=ADVANCED_FACE('',(#11548),#12134,.F.);
#12709=ADVANCED_FACE('',(#11549),#12135,.F.);
#12710=ADVANCED_FACE('',(#11550),#12136,.F.);
#12711=ADVANCED_FACE('',(#11551),#12137,.F.);
#12712=ADVANCED_FACE('',(#11552),#12138,.F.);
#12713=ADVANCED_FACE('',(#11553),#12139,.F.);
#12714=ADVANCED_FACE('',(#11554),#12140,.F.);
#12715=ADVANCED_FACE('',(#11555),#12141,.F.);
#12716=ADVANCED_FACE('',(#11556),#12142,.F.);
#12717=ADVANCED_FACE('',(#11557),#12143,.F.);
#12718=ADVANCED_FACE('',(#11558),#12144,.F.);
#12719=ADVANCED_FACE('',(#11559),#12145,.F.);
#12720=ADVANCED_FACE('',(#11560),#12146,.F.);
#12721=ADVANCED_FACE('',(#11561),#12147,.F.);
#12722=ADVANCED_FACE('',(#11562),#12148,.F.);
#12723=ADVANCED_FACE('',(#11563),#12149,.F.);
#12724=ADVANCED_FACE('',(#11564),#12150,.F.);
#12725=ADVANCED_FACE('',(#11565),#12151,.F.);
#12726=ADVANCED_FACE('',(#11566),#12152,.F.);
#12727=ADVANCED_FACE('',(#11567),#12153,.F.);
#12728=ADVANCED_FACE('',(#11568),#12154,.F.);
#12729=ADVANCED_FACE('',(#11569),#12155,.F.);
#12730=ADVANCED_FACE('',(#11570),#12156,.F.);
#12731=ADVANCED_FACE('',(#11571),#12157,.F.);
#12732=ADVANCED_FACE('',(#11572),#12158,.F.);
#12733=ADVANCED_FACE('',(#11573),#12159,.F.);
#12734=ADVANCED_FACE('',(#11574),#12160,.F.);
#12735=ADVANCED_FACE('',(#11575),#12161,.F.);
#12736=ADVANCED_FACE('',(#11576),#12162,.F.);
#12737=ADVANCED_FACE('',(#11577),#12163,.F.);
#12738=ADVANCED_FACE('',(#11578),#12164,.F.);
#12739=ADVANCED_FACE('',(#11579),#12165,.F.);
#12740=ADVANCED_FACE('',(#11580),#12166,.F.);
#12741=ADVANCED_FACE('',(#11581),#12167,.F.);
#12742=ADVANCED_FACE('',(#11582),#12168,.F.);
#12743=ADVANCED_FACE('',(#11583),#12169,.F.);
#12744=ADVANCED_FACE('',(#11584),#12170,.F.);
#12745=ADVANCED_FACE('',(#11585),#12171,.F.);
#12746=ADVANCED_FACE('',(#11586),#12172,.F.);
#12747=ADVANCED_FACE('',(#11587),#12173,.F.);
#12748=ADVANCED_FACE('',(#11588),#12174,.F.);
#12749=ADVANCED_FACE('',(#11589),#12175,.F.);
#12750=ADVANCED_FACE('',(#11590),#12176,.F.);
#12751=ADVANCED_FACE('',(#11591),#12177,.F.);
#12752=ADVANCED_FACE('',(#11592),#12178,.F.);
#12753=ADVANCED_FACE('',(#11593),#12179,.F.);
#12754=ADVANCED_FACE('',(#11594),#12180,.F.);
#12755=ADVANCED_FACE('',(#11595),#12181,.F.);
#12756=ADVANCED_FACE('',(#11596),#12182,.F.);
#12757=ADVANCED_FACE('',(#11597),#12183,.F.);
#12758=ADVANCED_FACE('',(#11598),#12184,.F.);
#12759=ADVANCED_FACE('',(#11599),#12185,.T.);
#12760=ADVANCED_FACE('',(#11600),#12186,.T.);
#12761=ADVANCED_FACE('',(#11601),#12187,.T.);
#12762=ADVANCED_FACE('',(#11602),#12188,.T.);
#12763=ADVANCED_FACE('',(#11603),#12189,.T.);
#12764=ADVANCED_FACE('',(#11604),#12190,.T.);
#12765=ADVANCED_FACE('',(#11605),#12191,.T.);
#12766=ADVANCED_FACE('',(#11606),#12192,.T.);
#12767=ADVANCED_FACE('',(#11607),#12193,.T.);
#12768=ADVANCED_FACE('',(#11608),#12194,.T.);
#12769=ADVANCED_FACE('',(#11609),#12195,.T.);
#12770=ADVANCED_FACE('',(#11610),#12196,.T.);
#12771=ADVANCED_FACE('',(#11611),#12197,.T.);
#12772=ADVANCED_FACE('',(#11612),#12198,.T.);
#12773=ADVANCED_FACE('',(#11613),#12199,.T.);
#12774=ADVANCED_FACE('',(#11614),#12200,.T.);
#12775=ADVANCED_FACE('',(#11615),#12201,.T.);
#12776=ADVANCED_FACE('',(#11616),#12202,.T.);
#12777=ADVANCED_FACE('',(#11617),#12203,.T.);
#12778=ADVANCED_FACE('',(#11618),#12204,.T.);
#12779=ADVANCED_FACE('',(#11619),#12205,.T.);
#12780=ADVANCED_FACE('',(#11620),#12206,.F.);
#12781=ADVANCED_FACE('',(#11621),#12207,.F.);
#12782=ADVANCED_FACE('',(#11622),#12208,.F.);
#12783=ADVANCED_FACE('',(#11623),#12209,.F.);
#12784=ADVANCED_FACE('',(#11624),#12210,.F.);
#12785=ADVANCED_FACE('',(#11625),#12211,.F.);
#12786=ADVANCED_FACE('',(#11626),#12212,.F.);
#12787=ADVANCED_FACE('',(#11627),#12213,.F.);
#12788=ADVANCED_FACE('',(#11628),#12214,.F.);
#12789=ADVANCED_FACE('',(#11629),#12215,.F.);
#12790=ADVANCED_FACE('',(#11630),#12216,.F.);
#12791=ADVANCED_FACE('',(#11631),#12217,.F.);
#12792=ADVANCED_FACE('',(#11632),#12218,.F.);
#12793=ADVANCED_FACE('',(#11633),#12219,.F.);
#12794=ADVANCED_FACE('',(#11634),#12220,.F.);
#12795=ADVANCED_FACE('',(#11635),#12221,.F.);
#12796=ADVANCED_FACE('',(#11636),#12222,.F.);
#12797=ADVANCED_FACE('',(#11637),#12223,.F.);
#12798=ADVANCED_FACE('',(#11638),#12224,.F.);
#12799=ADVANCED_FACE('',(#11639),#12225,.F.);
#12800=ADVANCED_FACE('',(#11640),#12226,.T.);
#12801=ADVANCED_FACE('',(#11641),#12227,.F.);
#12802=ADVANCED_FACE('',(#11642),#12228,.T.);
#12803=ADVANCED_FACE('',(#11643),#12229,.T.);
#12804=ADVANCED_FACE('',(#11644),#12230,.T.);
#12805=ADVANCED_FACE('',(#11645),#12231,.T.);
#12806=ADVANCED_FACE('',(#11646),#12232,.T.);
#12807=ADVANCED_FACE('',(#11647),#12233,.T.);
#12808=ADVANCED_FACE('',(#11648),#12234,.T.);
#12809=ADVANCED_FACE('',(#11649),#12235,.T.);
#12810=ADVANCED_FACE('',(#11650),#12236,.T.);
#12811=ADVANCED_FACE('',(#11651),#12237,.T.);
#12812=ADVANCED_FACE('',(#11652),#12238,.T.);
#12813=ADVANCED_FACE('',(#11653),#12239,.T.);
#12814=ADVANCED_FACE('',(#11654),#12240,.T.);
#12815=ADVANCED_FACE('',(#11655),#12241,.T.);
#12816=ADVANCED_FACE('',(#11656),#12242,.T.);
#12817=ADVANCED_FACE('',(#11657),#12243,.T.);
#12818=ADVANCED_FACE('',(#11658),#12244,.T.);
#12819=ADVANCED_FACE('',(#11659),#12245,.T.);
#12820=ADVANCED_FACE('',(#11660),#12246,.T.);
#12821=ADVANCED_FACE('',(#11661),#12247,.T.);
#12822=ADVANCED_FACE('',(#11662),#12248,.T.);
#12823=ADVANCED_FACE('',(#11663),#12249,.T.);
#12824=ADVANCED_FACE('',(#11664),#12250,.T.);
#12825=ADVANCED_FACE('',(#11665),#12251,.T.);
#12826=ADVANCED_FACE('',(#11666),#12252,.T.);
#12827=ADVANCED_FACE('',(#11667),#12253,.T.);
#12828=ADVANCED_FACE('',(#11668),#12254,.T.);
#12829=ADVANCED_FACE('',(#11669),#12255,.F.);
#12830=ADVANCED_FACE('',(#11670),#12256,.F.);
#12831=ADVANCED_FACE('',(#11671),#12257,.F.);
#12832=ADVANCED_FACE('',(#11672),#12258,.F.);
#12833=ADVANCED_FACE('',(#11673),#12259,.F.);
#12834=ADVANCED_FACE('',(#11674),#12260,.F.);
#12835=ADVANCED_FACE('',(#11675),#12261,.F.);
#12836=ADVANCED_FACE('',(#11676),#12262,.F.);
#12837=ADVANCED_FACE('',(#11677),#12263,.F.);
#12838=ADVANCED_FACE('',(#11678),#12264,.F.);
#12839=ADVANCED_FACE('',(#11679),#12265,.F.);
#12840=ADVANCED_FACE('',(#11680),#12266,.F.);
#12841=ADVANCED_FACE('',(#11681),#12267,.F.);
#12842=ADVANCED_FACE('',(#11682),#12268,.F.);
#12843=ADVANCED_FACE('',(#11683),#12269,.F.);
#12844=ADVANCED_FACE('',(#11684),#12270,.F.);
#12845=ADVANCED_FACE('',(#11685),#12271,.F.);
#12846=ADVANCED_FACE('',(#11686),#12272,.F.);
#12847=ADVANCED_FACE('',(#11687),#12273,.F.);
#12848=ADVANCED_FACE('',(#11688),#12274,.F.);
#12849=ADVANCED_FACE('',(#11689),#12275,.F.);
#12850=ADVANCED_FACE('',(#11690),#12276,.F.);
#12851=ADVANCED_FACE('',(#11691),#12277,.F.);
#12852=ADVANCED_FACE('',(#11692),#12278,.F.);
#12853=ADVANCED_FACE('',(#11693),#12279,.F.);
#12854=ADVANCED_FACE('',(#11694),#12280,.F.);
#12855=ADVANCED_FACE('',(#11695),#12281,.F.);
#12856=ADVANCED_FACE('',(#11696),#12282,.F.);
#12857=ADVANCED_FACE('',(#11697),#12283,.F.);
#12858=ADVANCED_FACE('',(#11698),#12284,.F.);
#12859=ADVANCED_FACE('',(#11699),#12285,.F.);
#12860=ADVANCED_FACE('',(#11700),#12286,.F.);
#12861=ADVANCED_FACE('',(#11701),#12287,.F.);
#12862=ADVANCED_FACE('',(#11702),#12288,.F.);
#12863=ADVANCED_FACE('',(#11703),#12289,.F.);
#12864=ADVANCED_FACE('',(#11704),#12290,.F.);
#12865=ADVANCED_FACE('',(#11705),#12291,.F.);
#12866=ADVANCED_FACE('',(#11706),#12292,.F.);
#12867=ADVANCED_FACE('',(#11707),#12293,.F.);
#12868=ADVANCED_FACE('',(#11708),#12294,.F.);
#12869=ADVANCED_FACE('',(#11709),#12295,.F.);
#12870=ADVANCED_FACE('',(#11710),#12296,.F.);
#12871=ADVANCED_FACE('',(#11711),#12297,.F.);
#12872=ADVANCED_FACE('',(#11712),#12298,.F.);
#12873=ADVANCED_FACE('',(#11713),#12299,.F.);
#12874=ADVANCED_FACE('',(#11714),#12300,.F.);
#12875=ADVANCED_FACE('',(#11715),#12301,.F.);
#12876=ADVANCED_FACE('',(#11716),#12302,.F.);
#12877=ADVANCED_FACE('',(#11717),#12303,.F.);
#12878=ADVANCED_FACE('',(#11718),#12304,.F.);
#12879=ADVANCED_FACE('',(#11719),#12305,.F.);
#12880=ADVANCED_FACE('',(#11720),#12306,.F.);
#12881=ADVANCED_FACE('',(#11721),#12307,.F.);
#12882=ADVANCED_FACE('',(#11722),#12308,.F.);
#12883=ADVANCED_FACE('',(#11723),#12309,.F.);
#12884=ADVANCED_FACE('',(#11724),#12310,.F.);
#12885=ADVANCED_FACE('',(#11725),#12311,.F.);
#12886=ADVANCED_FACE('',(#11726),#12312,.F.);
#12887=ADVANCED_FACE('',(#11727),#12313,.F.);
#12888=ADVANCED_FACE('',(#11728),#12314,.F.);
#12889=ADVANCED_FACE('',(#11729),#12315,.F.);
#12890=ADVANCED_FACE('',(#11730),#12316,.F.);
#12891=ADVANCED_FACE('',(#11731),#12317,.F.);
#12892=ADVANCED_FACE('',(#11732),#12318,.F.);
#12893=ADVANCED_FACE('',(#11733),#12319,.F.);
#12894=ADVANCED_FACE('',(#11734),#12320,.F.);
#12895=ADVANCED_FACE('',(#11735),#12321,.F.);
#12896=ADVANCED_FACE('',(#11736),#12322,.F.);
#12897=ADVANCED_FACE('',(#11737),#12323,.F.);
#12898=ADVANCED_FACE('',(#11738),#12324,.F.);
#12899=ADVANCED_FACE('',(#11739),#12325,.F.);
#12900=ADVANCED_FACE('',(#11740),#12326,.F.);
#12901=ADVANCED_FACE('',(#11741),#52,.T.);
#12902=ADVANCED_FACE('',(#11742),#53,.T.);
#12903=ADVANCED_FACE('',(#11743),#54,.T.);
#12904=ADVANCED_FACE('',(#11744),#55,.T.);
#12905=ADVANCED_FACE('',(#11745),#56,.T.);
#12906=ADVANCED_FACE('',(#11746),#57,.T.);
#12907=ADVANCED_FACE('',(#11747),#58,.T.);
#12908=ADVANCED_FACE('',(#11748),#59,.T.);
#12909=ADVANCED_FACE('',(#11749),#60,.T.);
#12910=ADVANCED_FACE('',(#11750),#61,.T.);
#12911=ADVANCED_FACE('',(#11751),#62,.T.);
#12912=ADVANCED_FACE('',(#11752),#63,.T.);
#12913=ADVANCED_FACE('',(#11753),#64,.T.);
#12914=ADVANCED_FACE('',(#11754),#65,.T.);
#12915=ADVANCED_FACE('',(#11755),#66,.T.);
#12916=ADVANCED_FACE('',(#11756),#67,.T.);
#12917=ADVANCED_FACE('',(#11757),#68,.T.);
#12918=ADVANCED_FACE('',(#11758),#69,.T.);
#12919=ADVANCED_FACE('',(#11759),#70,.T.);
#12920=ADVANCED_FACE('',(#11760),#12327,.F.);
#12921=ADVANCED_FACE('',(#11761),#12328,.F.);
#12922=ADVANCED_FACE('',(#11762),#12329,.F.);
#12923=ADVANCED_FACE('',(#11763),#12330,.F.);
#12924=ADVANCED_FACE('',(#11764),#12331,.F.);
#12925=ADVANCED_FACE('',(#11765),#12332,.F.);
#12926=ADVANCED_FACE('',(#11766),#12333,.F.);
#12927=ADVANCED_FACE('',(#11767),#12334,.F.);
#12928=ADVANCED_FACE('',(#11768),#12335,.F.);
#12929=ADVANCED_FACE('',(#11769),#12336,.F.);
#12930=ADVANCED_FACE('',(#11770),#12337,.F.);
#12931=ADVANCED_FACE('',(#11771),#12338,.F.);
#12932=ADVANCED_FACE('',(#11772),#12339,.F.);
#12933=ADVANCED_FACE('',(#11773),#12340,.F.);
#12934=ADVANCED_FACE('',(#11774),#12341,.F.);
#12935=ADVANCED_FACE('',(#11775),#12342,.F.);
#12936=ADVANCED_FACE('',(#11776),#12343,.F.);
#12937=ADVANCED_FACE('',(#11777),#12344,.F.);
#12938=ADVANCED_FACE('',(#11778),#12345,.F.);
#12939=ADVANCED_FACE('',(#11779),#12346,.F.);
#12940=ADVANCED_FACE('',(#11780),#12347,.F.);
#12941=ADVANCED_FACE('',(#11781),#12348,.F.);
#12942=ADVANCED_FACE('',(#11782),#12349,.F.);
#12943=ADVANCED_FACE('',(#11783),#12350,.F.);
#12944=ADVANCED_FACE('',(#11784),#12351,.F.);
#12945=ADVANCED_FACE('',(#11785),#12352,.F.);
#12946=ADVANCED_FACE('',(#11786),#12353,.F.);
#12947=ADVANCED_FACE('',(#11787),#12354,.F.);
#12948=ADVANCED_FACE('',(#11788),#12355,.F.);
#12949=ADVANCED_FACE('',(#11789),#12356,.F.);
#12950=ADVANCED_FACE('',(#11790),#12357,.F.);
#12951=ADVANCED_FACE('',(#11791),#12358,.F.);
#12952=ADVANCED_FACE('',(#11792),#12359,.F.);
#12953=ADVANCED_FACE('',(#11793),#12360,.F.);
#12954=ADVANCED_FACE('',(#11794),#12361,.F.);
#12955=ADVANCED_FACE('',(#11795),#12362,.F.);
#12956=ADVANCED_FACE('',(#11796),#12363,.F.);
#12957=ADVANCED_FACE('',(#11797),#12364,.F.);
#12958=ADVANCED_FACE('',(#11798),#12365,.F.);
#12959=ADVANCED_FACE('',(#11799),#12366,.F.);
#12960=ADVANCED_FACE('',(#11800),#12367,.F.);
#12961=ADVANCED_FACE('',(#11801),#12368,.F.);
#12962=ADVANCED_FACE('',(#11802),#12369,.F.);
#12963=ADVANCED_FACE('',(#11803),#12370,.F.);
#12964=ADVANCED_FACE('',(#11804),#12371,.F.);
#12965=ADVANCED_FACE('',(#11805),#12372,.F.);
#12966=ADVANCED_FACE('',(#11806),#12373,.F.);
#12967=ADVANCED_FACE('',(#11807),#12374,.F.);
#12968=ADVANCED_FACE('',(#11808),#12375,.F.);
#12969=ADVANCED_FACE('',(#11809),#12376,.F.);
#12970=ADVANCED_FACE('',(#11810),#12377,.F.);
#12971=ADVANCED_FACE('',(#11811),#12378,.F.);
#12972=ADVANCED_FACE('',(#11812),#12379,.F.);
#12973=ADVANCED_FACE('',(#11813),#12380,.F.);
#12974=ADVANCED_FACE('',(#11814),#12381,.F.);
#12975=ADVANCED_FACE('',(#11815),#12382,.F.);
#12976=ADVANCED_FACE('',(#11816),#71,.T.);
#12977=ADVANCED_FACE('',(#11817),#12383,.T.);
#12978=ADVANCED_FACE('',(#11818),#12384,.T.);
#12979=ADVANCED_FACE('',(#11819),#12385,.T.);
#12980=ADVANCED_FACE('',(#11820),#12386,.T.);
#12981=ADVANCED_FACE('',(#11821),#12387,.T.);
#12982=ADVANCED_FACE('',(#11822),#12388,.T.);
#12983=ADVANCED_FACE('',(#11823),#12389,.T.);
#12984=ADVANCED_FACE('',(#11824),#12390,.T.);
#12985=ADVANCED_FACE('',(#11825),#12391,.T.);
#12986=ADVANCED_FACE('',(#11826),#12392,.T.);
#12987=ADVANCED_FACE('',(#11827),#12393,.T.);
#12988=ADVANCED_FACE('',(#11828),#12394,.T.);
#12989=ADVANCED_FACE('',(#11829),#12395,.T.);
#12990=ADVANCED_FACE('',(#11830),#12396,.T.);
#12991=ADVANCED_FACE('',(#11831),#12397,.T.);
#12992=ADVANCED_FACE('',(#11832),#12398,.T.);
#12993=ADVANCED_FACE('',(#11833),#12399,.T.);
#12994=ADVANCED_FACE('',(#11834),#12400,.T.);
#12995=ADVANCED_FACE('',(#11835),#12401,.T.);
#12996=ADVANCED_FACE('',(#11836),#12402,.T.);
#12997=ADVANCED_FACE('',(#11837),#12403,.T.);
#12998=ADVANCED_FACE('',(#11838,#11839),#72,.T.);
#12999=ADVANCED_FACE('',(#11840),#12404,.T.);
#13000=ADVANCED_FACE('',(#11841),#12405,.F.);
#13001=CLOSED_SHELL('',(#12406,#12407,#12408,#12409,#12410,#12411,#12412,
#12413,#12414,#12415,#12416,#12417,#12418,#12419,#12420,#12421,#12422,#12423,
#12424,#12425,#12426,#12427,#12428,#12429,#12430,#12431,#12432,#12433,#12434,
#12435,#12436,#12437,#12438,#12439,#12440,#12441,#12442,#12443,#12444,#12445,
#12446,#12447,#12448,#12449,#12450,#12451,#12452,#12453,#12454,#12455,#12456,
#12457,#12458,#12459,#12460,#12461,#12462,#12463,#12464,#12465,#12466,#12467,
#12468,#12469,#12470,#12471,#12472,#12473,#12474,#12475,#12476,#12477,#12478,
#12479,#12480,#12481,#12482,#12483,#12484,#12485,#12486,#12487,#12488,#12489,
#12490,#12491,#12492,#12493,#12494,#12495,#12496,#12497,#12498,#12499,#12500,
#12501,#12502,#12503,#12504,#12505,#12506,#12507,#12508,#12509,#12510,#12511,
#12512,#12513,#12514,#12515,#12516,#12517,#12518,#12519,#12520,#12521,#12522,
#12523,#12524,#12525,#12526,#12527,#12528,#12529,#12530,#12531,#12532,#12533,
#12534,#12535,#12536,#12537,#12538,#12539,#12540,#12541,#12542,#12543,#12544,
#12545,#12546,#12547,#12548,#12549,#12550,#12551,#12552,#12553,#12554,#12555,
#12556,#12557,#12558,#12559,#12560,#12561,#12562,#12563,#12564,#12565,#12566,
#12567,#12568,#12569,#12570,#12571,#12572,#12573,#12574,#12575,#12576,#12577,
#12578,#12579,#12580,#12581,#12582,#12583,#12584,#12585,#12586,#12587,#12588,
#12589,#12590,#12591,#12592,#12593,#12594,#12595,#12596,#12597,#12598,#12599,
#12600,#12601));
#13002=CLOSED_SHELL('',(#12602,#12603,#12604,#12605,#12606,#12607,#12608,
#12609,#12610,#12611,#12612,#12613,#12614,#12615,#12616,#12617,#12618,#12619,
#12620,#12621,#12622,#12623,#12624,#12625,#12626,#12627,#12628,#12629,#12630,
#12631,#12632,#12633,#12634,#12635,#12636,#12637,#12638,#12639,#12640,#12641,
#12642,#12643,#12644,#12645,#12646,#12647,#12648,#12649,#12650,#12651,#12652,
#12653,#12654,#12655,#12656,#12657,#12658,#12659,#12660,#12661,#12662,#12663,
#12664,#12665,#12666,#12667,#12668,#12669,#12670,#12671,#12672,#12673,#12674,
#12675,#12676,#12677,#12678,#12679,#12680,#12681,#12682,#12683,#12684,#12685,
#12686,#12687,#12688,#12689,#12690,#12691,#12692,#12693,#12694,#12695,#12696,
#12697,#12698,#12699,#12700,#12701,#12702,#12703,#12704,#12705,#12706,#12707,
#12708,#12709,#12710,#12711,#12712,#12713,#12714,#12715,#12716,#12717,#12718,
#12719,#12720,#12721,#12722,#12723,#12724,#12725,#12726,#12727,#12728,#12729,
#12730,#12731,#12732,#12733,#12734,#12735,#12736,#12737,#12738,#12739,#12740,
#12741,#12742,#12743,#12744,#12745,#12746,#12747,#12748,#12749,#12750,#12751,
#12752,#12753,#12754,#12755,#12756,#12757,#12758,#12759,#12760,#12761,#12762,
#12763,#12764,#12765,#12766,#12767,#12768,#12769,#12770,#12771,#12772,#12773,
#12774,#12775,#12776,#12777,#12778,#12779));
#13003=CLOSED_SHELL('',(#12780,#12781,#12782,#12783,#12784,#12785,#12786,
#12787,#12788,#12789,#12790,#12791,#12792,#12793,#12794,#12795,#12796,#12797,
#12798,#12799,#12800,#12801,#12802,#12803,#12804,#12805,#12806,#12807,#12808,
#12809,#12810,#12811,#12812,#12813,#12814,#12815,#12816,#12817,#12818,#12819,
#12820,#12821,#12822,#12823,#12824,#12825,#12826,#12827,#12828,#12829,#12830,
#12831,#12832,#12833,#12834,#12835,#12836,#12837,#12838,#12839,#12840,#12841,
#12842,#12843,#12844,#12845,#12846,#12847,#12848,#12849,#12850,#12851,#12852,
#12853,#12854,#12855,#12856,#12857,#12858,#12859,#12860,#12861,#12862,#12863,
#12864,#12865,#12866,#12867,#12868,#12869,#12870,#12871,#12872,#12873,#12874,
#12875,#12876,#12877,#12878,#12879,#12880,#12881,#12882,#12883,#12884,#12885,
#12886,#12887,#12888,#12889,#12890,#12891,#12892,#12893,#12894,#12895,#12896,
#12897,#12898,#12899,#12900,#12901,#12902,#12903,#12904,#12905,#12906,#12907,
#12908,#12909,#12910,#12911,#12912,#12913,#12914,#12915,#12916,#12917,#12918,
#12919,#12920,#12921,#12922,#12923,#12924,#12925,#12926,#12927,#12928,#12929,
#12930,#12931,#12932,#12933,#12934,#12935,#12936,#12937,#12938,#12939,#12940,
#12941,#12942,#12943,#12944,#12945,#12946,#12947,#12948,#12949,#12950,#12951,
#12952,#12953,#12954,#12955,#12956,#12957,#12958,#12959,#12960,#12961,#12962,
#12963,#12964,#12965,#12966,#12967,#12968,#12969,#12970,#12971,#12972,#12973,
#12974,#12975,#12976,#12977,#12978,#12979,#12980,#12981,#12982,#12983,#12984,
#12985,#12986,#12987,#12988,#12989,#12990,#12991,#12992,#12993,#12994,#12995,
#12996,#12997));
#13004=CLOSED_SHELL('',(#12998,#12999,#13000));
#13005=STYLED_ITEM('',(#13009),#13037);
#13006=STYLED_ITEM('',(#13010),#13038);
#13007=STYLED_ITEM('',(#13011),#13039);
#13008=STYLED_ITEM('',(#13012),#13040);
#13009=PRESENTATION_STYLE_ASSIGNMENT((#13013));
#13010=PRESENTATION_STYLE_ASSIGNMENT((#13014));
#13011=PRESENTATION_STYLE_ASSIGNMENT((#13015));
#13012=PRESENTATION_STYLE_ASSIGNMENT((#13016));
#13013=SURFACE_STYLE_USAGE(.BOTH.,#13017);
#13014=SURFACE_STYLE_USAGE(.BOTH.,#13018);
#13015=SURFACE_STYLE_USAGE(.BOTH.,#13019);
#13016=SURFACE_STYLE_USAGE(.BOTH.,#13020);
#13017=SURFACE_SIDE_STYLE('',(#13021));
#13018=SURFACE_SIDE_STYLE('',(#13022));
#13019=SURFACE_SIDE_STYLE('',(#13023));
#13020=SURFACE_SIDE_STYLE('',(#13024));
#13021=SURFACE_STYLE_FILL_AREA(#13025);
#13022=SURFACE_STYLE_FILL_AREA(#13026);
#13023=SURFACE_STYLE_FILL_AREA(#13027);
#13024=SURFACE_STYLE_FILL_AREA(#13028);
#13025=FILL_AREA_STYLE('',(#13029));
#13026=FILL_AREA_STYLE('',(#13030));
#13027=FILL_AREA_STYLE('',(#13031));
#13028=FILL_AREA_STYLE('',(#13032));
#13029=FILL_AREA_STYLE_COLOUR('',#13033);
#13030=FILL_AREA_STYLE_COLOUR('',#13034);
#13031=FILL_AREA_STYLE_COLOUR('',#13035);
#13032=FILL_AREA_STYLE_COLOUR('',#13036);
#13033=COLOUR_RGB('',0.0549019612371922,0.0549019612371922,0.0549019612371922);
#13034=COLOUR_RGB('',0.831372559070587,0.701960802078247,0.176470592617989);
#13035=COLOUR_RGB('',0.772549033164978,0.772549033164978,0.772549033164978);
#13036=COLOUR_RGB('',1.,0.501960813999176,0.);
#13037=MANIFOLD_SOLID_BREP('SS5-10_socket',#13001);
#13038=MANIFOLD_SOLID_BREP('C-229-10-3.00_',#13002);
#13039=MANIFOLD_SOLID_BREP('C-229-10-3.00-2_',#13003);
#13040=MANIFOLD_SOLID_BREP('K-DOT-.138-.250-.005_polyamide_pick_',#13004);
#13041=SHAPE_DEFINITION_REPRESENTATION(#20595,#13046);
#13042=SHAPE_DEFINITION_REPRESENTATION(#20596,#13047);
#13043=SHAPE_DEFINITION_REPRESENTATION(#20598,#13048);
#13044=SHAPE_DEFINITION_REPRESENTATION(#20600,#13049);
#13045=SHAPE_DEFINITION_REPRESENTATION(#20602,#13050);
#13046=SHAPE_REPRESENTATION('SS5-10-3.00-L-D-K-TR',(#13051,#13268,#13447,
#13706,#13712),#20582);
#13047=SHAPE_REPRESENTATION('SS5-10_socket',(#13051),#20583);
#13048=SHAPE_REPRESENTATION('C-229-10-3.00_',(#13051),#20584);
#13049=SHAPE_REPRESENTATION('C-229-10-3.00-2_',(#13051),#20585);
#13050=SHAPE_REPRESENTATION('K-DOT-.138-.250-.005_polyamide_pick_',(#13051),
#20586);
#13051=AXIS2_PLACEMENT_3D('',#16852,#13713,#13714);
#13052=AXIS2_PLACEMENT_3D('',#16853,#13715,#13716);
#13053=AXIS2_PLACEMENT_3D('',#16954,#13767,#13768);
#13054=AXIS2_PLACEMENT_3D('',#16963,#13773,#13774);
#13055=AXIS2_PLACEMENT_3D('',#17064,#13825,#13826);
#13056=AXIS2_PLACEMENT_3D('',#17078,#13834,#13835);
#13057=AXIS2_PLACEMENT_3D('',#17092,#13843,#13844);
#13058=AXIS2_PLACEMENT_3D('',#17106,#13852,#13853);
#13059=AXIS2_PLACEMENT_3D('',#17120,#13861,#13862);
#13060=AXIS2_PLACEMENT_3D('',#17134,#13870,#13871);
#13061=AXIS2_PLACEMENT_3D('',#17148,#13879,#13880);
#13062=AXIS2_PLACEMENT_3D('',#17162,#13888,#13889);
#13063=AXIS2_PLACEMENT_3D('',#17176,#13897,#13898);
#13064=AXIS2_PLACEMENT_3D('',#17190,#13906,#13907);
#13065=AXIS2_PLACEMENT_3D('',#17204,#13915,#13916);
#13066=AXIS2_PLACEMENT_3D('',#17218,#13924,#13925);
#13067=AXIS2_PLACEMENT_3D('',#17232,#13933,#13934);
#13068=AXIS2_PLACEMENT_3D('',#17246,#13942,#13943);
#13069=AXIS2_PLACEMENT_3D('',#17260,#13951,#13952);
#13070=AXIS2_PLACEMENT_3D('',#17274,#13960,#13961);
#13071=AXIS2_PLACEMENT_3D('',#17288,#13969,#13970);
#13072=AXIS2_PLACEMENT_3D('',#17302,#13978,#13979);
#13073=AXIS2_PLACEMENT_3D('',#17316,#13987,#13988);
#13074=AXIS2_PLACEMENT_3D('',#17330,#13996,#13997);
#13075=AXIS2_PLACEMENT_3D('',#17344,#14005,#14006);
#13076=AXIS2_PLACEMENT_3D('',#17358,#14014,#14015);
#13077=AXIS2_PLACEMENT_3D('',#17372,#14023,#14024);
#13078=AXIS2_PLACEMENT_3D('',#17386,#14032,#14033);
#13079=AXIS2_PLACEMENT_3D('',#17400,#14041,#14042);
#13080=AXIS2_PLACEMENT_3D('',#17414,#14050,#14051);
#13081=AXIS2_PLACEMENT_3D('',#17428,#14059,#14060);
#13082=AXIS2_PLACEMENT_3D('',#17442,#14068,#14069);
#13083=AXIS2_PLACEMENT_3D('',#17456,#14077,#14078);
#13084=AXIS2_PLACEMENT_3D('',#17470,#14086,#14087);
#13085=AXIS2_PLACEMENT_3D('',#17484,#14095,#14096);
#13086=AXIS2_PLACEMENT_3D('',#17498,#14104,#14105);
#13087=AXIS2_PLACEMENT_3D('',#17512,#14113,#14114);
#13088=AXIS2_PLACEMENT_3D('',#17526,#14122,#14123);
#13089=AXIS2_PLACEMENT_3D('',#17540,#14131,#14132);
#13090=AXIS2_PLACEMENT_3D('',#17554,#14140,#14141);
#13091=AXIS2_PLACEMENT_3D('',#17568,#14149,#14150);
#13092=AXIS2_PLACEMENT_3D('',#17582,#14158,#14159);
#13093=AXIS2_PLACEMENT_3D('',#17596,#14167,#14168);
#13094=AXIS2_PLACEMENT_3D('',#17610,#14176,#14177);
#13095=AXIS2_PLACEMENT_3D('',#17624,#14185,#14186);
#13096=AXIS2_PLACEMENT_3D('',#17632,#14192,#14193);
#13097=AXIS2_PLACEMENT_3D('',#17640,#14199,#14200);
#13098=AXIS2_PLACEMENT_3D('',#17697,#14249,#14250);
#13099=AXIS2_PLACEMENT_3D('',#17700,#14253,#14254);
#13100=AXIS2_PLACEMENT_3D('',#17703,#14257,#14258);
#13101=AXIS2_PLACEMENT_3D('',#17706,#14261,#14262);
#13102=AXIS2_PLACEMENT_3D('',#17709,#14265,#14266);
#13103=AXIS2_PLACEMENT_3D('',#17712,#14269,#14270);
#13104=AXIS2_PLACEMENT_3D('',#17715,#14273,#14274);
#13105=AXIS2_PLACEMENT_3D('',#17718,#14277,#14278);
#13106=AXIS2_PLACEMENT_3D('',#17721,#14281,#14282);
#13107=AXIS2_PLACEMENT_3D('',#17724,#14285,#14286);
#13108=AXIS2_PLACEMENT_3D('',#17727,#14289,#14290);
#13109=AXIS2_PLACEMENT_3D('',#17762,#14313,#14314);
#13110=AXIS2_PLACEMENT_3D('',#17765,#14316,#14317);
#13111=AXIS2_PLACEMENT_3D('',#17769,#14319,#14320);
#13112=AXIS2_PLACEMENT_3D('',#17777,#14325,#14326);
#13113=AXIS2_PLACEMENT_3D('',#17783,#14330,#14331);
#13114=AXIS2_PLACEMENT_3D('',#17795,#14337,#14338);
#13115=AXIS2_PLACEMENT_3D('',#17799,#14341,#14342);
#13116=AXIS2_PLACEMENT_3D('',#17815,#14351,#14352);
#13117=AXIS2_PLACEMENT_3D('',#17816,#14353,#14354);
#13118=AXIS2_PLACEMENT_3D('',#17858,#14386,#14387);
#13119=AXIS2_PLACEMENT_3D('',#17864,#14391,#14392);
#13120=AXIS2_PLACEMENT_3D('',#17866,#14394,#14395);
#13121=AXIS2_PLACEMENT_3D('',#17868,#14397,#14398);
#13122=AXIS2_PLACEMENT_3D('',#17874,#14402,#14403);
#13123=AXIS2_PLACEMENT_3D('',#17880,#14407,#14408);
#13124=AXIS2_PLACEMENT_3D('',#17887,#14412,#14413);
#13125=AXIS2_PLACEMENT_3D('',#17899,#14419,#14420);
#13126=AXIS2_PLACEMENT_3D('',#17903,#14423,#14424);
#13127=AXIS2_PLACEMENT_3D('',#17907,#14426,#14427);
#13128=AXIS2_PLACEMENT_3D('',#17911,#14430,#14431);
#13129=AXIS2_PLACEMENT_3D('',#17912,#14432,#14433);
#13130=AXIS2_PLACEMENT_3D('',#17919,#14437,#14438);
#13131=AXIS2_PLACEMENT_3D('',#17923,#14441,#14442);
#13132=AXIS2_PLACEMENT_3D('',#17926,#14444,#14445);
#13133=AXIS2_PLACEMENT_3D('',#17928,#14447,#14448);
#13134=AXIS2_PLACEMENT_3D('',#17931,#14450,#14451);
#13135=AXIS2_PLACEMENT_3D('',#17936,#14455,#14456);
#13136=AXIS2_PLACEMENT_3D('',#17941,#14460,#14461);
#13137=AXIS2_PLACEMENT_3D('',#17945,#14464,#14465);
#13138=AXIS2_PLACEMENT_3D('',#17949,#14468,#14469);
#13139=AXIS2_PLACEMENT_3D('',#17951,#14471,#14472);
#13140=AXIS2_PLACEMENT_3D('',#17953,#14474,#14475);
#13141=AXIS2_PLACEMENT_3D('',#17954,#14476,#14477);
#13142=AXIS2_PLACEMENT_3D('',#17956,#14479,#14480);
#13143=AXIS2_PLACEMENT_3D('',#17958,#14482,#14483);
#13144=AXIS2_PLACEMENT_3D('',#17963,#14486,#14487);
#13145=AXIS2_PLACEMENT_3D('',#17967,#14489,#14490);
#13146=AXIS2_PLACEMENT_3D('',#17968,#14491,#14492);
#13147=AXIS2_PLACEMENT_3D('',#17970,#14494,#14495);
#13148=AXIS2_PLACEMENT_3D('',#17972,#14497,#14498);
#13149=AXIS2_PLACEMENT_3D('',#17974,#14500,#14501);
#13150=AXIS2_PLACEMENT_3D('',#17976,#14503,#14504);
#13151=AXIS2_PLACEMENT_3D('',#17978,#14506,#14507);
#13152=AXIS2_PLACEMENT_3D('',#17980,#14509,#14510);
#13153=AXIS2_PLACEMENT_3D('',#17982,#14512,#14513);
#13154=AXIS2_PLACEMENT_3D('',#17984,#14515,#14516);
#13155=AXIS2_PLACEMENT_3D('',#17986,#14518,#14519);
#13156=AXIS2_PLACEMENT_3D('',#17988,#14521,#14522);
#13157=AXIS2_PLACEMENT_3D('',#17989,#14523,#14524);
#13158=AXIS2_PLACEMENT_3D('',#17992,#14526,#14527);
#13159=AXIS2_PLACEMENT_3D('',#18004,#14533,#14534);
#13160=AXIS2_PLACEMENT_3D('',#18007,#14536,#14537);
#13161=AXIS2_PLACEMENT_3D('',#18009,#14539,#14540);
#13162=AXIS2_PLACEMENT_3D('',#18010,#14541,#14542);
#13163=AXIS2_PLACEMENT_3D('',#18012,#14544,#14545);
#13164=AXIS2_PLACEMENT_3D('',#18013,#14546,#14547);
#13165=AXIS2_PLACEMENT_3D('',#18017,#14550,#14551);
#13166=AXIS2_PLACEMENT_3D('',#18020,#14553,#14554);
#13167=AXIS2_PLACEMENT_3D('',#18021,#14555,#14556);
#13168=AXIS2_PLACEMENT_3D('',#18025,#14559,#14560);
#13169=AXIS2_PLACEMENT_3D('',#18029,#14563,#14564);
#13170=AXIS2_PLACEMENT_3D('',#18033,#14567,#14568);
#13171=AXIS2_PLACEMENT_3D('',#18037,#14571,#14572);
#13172=AXIS2_PLACEMENT_3D('',#18041,#14575,#14576);
#13173=AXIS2_PLACEMENT_3D('',#18044,#14578,#14579);
#13174=AXIS2_PLACEMENT_3D('',#18045,#14580,#14581);
#13175=AXIS2_PLACEMENT_3D('',#18047,#14583,#14584);
#13176=AXIS2_PLACEMENT_3D('',#18048,#14585,#14586);
#13177=AXIS2_PLACEMENT_3D('',#18049,#14587,#14588);
#13178=AXIS2_PLACEMENT_3D('',#18050,#14589,#14590);
#13179=AXIS2_PLACEMENT_3D('',#18051,#14591,#14592);
#13180=AXIS2_PLACEMENT_3D('',#18052,#14593,#14594);
#13181=AXIS2_PLACEMENT_3D('',#18053,#14595,#14596);
#13182=AXIS2_PLACEMENT_3D('',#18054,#14597,#14598);
#13183=AXIS2_PLACEMENT_3D('',#18055,#14599,#14600);
#13184=AXIS2_PLACEMENT_3D('',#18056,#14601,#14602);
#13185=AXIS2_PLACEMENT_3D('',#18057,#14603,#14604);
#13186=AXIS2_PLACEMENT_3D('',#18058,#14605,#14606);
#13187=AXIS2_PLACEMENT_3D('',#18059,#14607,#14608);
#13188=AXIS2_PLACEMENT_3D('',#18060,#14609,#14610);
#13189=AXIS2_PLACEMENT_3D('',#18061,#14611,#14612);
#13190=AXIS2_PLACEMENT_3D('',#18062,#14613,#14614);
#13191=AXIS2_PLACEMENT_3D('',#18063,#14615,#14616);
#13192=AXIS2_PLACEMENT_3D('',#18064,#14617,#14618);
#13193=AXIS2_PLACEMENT_3D('',#18065,#14619,#14620);
#13194=AXIS2_PLACEMENT_3D('',#18067,#14622,#14623);
#13195=AXIS2_PLACEMENT_3D('',#18069,#14625,#14626);
#13196=AXIS2_PLACEMENT_3D('',#18070,#14627,#14628);
#13197=AXIS2_PLACEMENT_3D('',#18076,#14632,#14633);
#13198=AXIS2_PLACEMENT_3D('',#18080,#14636,#14637);
#13199=AXIS2_PLACEMENT_3D('',#18082,#14639,#14640);
#13200=AXIS2_PLACEMENT_3D('',#18086,#14643,#14644);
#13201=AXIS2_PLACEMENT_3D('',#18090,#14647,#14648);
#13202=AXIS2_PLACEMENT_3D('',#18094,#14651,#14652);
#13203=AXIS2_PLACEMENT_3D('',#18096,#14654,#14655);
#13204=AXIS2_PLACEMENT_3D('',#18097,#14656,#14657);
#13205=AXIS2_PLACEMENT_3D('',#18098,#14658,#14659);
#13206=AXIS2_PLACEMENT_3D('',#18099,#14660,#14661);
#13207=AXIS2_PLACEMENT_3D('',#18100,#14662,#14663);
#13208=AXIS2_PLACEMENT_3D('',#18101,#14664,#14665);
#13209=AXIS2_PLACEMENT_3D('',#18102,#14666,#14667);
#13210=AXIS2_PLACEMENT_3D('',#18103,#14668,#14669);
#13211=AXIS2_PLACEMENT_3D('',#18104,#14670,#14671);
#13212=AXIS2_PLACEMENT_3D('',#18105,#14672,#14673);
#13213=AXIS2_PLACEMENT_3D('',#18106,#14674,#14675);
#13214=AXIS2_PLACEMENT_3D('',#18107,#14676,#14677);
#13215=AXIS2_PLACEMENT_3D('',#18119,#14689,#14690);
#13216=AXIS2_PLACEMENT_3D('',#18123,#14693,#14694);
#13217=AXIS2_PLACEMENT_3D('',#18126,#14696,#14697);
#13218=AXIS2_PLACEMENT_3D('',#18127,#14698,#14699);
#13219=AXIS2_PLACEMENT_3D('',#18131,#14702,#14703);
#13220=AXIS2_PLACEMENT_3D('',#18134,#14705,#14706);
#13221=AXIS2_PLACEMENT_3D('',#18135,#14707,#14708);
#13222=AXIS2_PLACEMENT_3D('',#18137,#14710,#14711);
#13223=AXIS2_PLACEMENT_3D('',#18138,#14712,#14713);
#13224=AXIS2_PLACEMENT_3D('',#18142,#14716,#14717);
#13225=AXIS2_PLACEMENT_3D('',#18143,#14718,#14719);
#13226=AXIS2_PLACEMENT_3D('',#18146,#14721,#14722);
#13227=AXIS2_PLACEMENT_3D('',#18150,#14725,#14726);
#13228=AXIS2_PLACEMENT_3D('',#18151,#14727,#14728);
#13229=AXIS2_PLACEMENT_3D('',#18154,#14730,#14731);
#13230=AXIS2_PLACEMENT_3D('',#18156,#14733,#14734);
#13231=AXIS2_PLACEMENT_3D('',#18157,#14735,#14736);
#13232=AXIS2_PLACEMENT_3D('',#18158,#14737,#14738);
#13233=AXIS2_PLACEMENT_3D('',#18159,#14739,#14740);
#13234=AXIS2_PLACEMENT_3D('',#18160,#14741,#14742);
#13235=AXIS2_PLACEMENT_3D('',#18161,#14743,#14744);
#13236=AXIS2_PLACEMENT_3D('',#18162,#14745,#14746);
#13237=AXIS2_PLACEMENT_3D('',#18163,#14747,#14748);
#13238=AXIS2_PLACEMENT_3D('',#18164,#14749,#14750);
#13239=AXIS2_PLACEMENT_3D('',#18165,#14751,#14752);
#13240=AXIS2_PLACEMENT_3D('',#18166,#14753,#14754);
#13241=AXIS2_PLACEMENT_3D('',#18167,#14755,#14756);
#13242=AXIS2_PLACEMENT_3D('',#18179,#14768,#14769);
#13243=AXIS2_PLACEMENT_3D('',#18180,#14770,#14771);
#13244=AXIS2_PLACEMENT_3D('',#18181,#14772,#14773);
#13245=AXIS2_PLACEMENT_3D('',#18182,#14774,#14775);
#13246=AXIS2_PLACEMENT_3D('',#18183,#14776,#14777);
#13247=AXIS2_PLACEMENT_3D('',#18184,#14778,#14779);
#13248=AXIS2_PLACEMENT_3D('',#18185,#14780,#14781);
#13249=AXIS2_PLACEMENT_3D('',#18186,#14782,#14783);
#13250=AXIS2_PLACEMENT_3D('',#18187,#14784,#14785);
#13251=AXIS2_PLACEMENT_3D('',#18188,#14786,#14787);
#13252=AXIS2_PLACEMENT_3D('',#18189,#14788,#14789);
#13253=AXIS2_PLACEMENT_3D('',#18190,#14790,#14791);
#13254=AXIS2_PLACEMENT_3D('',#18191,#14792,#14793);
#13255=AXIS2_PLACEMENT_3D('',#18192,#14794,#14795);
#13256=AXIS2_PLACEMENT_3D('',#18193,#14796,#14797);
#13257=AXIS2_PLACEMENT_3D('',#18194,#14798,#14799);
#13258=AXIS2_PLACEMENT_3D('',#18195,#14800,#14801);
#13259=AXIS2_PLACEMENT_3D('',#18196,#14802,#14803);
#13260=AXIS2_PLACEMENT_3D('',#18197,#14804,#14805);
#13261=AXIS2_PLACEMENT_3D('',#18198,#14806,#14807);
#13262=AXIS2_PLACEMENT_3D('',#18199,#14808,#14809);
#13263=AXIS2_PLACEMENT_3D('',#18200,#14810,#14811);
#13264=AXIS2_PLACEMENT_3D('',#18201,#14812,#14813);
#13265=AXIS2_PLACEMENT_3D('',#18207,#14817,#14818);
#13266=AXIS2_PLACEMENT_3D('',#18211,#14821,#14822);
#13267=AXIS2_PLACEMENT_3D('',#18213,#14824,#14825);
#13268=AXIS2_PLACEMENT_3D('',#18214,#14826,#14827);
#13269=AXIS2_PLACEMENT_3D('',#18215,#14828,#14829);
#13270=AXIS2_PLACEMENT_3D('',#18224,#14834,#14835);
#13271=AXIS2_PLACEMENT_3D('',#18233,#14840,#14841);
#13272=AXIS2_PLACEMENT_3D('',#18242,#14846,#14847);
#13273=AXIS2_PLACEMENT_3D('',#18251,#14852,#14853);
#13274=AXIS2_PLACEMENT_3D('',#18260,#14858,#14859);
#13275=AXIS2_PLACEMENT_3D('',#18269,#14864,#14865);
#13276=AXIS2_PLACEMENT_3D('',#18278,#14870,#14871);
#13277=AXIS2_PLACEMENT_3D('',#18287,#14876,#14877);
#13278=AXIS2_PLACEMENT_3D('',#18296,#14882,#14883);
#13279=AXIS2_PLACEMENT_3D('',#18305,#14888,#14889);
#13280=AXIS2_PLACEMENT_3D('',#18314,#14894,#14895);
#13281=AXIS2_PLACEMENT_3D('',#18323,#14900,#14901);
#13282=AXIS2_PLACEMENT_3D('',#18332,#14906,#14907);
#13283=AXIS2_PLACEMENT_3D('',#18341,#14912,#14913);
#13284=AXIS2_PLACEMENT_3D('',#18350,#14918,#14919);
#13285=AXIS2_PLACEMENT_3D('',#18359,#14924,#14925);
#13286=AXIS2_PLACEMENT_3D('',#18368,#14930,#14931);
#13287=AXIS2_PLACEMENT_3D('',#18377,#14936,#14937);
#13288=AXIS2_PLACEMENT_3D('',#18386,#14942,#14943);
#13289=AXIS2_PLACEMENT_3D('',#18395,#14948,#14949);
#13290=AXIS2_PLACEMENT_3D('',#18418,#14962,#14963);
#13291=AXIS2_PLACEMENT_3D('',#18441,#14976,#14977);
#13292=AXIS2_PLACEMENT_3D('',#18457,#14986,#14987);
#13293=AXIS2_PLACEMENT_3D('',#18473,#14996,#14997);
#13294=AXIS2_PLACEMENT_3D('',#18476,#15000,#15001);
#13295=AXIS2_PLACEMENT_3D('',#18492,#15010,#15011);
#13296=AXIS2_PLACEMENT_3D('',#18508,#15020,#15021);
#13297=AXIS2_PLACEMENT_3D('',#18511,#15024,#15025);
#13298=AXIS2_PLACEMENT_3D('',#18527,#15034,#15035);
#13299=AXIS2_PLACEMENT_3D('',#18543,#15044,#15045);
#13300=AXIS2_PLACEMENT_3D('',#18546,#15048,#15049);
#13301=AXIS2_PLACEMENT_3D('',#18562,#15058,#15059);
#13302=AXIS2_PLACEMENT_3D('',#18578,#15068,#15069);
#13303=AXIS2_PLACEMENT_3D('',#18581,#15072,#15073);
#13304=AXIS2_PLACEMENT_3D('',#18597,#15082,#15083);
#13305=AXIS2_PLACEMENT_3D('',#18613,#15092,#15093);
#13306=AXIS2_PLACEMENT_3D('',#18616,#15096,#15097);
#13307=AXIS2_PLACEMENT_3D('',#18632,#15106,#15107);
#13308=AXIS2_PLACEMENT_3D('',#18648,#15116,#15117);
#13309=AXIS2_PLACEMENT_3D('',#18651,#15120,#15121);
#13310=AXIS2_PLACEMENT_3D('',#18667,#15130,#15131);
#13311=AXIS2_PLACEMENT_3D('',#18683,#15140,#15141);
#13312=AXIS2_PLACEMENT_3D('',#18686,#15144,#15145);
#13313=AXIS2_PLACEMENT_3D('',#18702,#15154,#15155);
#13314=AXIS2_PLACEMENT_3D('',#18718,#15164,#15165);
#13315=AXIS2_PLACEMENT_3D('',#18721,#15168,#15169);
#13316=AXIS2_PLACEMENT_3D('',#18730,#15174,#15175);
#13317=AXIS2_PLACEMENT_3D('',#18743,#15183,#15184);
#13318=AXIS2_PLACEMENT_3D('',#18756,#15192,#15193);
#13319=AXIS2_PLACEMENT_3D('',#18772,#15202,#15203);
#13320=AXIS2_PLACEMENT_3D('',#18788,#15212,#15213);
#13321=AXIS2_PLACEMENT_3D('',#18791,#15216,#15217);
#13322=AXIS2_PLACEMENT_3D('',#18807,#15226,#15227);
#13323=AXIS2_PLACEMENT_3D('',#18823,#15236,#15237);
#13324=AXIS2_PLACEMENT_3D('',#18826,#15240,#15241);
#13325=AXIS2_PLACEMENT_3D('',#18842,#15250,#15251);
#13326=AXIS2_PLACEMENT_3D('',#18858,#15260,#15261);
#13327=AXIS2_PLACEMENT_3D('',#18861,#15264,#15265);
#13328=AXIS2_PLACEMENT_3D('',#18877,#15274,#15275);
#13329=AXIS2_PLACEMENT_3D('',#18893,#15284,#15285);
#13330=AXIS2_PLACEMENT_3D('',#18896,#15288,#15289);
#13331=AXIS2_PLACEMENT_3D('',#18912,#15298,#15299);
#13332=AXIS2_PLACEMENT_3D('',#18928,#15308,#15309);
#13333=AXIS2_PLACEMENT_3D('',#18931,#15312,#15313);
#13334=AXIS2_PLACEMENT_3D('',#18947,#15322,#15323);
#13335=AXIS2_PLACEMENT_3D('',#18963,#15332,#15333);
#13336=AXIS2_PLACEMENT_3D('',#18966,#15336,#15337);
#13337=AXIS2_PLACEMENT_3D('',#18982,#15346,#15347);
#13338=AXIS2_PLACEMENT_3D('',#18998,#15356,#15357);
#13339=AXIS2_PLACEMENT_3D('',#19001,#15360,#15361);
#13340=AXIS2_PLACEMENT_3D('',#19017,#15370,#15371);
#13341=AXIS2_PLACEMENT_3D('',#19033,#15380,#15381);
#13342=AXIS2_PLACEMENT_3D('',#19036,#15384,#15385);
#13343=AXIS2_PLACEMENT_3D('',#19045,#15390,#15391);
#13344=AXIS2_PLACEMENT_3D('',#19058,#15399,#15400);
#13345=AXIS2_PLACEMENT_3D('',#19071,#15408,#15409);
#13346=AXIS2_PLACEMENT_3D('',#19073,#15411,#15412);
#13347=AXIS2_PLACEMENT_3D('',#19075,#15414,#15415);
#13348=AXIS2_PLACEMENT_3D('',#19077,#15417,#15418);
#13349=AXIS2_PLACEMENT_3D('',#19079,#15420,#15421);
#13350=AXIS2_PLACEMENT_3D('',#19081,#15423,#15424);
#13351=AXIS2_PLACEMENT_3D('',#19083,#15426,#15427);
#13352=AXIS2_PLACEMENT_3D('',#19085,#15429,#15430);
#13353=AXIS2_PLACEMENT_3D('',#19087,#15432,#15433);
#13354=AXIS2_PLACEMENT_3D('',#19089,#15435,#15436);
#13355=AXIS2_PLACEMENT_3D('',#19091,#15438,#15439);
#13356=AXIS2_PLACEMENT_3D('',#19093,#15441,#15442);
#13357=AXIS2_PLACEMENT_3D('',#19095,#15444,#15445);
#13358=AXIS2_PLACEMENT_3D('',#19097,#15447,#15448);
#13359=AXIS2_PLACEMENT_3D('',#19099,#15450,#15451);
#13360=AXIS2_PLACEMENT_3D('',#19101,#15453,#15454);
#13361=AXIS2_PLACEMENT_3D('',#19103,#15456,#15457);
#13362=AXIS2_PLACEMENT_3D('',#19105,#15459,#15460);
#13363=AXIS2_PLACEMENT_3D('',#19107,#15462,#15463);
#13364=AXIS2_PLACEMENT_3D('',#19109,#15465,#15466);
#13365=AXIS2_PLACEMENT_3D('',#19111,#15468,#15469);
#13366=AXIS2_PLACEMENT_3D('',#19113,#15471,#15472);
#13367=AXIS2_PLACEMENT_3D('',#19115,#15474,#15475);
#13368=AXIS2_PLACEMENT_3D('',#19117,#15477,#15478);
#13369=AXIS2_PLACEMENT_3D('',#19119,#15480,#15481);
#13370=AXIS2_PLACEMENT_3D('',#19121,#15483,#15484);
#13371=AXIS2_PLACEMENT_3D('',#19123,#15486,#15487);
#13372=AXIS2_PLACEMENT_3D('',#19125,#15489,#15490);
#13373=AXIS2_PLACEMENT_3D('',#19127,#15492,#15493);
#13374=AXIS2_PLACEMENT_3D('',#19129,#15495,#15496);
#13375=AXIS2_PLACEMENT_3D('',#19131,#15498,#15499);
#13376=AXIS2_PLACEMENT_3D('',#19133,#15501,#15502);
#13377=AXIS2_PLACEMENT_3D('',#19135,#15504,#15505);
#13378=AXIS2_PLACEMENT_3D('',#19137,#15507,#15508);
#13379=AXIS2_PLACEMENT_3D('',#19139,#15510,#15511);
#13380=AXIS2_PLACEMENT_3D('',#19141,#15513,#15514);
#13381=AXIS2_PLACEMENT_3D('',#19143,#15516,#15517);
#13382=AXIS2_PLACEMENT_3D('',#19155,#15529,#15530);
#13383=AXIS2_PLACEMENT_3D('',#19157,#15532,#15533);
#13384=AXIS2_PLACEMENT_3D('',#19159,#15535,#15536);
#13385=AXIS2_PLACEMENT_3D('',#19161,#15538,#15539);
#13386=AXIS2_PLACEMENT_3D('',#19163,#15541,#15542);
#13387=AXIS2_PLACEMENT_3D('',#19165,#15544,#15545);
#13388=AXIS2_PLACEMENT_3D('',#19167,#15547,#15548);
#13389=AXIS2_PLACEMENT_3D('',#19169,#15550,#15551);
#13390=AXIS2_PLACEMENT_3D('',#19171,#15553,#15554);
#13391=AXIS2_PLACEMENT_3D('',#19173,#15556,#15557);
#13392=AXIS2_PLACEMENT_3D('',#19175,#15559,#15560);
#13393=AXIS2_PLACEMENT_3D('',#19177,#15562,#15563);
#13394=AXIS2_PLACEMENT_3D('',#19179,#15565,#15566);
#13395=AXIS2_PLACEMENT_3D('',#19181,#15568,#15569);
#13396=AXIS2_PLACEMENT_3D('',#19183,#15571,#15572);
#13397=AXIS2_PLACEMENT_3D('',#19185,#15574,#15575);
#13398=AXIS2_PLACEMENT_3D('',#19187,#15577,#15578);
#13399=AXIS2_PLACEMENT_3D('',#19189,#15580,#15581);
#13400=AXIS2_PLACEMENT_3D('',#19191,#15583,#15584);
#13401=AXIS2_PLACEMENT_3D('',#19193,#15586,#15587);
#13402=AXIS2_PLACEMENT_3D('',#19195,#15589,#15590);
#13403=AXIS2_PLACEMENT_3D('',#19197,#15592,#15593);
#13404=AXIS2_PLACEMENT_3D('',#19199,#15595,#15596);
#13405=AXIS2_PLACEMENT_3D('',#19201,#15598,#15599);
#13406=AXIS2_PLACEMENT_3D('',#19203,#15601,#15602);
#13407=AXIS2_PLACEMENT_3D('',#19205,#15604,#15605);
#13408=AXIS2_PLACEMENT_3D('',#19207,#15607,#15608);
#13409=AXIS2_PLACEMENT_3D('',#19209,#15610,#15611);
#13410=AXIS2_PLACEMENT_3D('',#19211,#15613,#15614);
#13411=AXIS2_PLACEMENT_3D('',#19213,#15616,#15617);
#13412=AXIS2_PLACEMENT_3D('',#19215,#15619,#15620);
#13413=AXIS2_PLACEMENT_3D('',#19216,#15621,#15622);
#13414=AXIS2_PLACEMENT_3D('',#19217,#15623,#15624);
#13415=AXIS2_PLACEMENT_3D('',#19218,#15625,#15626);
#13416=AXIS2_PLACEMENT_3D('',#19219,#15627,#15628);
#13417=AXIS2_PLACEMENT_3D('',#19220,#15629,#15630);
#13418=AXIS2_PLACEMENT_3D('',#19221,#15631,#15632);
#13419=AXIS2_PLACEMENT_3D('',#19222,#15633,#15634);
#13420=AXIS2_PLACEMENT_3D('',#19223,#15635,#15636);
#13421=AXIS2_PLACEMENT_3D('',#19224,#15637,#15638);
#13422=AXIS2_PLACEMENT_3D('',#19225,#15639,#15640);
#13423=AXIS2_PLACEMENT_3D('',#19227,#15642,#15643);
#13424=AXIS2_PLACEMENT_3D('',#19229,#15645,#15646);
#13425=AXIS2_PLACEMENT_3D('',#19231,#15648,#15649);
#13426=AXIS2_PLACEMENT_3D('',#19232,#15650,#15651);
#13427=AXIS2_PLACEMENT_3D('',#19234,#15653,#15654);
#13428=AXIS2_PLACEMENT_3D('',#19236,#15656,#15657);
#13429=AXIS2_PLACEMENT_3D('',#19238,#15659,#15660);
#13430=AXIS2_PLACEMENT_3D('',#19240,#15662,#15663);
#13431=AXIS2_PLACEMENT_3D('',#19242,#15665,#15666);
#13432=AXIS2_PLACEMENT_3D('',#19244,#15668,#15669);
#13433=AXIS2_PLACEMENT_3D('',#19246,#15671,#15672);
#13434=AXIS2_PLACEMENT_3D('',#19248,#15674,#15675);
#13435=AXIS2_PLACEMENT_3D('',#19250,#15677,#15678);
#13436=AXIS2_PLACEMENT_3D('',#19252,#15680,#15681);
#13437=AXIS2_PLACEMENT_3D('',#19254,#15683,#15684);
#13438=AXIS2_PLACEMENT_3D('',#19256,#15686,#15687);
#13439=AXIS2_PLACEMENT_3D('',#19258,#15689,#15690);
#13440=AXIS2_PLACEMENT_3D('',#19260,#15692,#15693);
#13441=AXIS2_PLACEMENT_3D('',#19262,#15695,#15696);
#13442=AXIS2_PLACEMENT_3D('',#19264,#15698,#15699);
#13443=AXIS2_PLACEMENT_3D('',#19266,#15701,#15702);
#13444=AXIS2_PLACEMENT_3D('',#19268,#15704,#15705);
#13445=AXIS2_PLACEMENT_3D('',#19271,#15708,#15709);
#13446=AXIS2_PLACEMENT_3D('',#19272,#15710,#15711);
#13447=AXIS2_PLACEMENT_3D('',#19273,#15712,#15713);
#13448=AXIS2_PLACEMENT_3D('',#19274,#15714,#15715);
#13449=AXIS2_PLACEMENT_3D('',#19283,#15720,#15721);
#13450=AXIS2_PLACEMENT_3D('',#19292,#15726,#15727);
#13451=AXIS2_PLACEMENT_3D('',#19301,#15732,#15733);
#13452=AXIS2_PLACEMENT_3D('',#19310,#15738,#15739);
#13453=AXIS2_PLACEMENT_3D('',#19319,#15744,#15745);
#13454=AXIS2_PLACEMENT_3D('',#19328,#15750,#15751);
#13455=AXIS2_PLACEMENT_3D('',#19337,#15756,#15757);
#13456=AXIS2_PLACEMENT_3D('',#19346,#15762,#15763);
#13457=AXIS2_PLACEMENT_3D('',#19355,#15768,#15769);
#13458=AXIS2_PLACEMENT_3D('',#19364,#15774,#15775);
#13459=AXIS2_PLACEMENT_3D('',#19373,#15780,#15781);
#13460=AXIS2_PLACEMENT_3D('',#19382,#15786,#15787);
#13461=AXIS2_PLACEMENT_3D('',#19391,#15792,#15793);
#13462=AXIS2_PLACEMENT_3D('',#19400,#15798,#15799);
#13463=AXIS2_PLACEMENT_3D('',#19409,#15804,#15805);
#13464=AXIS2_PLACEMENT_3D('',#19418,#15810,#15811);
#13465=AXIS2_PLACEMENT_3D('',#19427,#15816,#15817);
#13466=AXIS2_PLACEMENT_3D('',#19436,#15822,#15823);
#13467=AXIS2_PLACEMENT_3D('',#19445,#15828,#15829);
#13468=AXIS2_PLACEMENT_3D('',#19454,#15834,#15835);
#13469=AXIS2_PLACEMENT_3D('',#19459,#15838,#15839);
#13470=AXIS2_PLACEMENT_3D('',#19483,#15851,#15852);
#13471=AXIS2_PLACEMENT_3D('',#19485,#15854,#15855);
#13472=AXIS2_PLACEMENT_3D('',#19491,#15859,#15860);
#13473=AXIS2_PLACEMENT_3D('',#19515,#15872,#15873);
#13474=AXIS2_PLACEMENT_3D('',#19516,#15874,#15875);
#13475=AXIS2_PLACEMENT_3D('',#19535,#15885,#15886);
#13476=AXIS2_PLACEMENT_3D('',#19536,#15887,#15888);
#13477=AXIS2_PLACEMENT_3D('',#19541,#15891,#15892);
#13478=AXIS2_PLACEMENT_3D('',#19556,#15900,#15901);
#13479=AXIS2_PLACEMENT_3D('',#19559,#15904,#15905);
#13480=AXIS2_PLACEMENT_3D('',#19578,#15915,#15916);
#13481=AXIS2_PLACEMENT_3D('',#19579,#15917,#15918);
#13482=AXIS2_PLACEMENT_3D('',#19584,#15921,#15922);
#13483=AXIS2_PLACEMENT_3D('',#19599,#15930,#15931);
#13484=AXIS2_PLACEMENT_3D('',#19602,#15934,#15935);
#13485=AXIS2_PLACEMENT_3D('',#19621,#15945,#15946);
#13486=AXIS2_PLACEMENT_3D('',#19622,#15947,#15948);
#13487=AXIS2_PLACEMENT_3D('',#19627,#15951,#15952);
#13488=AXIS2_PLACEMENT_3D('',#19642,#15960,#15961);
#13489=AXIS2_PLACEMENT_3D('',#19645,#15964,#15965);
#13490=AXIS2_PLACEMENT_3D('',#19664,#15975,#15976);
#13491=AXIS2_PLACEMENT_3D('',#19665,#15977,#15978);
#13492=AXIS2_PLACEMENT_3D('',#19670,#15981,#15982);
#13493=AXIS2_PLACEMENT_3D('',#19685,#15990,#15991);
#13494=AXIS2_PLACEMENT_3D('',#19688,#15994,#15995);
#13495=AXIS2_PLACEMENT_3D('',#19707,#16005,#16006);
#13496=AXIS2_PLACEMENT_3D('',#19708,#16007,#16008);
#13497=AXIS2_PLACEMENT_3D('',#19713,#16011,#16012);
#13498=AXIS2_PLACEMENT_3D('',#19728,#16020,#16021);
#13499=AXIS2_PLACEMENT_3D('',#19731,#16024,#16025);
#13500=AXIS2_PLACEMENT_3D('',#19750,#16035,#16036);
#13501=AXIS2_PLACEMENT_3D('',#19751,#16037,#16038);
#13502=AXIS2_PLACEMENT_3D('',#19756,#16041,#16042);
#13503=AXIS2_PLACEMENT_3D('',#19771,#16050,#16051);
#13504=AXIS2_PLACEMENT_3D('',#19774,#16054,#16055);
#13505=AXIS2_PLACEMENT_3D('',#19793,#16065,#16066);
#13506=AXIS2_PLACEMENT_3D('',#19794,#16067,#16068);
#13507=AXIS2_PLACEMENT_3D('',#19799,#16071,#16072);
#13508=AXIS2_PLACEMENT_3D('',#19814,#16080,#16081);
#13509=AXIS2_PLACEMENT_3D('',#19817,#16084,#16085);
#13510=AXIS2_PLACEMENT_3D('',#19836,#16095,#16096);
#13511=AXIS2_PLACEMENT_3D('',#19837,#16097,#16098);
#13512=AXIS2_PLACEMENT_3D('',#19842,#16101,#16102);
#13513=AXIS2_PLACEMENT_3D('',#19857,#16110,#16111);
#13514=AXIS2_PLACEMENT_3D('',#19860,#16114,#16115);
#13515=AXIS2_PLACEMENT_3D('',#19869,#16120,#16121);
#13516=AXIS2_PLACEMENT_3D('',#19885,#16130,#16131);
#13517=AXIS2_PLACEMENT_3D('',#19886,#16132,#16133);
#13518=AXIS2_PLACEMENT_3D('',#19890,#16136,#16137);
#13519=AXIS2_PLACEMENT_3D('',#19903,#16144,#16145);
#13520=AXIS2_PLACEMENT_3D('',#19908,#16148,#16149);
#13521=AXIS2_PLACEMENT_3D('',#19923,#16157,#16158);
#13522=AXIS2_PLACEMENT_3D('',#19941,#16167,#16168);
#13523=AXIS2_PLACEMENT_3D('',#19943,#16170,#16171);
#13524=AXIS2_PLACEMENT_3D('',#19946,#16174,#16175);
#13525=AXIS2_PLACEMENT_3D('',#19951,#16178,#16179);
#13526=AXIS2_PLACEMENT_3D('',#19966,#16187,#16188);
#13527=AXIS2_PLACEMENT_3D('',#19984,#16197,#16198);
#13528=AXIS2_PLACEMENT_3D('',#19986,#16200,#16201);
#13529=AXIS2_PLACEMENT_3D('',#19989,#16204,#16205);
#13530=AXIS2_PLACEMENT_3D('',#19994,#16208,#16209);
#13531=AXIS2_PLACEMENT_3D('',#20009,#16217,#16218);
#13532=AXIS2_PLACEMENT_3D('',#20027,#16227,#16228);
#13533=AXIS2_PLACEMENT_3D('',#20029,#16230,#16231);
#13534=AXIS2_PLACEMENT_3D('',#20032,#16234,#16235);
#13535=AXIS2_PLACEMENT_3D('',#20037,#16238,#16239);
#13536=AXIS2_PLACEMENT_3D('',#20052,#16247,#16248);
#13537=AXIS2_PLACEMENT_3D('',#20070,#16257,#16258);
#13538=AXIS2_PLACEMENT_3D('',#20072,#16260,#16261);
#13539=AXIS2_PLACEMENT_3D('',#20075,#16264,#16265);
#13540=AXIS2_PLACEMENT_3D('',#20080,#16268,#16269);
#13541=AXIS2_PLACEMENT_3D('',#20095,#16277,#16278);
#13542=AXIS2_PLACEMENT_3D('',#20113,#16287,#16288);
#13543=AXIS2_PLACEMENT_3D('',#20115,#16290,#16291);
#13544=AXIS2_PLACEMENT_3D('',#20118,#16294,#16295);
#13545=AXIS2_PLACEMENT_3D('',#20123,#16298,#16299);
#13546=AXIS2_PLACEMENT_3D('',#20138,#16307,#16308);
#13547=AXIS2_PLACEMENT_3D('',#20156,#16317,#16318);
#13548=AXIS2_PLACEMENT_3D('',#20158,#16320,#16321);
#13549=AXIS2_PLACEMENT_3D('',#20161,#16324,#16325);
#13550=AXIS2_PLACEMENT_3D('',#20166,#16328,#16329);
#13551=AXIS2_PLACEMENT_3D('',#20181,#16337,#16338);
#13552=AXIS2_PLACEMENT_3D('',#20199,#16347,#16348);
#13553=AXIS2_PLACEMENT_3D('',#20201,#16350,#16351);
#13554=AXIS2_PLACEMENT_3D('',#20204,#16354,#16355);
#13555=AXIS2_PLACEMENT_3D('',#20209,#16358,#16359);
#13556=AXIS2_PLACEMENT_3D('',#20224,#16367,#16368);
#13557=AXIS2_PLACEMENT_3D('',#20242,#16377,#16378);
#13558=AXIS2_PLACEMENT_3D('',#20244,#16380,#16381);
#13559=AXIS2_PLACEMENT_3D('',#20247,#16384,#16385);
#13560=AXIS2_PLACEMENT_3D('',#20256,#16390,#16391);
#13561=AXIS2_PLACEMENT_3D('',#20260,#16394,#16395);
#13562=AXIS2_PLACEMENT_3D('',#20273,#16402,#16403);
#13563=AXIS2_PLACEMENT_3D('',#20288,#16411,#16412);
#13564=AXIS2_PLACEMENT_3D('',#20290,#16414,#16415);
#13565=AXIS2_PLACEMENT_3D('',#20293,#16418,#16419);
#13566=AXIS2_PLACEMENT_3D('',#20296,#16422,#16423);
#13567=AXIS2_PLACEMENT_3D('',#20299,#16426,#16427);
#13568=AXIS2_PLACEMENT_3D('',#20302,#16430,#16431);
#13569=AXIS2_PLACEMENT_3D('',#20305,#16434,#16435);
#13570=AXIS2_PLACEMENT_3D('',#20308,#16438,#16439);
#13571=AXIS2_PLACEMENT_3D('',#20311,#16442,#16443);
#13572=AXIS2_PLACEMENT_3D('',#20314,#16446,#16447);
#13573=AXIS2_PLACEMENT_3D('',#20317,#16450,#16451);
#13574=AXIS2_PLACEMENT_3D('',#20319,#16453,#16454);
#13575=AXIS2_PLACEMENT_3D('',#20321,#16456,#16457);
#13576=AXIS2_PLACEMENT_3D('',#20323,#16459,#16460);
#13577=AXIS2_PLACEMENT_3D('',#20325,#16462,#16463);
#13578=AXIS2_PLACEMENT_3D('',#20327,#16465,#16466);
#13579=AXIS2_PLACEMENT_3D('',#20329,#16468,#16469);
#13580=AXIS2_PLACEMENT_3D('',#20331,#16471,#16472);
#13581=AXIS2_PLACEMENT_3D('',#20333,#16474,#16475);
#13582=AXIS2_PLACEMENT_3D('',#20335,#16477,#16478);
#13583=AXIS2_PLACEMENT_3D('',#20337,#16480,#16481);
#13584=AXIS2_PLACEMENT_3D('',#20339,#16483,#16484);
#13585=AXIS2_PLACEMENT_3D('',#20341,#16486,#16487);
#13586=AXIS2_PLACEMENT_3D('',#20343,#16489,#16490);
#13587=AXIS2_PLACEMENT_3D('',#20345,#16492,#16493);
#13588=AXIS2_PLACEMENT_3D('',#20347,#16495,#16496);
#13589=AXIS2_PLACEMENT_3D('',#20349,#16498,#16499);
#13590=AXIS2_PLACEMENT_3D('',#20351,#16501,#16502);
#13591=AXIS2_PLACEMENT_3D('',#20353,#16504,#16505);
#13592=AXIS2_PLACEMENT_3D('',#20355,#16507,#16508);
#13593=AXIS2_PLACEMENT_3D('',#20357,#16510,#16511);
#13594=AXIS2_PLACEMENT_3D('',#20359,#16513,#16514);
#13595=AXIS2_PLACEMENT_3D('',#20361,#16516,#16517);
#13596=AXIS2_PLACEMENT_3D('',#20363,#16519,#16520);
#13597=AXIS2_PLACEMENT_3D('',#20365,#16522,#16523);
#13598=AXIS2_PLACEMENT_3D('',#20367,#16525,#16526);
#13599=AXIS2_PLACEMENT_3D('',#20369,#16528,#16529);
#13600=AXIS2_PLACEMENT_3D('',#20371,#16531,#16532);
#13601=AXIS2_PLACEMENT_3D('',#20373,#16534,#16535);
#13602=AXIS2_PLACEMENT_3D('',#20375,#16537,#16538);
#13603=AXIS2_PLACEMENT_3D('',#20377,#16540,#16541);
#13604=AXIS2_PLACEMENT_3D('',#20379,#16543,#16544);
#13605=AXIS2_PLACEMENT_3D('',#20381,#16546,#16547);
#13606=AXIS2_PLACEMENT_3D('',#20383,#16549,#16550);
#13607=AXIS2_PLACEMENT_3D('',#20385,#16552,#16553);
#13608=AXIS2_PLACEMENT_3D('',#20387,#16555,#16556);
#13609=AXIS2_PLACEMENT_3D('',#20389,#16558,#16559);
#13610=AXIS2_PLACEMENT_3D('',#20390,#16560,#16561);
#13611=AXIS2_PLACEMENT_3D('',#20391,#16562,#16563);
#13612=AXIS2_PLACEMENT_3D('',#20392,#16564,#16565);
#13613=AXIS2_PLACEMENT_3D('',#20393,#16566,#16567);
#13614=AXIS2_PLACEMENT_3D('',#20394,#16568,#16569);
#13615=AXIS2_PLACEMENT_3D('',#20395,#16570,#16571);
#13616=AXIS2_PLACEMENT_3D('',#20396,#16572,#16573);
#13617=AXIS2_PLACEMENT_3D('',#20397,#16574,#16575);
#13618=AXIS2_PLACEMENT_3D('',#20398,#16576,#16577);
#13619=AXIS2_PLACEMENT_3D('',#20400,#16579,#16580);
#13620=AXIS2_PLACEMENT_3D('',#20402,#16582,#16583);
#13621=AXIS2_PLACEMENT_3D('',#20404,#16585,#16586);
#13622=AXIS2_PLACEMENT_3D('',#20406,#16588,#16589);
#13623=AXIS2_PLACEMENT_3D('',#20408,#16591,#16592);
#13624=AXIS2_PLACEMENT_3D('',#20410,#16594,#16595);
#13625=AXIS2_PLACEMENT_3D('',#20412,#16597,#16598);
#13626=AXIS2_PLACEMENT_3D('',#20414,#16600,#16601);
#13627=AXIS2_PLACEMENT_3D('',#20416,#16603,#16604);
#13628=AXIS2_PLACEMENT_3D('',#20418,#16606,#16607);
#13629=AXIS2_PLACEMENT_3D('',#20420,#16609,#16610);
#13630=AXIS2_PLACEMENT_3D('',#20422,#16612,#16613);
#13631=AXIS2_PLACEMENT_3D('',#20424,#16615,#16616);
#13632=AXIS2_PLACEMENT_3D('',#20426,#16618,#16619);
#13633=AXIS2_PLACEMENT_3D('',#20428,#16621,#16622);
#13634=AXIS2_PLACEMENT_3D('',#20430,#16624,#16625);
#13635=AXIS2_PLACEMENT_3D('',#20432,#16627,#16628);
#13636=AXIS2_PLACEMENT_3D('',#20434,#16630,#16631);
#13637=AXIS2_PLACEMENT_3D('',#20436,#16633,#16634);
#13638=AXIS2_PLACEMENT_3D('',#20438,#16636,#16637);
#13639=AXIS2_PLACEMENT_3D('',#20440,#16639,#16640);
#13640=AXIS2_PLACEMENT_3D('',#20442,#16642,#16643);
#13641=AXIS2_PLACEMENT_3D('',#20444,#16645,#16646);
#13642=AXIS2_PLACEMENT_3D('',#20446,#16648,#16649);
#13643=AXIS2_PLACEMENT_3D('',#20448,#16651,#16652);
#13644=AXIS2_PLACEMENT_3D('',#20450,#16654,#16655);
#13645=AXIS2_PLACEMENT_3D('',#20452,#16657,#16658);
#13646=AXIS2_PLACEMENT_3D('',#20454,#16660,#16661);
#13647=AXIS2_PLACEMENT_3D('',#20456,#16663,#16664);
#13648=AXIS2_PLACEMENT_3D('',#20458,#16666,#16667);
#13649=AXIS2_PLACEMENT_3D('',#20460,#16669,#16670);
#13650=AXIS2_PLACEMENT_3D('',#20462,#16672,#16673);
#13651=AXIS2_PLACEMENT_3D('',#20464,#16675,#16676);
#13652=AXIS2_PLACEMENT_3D('',#20466,#16678,#16679);
#13653=AXIS2_PLACEMENT_3D('',#20468,#16681,#16682);
#13654=AXIS2_PLACEMENT_3D('',#20470,#16684,#16685);
#13655=AXIS2_PLACEMENT_3D('',#20472,#16687,#16688);
#13656=AXIS2_PLACEMENT_3D('',#20474,#16690,#16691);
#13657=AXIS2_PLACEMENT_3D('',#20476,#16693,#16694);
#13658=AXIS2_PLACEMENT_3D('',#20478,#16696,#16697);
#13659=AXIS2_PLACEMENT_3D('',#20480,#16699,#16700);
#13660=AXIS2_PLACEMENT_3D('',#20482,#16702,#16703);
#13661=AXIS2_PLACEMENT_3D('',#20484,#16705,#16706);
#13662=AXIS2_PLACEMENT_3D('',#20486,#16708,#16709);
#13663=AXIS2_PLACEMENT_3D('',#20488,#16711,#16712);
#13664=AXIS2_PLACEMENT_3D('',#20490,#16714,#16715);
#13665=AXIS2_PLACEMENT_3D('',#20492,#16717,#16718);
#13666=AXIS2_PLACEMENT_3D('',#20494,#16720,#16721);
#13667=AXIS2_PLACEMENT_3D('',#20496,#16723,#16724);
#13668=AXIS2_PLACEMENT_3D('',#20498,#16726,#16727);
#13669=AXIS2_PLACEMENT_3D('',#20500,#16729,#16730);
#13670=AXIS2_PLACEMENT_3D('',#20502,#16732,#16733);
#13671=AXIS2_PLACEMENT_3D('',#20504,#16735,#16736);
#13672=AXIS2_PLACEMENT_3D('',#20506,#16738,#16739);
#13673=AXIS2_PLACEMENT_3D('',#20508,#16741,#16742);
#13674=AXIS2_PLACEMENT_3D('',#20510,#16744,#16745);
#13675=AXIS2_PLACEMENT_3D('',#20512,#16747,#16748);
#13676=AXIS2_PLACEMENT_3D('',#20514,#16750,#16751);
#13677=AXIS2_PLACEMENT_3D('',#20516,#16753,#16754);
#13678=AXIS2_PLACEMENT_3D('',#20518,#16756,#16757);
#13679=AXIS2_PLACEMENT_3D('',#20520,#16759,#16760);
#13680=AXIS2_PLACEMENT_3D('',#20522,#16762,#16763);
#13681=AXIS2_PLACEMENT_3D('',#20524,#16765,#16766);
#13682=AXIS2_PLACEMENT_3D('',#20526,#16768,#16769);
#13683=AXIS2_PLACEMENT_3D('',#20528,#16771,#16772);
#13684=AXIS2_PLACEMENT_3D('',#20530,#16774,#16775);
#13685=AXIS2_PLACEMENT_3D('',#20531,#16776,#16777);
#13686=AXIS2_PLACEMENT_3D('',#20533,#16779,#16780);
#13687=AXIS2_PLACEMENT_3D('',#20535,#16782,#16783);
#13688=AXIS2_PLACEMENT_3D('',#20537,#16785,#16786);
#13689=AXIS2_PLACEMENT_3D('',#20539,#16788,#16789);
#13690=AXIS2_PLACEMENT_3D('',#20541,#16791,#16792);
#13691=AXIS2_PLACEMENT_3D('',#20543,#16794,#16795);
#13692=AXIS2_PLACEMENT_3D('',#20545,#16797,#16798);
#13693=AXIS2_PLACEMENT_3D('',#20547,#16800,#16801);
#13694=AXIS2_PLACEMENT_3D('',#20549,#16803,#16804);
#13695=AXIS2_PLACEMENT_3D('',#20561,#16816,#16817);
#13696=AXIS2_PLACEMENT_3D('',#20562,#16818,#16819);
#13697=AXIS2_PLACEMENT_3D('',#20563,#16820,#16821);
#13698=AXIS2_PLACEMENT_3D('',#20564,#16822,#16823);
#13699=AXIS2_PLACEMENT_3D('',#20565,#16824,#16825);
#13700=AXIS2_PLACEMENT_3D('',#20566,#16826,#16827);
#13701=AXIS2_PLACEMENT_3D('',#20567,#16828,#16829);
#13702=AXIS2_PLACEMENT_3D('',#20568,#16830,#16831);
#13703=AXIS2_PLACEMENT_3D('',#20569,#16832,#16833);
#13704=AXIS2_PLACEMENT_3D('',#20570,#16834,#16835);
#13705=AXIS2_PLACEMENT_3D('',#20571,#16836,#16837);
#13706=AXIS2_PLACEMENT_3D('',#20572,#16838,#16839);
#13707=AXIS2_PLACEMENT_3D('',#20573,#16840,#16841);
#13708=AXIS2_PLACEMENT_3D('',#20574,#16842,#16843);
#13709=AXIS2_PLACEMENT_3D('',#20576,#16844,#16845);
#13710=AXIS2_PLACEMENT_3D('',#20578,#16846,#16847);
#13711=AXIS2_PLACEMENT_3D('',#20579,#16848,#16849);
#13712=AXIS2_PLACEMENT_3D('',#20580,#16850,#16851);
#13713=DIRECTION('',(0.,0.,1.));
#13714=DIRECTION('',(1.,0.,0.));
#13715=DIRECTION('',(0.,0.,1.));
#13716=DIRECTION('',(1.,0.,0.));
#13717=DIRECTION('',(-1.,0.,0.));
#13718=DIRECTION('',(0.,1.,0.));
#13719=DIRECTION('',(-1.,0.,0.));
#13720=DIRECTION('',(0.,-1.,0.));
#13721=DIRECTION('',(-1.,0.,0.));
#13722=DIRECTION('',(0.,-1.,0.));
#13723=DIRECTION('',(-1.,0.,0.));
#13724=DIRECTION('',(0.,-1.,0.));
#13725=DIRECTION('',(-1.,0.,0.));
#13726=DIRECTION('',(0.,-1.,0.));
#13727=DIRECTION('',(-1.,0.,0.));
#13728=DIRECTION('',(0.,1.,0.));
#13729=DIRECTION('',(-1.,0.,0.));
#13730=DIRECTION('',(0.,-1.,0.));
#13731=DIRECTION('',(-1.,0.,0.));
#13732=DIRECTION('',(0.,1.,0.));
#13733=DIRECTION('',(-1.,0.,0.));
#13734=DIRECTION('',(0.,-1.,0.));
#13735=DIRECTION('',(-1.,0.,0.));
#13736=DIRECTION('',(0.,1.,0.));
#13737=DIRECTION('',(-1.,0.,0.));
#13738=DIRECTION('',(0.,-1.,0.));
#13739=DIRECTION('',(-1.,0.,0.));
#13740=DIRECTION('',(0.,1.,0.));
#13741=DIRECTION('',(-1.,0.,0.));
#13742=DIRECTION('',(0.,-1.,0.));
#13743=DIRECTION('',(-1.,0.,0.));
#13744=DIRECTION('',(0.,1.,0.));
#13745=DIRECTION('',(-1.,0.,0.));
#13746=DIRECTION('',(0.,-1.,0.));
#13747=DIRECTION('',(-1.,0.,0.));
#13748=DIRECTION('',(0.,1.,0.));
#13749=DIRECTION('',(-1.,0.,0.));
#13750=DIRECTION('',(0.,-1.,0.));
#13751=DIRECTION('',(-1.,0.,0.));
#13752=DIRECTION('',(0.,1.,0.));
#13753=DIRECTION('',(-1.,0.,0.));
#13754=DIRECTION('',(0.,-1.,0.));
#13755=DIRECTION('',(-1.,0.,0.));
#13756=DIRECTION('',(0.,1.,0.));
#13757=DIRECTION('',(-1.,0.,0.));
#13758=DIRECTION('',(0.,-1.,0.));
#13759=DIRECTION('',(-1.,0.,0.));
#13760=DIRECTION('',(0.,1.,0.));
#13761=DIRECTION('',(-1.,0.,0.));
#13762=DIRECTION('',(0.,-1.,0.));
#13763=DIRECTION('',(-1.,0.,0.));
#13764=DIRECTION('',(0.,1.,0.));
#13765=DIRECTION('',(-1.,0.,0.));
#13766=DIRECTION('',(0.,-1.,0.));
#13767=DIRECTION('',(0.,1.,0.));
#13768=DIRECTION('',(0.,0.,1.));
#13769=DIRECTION('',(1.,0.,0.));
#13770=DIRECTION('',(0.,0.,-1.));
#13771=DIRECTION('',(1.,0.,0.));
#13772=DIRECTION('',(0.,0.,-1.));
#13773=DIRECTION('',(0.,0.,-1.));
#13774=DIRECTION('',(-1.,0.,0.));
#13775=DIRECTION('',(-1.,0.,0.));
#13776=DIRECTION('',(0.,-1.,0.));
#13777=DIRECTION('',(-1.,0.,0.));
#13778=DIRECTION('',(0.,-1.,0.));
#13779=DIRECTION('',(-1.,0.,0.));
#13780=DIRECTION('',(0.,-1.,0.));
#13781=DIRECTION('',(1.,0.,0.));
#13782=DIRECTION('',(0.,-1.,0.));
#13783=DIRECTION('',(-1.,0.,0.));
#13784=DIRECTION('',(0.,1.,0.));
#13785=DIRECTION('',(-1.,0.,0.));
#13786=DIRECTION('',(0.,-1.,0.));
#13787=DIRECTION('',(-1.,0.,0.));
#13788=DIRECTION('',(0.,1.,0.));
#13789=DIRECTION('',(-1.,0.,0.));
#13790=DIRECTION('',(0.,-1.,0.));
#13791=DIRECTION('',(-1.,0.,0.));
#13792=DIRECTION('',(0.,1.,0.));
#13793=DIRECTION('',(-1.,0.,0.));
#13794=DIRECTION('',(0.,-1.,0.));
#13795=DIRECTION('',(-1.,0.,0.));
#13796=DIRECTION('',(0.,1.,0.));
#13797=DIRECTION('',(-1.,0.,0.));
#13798=DIRECTION('',(0.,-1.,0.));
#13799=DIRECTION('',(-1.,0.,0.));
#13800=DIRECTION('',(0.,1.,0.));
#13801=DIRECTION('',(-1.,0.,0.));
#13802=DIRECTION('',(0.,-1.,0.));
#13803=DIRECTION('',(-1.,0.,0.));
#13804=DIRECTION('',(0.,1.,0.));
#13805=DIRECTION('',(-1.,0.,0.));
#13806=DIRECTION('',(0.,-1.,0.));
#13807=DIRECTION('',(-1.,0.,0.));
#13808=DIRECTION('',(0.,1.,0.));
#13809=DIRECTION('',(-1.,0.,0.));
#13810=DIRECTION('',(0.,-1.,0.));
#13811=DIRECTION('',(-1.,0.,0.));
#13812=DIRECTION('',(0.,1.,0.));
#13813=DIRECTION('',(-1.,0.,0.));
#13814=DIRECTION('',(0.,-1.,0.));
#13815=DIRECTION('',(-1.,0.,0.));
#13816=DIRECTION('',(0.,1.,0.));
#13817=DIRECTION('',(-1.,0.,0.));
#13818=DIRECTION('',(0.,-1.,0.));
#13819=DIRECTION('',(-1.,0.,0.));
#13820=DIRECTION('',(0.,1.,0.));
#13821=DIRECTION('',(-1.,0.,0.));
#13822=DIRECTION('',(0.,-1.,0.));
#13823=DIRECTION('',(-1.,0.,0.));
#13824=DIRECTION('',(0.,1.,0.));
#13825=DIRECTION('',(-1.,0.,0.));
#13826=DIRECTION('',(0.,0.,1.));
#13827=DIRECTION('',(0.,1.,0.));
#13828=DIRECTION('',(0.,0.,1.));
#13829=DIRECTION('',(0.,0.,1.));
#13830=DIRECTION('',(0.,-1.,0.));
#13831=DIRECTION('',(0.,0.,-1.));
#13832=DIRECTION('',(0.,-1.,0.));
#13833=DIRECTION('',(0.,0.,-1.));
#13834=DIRECTION('',(-1.,0.,0.));
#13835=DIRECTION('',(0.,0.,1.));
#13836=DIRECTION('',(0.,1.40805476946169E-17,1.));
#13837=DIRECTION('',(0.,1.,0.));
#13838=DIRECTION('',(0.,0.,1.));
#13839=DIRECTION('',(0.,-1.,0.));
#13840=DIRECTION('',(0.,0.,-1.));
#13841=DIRECTION('',(0.,-1.,0.));
#13842=DIRECTION('',(0.,0.,-1.));
#13843=DIRECTION('',(-1.,0.,0.));
#13844=DIRECTION('',(0.,0.,1.));
#13845=DIRECTION('',(0.,1.,0.));
#13846=DIRECTION('',(0.,0.,1.));
#13847=DIRECTION('',(0.,0.,1.));
#13848=DIRECTION('',(0.,-1.,0.));
#13849=DIRECTION('',(0.,0.,-1.));
#13850=DIRECTION('',(0.,-1.,0.));
#13851=DIRECTION('',(0.,0.,-1.));
#13852=DIRECTION('',(-1.,0.,0.));
#13853=DIRECTION('',(0.,0.,1.));
#13854=DIRECTION('',(0.,1.40805476946169E-17,1.));
#13855=DIRECTION('',(0.,1.,0.));
#13856=DIRECTION('',(0.,0.,1.));
#13857=DIRECTION('',(0.,-1.,0.));
#13858=DIRECTION('',(0.,0.,-1.));
#13859=DIRECTION('',(0.,-1.,0.));
#13860=DIRECTION('',(0.,0.,-1.));
#13861=DIRECTION('',(-1.,0.,0.));
#13862=DIRECTION('',(0.,0.,1.));
#13863=DIRECTION('',(0.,1.,0.));
#13864=DIRECTION('',(0.,0.,1.));
#13865=DIRECTION('',(0.,0.,1.));
#13866=DIRECTION('',(0.,-1.,0.));
#13867=DIRECTION('',(0.,0.,-1.));
#13868=DIRECTION('',(0.,-1.,0.));
#13869=DIRECTION('',(0.,0.,-1.));
#13870=DIRECTION('',(-1.,0.,0.));
#13871=DIRECTION('',(0.,0.,1.));
#13872=DIRECTION('',(0.,1.40805476946169E-17,1.));
#13873=DIRECTION('',(0.,1.,0.));
#13874=DIRECTION('',(0.,0.,1.));
#13875=DIRECTION('',(0.,-1.,0.));
#13876=DIRECTION('',(0.,0.,-1.));
#13877=DIRECTION('',(0.,-1.,0.));
#13878=DIRECTION('',(0.,0.,-1.));
#13879=DIRECTION('',(-1.,0.,0.));
#13880=DIRECTION('',(0.,0.,1.));
#13881=DIRECTION('',(0.,1.,0.));
#13882=DIRECTION('',(0.,0.,1.));
#13883=DIRECTION('',(0.,0.,1.));
#13884=DIRECTION('',(0.,-1.,0.));
#13885=DIRECTION('',(0.,0.,-1.));
#13886=DIRECTION('',(0.,-1.,0.));
#13887=DIRECTION('',(0.,0.,-1.));
#13888=DIRECTION('',(-1.,0.,0.));
#13889=DIRECTION('',(0.,0.,1.));
#13890=DIRECTION('',(0.,1.40805476946169E-17,1.));
#13891=DIRECTION('',(0.,1.,0.));
#13892=DIRECTION('',(0.,0.,1.));
#13893=DIRECTION('',(0.,-1.,0.));
#13894=DIRECTION('',(0.,0.,-1.));
#13895=DIRECTION('',(0.,-1.,0.));
#13896=DIRECTION('',(0.,0.,-1.));
#13897=DIRECTION('',(-1.,0.,0.));
#13898=DIRECTION('',(0.,0.,1.));
#13899=DIRECTION('',(0.,1.,0.));
#13900=DIRECTION('',(0.,0.,1.));
#13901=DIRECTION('',(0.,0.,1.));
#13902=DIRECTION('',(0.,-1.,0.));
#13903=DIRECTION('',(0.,0.,-1.));
#13904=DIRECTION('',(0.,-1.,0.));
#13905=DIRECTION('',(0.,0.,-1.));
#13906=DIRECTION('',(-1.,0.,0.));
#13907=DIRECTION('',(0.,0.,1.));
#13908=DIRECTION('',(0.,1.40805476946169E-17,1.));
#13909=DIRECTION('',(0.,1.,0.));
#13910=DIRECTION('',(0.,0.,1.));
#13911=DIRECTION('',(0.,-1.,0.));
#13912=DIRECTION('',(0.,0.,-1.));
#13913=DIRECTION('',(0.,-1.,0.));
#13914=DIRECTION('',(0.,0.,-1.));
#13915=DIRECTION('',(-1.,0.,0.));
#13916=DIRECTION('',(0.,0.,1.));
#13917=DIRECTION('',(0.,1.,0.));
#13918=DIRECTION('',(0.,0.,1.));
#13919=DIRECTION('',(0.,0.,1.));
#13920=DIRECTION('',(0.,-1.,0.));
#13921=DIRECTION('',(0.,0.,-1.));
#13922=DIRECTION('',(0.,-1.,0.));
#13923=DIRECTION('',(0.,0.,-1.));
#13924=DIRECTION('',(-1.,0.,0.));
#13925=DIRECTION('',(0.,0.,1.));
#13926=DIRECTION('',(0.,1.40805476946169E-17,1.));
#13927=DIRECTION('',(0.,1.,0.));
#13928=DIRECTION('',(0.,0.,1.));
#13929=DIRECTION('',(0.,-1.,0.));
#13930=DIRECTION('',(0.,0.,-1.));
#13931=DIRECTION('',(0.,-1.,0.));
#13932=DIRECTION('',(0.,0.,-1.));
#13933=DIRECTION('',(-1.,0.,0.));
#13934=DIRECTION('',(0.,0.,1.));
#13935=DIRECTION('',(0.,1.,0.));
#13936=DIRECTION('',(0.,0.,1.));
#13937=DIRECTION('',(0.,0.,1.));
#13938=DIRECTION('',(0.,-1.,0.));
#13939=DIRECTION('',(0.,0.,-1.));
#13940=DIRECTION('',(0.,-1.,0.));
#13941=DIRECTION('',(0.,0.,-1.));
#13942=DIRECTION('',(-1.,0.,0.));
#13943=DIRECTION('',(0.,0.,1.));
#13944=DIRECTION('',(0.,1.40805476946169E-17,1.));
#13945=DIRECTION('',(0.,1.,0.));
#13946=DIRECTION('',(0.,0.,1.));
#13947=DIRECTION('',(0.,-1.,0.));
#13948=DIRECTION('',(0.,0.,-1.));
#13949=DIRECTION('',(0.,-1.,0.));
#13950=DIRECTION('',(0.,0.,-1.));
#13951=DIRECTION('',(-1.,0.,0.));
#13952=DIRECTION('',(0.,0.,1.));
#13953=DIRECTION('',(0.,1.,0.));
#13954=DIRECTION('',(0.,0.,1.));
#13955=DIRECTION('',(0.,0.,1.));
#13956=DIRECTION('',(0.,-1.,0.));
#13957=DIRECTION('',(0.,0.,-1.));
#13958=DIRECTION('',(0.,-1.,0.));
#13959=DIRECTION('',(0.,0.,-1.));
#13960=DIRECTION('',(-1.,0.,0.));
#13961=DIRECTION('',(0.,0.,1.));
#13962=DIRECTION('',(0.,1.40805476946169E-17,1.));
#13963=DIRECTION('',(0.,1.,0.));
#13964=DIRECTION('',(0.,0.,1.));
#13965=DIRECTION('',(0.,-1.,0.));
#13966=DIRECTION('',(0.,0.,-1.));
#13967=DIRECTION('',(0.,-1.,0.));
#13968=DIRECTION('',(0.,0.,-1.));
#13969=DIRECTION('',(-1.,0.,0.));
#13970=DIRECTION('',(0.,0.,1.));
#13971=DIRECTION('',(0.,1.,0.));
#13972=DIRECTION('',(0.,0.,1.));
#13973=DIRECTION('',(0.,0.,1.));
#13974=DIRECTION('',(0.,-1.,0.));
#13975=DIRECTION('',(0.,0.,-1.));
#13976=DIRECTION('',(0.,-1.,0.));
#13977=DIRECTION('',(0.,0.,-1.));
#13978=DIRECTION('',(-1.,0.,0.));
#13979=DIRECTION('',(0.,0.,1.));
#13980=DIRECTION('',(0.,1.40805476946169E-17,1.));
#13981=DIRECTION('',(0.,1.,0.));
#13982=DIRECTION('',(0.,0.,1.));
#13983=DIRECTION('',(0.,-1.,0.));
#13984=DIRECTION('',(0.,0.,-1.));
#13985=DIRECTION('',(0.,-1.,0.));
#13986=DIRECTION('',(0.,0.,-1.));
#13987=DIRECTION('',(-1.,0.,0.));
#13988=DIRECTION('',(0.,0.,1.));
#13989=DIRECTION('',(0.,1.,0.));
#13990=DIRECTION('',(0.,0.,1.));
#13991=DIRECTION('',(0.,0.,1.));
#13992=DIRECTION('',(0.,-1.,0.));
#13993=DIRECTION('',(0.,0.,-1.));
#13994=DIRECTION('',(0.,-1.,0.));
#13995=DIRECTION('',(0.,0.,-1.));
#13996=DIRECTION('',(-1.,0.,0.));
#13997=DIRECTION('',(0.,0.,1.));
#13998=DIRECTION('',(0.,1.40805476946169E-17,1.));
#13999=DIRECTION('',(0.,1.,0.));
#14000=DIRECTION('',(0.,0.,1.));
#14001=DIRECTION('',(0.,-1.,0.));
#14002=DIRECTION('',(0.,0.,-1.));
#14003=DIRECTION('',(0.,-1.,0.));
#14004=DIRECTION('',(0.,0.,-1.));
#14005=DIRECTION('',(1.,0.,0.));
#14006=DIRECTION('',(0.,0.,-1.));
#14007=DIRECTION('',(0.,0.,-1.));
#14008=DIRECTION('',(0.,-1.,0.));
#14009=DIRECTION('',(0.,0.,1.));
#14010=DIRECTION('',(0.,-1.,0.));
#14011=DIRECTION('',(0.,0.,1.));
#14012=DIRECTION('',(0.,-1.,0.));
#14013=DIRECTION('',(0.,0.,1.));
#14014=DIRECTION('',(1.,0.,0.));
#14015=DIRECTION('',(0.,0.,-1.));
#14016=DIRECTION('',(0.,-1.,0.));
#14017=DIRECTION('',(0.,-1.40805476946169E-17,-1.));
#14018=DIRECTION('',(0.,0.,-1.));
#14019=DIRECTION('',(0.,-1.,0.));
#14020=DIRECTION('',(0.,0.,1.));
#14021=DIRECTION('',(0.,-1.,0.));
#14022=DIRECTION('',(0.,0.,-1.));
#14023=DIRECTION('',(1.,0.,0.));
#14024=DIRECTION('',(0.,0.,-1.));
#14025=DIRECTION('',(0.,0.,-1.));
#14026=DIRECTION('',(0.,-1.,0.));
#14027=DIRECTION('',(0.,0.,1.));
#14028=DIRECTION('',(0.,-1.,0.));
#14029=DIRECTION('',(0.,0.,1.));
#14030=DIRECTION('',(0.,-1.,0.));
#14031=DIRECTION('',(0.,0.,1.));
#14032=DIRECTION('',(1.,0.,0.));
#14033=DIRECTION('',(0.,0.,-1.));
#14034=DIRECTION('',(0.,-1.,0.));
#14035=DIRECTION('',(0.,-1.40805476946169E-17,-1.));
#14036=DIRECTION('',(0.,0.,-1.));
#14037=DIRECTION('',(0.,-1.,0.));
#14038=DIRECTION('',(0.,0.,1.));
#14039=DIRECTION('',(0.,-1.,0.));
#14040=DIRECTION('',(0.,0.,-1.));
#14041=DIRECTION('',(1.,0.,0.));
#14042=DIRECTION('',(0.,0.,-1.));
#14043=DIRECTION('',(0.,0.,-1.));
#14044=DIRECTION('',(0.,-1.,0.));
#14045=DIRECTION('',(0.,0.,1.));
#14046=DIRECTION('',(0.,-1.,0.));
#14047=DIRECTION('',(0.,0.,1.));
#14048=DIRECTION('',(0.,-1.,0.));
#14049=DIRECTION('',(0.,0.,1.));
#14050=DIRECTION('',(1.,0.,0.));
#14051=DIRECTION('',(0.,0.,-1.));
#14052=DIRECTION('',(0.,-1.,0.));
#14053=DIRECTION('',(0.,-1.40805476946169E-17,-1.));
#14054=DIRECTION('',(0.,0.,-1.));
#14055=DIRECTION('',(0.,-1.,0.));
#14056=DIRECTION('',(0.,0.,1.));
#14057=DIRECTION('',(0.,-1.,0.));
#14058=DIRECTION('',(0.,0.,-1.));
#14059=DIRECTION('',(1.,0.,0.));
#14060=DIRECTION('',(0.,0.,-1.));
#14061=DIRECTION('',(0.,0.,-1.));
#14062=DIRECTION('',(0.,-1.,0.));
#14063=DIRECTION('',(0.,0.,1.));
#14064=DIRECTION('',(0.,-1.,0.));
#14065=DIRECTION('',(0.,0.,1.));
#14066=DIRECTION('',(0.,-1.,0.));
#14067=DIRECTION('',(0.,0.,1.));
#14068=DIRECTION('',(1.,0.,0.));
#14069=DIRECTION('',(0.,0.,-1.));
#14070=DIRECTION('',(0.,-1.,0.));
#14071=DIRECTION('',(0.,-1.40805476946169E-17,-1.));
#14072=DIRECTION('',(0.,0.,-1.));
#14073=DIRECTION('',(0.,-1.,0.));
#14074=DIRECTION('',(0.,0.,1.));
#14075=DIRECTION('',(0.,-1.,0.));
#14076=DIRECTION('',(0.,0.,-1.));
#14077=DIRECTION('',(1.,0.,0.));
#14078=DIRECTION('',(0.,0.,-1.));
#14079=DIRECTION('',(0.,0.,-1.));
#14080=DIRECTION('',(0.,-1.,0.));
#14081=DIRECTION('',(0.,0.,1.));
#14082=DIRECTION('',(0.,-1.,0.));
#14083=DIRECTION('',(0.,0.,1.));
#14084=DIRECTION('',(0.,-1.,0.));
#14085=DIRECTION('',(0.,0.,1.));
#14086=DIRECTION('',(1.,0.,0.));
#14087=DIRECTION('',(0.,0.,-1.));
#14088=DIRECTION('',(0.,-1.,0.));
#14089=DIRECTION('',(0.,-1.40805476946169E-17,-1.));
#14090=DIRECTION('',(0.,0.,-1.));
#14091=DIRECTION('',(0.,-1.,0.));
#14092=DIRECTION('',(0.,0.,1.));
#14093=DIRECTION('',(0.,-1.,0.));
#14094=DIRECTION('',(0.,0.,-1.));
#14095=DIRECTION('',(1.,0.,0.));
#14096=DIRECTION('',(0.,0.,-1.));
#14097=DIRECTION('',(0.,0.,-1.));
#14098=DIRECTION('',(0.,-1.,0.));
#14099=DIRECTION('',(0.,0.,1.));
#14100=DIRECTION('',(0.,-1.,0.));
#14101=DIRECTION('',(0.,0.,1.));
#14102=DIRECTION('',(0.,-1.,0.));
#14103=DIRECTION('',(0.,0.,1.));
#14104=DIRECTION('',(1.,0.,0.));
#14105=DIRECTION('',(0.,0.,-1.));
#14106=DIRECTION('',(0.,-1.,0.));
#14107=DIRECTION('',(0.,-1.40805476946169E-17,-1.));
#14108=DIRECTION('',(0.,0.,-1.));
#14109=DIRECTION('',(0.,-1.,0.));
#14110=DIRECTION('',(0.,0.,1.));
#14111=DIRECTION('',(0.,-1.,0.));
#14112=DIRECTION('',(0.,0.,-1.));
#14113=DIRECTION('',(1.,0.,0.));
#14114=DIRECTION('',(0.,0.,-1.));
#14115=DIRECTION('',(0.,0.,-1.));
#14116=DIRECTION('',(0.,-1.,0.));
#14117=DIRECTION('',(0.,0.,1.));
#14118=DIRECTION('',(0.,-1.,0.));
#14119=DIRECTION('',(0.,0.,1.));
#14120=DIRECTION('',(0.,-1.,0.));
#14121=DIRECTION('',(0.,0.,1.));
#14122=DIRECTION('',(1.,0.,0.));
#14123=DIRECTION('',(0.,0.,-1.));
#14124=DIRECTION('',(0.,-1.,0.));
#14125=DIRECTION('',(0.,-1.40805476946169E-17,-1.));
#14126=DIRECTION('',(0.,0.,-1.));
#14127=DIRECTION('',(0.,-1.,0.));
#14128=DIRECTION('',(0.,0.,1.));
#14129=DIRECTION('',(0.,-1.,0.));
#14130=DIRECTION('',(0.,0.,-1.));
#14131=DIRECTION('',(1.,0.,0.));
#14132=DIRECTION('',(0.,0.,-1.));
#14133=DIRECTION('',(0.,0.,-1.));
#14134=DIRECTION('',(0.,-1.,0.));
#14135=DIRECTION('',(0.,0.,1.));
#14136=DIRECTION('',(0.,-1.,0.));
#14137=DIRECTION('',(0.,0.,1.));
#14138=DIRECTION('',(0.,-1.,0.));
#14139=DIRECTION('',(0.,0.,1.));
#14140=DIRECTION('',(1.,0.,0.));
#14141=DIRECTION('',(0.,0.,-1.));
#14142=DIRECTION('',(0.,-1.,0.));
#14143=DIRECTION('',(0.,-1.40805476946169E-17,-1.));
#14144=DIRECTION('',(0.,0.,-1.));
#14145=DIRECTION('',(0.,-1.,0.));
#14146=DIRECTION('',(0.,0.,1.));
#14147=DIRECTION('',(0.,-1.,0.));
#14148=DIRECTION('',(0.,0.,-1.));
#14149=DIRECTION('',(1.,0.,0.));
#14150=DIRECTION('',(0.,0.,-1.));
#14151=DIRECTION('',(0.,0.,-1.));
#14152=DIRECTION('',(0.,-1.,0.));
#14153=DIRECTION('',(0.,0.,1.));
#14154=DIRECTION('',(0.,-1.,0.));
#14155=DIRECTION('',(0.,0.,1.));
#14156=DIRECTION('',(0.,-1.,0.));
#14157=DIRECTION('',(0.,0.,1.));
#14158=DIRECTION('',(1.,0.,0.));
#14159=DIRECTION('',(0.,0.,-1.));
#14160=DIRECTION('',(0.,-1.,0.));
#14161=DIRECTION('',(0.,-1.40805476946169E-17,-1.));
#14162=DIRECTION('',(0.,0.,-1.));
#14163=DIRECTION('',(0.,-1.,0.));
#14164=DIRECTION('',(0.,0.,1.));
#14165=DIRECTION('',(0.,-1.,0.));
#14166=DIRECTION('',(0.,0.,-1.));
#14167=DIRECTION('',(1.,0.,0.));
#14168=DIRECTION('',(0.,0.,-1.));
#14169=DIRECTION('',(0.,0.,-1.));
#14170=DIRECTION('',(0.,-1.,0.));
#14171=DIRECTION('',(0.,0.,1.));
#14172=DIRECTION('',(0.,-1.,0.));
#14173=DIRECTION('',(0.,0.,1.));
#14174=DIRECTION('',(0.,-1.,0.));
#14175=DIRECTION('',(0.,0.,1.));
#14176=DIRECTION('',(1.,0.,0.));
#14177=DIRECTION('',(0.,0.,-1.));
#14178=DIRECTION('',(0.,-1.,0.));
#14179=DIRECTION('',(0.,-1.40805476946169E-17,-1.));
#14180=DIRECTION('',(0.,0.,-1.));
#14181=DIRECTION('',(0.,-1.,0.));
#14182=DIRECTION('',(0.,0.,1.));
#14183=DIRECTION('',(0.,-1.,0.));
#14184=DIRECTION('',(0.,0.,-1.));
#14185=DIRECTION('',(-1.,0.,0.));
#14186=DIRECTION('',(0.,0.,1.));
#14187=DIRECTION('',(0.,1.40805476946169E-17,1.));
#14188=DIRECTION('',(0.,-1.,0.));
#14189=DIRECTION('',(0.,1.,0.));
#14190=DIRECTION('',(0.,0.,1.));
#14191=DIRECTION('',(0.,0.,-1.));
#14192=DIRECTION('',(1.,0.,0.));
#14193=DIRECTION('',(0.,0.,-1.));
#14194=DIRECTION('',(0.,1.,0.));
#14195=DIRECTION('',(0.,-1.40805476946169E-17,-1.));
#14196=DIRECTION('',(0.,0.,-1.));
#14197=DIRECTION('',(0.,0.,-1.));
#14198=DIRECTION('',(0.,-1.,0.));
#14199=DIRECTION('',(0.,1.,0.));
#14200=DIRECTION('',(0.,0.,1.));
#14201=DIRECTION('',(1.,0.,0.));
#14202=DIRECTION('',(-1.,0.,0.));
#14203=DIRECTION('',(0.,0.,1.));
#14204=DIRECTION('',(1.,0.,0.));
#14205=DIRECTION('',(1.,0.,0.));
#14206=DIRECTION('',(1.,0.,0.));
#14207=DIRECTION('',(1.,0.,0.));
#14208=DIRECTION('',(1.,0.,0.));
#14209=DIRECTION('',(1.,0.,0.));
#14210=DIRECTION('',(1.,0.,0.));
#14211=DIRECTION('',(1.,0.,0.));
#14212=DIRECTION('',(1.,0.,0.));
#14213=DIRECTION('',(1.,0.,0.));
#14214=DIRECTION('',(1.,0.,0.));
#14215=DIRECTION('',(1.,0.,0.));
#14216=DIRECTION('',(1.,0.,0.));
#14217=DIRECTION('',(1.,0.,0.));
#14218=DIRECTION('',(1.,0.,0.));
#14219=DIRECTION('',(1.,0.,0.));
#14220=DIRECTION('',(1.,0.,0.));
#14221=DIRECTION('',(1.,0.,0.));
#14222=DIRECTION('',(1.,0.,0.));
#14223=DIRECTION('',(1.,0.,0.));
#14224=DIRECTION('',(1.,0.,0.));
#14225=DIRECTION('',(-3.09772049281573E-15,0.,-1.));
#14226=DIRECTION('',(1.,0.,0.));
#14227=DIRECTION('',(0.,0.,-1.));
#14228=DIRECTION('',(-1.,0.,0.));
#14229=DIRECTION('',(3.09772049281573E-15,0.,-1.));
#14230=DIRECTION('',(-1.,0.,0.));
#14231=DIRECTION('',(1.,0.,0.));
#14232=DIRECTION('',(-1.,0.,0.));
#14233=DIRECTION('',(1.,0.,0.));
#14234=DIRECTION('',(-1.,0.,0.));
#14235=DIRECTION('',(1.,0.,0.));
#14236=DIRECTION('',(-1.,0.,0.));
#14237=DIRECTION('',(1.,0.,0.));
#14238=DIRECTION('',(-1.,0.,0.));
#14239=DIRECTION('',(1.,0.,0.));
#14240=DIRECTION('',(-1.,0.,0.));
#14241=DIRECTION('',(1.,0.,0.));
#14242=DIRECTION('',(-1.,0.,0.));
#14243=DIRECTION('',(1.,0.,0.));
#14244=DIRECTION('',(-1.,0.,0.));
#14245=DIRECTION('',(1.,0.,0.));
#14246=DIRECTION('',(-1.,0.,0.));
#14247=DIRECTION('',(1.,0.,0.));
#14248=DIRECTION('',(-1.,0.,0.));
#14249=DIRECTION('',(0.,0.,1.));
#14250=DIRECTION('',(1.,0.,0.));
#14251=DIRECTION('',(1.,0.,0.));
#14252=DIRECTION('',(-1.,0.,0.));
#14253=DIRECTION('',(0.,0.,1.));
#14254=DIRECTION('',(1.,0.,0.));
#14255=DIRECTION('',(1.,0.,0.));
#14256=DIRECTION('',(-1.,0.,0.));
#14257=DIRECTION('',(0.,0.,1.));
#14258=DIRECTION('',(1.,0.,0.));
#14259=DIRECTION('',(1.,0.,0.));
#14260=DIRECTION('',(-1.,0.,0.));
#14261=DIRECTION('',(0.,0.,1.));
#14262=DIRECTION('',(1.,0.,0.));
#14263=DIRECTION('',(1.,0.,0.));
#14264=DIRECTION('',(-1.,0.,0.));
#14265=DIRECTION('',(0.,0.,1.));
#14266=DIRECTION('',(1.,0.,0.));
#14267=DIRECTION('',(1.,0.,0.));
#14268=DIRECTION('',(-1.,0.,0.));
#14269=DIRECTION('',(0.,0.,1.));
#14270=DIRECTION('',(1.,0.,0.));
#14271=DIRECTION('',(1.,0.,0.));
#14272=DIRECTION('',(-1.,0.,0.));
#14273=DIRECTION('',(0.,0.,1.));
#14274=DIRECTION('',(1.,0.,0.));
#14275=DIRECTION('',(1.,0.,0.));
#14276=DIRECTION('',(-1.,0.,0.));
#14277=DIRECTION('',(0.,0.,1.));
#14278=DIRECTION('',(1.,0.,0.));
#14279=DIRECTION('',(1.,0.,0.));
#14280=DIRECTION('',(-1.,0.,0.));
#14281=DIRECTION('',(0.,0.,1.));
#14282=DIRECTION('',(1.,0.,0.));
#14283=DIRECTION('',(1.,0.,0.));
#14284=DIRECTION('',(-1.,0.,0.));
#14285=DIRECTION('',(0.,0.,1.));
#14286=DIRECTION('',(1.,0.,0.));
#14287=DIRECTION('',(1.,0.,0.));
#14288=DIRECTION('',(-1.,0.,0.));
#14289=DIRECTION('',(0.,1.,0.));
#14290=DIRECTION('',(0.,0.,1.));
#14291=DIRECTION('',(-1.,0.,0.));
#14292=DIRECTION('',(0.,0.,-1.));
#14293=DIRECTION('',(-1.,0.,0.));
#14294=DIRECTION('',(0.,0.,1.));
#14295=DIRECTION('',(1.,0.,0.));
#14296=DIRECTION('',(0.,0.,1.));
#14297=DIRECTION('',(1.,0.,0.));
#14298=DIRECTION('',(1.,0.,0.));
#14299=DIRECTION('',(1.,0.,0.));
#14300=DIRECTION('',(1.,0.,0.));
#14301=DIRECTION('',(1.,0.,0.));
#14302=DIRECTION('',(1.,0.,0.));
#14303=DIRECTION('',(1.,0.,0.));
#14304=DIRECTION('',(1.,0.,0.));
#14305=DIRECTION('',(1.,0.,0.));
#14306=DIRECTION('',(1.,0.,0.));
#14307=DIRECTION('',(1.,0.,0.));
#14308=DIRECTION('',(3.09772049281573E-15,0.,-1.));
#14309=DIRECTION('',(1.,0.,-5.42101086242753E-16));
#14310=DIRECTION('',(0.,0.,-1.));
#14311=DIRECTION('',(-1.,0.,0.));
#14312=DIRECTION('',(0.,0.,-1.));
#14313=DIRECTION('',(0.,0.,-1.));
#14314=DIRECTION('',(-1.,0.,0.));
#14315=DIRECTION('',(0.,-1.,0.));
#14316=DIRECTION('',(0.,0.,-1.));
#14317=DIRECTION('',(-1.,0.,0.));
#14318=DIRECTION('',(1.,0.,0.));
#14319=DIRECTION('',(0.,0.,-1.));
#14320=DIRECTION('',(-1.,0.,0.));
#14321=DIRECTION('',(0.,1.,0.));
#14322=DIRECTION('',(0.,-1.,0.));
#14323=DIRECTION('',(-1.,0.,0.));
#14324=DIRECTION('',(0.,1.,0.));
#14325=DIRECTION('',(-1.,0.,0.));
#14326=DIRECTION('',(0.,0.,1.));
#14327=DIRECTION('',(0.,1.,0.));
#14328=DIRECTION('',(0.,0.,-1.));
#14329=DIRECTION('',(0.,-1.,0.));
#14330=DIRECTION('',(-1.,0.,0.));
#14331=DIRECTION('',(0.,0.,1.));
#14332=DIRECTION('',(0.,-1.,0.));
#14333=DIRECTION('',(0.,0.,-1.));
#14334=DIRECTION('',(0.,-1.,0.));
#14335=DIRECTION('',(0.,0.,-1.));
#14336=DIRECTION('',(0.,1.,0.));
#14337=DIRECTION('',(-1.,0.,0.));
#14338=DIRECTION('',(0.,0.,1.));
#14339=DIRECTION('',(0.,0.866025403784439,-0.5));
#14340=DIRECTION('',(0.,0.,-1.));
#14341=DIRECTION('',(-1.,0.,0.));
#14342=DIRECTION('',(0.,0.,1.));
#14343=DIRECTION('',(0.,0.,1.));
#14344=DIRECTION('',(0.,0.894427190999916,-0.447213595499958));
#14345=DIRECTION('',(0.,-0.894427190999916,-0.447213595499958));
#14346=DIRECTION('',(0.,-1.,0.));
#14347=DIRECTION('',(0.,0.,-1.));
#14348=DIRECTION('',(0.,-1.,0.));
#14349=DIRECTION('',(0.,0.,-1.));
#14350=DIRECTION('',(0.,-0.866025403784439,-0.499999999999999));
#14351=DIRECTION('',(-1.,0.,0.));
#14352=DIRECTION('',(0.,0.,1.));
#14353=DIRECTION('',(0.,1.,0.));
#14354=DIRECTION('',(0.,0.,1.));
#14355=DIRECTION('',(0.,0.,1.));
#14356=DIRECTION('',(-1.,0.,0.));
#14357=DIRECTION('',(0.,0.,1.));
#14358=DIRECTION('',(1.,0.,0.));
#14359=DIRECTION('',(-1.,0.,0.));
#14360=DIRECTION('',(-3.09772049281573E-15,0.,-1.));
#14361=DIRECTION('',(-1.,0.,0.));
#14362=DIRECTION('',(1.,0.,0.));
#14363=DIRECTION('',(-1.,0.,0.));
#14364=DIRECTION('',(1.,0.,0.));
#14365=DIRECTION('',(-1.,0.,0.));
#14366=DIRECTION('',(1.,0.,0.));
#14367=DIRECTION('',(-1.,0.,0.));
#14368=DIRECTION('',(1.,0.,0.));
#14369=DIRECTION('',(-1.,0.,0.));
#14370=DIRECTION('',(1.,0.,0.));
#14371=DIRECTION('',(-1.,0.,0.));
#14372=DIRECTION('',(1.,0.,0.));
#14373=DIRECTION('',(-1.,0.,0.));
#14374=DIRECTION('',(1.,0.,0.));
#14375=DIRECTION('',(-1.,0.,0.));
#14376=DIRECTION('',(1.,0.,0.));
#14377=DIRECTION('',(-1.,0.,0.));
#14378=DIRECTION('',(1.,0.,0.));
#14379=DIRECTION('',(-1.,0.,0.));
#14380=DIRECTION('',(1.,0.,0.));
#14381=DIRECTION('',(-1.,0.,0.));
#14382=DIRECTION('',(0.,0.,1.));
#14383=DIRECTION('',(-1.,0.,0.));
#14384=DIRECTION('',(0.,0.,1.));
#14385=DIRECTION('',(1.,0.,0.));
#14386=DIRECTION('',(0.,1.,0.));
#14387=DIRECTION('',(0.,0.,1.));
#14388=DIRECTION('',(1.,0.,0.));
#14389=DIRECTION('',(0.,0.,-1.));
#14390=DIRECTION('',(-1.,0.,0.));
#14391=DIRECTION('',(0.,0.,1.));
#14392=DIRECTION('',(1.,0.,0.));
#14393=DIRECTION('',(0.,1.,0.));
#14394=DIRECTION('',(0.,0.,-1.));
#14395=DIRECTION('',(-1.,0.,0.));
#14396=DIRECTION('',(0.,-1.,0.));
#14397=DIRECTION('',(-1.,0.,0.));
#14398=DIRECTION('',(0.,0.,1.));
#14399=DIRECTION('',(0.,1.,0.));
#14400=DIRECTION('',(0.,-1.,0.));
#14401=DIRECTION('',(0.,0.,-1.));
#14402=DIRECTION('',(-1.,0.,0.));
#14403=DIRECTION('',(0.,0.,1.));
#14404=DIRECTION('',(0.,-1.,0.));
#14405=DIRECTION('',(0.,0.,-1.));
#14406=DIRECTION('',(0.,-1.,0.));
#14407=DIRECTION('',(0.,1.,0.));
#14408=DIRECTION('',(0.,0.,1.));
#14409=DIRECTION('',(0.,0.,-1.));
#14410=DIRECTION('',(1.,0.,0.));
#14411=DIRECTION('',(-1.,0.,0.));
#14412=DIRECTION('',(0.,1.,0.));
#14413=DIRECTION('',(1.,0.,0.));
#14414=DIRECTION('',(0.,0.,1.));
#14415=DIRECTION('',(1.,0.,-1.08420217248551E-15));
#14416=DIRECTION('',(0.,0.,1.));
#14417=DIRECTION('',(-1.,0.,0.));
#14418=DIRECTION('',(0.,0.,1.));
#14419=DIRECTION('',(0.,1.,0.));
#14420=DIRECTION('',(1.,0.,0.));
#14421=DIRECTION('',(1.,0.,0.));
#14422=DIRECTION('',(-1.,0.,0.));
#14423=DIRECTION('',(0.,1.,0.));
#14424=DIRECTION('',(0.,0.,1.));
#14425=DIRECTION('',(1.,0.,0.));
#14426=DIRECTION('',(0.,1.,0.));
#14427=DIRECTION('',(1.,0.,0.));
#14428=DIRECTION('',(0.,0.,1.));
#14429=DIRECTION('',(0.,0.,-1.));
#14430=DIRECTION('',(0.,1.,0.));
#14431=DIRECTION('',(0.,0.,1.));
#14432=DIRECTION('',(0.,1.,0.));
#14433=DIRECTION('',(1.,0.,0.));
#14434=DIRECTION('',(-1.,0.,0.));
#14435=DIRECTION('',(0.,0.,-1.));
#14436=DIRECTION('',(0.,0.,1.));
#14437=DIRECTION('',(-1.,0.,0.));
#14438=DIRECTION('',(0.,0.,1.));
#14439=DIRECTION('',(0.,-1.,0.));
#14440=DIRECTION('',(0.,-0.866025403784439,0.5));
#14441=DIRECTION('',(-1.,0.,0.));
#14442=DIRECTION('',(0.,0.,1.));
#14443=DIRECTION('',(0.,-1.,0.));
#14444=DIRECTION('',(-1.,0.,0.));
#14445=DIRECTION('',(0.,0.,1.));
#14446=DIRECTION('',(0.,1.,0.));
#14447=DIRECTION('',(-1.,0.,0.));
#14448=DIRECTION('',(0.,0.,1.));
#14449=DIRECTION('',(0.,0.866025403784439,0.499999999999999));
#14450=DIRECTION('',(1.,0.,0.));
#14451=DIRECTION('',(0.,0.,-1.));
#14452=DIRECTION('',(0.,-1.,0.));
#14453=DIRECTION('',(0.,-1.,0.));
#14454=DIRECTION('',(0.,0.,-1.));
#14455=DIRECTION('',(1.,0.,0.));
#14456=DIRECTION('',(0.,0.,-1.));
#14457=DIRECTION('',(0.,0.,-1.));
#14458=DIRECTION('',(0.,-1.,0.));
#14459=DIRECTION('',(0.,-1.,0.));
#14460=DIRECTION('',(0.,0.,1.));
#14461=DIRECTION('',(1.,0.,0.));
#14462=DIRECTION('',(0.,-1.,0.));
#14463=DIRECTION('',(1.,0.,0.));
#14464=DIRECTION('',(0.,0.,-1.));
#14465=DIRECTION('',(-1.,0.,0.));
#14466=DIRECTION('',(0.,-1.,0.));
#14467=DIRECTION('',(-1.,0.,0.));
#14468=DIRECTION('',(1.,0.,0.));
#14469=DIRECTION('',(0.,0.,-1.));
#14470=DIRECTION('',(0.,0.,-1.));
#14471=DIRECTION('',(0.,0.499999999999999,-0.866025403784439));
#14472=DIRECTION('',(0.,0.866025403784439,0.499999999999999));
#14473=DIRECTION('',(-1.,0.,0.));
#14474=DIRECTION('',(-1.,0.,0.));
#14475=DIRECTION('',(0.,0.,1.));
#14476=DIRECTION('',(0.,0.5,0.866025403784439));
#14477=DIRECTION('',(0.,-0.866025403784439,0.5));
#14478=DIRECTION('',(-1.,0.,0.));
#14479=DIRECTION('',(-1.,0.,0.));
#14480=DIRECTION('',(0.,0.,1.));
#14481=DIRECTION('',(-1.,0.,0.));
#14482=DIRECTION('',(0.,0.,1.));
#14483=DIRECTION('',(1.,0.,0.));
#14484=DIRECTION('',(0.,-1.,0.));
#14485=DIRECTION('',(0.,1.,0.));
#14486=DIRECTION('',(0.,0.,1.));
#14487=DIRECTION('',(1.,0.,0.));
#14488=DIRECTION('',(1.,0.,0.));
#14489=DIRECTION('',(0.,0.,1.));
#14490=DIRECTION('',(1.,0.,0.));
#14491=DIRECTION('',(0.,0.,-1.));
#14492=DIRECTION('',(-1.,0.,0.));
#14493=DIRECTION('',(1.,0.,0.));
#14494=DIRECTION('',(0.,0.,-1.));
#14495=DIRECTION('',(-1.,0.,0.));
#14496=DIRECTION('',(1.,0.,0.));
#14497=DIRECTION('',(0.,0.,-1.));
#14498=DIRECTION('',(-1.,0.,0.));
#14499=DIRECTION('',(1.,0.,0.));
#14500=DIRECTION('',(0.,0.,-1.));
#14501=DIRECTION('',(-1.,0.,0.));
#14502=DIRECTION('',(1.,0.,0.));
#14503=DIRECTION('',(0.,0.,-1.));
#14504=DIRECTION('',(-1.,0.,0.));
#14505=DIRECTION('',(1.,0.,0.));
#14506=DIRECTION('',(0.,0.,-1.));
#14507=DIRECTION('',(-1.,0.,0.));
#14508=DIRECTION('',(1.,0.,0.));
#14509=DIRECTION('',(0.,0.,-1.));
#14510=DIRECTION('',(-1.,0.,0.));
#14511=DIRECTION('',(1.,0.,0.));
#14512=DIRECTION('',(0.,0.,-1.));
#14513=DIRECTION('',(-1.,0.,0.));
#14514=DIRECTION('',(1.,0.,0.));
#14515=DIRECTION('',(0.,0.,-1.));
#14516=DIRECTION('',(-1.,0.,0.));
#14517=DIRECTION('',(1.,0.,0.));
#14518=DIRECTION('',(0.,0.,-1.));
#14519=DIRECTION('',(-1.,0.,0.));
#14520=DIRECTION('',(1.,0.,0.));
#14521=DIRECTION('',(0.,-1.,0.));
#14522=DIRECTION('',(0.,0.,-1.));
#14523=DIRECTION('',(0.,-1.,0.));
#14524=DIRECTION('',(0.,0.,-1.));
#14525=DIRECTION('',(-1.,0.,0.));
#14526=DIRECTION('',(0.,1.,0.));
#14527=DIRECTION('',(1.,0.,0.));
#14528=DIRECTION('',(0.,0.,-1.));
#14529=DIRECTION('',(1.,0.,0.));
#14530=DIRECTION('',(0.,0.,-1.));
#14531=DIRECTION('',(-1.,0.,0.));
#14532=DIRECTION('',(0.,0.,-1.));
#14533=DIRECTION('',(0.,1.,0.));
#14534=DIRECTION('',(1.,0.,0.));
#14535=DIRECTION('',(1.,0.,0.));
#14536=DIRECTION('',(0.,-1.,0.));
#14537=DIRECTION('',(0.,0.,-1.));
#14538=DIRECTION('',(0.,-1.,0.));
#14539=DIRECTION('',(0.,0.,-1.));
#14540=DIRECTION('',(-1.,0.,0.));
#14541=DIRECTION('',(0.,0.,1.));
#14542=DIRECTION('',(1.,0.,0.));
#14543=DIRECTION('',(0.,-1.,0.));
#14544=DIRECTION('',(0.,-1.,0.));
#14545=DIRECTION('',(0.,0.,-1.));
#14546=DIRECTION('',(0.,0.,-1.));
#14547=DIRECTION('',(-1.,0.,0.));
#14548=DIRECTION('',(0.,-1.,0.));
#14549=DIRECTION('',(1.,0.,0.));
#14550=DIRECTION('',(0.,-1.,0.));
#14551=DIRECTION('',(0.,0.,-1.));
#14552=DIRECTION('',(0.,-1.,0.));
#14553=DIRECTION('',(0.,1.,0.));
#14554=DIRECTION('',(1.,0.,0.));
#14555=DIRECTION('',(-1.,0.,0.));
#14556=DIRECTION('',(0.,0.,1.));
#14557=DIRECTION('',(0.,-1.,0.));
#14558=DIRECTION('',(0.,0.,-1.));
#14559=DIRECTION('',(0.,0.,1.));
#14560=DIRECTION('',(1.,0.,0.));
#14561=DIRECTION('',(0.,-1.,0.));
#14562=DIRECTION('',(-1.,0.,0.));
#14563=DIRECTION('',(-1.,0.,0.));
#14564=DIRECTION('',(0.,0.,1.));
#14565=DIRECTION('',(0.,-1.,0.));
#14566=DIRECTION('',(0.,0.,-1.));
#14567=DIRECTION('',(0.,0.,-1.));
#14568=DIRECTION('',(-1.,0.,0.));
#14569=DIRECTION('',(0.,-1.,0.));
#14570=DIRECTION('',(1.,0.,0.));
#14571=DIRECTION('',(-1.,0.,0.));
#14572=DIRECTION('',(0.,0.,1.));
#14573=DIRECTION('',(0.,-1.,0.));
#14574=DIRECTION('',(0.,0.,-1.));
#14575=DIRECTION('',(0.,-1.,0.));
#14576=DIRECTION('',(0.,0.,-1.));
#14577=DIRECTION('',(0.,-1.,0.));
#14578=DIRECTION('',(0.,1.,0.));
#14579=DIRECTION('',(1.,0.,0.));
#14580=DIRECTION('',(0.,0.,1.));
#14581=DIRECTION('',(1.,0.,0.));
#14582=DIRECTION('',(-1.,0.,0.));
#14583=DIRECTION('',(0.,0.,1.));
#14584=DIRECTION('',(1.,0.,0.));
#14585=DIRECTION('',(0.,0.,1.));
#14586=DIRECTION('',(1.,0.,0.));
#14587=DIRECTION('',(0.,0.,1.));
#14588=DIRECTION('',(1.,0.,0.));
#14589=DIRECTION('',(0.,0.,1.));
#14590=DIRECTION('',(1.,0.,0.));
#14591=DIRECTION('',(0.,0.,1.));
#14592=DIRECTION('',(1.,0.,0.));
#14593=DIRECTION('',(0.,0.,1.));
#14594=DIRECTION('',(1.,0.,0.));
#14595=DIRECTION('',(0.,0.,1.));
#14596=DIRECTION('',(1.,0.,0.));
#14597=DIRECTION('',(0.,0.,1.));
#14598=DIRECTION('',(1.,0.,0.));
#14599=DIRECTION('',(0.,0.,1.));
#14600=DIRECTION('',(1.,0.,0.));
#14601=DIRECTION('',(0.,0.,-1.));
#14602=DIRECTION('',(-1.,0.,0.));
#14603=DIRECTION('',(0.,0.,-1.));
#14604=DIRECTION('',(-1.,0.,0.));
#14605=DIRECTION('',(0.,0.,-1.));
#14606=DIRECTION('',(-1.,0.,0.));
#14607=DIRECTION('',(0.,0.,-1.));
#14608=DIRECTION('',(-1.,0.,0.));
#14609=DIRECTION('',(0.,0.,-1.));
#14610=DIRECTION('',(-1.,0.,0.));
#14611=DIRECTION('',(0.,0.,-1.));
#14612=DIRECTION('',(-1.,0.,0.));
#14613=DIRECTION('',(0.,0.,-1.));
#14614=DIRECTION('',(-1.,0.,0.));
#14615=DIRECTION('',(0.,0.,-1.));
#14616=DIRECTION('',(-1.,0.,0.));
#14617=DIRECTION('',(0.,0.,-1.));
#14618=DIRECTION('',(-1.,0.,0.));
#14619=DIRECTION('',(0.,0.,-1.));
#14620=DIRECTION('',(-1.,0.,0.));
#14621=DIRECTION('',(0.,-1.,0.));
#14622=DIRECTION('',(0.,0.,1.));
#14623=DIRECTION('',(1.,0.,0.));
#14624=DIRECTION('',(0.,-1.,0.));
#14625=DIRECTION('',(1.,0.,0.));
#14626=DIRECTION('',(0.,0.,-1.));
#14627=DIRECTION('',(0.,0.,1.));
#14628=DIRECTION('',(1.,0.,0.));
#14629=DIRECTION('',(0.,-1.,0.));
#14630=DIRECTION('',(-1.,0.,0.));
#14631=DIRECTION('',(0.,-1.,0.));
#14632=DIRECTION('',(1.,0.,-3.09772049281573E-15));
#14633=DIRECTION('',(-3.09772049281573E-15,0.,-1.));
#14634=DIRECTION('',(0.,-1.,0.));
#14635=DIRECTION('',(3.09772049281573E-15,0.,1.));
#14636=DIRECTION('',(0.,0.,-1.));
#14637=DIRECTION('',(-1.,0.,0.));
#14638=DIRECTION('',(1.,0.,0.));
#14639=DIRECTION('',(5.42101086242753E-16,0.,1.));
#14640=DIRECTION('',(1.,0.,-5.42101086242753E-16));
#14641=DIRECTION('',(0.,-1.,0.));
#14642=DIRECTION('',(-1.,0.,5.42101086242753E-16));
#14643=DIRECTION('',(1.,0.,3.09772049281573E-15));
#14644=DIRECTION('',(3.09772049281573E-15,0.,-1.));
#14645=DIRECTION('',(0.,-1.,0.));
#14646=DIRECTION('',(-3.09772049281573E-15,0.,1.));
#14647=DIRECTION('',(0.,0.,-1.));
#14648=DIRECTION('',(-1.,0.,0.));
#14649=DIRECTION('',(0.,-1.,0.));
#14650=DIRECTION('',(1.,0.,0.));
#14651=DIRECTION('',(1.,0.,0.));
#14652=DIRECTION('',(0.,0.,-1.));
#14653=DIRECTION('',(0.,0.,1.));
#14654=DIRECTION('',(0.,1.,0.));
#14655=DIRECTION('',(0.,0.,1.));
#14656=DIRECTION('',(0.,1.,0.));
#14657=DIRECTION('',(0.,0.,1.));
#14658=DIRECTION('',(0.,1.,0.));
#14659=DIRECTION('',(0.,0.,1.));
#14660=DIRECTION('',(0.,1.,0.));
#14661=DIRECTION('',(0.,0.,1.));
#14662=DIRECTION('',(0.,1.,0.));
#14663=DIRECTION('',(0.,0.,1.));
#14664=DIRECTION('',(0.,1.,0.));
#14665=DIRECTION('',(0.,0.,1.));
#14666=DIRECTION('',(0.,1.,0.));
#14667=DIRECTION('',(0.,0.,1.));
#14668=DIRECTION('',(0.,1.,0.));
#14669=DIRECTION('',(0.,0.,1.));
#14670=DIRECTION('',(0.,1.,0.));
#14671=DIRECTION('',(0.,0.,1.));
#14672=DIRECTION('',(0.,1.,0.));
#14673=DIRECTION('',(0.,0.,1.));
#14674=DIRECTION('',(0.,1.,0.));
#14675=DIRECTION('',(0.,0.,1.));
#14676=DIRECTION('',(0.,0.,1.));
#14677=DIRECTION('',(1.,0.,0.));
#14678=DIRECTION('',(-1.,0.,0.));
#14679=DIRECTION('',(-1.,0.,0.));
#14680=DIRECTION('',(-1.,0.,0.));
#14681=DIRECTION('',(-1.,0.,0.));
#14682=DIRECTION('',(-1.,0.,0.));
#14683=DIRECTION('',(-1.,0.,0.));
#14684=DIRECTION('',(-1.,0.,0.));
#14685=DIRECTION('',(-1.,0.,0.));
#14686=DIRECTION('',(-1.,0.,0.));
#14687=DIRECTION('',(-1.,0.,0.));
#14688=DIRECTION('',(-1.,0.,0.));
#14689=DIRECTION('',(-1.,0.,0.));
#14690=DIRECTION('',(0.,0.,1.));
#14691=DIRECTION('',(0.,0.,1.));
#14692=DIRECTION('',(0.,-1.,0.));
#14693=DIRECTION('',(0.,0.,1.));
#14694=DIRECTION('',(1.,0.,0.));
#14695=DIRECTION('',(0.,0.,1.));
#14696=DIRECTION('',(0.,0.,1.));
#14697=DIRECTION('',(1.,0.,0.));
#14698=DIRECTION('',(0.,-1.,0.));
#14699=DIRECTION('',(0.,0.,-1.));
#14700=DIRECTION('',(0.,0.,1.));
#14701=DIRECTION('',(1.,0.,0.));
#14702=DIRECTION('',(0.,0.,1.));
#14703=DIRECTION('',(1.,0.,0.));
#14704=DIRECTION('',(0.,0.,1.));
#14705=DIRECTION('',(0.,0.,1.));
#14706=DIRECTION('',(1.,0.,0.));
#14707=DIRECTION('',(1.,0.,0.));
#14708=DIRECTION('',(0.,0.,-1.));
#14709=DIRECTION('',(0.,1.,0.));
#14710=DIRECTION('',(0.,0.,1.));
#14711=DIRECTION('',(1.,0.,0.));
#14712=DIRECTION('',(1.,0.,0.));
#14713=DIRECTION('',(0.,0.,-1.));
#14714=DIRECTION('',(0.,-1.,0.));
#14715=DIRECTION('',(0.,0.,-1.));
#14716=DIRECTION('',(0.,0.,-1.));
#14717=DIRECTION('',(-1.,0.,0.));
#14718=DIRECTION('',(0.,0.,1.));
#14719=DIRECTION('',(1.,0.,0.));
#14720=DIRECTION('',(0.,0.,-1.));
#14721=DIRECTION('',(0.,1.,0.));
#14722=DIRECTION('',(0.,0.,1.));
#14723=DIRECTION('',(1.,0.,0.));
#14724=DIRECTION('',(0.,0.,-1.));
#14725=DIRECTION('',(0.,0.,-1.));
#14726=DIRECTION('',(-1.,0.,0.));
#14727=DIRECTION('',(0.,0.,1.));
#14728=DIRECTION('',(1.,0.,0.));
#14729=DIRECTION('',(0.,0.,-1.));
#14730=DIRECTION('',(-1.,0.,0.));
#14731=DIRECTION('',(0.,0.,1.));
#14732=DIRECTION('',(0.,1.,0.));
#14733=DIRECTION('',(0.,0.,1.));
#14734=DIRECTION('',(1.,0.,0.));
#14735=DIRECTION('',(0.,-1.,0.));
#14736=DIRECTION('',(0.,0.,-1.));
#14737=DIRECTION('',(0.,-1.,0.));
#14738=DIRECTION('',(0.,0.,-1.));
#14739=DIRECTION('',(0.,-1.,0.));
#14740=DIRECTION('',(0.,0.,-1.));
#14741=DIRECTION('',(0.,-1.,0.));
#14742=DIRECTION('',(0.,0.,-1.));
#14743=DIRECTION('',(0.,-1.,0.));
#14744=DIRECTION('',(0.,0.,-1.));
#14745=DIRECTION('',(0.,-1.,0.));
#14746=DIRECTION('',(0.,0.,-1.));
#14747=DIRECTION('',(0.,-1.,0.));
#14748=DIRECTION('',(0.,0.,-1.));
#14749=DIRECTION('',(0.,-1.,0.));
#14750=DIRECTION('',(0.,0.,-1.));
#14751=DIRECTION('',(0.,-1.,0.));
#14752=DIRECTION('',(0.,0.,-1.));
#14753=DIRECTION('',(0.,-1.,0.));
#14754=DIRECTION('',(0.,0.,-1.));
#14755=DIRECTION('',(0.,0.,1.));
#14756=DIRECTION('',(1.,0.,0.));
#14757=DIRECTION('',(-1.,0.,0.));
#14758=DIRECTION('',(-1.,0.,0.));
#14759=DIRECTION('',(-1.,0.,0.));
#14760=DIRECTION('',(-1.,0.,0.));
#14761=DIRECTION('',(-1.,0.,0.));
#14762=DIRECTION('',(-1.,0.,0.));
#14763=DIRECTION('',(-1.,0.,0.));
#14764=DIRECTION('',(-1.,0.,0.));
#14765=DIRECTION('',(-1.,0.,0.));
#14766=DIRECTION('',(-1.,0.,0.));
#14767=DIRECTION('',(-1.,0.,0.));
#14768=DIRECTION('',(0.,-1.,0.));
#14769=DIRECTION('',(0.,0.,-1.));
#14770=DIRECTION('',(0.,-1.,1.40805476946169E-17));
#14771=DIRECTION('',(0.,-1.40805476946169E-17,-1.));
#14772=DIRECTION('',(0.,-1.,0.));
#14773=DIRECTION('',(0.,0.,-1.));
#14774=DIRECTION('',(0.,-1.,1.40805476946169E-17));
#14775=DIRECTION('',(0.,-1.40805476946169E-17,-1.));
#14776=DIRECTION('',(0.,-1.,1.40805476946169E-17));
#14777=DIRECTION('',(0.,-1.40805476946169E-17,-1.));
#14778=DIRECTION('',(0.,-1.,0.));
#14779=DIRECTION('',(0.,0.,-1.));
#14780=DIRECTION('',(0.,-1.,1.40805476946169E-17));
#14781=DIRECTION('',(0.,-1.40805476946169E-17,-1.));
#14782=DIRECTION('',(0.,-1.,0.));
#14783=DIRECTION('',(0.,0.,-1.));
#14784=DIRECTION('',(0.,-1.,1.40805476946169E-17));
#14785=DIRECTION('',(0.,-1.40805476946169E-17,-1.));
#14786=DIRECTION('',(0.,-1.,0.));
#14787=DIRECTION('',(0.,0.,-1.));
#14788=DIRECTION('',(0.,-1.,1.40805476946169E-17));
#14789=DIRECTION('',(0.,-1.40805476946169E-17,-1.));
#14790=DIRECTION('',(0.,-1.,0.));
#14791=DIRECTION('',(0.,0.,-1.));
#14792=DIRECTION('',(0.,-1.,1.40805476946169E-17));
#14793=DIRECTION('',(0.,-1.40805476946169E-17,-1.));
#14794=DIRECTION('',(0.,-1.,0.));
#14795=DIRECTION('',(0.,0.,-1.));
#14796=DIRECTION('',(0.,-1.,1.40805476946169E-17));
#14797=DIRECTION('',(0.,-1.40805476946169E-17,-1.));
#14798=DIRECTION('',(0.,-1.,0.));
#14799=DIRECTION('',(0.,0.,-1.));
#14800=DIRECTION('',(0.,-1.,1.40805476946169E-17));
#14801=DIRECTION('',(0.,-1.40805476946169E-17,-1.));
#14802=DIRECTION('',(0.,-1.,0.));
#14803=DIRECTION('',(0.,0.,-1.));
#14804=DIRECTION('',(0.,-1.,1.40805476946169E-17));
#14805=DIRECTION('',(0.,-1.40805476946169E-17,-1.));
#14806=DIRECTION('',(0.,-1.,0.));
#14807=DIRECTION('',(0.,0.,-1.));
#14808=DIRECTION('',(0.,-1.,1.40805476946169E-17));
#14809=DIRECTION('',(0.,-1.40805476946169E-17,-1.));
#14810=DIRECTION('',(0.,-1.,0.));
#14811=DIRECTION('',(0.,0.,-1.));
#14812=DIRECTION('',(0.,0.447213595499958,0.894427190999916));
#14813=DIRECTION('',(0.,-0.894427190999916,0.447213595499958));
#14814=DIRECTION('',(1.,0.,0.));
#14815=DIRECTION('',(0.,-0.894427190999916,0.447213595499958));
#14816=DIRECTION('',(1.,0.,0.));
#14817=DIRECTION('',(0.,-1.,0.));
#14818=DIRECTION('',(0.,0.,-1.));
#14819=DIRECTION('',(1.,0.,0.));
#14820=DIRECTION('',(0.,0.,-1.));
#14821=DIRECTION('',(0.,0.447213595499958,-0.894427190999916));
#14822=DIRECTION('',(0.,0.894427190999916,0.447213595499958));
#14823=DIRECTION('',(0.,0.894427190999916,0.447213595499958));
#14824=DIRECTION('',(1.,0.,0.));
#14825=DIRECTION('',(0.,0.,-1.));
#14826=DIRECTION('',(0.,0.,1.));
#14827=DIRECTION('',(1.,0.,0.));
#14828=DIRECTION('',(0.,-1.,-8.25115808588664E-17));
#14829=DIRECTION('',(0.,8.25115808588664E-17,-1.));
#14830=DIRECTION('',(1.,0.,0.));
#14831=DIRECTION('',(0.,-8.25115808588664E-17,1.));
#14832=DIRECTION('',(-1.,0.,0.));
#14833=DIRECTION('',(0.,-8.25115808588664E-17,1.));
#14834=DIRECTION('',(0.,-1.,-8.25115808588664E-17));
#14835=DIRECTION('',(0.,8.25115808588664E-17,-1.));
#14836=DIRECTION('',(1.,0.,0.));
#14837=DIRECTION('',(0.,-8.25115808588664E-17,1.));
#14838=DIRECTION('',(-1.,0.,0.));
#14839=DIRECTION('',(0.,8.25115808588664E-17,-1.));
#14840=DIRECTION('',(0.,-1.,-8.25115808588664E-17));
#14841=DIRECTION('',(0.,8.25115808588664E-17,-1.));
#14842=DIRECTION('',(1.,0.,0.));
#14843=DIRECTION('',(0.,-8.25115808588664E-17,1.));
#14844=DIRECTION('',(-1.,0.,0.));
#14845=DIRECTION('',(0.,8.25115808588664E-17,-1.));
#14846=DIRECTION('',(0.,-1.,-8.25115808588664E-17));
#14847=DIRECTION('',(0.,8.25115808588664E-17,-1.));
#14848=DIRECTION('',(1.,0.,0.));
#14849=DIRECTION('',(0.,-8.25115808588664E-17,1.));
#14850=DIRECTION('',(-1.,0.,0.));
#14851=DIRECTION('',(0.,8.25115808588664E-17,-1.));
#14852=DIRECTION('',(0.,-1.,-8.25115808588664E-17));
#14853=DIRECTION('',(0.,8.25115808588664E-17,-1.));
#14854=DIRECTION('',(1.,0.,0.));
#14855=DIRECTION('',(0.,-8.25115808588664E-17,1.));
#14856=DIRECTION('',(-1.,0.,0.));
#14857=DIRECTION('',(0.,8.25115808588664E-17,-1.));
#14858=DIRECTION('',(0.,-1.,-8.25115808588664E-17));
#14859=DIRECTION('',(0.,8.25115808588664E-17,-1.));
#14860=DIRECTION('',(1.,0.,0.));
#14861=DIRECTION('',(0.,-8.25115808588664E-17,1.));
#14862=DIRECTION('',(-1.,0.,0.));
#14863=DIRECTION('',(0.,8.25115808588664E-17,-1.));
#14864=DIRECTION('',(0.,-1.,-8.25115808588664E-17));
#14865=DIRECTION('',(0.,8.25115808588664E-17,-1.));
#14866=DIRECTION('',(1.,0.,0.));
#14867=DIRECTION('',(0.,-8.25115808588664E-17,1.));
#14868=DIRECTION('',(-1.,0.,0.));
#14869=DIRECTION('',(0.,8.25115808588664E-17,-1.));
#14870=DIRECTION('',(0.,-1.,-8.25115808588664E-17));
#14871=DIRECTION('',(0.,8.25115808588664E-17,-1.));
#14872=DIRECTION('',(1.,0.,0.));
#14873=DIRECTION('',(0.,-8.25115808588664E-17,1.));
#14874=DIRECTION('',(-1.,0.,0.));
#14875=DIRECTION('',(0.,8.25115808588664E-17,-1.));
#14876=DIRECTION('',(0.,-1.,-8.25115808588664E-17));
#14877=DIRECTION('',(0.,8.25115808588664E-17,-1.));
#14878=DIRECTION('',(1.,0.,0.));
#14879=DIRECTION('',(0.,-8.25115808588664E-17,1.));
#14880=DIRECTION('',(-1.,0.,0.));
#14881=DIRECTION('',(0.,8.25115808588664E-17,-1.));
#14882=DIRECTION('',(0.,-1.,0.));
#14883=DIRECTION('',(0.,0.,-1.));
#14884=DIRECTION('',(-1.,0.,0.));
#14885=DIRECTION('',(0.,0.,1.));
#14886=DIRECTION('',(-1.,0.,0.));
#14887=DIRECTION('',(0.,0.,1.));
#14888=DIRECTION('',(0.,-1.,0.));
#14889=DIRECTION('',(0.,0.,-1.));
#14890=DIRECTION('',(-1.,0.,0.));
#14891=DIRECTION('',(0.,0.,1.));
#14892=DIRECTION('',(-1.,0.,0.));
#14893=DIRECTION('',(0.,0.,-1.));
#14894=DIRECTION('',(0.,-1.,0.));
#14895=DIRECTION('',(0.,0.,-1.));
#14896=DIRECTION('',(-1.,0.,0.));
#14897=DIRECTION('',(0.,0.,1.));
#14898=DIRECTION('',(-1.,0.,0.));
#14899=DIRECTION('',(0.,0.,-1.));
#14900=DIRECTION('',(0.,-1.,0.));
#14901=DIRECTION('',(0.,0.,-1.));
#14902=DIRECTION('',(-1.,0.,0.));
#14903=DIRECTION('',(0.,0.,1.));
#14904=DIRECTION('',(-1.,0.,0.));
#14905=DIRECTION('',(0.,0.,-1.));
#14906=DIRECTION('',(0.,-1.,0.));
#14907=DIRECTION('',(0.,0.,-1.));
#14908=DIRECTION('',(-1.,0.,0.));
#14909=DIRECTION('',(0.,0.,1.));
#14910=DIRECTION('',(-1.,0.,0.));
#14911=DIRECTION('',(0.,0.,-1.));
#14912=DIRECTION('',(0.,-1.,0.));
#14913=DIRECTION('',(0.,0.,-1.));
#14914=DIRECTION('',(-1.,0.,0.));
#14915=DIRECTION('',(0.,0.,1.));
#14916=DIRECTION('',(-1.,0.,0.));
#14917=DIRECTION('',(0.,0.,-1.));
#14918=DIRECTION('',(0.,-1.,0.));
#14919=DIRECTION('',(0.,0.,-1.));
#14920=DIRECTION('',(-1.,0.,0.));
#14921=DIRECTION('',(0.,0.,1.));
#14922=DIRECTION('',(-1.,0.,0.));
#14923=DIRECTION('',(0.,0.,-1.));
#14924=DIRECTION('',(0.,-1.,0.));
#14925=DIRECTION('',(0.,0.,-1.));
#14926=DIRECTION('',(-1.,0.,0.));
#14927=DIRECTION('',(0.,0.,1.));
#14928=DIRECTION('',(-1.,0.,0.));
#14929=DIRECTION('',(0.,0.,-1.));
#14930=DIRECTION('',(0.,-1.,0.));
#14931=DIRECTION('',(0.,0.,-1.));
#14932=DIRECTION('',(-1.,0.,0.));
#14933=DIRECTION('',(0.,0.,1.));
#14934=DIRECTION('',(-1.,0.,0.));
#14935=DIRECTION('',(0.,0.,-1.));
#14936=DIRECTION('',(0.,-1.,0.));
#14937=DIRECTION('',(0.,0.,-1.));
#14938=DIRECTION('',(-1.,0.,0.));
#14939=DIRECTION('',(0.,0.,1.));
#14940=DIRECTION('',(-1.,0.,0.));
#14941=DIRECTION('',(0.,0.,-1.));
#14942=DIRECTION('',(0.,-1.,-8.25115808588664E-17));
#14943=DIRECTION('',(0.,8.25115808588664E-17,-1.));
#14944=DIRECTION('',(1.,0.,0.));
#14945=DIRECTION('',(0.,-8.25115808588664E-17,1.));
#14946=DIRECTION('',(-1.,0.,0.));
#14947=DIRECTION('',(0.,8.25115808588664E-17,-1.));
#14948=DIRECTION('',(1.,0.,0.));
#14949=DIRECTION('',(0.,0.,-1.));
#14950=DIRECTION('',(0.,1.80700362080917E-17,-1.));
#14951=DIRECTION('',(0.,1.,0.));
#14952=DIRECTION('',(0.,1.,0.));
#14953=DIRECTION('',(0.,0.,1.));
#14954=DIRECTION('',(0.,-0.707106781186547,0.707106781186548));
#14955=DIRECTION('',(0.,-0.996194698091745,-0.0871557427476582));
#14956=DIRECTION('',(0.,6.68076228750955E-16,1.));
#14957=DIRECTION('',(0.,0.996194698091745,-0.0871557427476582));
#14958=DIRECTION('',(0.,0.707106781186547,0.707106781186548));
#14959=DIRECTION('',(0.,0.,1.));
#14960=DIRECTION('',(0.,-1.,0.));
#14961=DIRECTION('',(0.,-1.,0.));
#14962=DIRECTION('',(1.,0.,0.));
#14963=DIRECTION('',(0.,0.,-1.));
#14964=DIRECTION('',(0.,1.,0.));
#14965=DIRECTION('',(0.,1.80700362080917E-17,-1.));
#14966=DIRECTION('',(0.,-1.,0.));
#14967=DIRECTION('',(0.,-1.,0.));
#14968=DIRECTION('',(0.,0.,1.));
#14969=DIRECTION('',(0.,0.707106781186547,0.707106781186548));
#14970=DIRECTION('',(0.,0.996194698091745,-0.0871557427476582));
#14971=DIRECTION('',(0.,6.68076228750955E-16,1.));
#14972=DIRECTION('',(0.,-0.996194698091745,-0.0871557427476582));
#14973=DIRECTION('',(0.,-0.707106781186547,0.707106781186548));
#14974=DIRECTION('',(0.,0.,1.));
#14975=DIRECTION('',(0.,1.,0.));
#14976=DIRECTION('',(-1.,0.,0.));
#14977=DIRECTION('',(0.,0.,1.));
#14978=DIRECTION('',(0.,1.,0.));
#14979=DIRECTION('',(0.,-1.80700362080917E-17,1.));
#14980=DIRECTION('',(0.,1.,0.));
#14981=DIRECTION('',(0.,1.,0.));
#14982=DIRECTION('',(0.,0.,-1.));
#14983=DIRECTION('',(0.,-0.707106781186547,-0.707106781186548));
#14984=DIRECTION('',(0.,-0.996194698091746,0.0871557427476582));
#14985=DIRECTION('',(0.,-6.68076228750955E-16,-1.));
#14986=DIRECTION('',(1.,0.,0.));
#14987=DIRECTION('',(0.,0.,-1.));
#14988=DIRECTION('',(0.,-1.,0.));
#14989=DIRECTION('',(0.,1.80700362080917E-17,-1.));
#14990=DIRECTION('',(0.,-1.,0.));
#14991=DIRECTION('',(0.,6.68076228750955E-16,1.));
#14992=DIRECTION('',(0.,0.996194698091746,-0.0871557427476582));
#14993=DIRECTION('',(0.,0.707106781186547,0.707106781186548));
#14994=DIRECTION('',(0.,0.,1.));
#14995=DIRECTION('',(0.,-1.,0.));
#14996=DIRECTION('',(0.,0.,1.));
#14997=DIRECTION('',(1.,0.,0.));
#14998=DIRECTION('',(1.,0.,0.));
#14999=DIRECTION('',(-1.,0.,0.));
#15000=DIRECTION('',(-1.,0.,0.));
#15001=DIRECTION('',(0.,0.,1.));
#15002=DIRECTION('',(0.,1.,0.));
#15003=DIRECTION('',(0.,-1.80700362080917E-17,1.));
#15004=DIRECTION('',(0.,1.,0.));
#15005=DIRECTION('',(0.,1.,0.));
#15006=DIRECTION('',(0.,0.,-1.));
#15007=DIRECTION('',(0.,-0.707106781186547,-0.707106781186548));
#15008=DIRECTION('',(0.,-0.996194698091746,0.0871557427476582));
#15009=DIRECTION('',(0.,-6.68076228750955E-16,-1.));
#15010=DIRECTION('',(1.,0.,0.));
#15011=DIRECTION('',(0.,0.,-1.));
#15012=DIRECTION('',(0.,-1.,0.));
#15013=DIRECTION('',(0.,1.80700362080917E-17,-1.));
#15014=DIRECTION('',(0.,-1.,0.));
#15015=DIRECTION('',(0.,6.68076228750955E-16,1.));
#15016=DIRECTION('',(0.,0.996194698091746,-0.0871557427476582));
#15017=DIRECTION('',(0.,0.707106781186547,0.707106781186548));
#15018=DIRECTION('',(0.,0.,1.));
#15019=DIRECTION('',(0.,-1.,0.));
#15020=DIRECTION('',(0.,0.,1.));
#15021=DIRECTION('',(1.,0.,0.));
#15022=DIRECTION('',(1.,0.,0.));
#15023=DIRECTION('',(-1.,0.,0.));
#15024=DIRECTION('',(-1.,0.,0.));
#15025=DIRECTION('',(0.,0.,1.));
#15026=DIRECTION('',(0.,1.,0.));
#15027=DIRECTION('',(0.,-1.80700362080917E-17,1.));
#15028=DIRECTION('',(0.,1.,0.));
#15029=DIRECTION('',(0.,1.,0.));
#15030=DIRECTION('',(0.,0.,-1.));
#15031=DIRECTION('',(0.,-0.707106781186547,-0.707106781186548));
#15032=DIRECTION('',(0.,-0.996194698091746,0.0871557427476582));
#15033=DIRECTION('',(0.,-6.68076228750955E-16,-1.));
#15034=DIRECTION('',(1.,0.,0.));
#15035=DIRECTION('',(0.,0.,-1.));
#15036=DIRECTION('',(0.,-1.,0.));
#15037=DIRECTION('',(0.,1.80700362080917E-17,-1.));
#15038=DIRECTION('',(0.,-1.,0.));
#15039=DIRECTION('',(0.,6.68076228750955E-16,1.));
#15040=DIRECTION('',(0.,0.996194698091746,-0.0871557427476582));
#15041=DIRECTION('',(0.,0.707106781186547,0.707106781186548));
#15042=DIRECTION('',(0.,0.,1.));
#15043=DIRECTION('',(0.,-1.,0.));
#15044=DIRECTION('',(0.,0.,1.));
#15045=DIRECTION('',(1.,0.,0.));
#15046=DIRECTION('',(1.,0.,0.));
#15047=DIRECTION('',(-1.,0.,0.));
#15048=DIRECTION('',(-1.,0.,0.));
#15049=DIRECTION('',(0.,0.,1.));
#15050=DIRECTION('',(0.,1.,0.));
#15051=DIRECTION('',(0.,-1.80700362080917E-17,1.));
#15052=DIRECTION('',(0.,1.,0.));
#15053=DIRECTION('',(0.,1.,0.));
#15054=DIRECTION('',(0.,0.,-1.));
#15055=DIRECTION('',(0.,-0.707106781186547,-0.707106781186548));
#15056=DIRECTION('',(0.,-0.996194698091746,0.0871557427476582));
#15057=DIRECTION('',(0.,-6.68076228750955E-16,-1.));
#15058=DIRECTION('',(1.,0.,0.));
#15059=DIRECTION('',(0.,0.,-1.));
#15060=DIRECTION('',(0.,-1.,0.));
#15061=DIRECTION('',(0.,1.80700362080917E-17,-1.));
#15062=DIRECTION('',(0.,-1.,0.));
#15063=DIRECTION('',(0.,6.68076228750955E-16,1.));
#15064=DIRECTION('',(0.,0.996194698091746,-0.0871557427476582));
#15065=DIRECTION('',(0.,0.707106781186547,0.707106781186548));
#15066=DIRECTION('',(0.,0.,1.));
#15067=DIRECTION('',(0.,-1.,0.));
#15068=DIRECTION('',(0.,0.,1.));
#15069=DIRECTION('',(1.,0.,0.));
#15070=DIRECTION('',(1.,0.,0.));
#15071=DIRECTION('',(-1.,0.,0.));
#15072=DIRECTION('',(-1.,0.,0.));
#15073=DIRECTION('',(0.,0.,1.));
#15074=DIRECTION('',(0.,1.,0.));
#15075=DIRECTION('',(0.,-1.80700362080917E-17,1.));
#15076=DIRECTION('',(0.,1.,0.));
#15077=DIRECTION('',(0.,1.,0.));
#15078=DIRECTION('',(0.,0.,-1.));
#15079=DIRECTION('',(0.,-0.707106781186547,-0.707106781186548));
#15080=DIRECTION('',(0.,-0.996194698091746,0.0871557427476582));
#15081=DIRECTION('',(0.,-6.68076228750955E-16,-1.));
#15082=DIRECTION('',(1.,0.,0.));
#15083=DIRECTION('',(0.,0.,-1.));
#15084=DIRECTION('',(0.,-1.,0.));
#15085=DIRECTION('',(0.,1.80700362080917E-17,-1.));
#15086=DIRECTION('',(0.,-1.,0.));
#15087=DIRECTION('',(0.,6.68076228750955E-16,1.));
#15088=DIRECTION('',(0.,0.996194698091746,-0.0871557427476582));
#15089=DIRECTION('',(0.,0.707106781186547,0.707106781186548));
#15090=DIRECTION('',(0.,0.,1.));
#15091=DIRECTION('',(0.,-1.,0.));
#15092=DIRECTION('',(0.,0.,1.));
#15093=DIRECTION('',(1.,0.,0.));
#15094=DIRECTION('',(1.,0.,0.));
#15095=DIRECTION('',(-1.,0.,0.));
#15096=DIRECTION('',(-1.,0.,0.));
#15097=DIRECTION('',(0.,0.,1.));
#15098=DIRECTION('',(0.,1.,0.));
#15099=DIRECTION('',(0.,-1.80700362080917E-17,1.));
#15100=DIRECTION('',(0.,1.,0.));
#15101=DIRECTION('',(0.,1.,0.));
#15102=DIRECTION('',(0.,0.,-1.));
#15103=DIRECTION('',(0.,-0.707106781186547,-0.707106781186548));
#15104=DIRECTION('',(0.,-0.996194698091746,0.0871557427476582));
#15105=DIRECTION('',(0.,-6.68076228750955E-16,-1.));
#15106=DIRECTION('',(1.,0.,0.));
#15107=DIRECTION('',(0.,0.,-1.));
#15108=DIRECTION('',(0.,-1.,0.));
#15109=DIRECTION('',(0.,1.80700362080917E-17,-1.));
#15110=DIRECTION('',(0.,-1.,0.));
#15111=DIRECTION('',(0.,6.68076228750955E-16,1.));
#15112=DIRECTION('',(0.,0.996194698091746,-0.0871557427476582));
#15113=DIRECTION('',(0.,0.707106781186547,0.707106781186548));
#15114=DIRECTION('',(0.,0.,1.));
#15115=DIRECTION('',(0.,-1.,0.));
#15116=DIRECTION('',(0.,0.,1.));
#15117=DIRECTION('',(1.,0.,0.));
#15118=DIRECTION('',(1.,0.,0.));
#15119=DIRECTION('',(-1.,0.,0.));
#15120=DIRECTION('',(-1.,0.,0.));
#15121=DIRECTION('',(0.,0.,1.));
#15122=DIRECTION('',(0.,1.,0.));
#15123=DIRECTION('',(0.,-1.80700362080917E-17,1.));
#15124=DIRECTION('',(0.,1.,0.));
#15125=DIRECTION('',(0.,1.,0.));
#15126=DIRECTION('',(0.,0.,-1.));
#15127=DIRECTION('',(0.,-0.707106781186547,-0.707106781186548));
#15128=DIRECTION('',(0.,-0.996194698091746,0.0871557427476582));
#15129=DIRECTION('',(0.,-6.68076228750955E-16,-1.));
#15130=DIRECTION('',(1.,0.,0.));
#15131=DIRECTION('',(0.,0.,-1.));
#15132=DIRECTION('',(0.,-1.,0.));
#15133=DIRECTION('',(0.,1.80700362080917E-17,-1.));
#15134=DIRECTION('',(0.,-1.,0.));
#15135=DIRECTION('',(0.,6.68076228750955E-16,1.));
#15136=DIRECTION('',(0.,0.996194698091746,-0.0871557427476582));
#15137=DIRECTION('',(0.,0.707106781186547,0.707106781186548));
#15138=DIRECTION('',(0.,0.,1.));
#15139=DIRECTION('',(0.,-1.,0.));
#15140=DIRECTION('',(0.,0.,1.));
#15141=DIRECTION('',(1.,0.,0.));
#15142=DIRECTION('',(1.,0.,0.));
#15143=DIRECTION('',(-1.,0.,0.));
#15144=DIRECTION('',(-1.,0.,0.));
#15145=DIRECTION('',(0.,0.,1.));
#15146=DIRECTION('',(0.,1.,0.));
#15147=DIRECTION('',(0.,-1.80700362080917E-17,1.));
#15148=DIRECTION('',(0.,1.,0.));
#15149=DIRECTION('',(0.,1.,0.));
#15150=DIRECTION('',(0.,0.,-1.));
#15151=DIRECTION('',(0.,-0.707106781186547,-0.707106781186548));
#15152=DIRECTION('',(0.,-0.996194698091746,0.0871557427476582));
#15153=DIRECTION('',(0.,-6.68076228750955E-16,-1.));
#15154=DIRECTION('',(1.,0.,0.));
#15155=DIRECTION('',(0.,0.,-1.));
#15156=DIRECTION('',(0.,-1.,0.));
#15157=DIRECTION('',(0.,1.80700362080917E-17,-1.));
#15158=DIRECTION('',(0.,-1.,0.));
#15159=DIRECTION('',(0.,6.68076228750955E-16,1.));
#15160=DIRECTION('',(0.,0.996194698091746,-0.0871557427476582));
#15161=DIRECTION('',(0.,0.707106781186547,0.707106781186548));
#15162=DIRECTION('',(0.,0.,1.));
#15163=DIRECTION('',(0.,-1.,0.));
#15164=DIRECTION('',(0.,0.,1.));
#15165=DIRECTION('',(1.,0.,0.));
#15166=DIRECTION('',(1.,0.,0.));
#15167=DIRECTION('',(-1.,0.,0.));
#15168=DIRECTION('',(0.,0.,1.));
#15169=DIRECTION('',(1.,0.,0.));
#15170=DIRECTION('',(0.,-1.,0.));
#15171=DIRECTION('',(1.,0.,0.));
#15172=DIRECTION('',(0.,1.,0.));
#15173=DIRECTION('',(-1.,0.,0.));
#15174=DIRECTION('',(-1.,0.,0.));
#15175=DIRECTION('',(0.,0.,1.));
#15176=DIRECTION('',(0.,-1.80700362080917E-17,1.));
#15177=DIRECTION('',(0.,1.,0.));
#15178=DIRECTION('',(0.,1.,0.));
#15179=DIRECTION('',(0.,0.,-1.));
#15180=DIRECTION('',(0.,-0.707106781186547,-0.707106781186548));
#15181=DIRECTION('',(0.,-0.996194698091746,0.0871557427476582));
#15182=DIRECTION('',(0.,-6.68076228750955E-16,-1.));
#15183=DIRECTION('',(1.,0.,0.));
#15184=DIRECTION('',(0.,0.,-1.));
#15185=DIRECTION('',(0.,-1.,0.));
#15186=DIRECTION('',(0.,1.80700362080917E-17,-1.));
#15187=DIRECTION('',(0.,6.68076228750955E-16,1.));
#15188=DIRECTION('',(0.,0.996194698091746,-0.0871557427476582));
#15189=DIRECTION('',(0.,0.707106781186547,0.707106781186548));
#15190=DIRECTION('',(0.,0.,1.));
#15191=DIRECTION('',(0.,-1.,0.));
#15192=DIRECTION('',(1.,0.,0.));
#15193=DIRECTION('',(0.,0.,-1.));
#15194=DIRECTION('',(0.,1.,0.));
#15195=DIRECTION('',(0.,1.80700362080917E-17,-1.));
#15196=DIRECTION('',(0.,1.,0.));
#15197=DIRECTION('',(0.,6.68076228750955E-16,1.));
#15198=DIRECTION('',(0.,-0.996194698091746,-0.0871557427476582));
#15199=DIRECTION('',(0.,-0.707106781186547,0.707106781186548));
#15200=DIRECTION('',(0.,0.,1.));
#15201=DIRECTION('',(0.,1.,0.));
#15202=DIRECTION('',(-1.,0.,0.));
#15203=DIRECTION('',(0.,0.,1.));
#15204=DIRECTION('',(0.,-1.,0.));
#15205=DIRECTION('',(0.,-1.,0.));
#15206=DIRECTION('',(0.,0.,-1.));
#15207=DIRECTION('',(0.,0.707106781186547,-0.707106781186548));
#15208=DIRECTION('',(0.,0.996194698091746,0.0871557427476582));
#15209=DIRECTION('',(0.,-6.68076228750955E-16,-1.));
#15210=DIRECTION('',(0.,-1.,0.));
#15211=DIRECTION('',(0.,-1.80700362080917E-17,1.));
#15212=DIRECTION('',(0.,0.,1.));
#15213=DIRECTION('',(1.,0.,0.));
#15214=DIRECTION('',(1.,0.,0.));
#15215=DIRECTION('',(-1.,0.,0.));
#15216=DIRECTION('',(1.,0.,0.));
#15217=DIRECTION('',(0.,0.,-1.));
#15218=DIRECTION('',(0.,1.,0.));
#15219=DIRECTION('',(0.,1.80700362080917E-17,-1.));
#15220=DIRECTION('',(0.,1.,0.));
#15221=DIRECTION('',(0.,6.68076228750955E-16,1.));
#15222=DIRECTION('',(0.,-0.996194698091746,-0.0871557427476582));
#15223=DIRECTION('',(0.,-0.707106781186547,0.707106781186548));
#15224=DIRECTION('',(0.,0.,1.));
#15225=DIRECTION('',(0.,1.,0.));
#15226=DIRECTION('',(-1.,0.,0.));
#15227=DIRECTION('',(0.,0.,1.));
#15228=DIRECTION('',(0.,-1.,0.));
#15229=DIRECTION('',(0.,-1.,0.));
#15230=DIRECTION('',(0.,0.,-1.));
#15231=DIRECTION('',(0.,0.707106781186547,-0.707106781186548));
#15232=DIRECTION('',(0.,0.996194698091746,0.0871557427476582));
#15233=DIRECTION('',(0.,-6.68076228750955E-16,-1.));
#15234=DIRECTION('',(0.,-1.,0.));
#15235=DIRECTION('',(0.,-1.80700362080917E-17,1.));
#15236=DIRECTION('',(0.,0.,1.));
#15237=DIRECTION('',(1.,0.,0.));
#15238=DIRECTION('',(1.,0.,0.));
#15239=DIRECTION('',(-1.,0.,0.));
#15240=DIRECTION('',(1.,0.,0.));
#15241=DIRECTION('',(0.,0.,-1.));
#15242=DIRECTION('',(0.,1.,0.));
#15243=DIRECTION('',(0.,1.80700362080917E-17,-1.));
#15244=DIRECTION('',(0.,1.,0.));
#15245=DIRECTION('',(0.,6.68076228750955E-16,1.));
#15246=DIRECTION('',(0.,-0.996194698091746,-0.0871557427476582));
#15247=DIRECTION('',(0.,-0.707106781186547,0.707106781186548));
#15248=DIRECTION('',(0.,0.,1.));
#15249=DIRECTION('',(0.,1.,0.));
#15250=DIRECTION('',(-1.,0.,0.));
#15251=DIRECTION('',(0.,0.,1.));
#15252=DIRECTION('',(0.,-1.,0.));
#15253=DIRECTION('',(0.,-1.,0.));
#15254=DIRECTION('',(0.,0.,-1.));
#15255=DIRECTION('',(0.,0.707106781186547,-0.707106781186548));
#15256=DIRECTION('',(0.,0.996194698091746,0.0871557427476582));
#15257=DIRECTION('',(0.,-6.68076228750955E-16,-1.));
#15258=DIRECTION('',(0.,-1.,0.));
#15259=DIRECTION('',(0.,-1.80700362080917E-17,1.));
#15260=DIRECTION('',(0.,0.,1.));
#15261=DIRECTION('',(1.,0.,0.));
#15262=DIRECTION('',(1.,0.,0.));
#15263=DIRECTION('',(-1.,0.,0.));
#15264=DIRECTION('',(1.,0.,0.));
#15265=DIRECTION('',(0.,0.,-1.));
#15266=DIRECTION('',(0.,1.,0.));
#15267=DIRECTION('',(0.,1.80700362080917E-17,-1.));
#15268=DIRECTION('',(0.,1.,0.));
#15269=DIRECTION('',(0.,6.68076228750955E-16,1.));
#15270=DIRECTION('',(0.,-0.996194698091746,-0.0871557427476582));
#15271=DIRECTION('',(0.,-0.707106781186547,0.707106781186548));
#15272=DIRECTION('',(0.,0.,1.));
#15273=DIRECTION('',(0.,1.,0.));
#15274=DIRECTION('',(-1.,0.,0.));
#15275=DIRECTION('',(0.,0.,1.));
#15276=DIRECTION('',(0.,-1.,0.));
#15277=DIRECTION('',(0.,-1.,0.));
#15278=DIRECTION('',(0.,0.,-1.));
#15279=DIRECTION('',(0.,0.707106781186547,-0.707106781186548));
#15280=DIRECTION('',(0.,0.996194698091746,0.0871557427476582));
#15281=DIRECTION('',(0.,-6.68076228750955E-16,-1.));
#15282=DIRECTION('',(0.,-1.,0.));
#15283=DIRECTION('',(0.,-1.80700362080917E-17,1.));
#15284=DIRECTION('',(0.,0.,1.));
#15285=DIRECTION('',(1.,0.,0.));
#15286=DIRECTION('',(1.,0.,0.));
#15287=DIRECTION('',(-1.,0.,0.));
#15288=DIRECTION('',(1.,0.,0.));
#15289=DIRECTION('',(0.,0.,-1.));
#15290=DIRECTION('',(0.,1.,0.));
#15291=DIRECTION('',(0.,1.80700362080917E-17,-1.));
#15292=DIRECTION('',(0.,1.,0.));
#15293=DIRECTION('',(0.,6.68076228750955E-16,1.));
#15294=DIRECTION('',(0.,-0.996194698091746,-0.0871557427476582));
#15295=DIRECTION('',(0.,-0.707106781186547,0.707106781186548));
#15296=DIRECTION('',(0.,0.,1.));
#15297=DIRECTION('',(0.,1.,0.));
#15298=DIRECTION('',(-1.,0.,0.));
#15299=DIRECTION('',(0.,0.,1.));
#15300=DIRECTION('',(0.,-1.,0.));
#15301=DIRECTION('',(0.,-1.,0.));
#15302=DIRECTION('',(0.,0.,-1.));
#15303=DIRECTION('',(0.,0.707106781186547,-0.707106781186548));
#15304=DIRECTION('',(0.,0.996194698091746,0.0871557427476582));
#15305=DIRECTION('',(0.,-6.68076228750955E-16,-1.));
#15306=DIRECTION('',(0.,-1.,0.));
#15307=DIRECTION('',(0.,-1.80700362080917E-17,1.));
#15308=DIRECTION('',(0.,0.,1.));
#15309=DIRECTION('',(1.,0.,0.));
#15310=DIRECTION('',(1.,0.,0.));
#15311=DIRECTION('',(-1.,0.,0.));
#15312=DIRECTION('',(1.,0.,0.));
#15313=DIRECTION('',(0.,0.,-1.));
#15314=DIRECTION('',(0.,1.,0.));
#15315=DIRECTION('',(0.,1.80700362080917E-17,-1.));
#15316=DIRECTION('',(0.,1.,0.));
#15317=DIRECTION('',(0.,6.68076228750955E-16,1.));
#15318=DIRECTION('',(0.,-0.996194698091746,-0.0871557427476582));
#15319=DIRECTION('',(0.,-0.707106781186547,0.707106781186548));
#15320=DIRECTION('',(0.,0.,1.));
#15321=DIRECTION('',(0.,1.,0.));
#15322=DIRECTION('',(-1.,0.,0.));
#15323=DIRECTION('',(0.,0.,1.));
#15324=DIRECTION('',(0.,-1.,0.));
#15325=DIRECTION('',(0.,-1.,0.));
#15326=DIRECTION('',(0.,0.,-1.));
#15327=DIRECTION('',(0.,0.707106781186547,-0.707106781186548));
#15328=DIRECTION('',(0.,0.996194698091746,0.0871557427476582));
#15329=DIRECTION('',(0.,-6.68076228750955E-16,-1.));
#15330=DIRECTION('',(0.,-1.,0.));
#15331=DIRECTION('',(0.,-1.80700362080917E-17,1.));
#15332=DIRECTION('',(0.,0.,1.));
#15333=DIRECTION('',(1.,0.,0.));
#15334=DIRECTION('',(1.,0.,0.));
#15335=DIRECTION('',(-1.,0.,0.));
#15336=DIRECTION('',(1.,0.,0.));
#15337=DIRECTION('',(0.,0.,-1.));
#15338=DIRECTION('',(0.,1.,0.));
#15339=DIRECTION('',(0.,1.80700362080917E-17,-1.));
#15340=DIRECTION('',(0.,1.,0.));
#15341=DIRECTION('',(0.,6.68076228750955E-16,1.));
#15342=DIRECTION('',(0.,-0.996194698091746,-0.0871557427476582));
#15343=DIRECTION('',(0.,-0.707106781186547,0.707106781186548));
#15344=DIRECTION('',(0.,0.,1.));
#15345=DIRECTION('',(0.,1.,0.));
#15346=DIRECTION('',(-1.,0.,0.));
#15347=DIRECTION('',(0.,0.,1.));
#15348=DIRECTION('',(0.,-1.,0.));
#15349=DIRECTION('',(0.,-1.,0.));
#15350=DIRECTION('',(0.,0.,-1.));
#15351=DIRECTION('',(0.,0.707106781186547,-0.707106781186548));
#15352=DIRECTION('',(0.,0.996194698091746,0.0871557427476582));
#15353=DIRECTION('',(0.,-6.68076228750955E-16,-1.));
#15354=DIRECTION('',(0.,-1.,0.));
#15355=DIRECTION('',(0.,-1.80700362080917E-17,1.));
#15356=DIRECTION('',(0.,0.,1.));
#15357=DIRECTION('',(1.,0.,0.));
#15358=DIRECTION('',(1.,0.,0.));
#15359=DIRECTION('',(-1.,0.,0.));
#15360=DIRECTION('',(1.,0.,0.));
#15361=DIRECTION('',(0.,0.,-1.));
#15362=DIRECTION('',(0.,1.,0.));
#15363=DIRECTION('',(0.,1.80700362080917E-17,-1.));
#15364=DIRECTION('',(0.,1.,0.));
#15365=DIRECTION('',(0.,6.68076228750955E-16,1.));
#15366=DIRECTION('',(0.,-0.996194698091746,-0.0871557427476582));
#15367=DIRECTION('',(0.,-0.707106781186547,0.707106781186548));
#15368=DIRECTION('',(0.,0.,1.));
#15369=DIRECTION('',(0.,1.,0.));
#15370=DIRECTION('',(-1.,0.,0.));
#15371=DIRECTION('',(0.,0.,1.));
#15372=DIRECTION('',(0.,-1.,0.));
#15373=DIRECTION('',(0.,-1.,0.));
#15374=DIRECTION('',(0.,0.,-1.));
#15375=DIRECTION('',(0.,0.707106781186547,-0.707106781186548));
#15376=DIRECTION('',(0.,0.996194698091746,0.0871557427476582));
#15377=DIRECTION('',(0.,-6.68076228750955E-16,-1.));
#15378=DIRECTION('',(0.,-1.,0.));
#15379=DIRECTION('',(0.,-1.80700362080917E-17,1.));
#15380=DIRECTION('',(0.,0.,1.));
#15381=DIRECTION('',(1.,0.,0.));
#15382=DIRECTION('',(1.,0.,0.));
#15383=DIRECTION('',(-1.,0.,0.));
#15384=DIRECTION('',(0.,0.,1.));
#15385=DIRECTION('',(1.,0.,0.));
#15386=DIRECTION('',(1.,0.,0.));
#15387=DIRECTION('',(0.,-1.,0.));
#15388=DIRECTION('',(-1.,0.,0.));
#15389=DIRECTION('',(0.,1.,0.));
#15390=DIRECTION('',(1.,0.,0.));
#15391=DIRECTION('',(0.,0.,-1.));
#15392=DIRECTION('',(0.,1.,0.));
#15393=DIRECTION('',(0.,1.80700362080917E-17,-1.));
#15394=DIRECTION('',(0.,6.68076228750955E-16,1.));
#15395=DIRECTION('',(0.,-0.996194698091746,-0.0871557427476582));
#15396=DIRECTION('',(0.,-0.707106781186547,0.707106781186548));
#15397=DIRECTION('',(0.,0.,1.));
#15398=DIRECTION('',(0.,1.,0.));
#15399=DIRECTION('',(-1.,0.,0.));
#15400=DIRECTION('',(0.,0.,1.));
#15401=DIRECTION('',(0.,-1.,0.));
#15402=DIRECTION('',(0.,-1.,0.));
#15403=DIRECTION('',(0.,0.,-1.));
#15404=DIRECTION('',(0.,0.707106781186547,-0.707106781186548));
#15405=DIRECTION('',(0.,0.996194698091746,0.0871557427476582));
#15406=DIRECTION('',(0.,-6.68076228750955E-16,-1.));
#15407=DIRECTION('',(0.,-1.80700362080917E-17,1.));
#15408=DIRECTION('',(0.,0.,1.));
#15409=DIRECTION('',(1.,0.,0.));
#15410=DIRECTION('',(-1.,0.,0.));
#15411=DIRECTION('',(0.,0.,1.));
#15412=DIRECTION('',(1.,0.,0.));
#15413=DIRECTION('',(-1.,0.,0.));
#15414=DIRECTION('',(0.,0.,1.));
#15415=DIRECTION('',(1.,0.,0.));
#15416=DIRECTION('',(-1.,0.,0.));
#15417=DIRECTION('',(0.,0.,1.));
#15418=DIRECTION('',(1.,0.,0.));
#15419=DIRECTION('',(-1.,0.,0.));
#15420=DIRECTION('',(0.,0.,1.));
#15421=DIRECTION('',(1.,0.,0.));
#15422=DIRECTION('',(-1.,0.,0.));
#15423=DIRECTION('',(0.,0.,1.));
#15424=DIRECTION('',(1.,0.,0.));
#15425=DIRECTION('',(-1.,0.,0.));
#15426=DIRECTION('',(0.,0.,1.));
#15427=DIRECTION('',(1.,0.,0.));
#15428=DIRECTION('',(-1.,0.,0.));
#15429=DIRECTION('',(0.,0.,1.));
#15430=DIRECTION('',(1.,0.,0.));
#15431=DIRECTION('',(-1.,0.,0.));
#15432=DIRECTION('',(0.,0.,1.));
#15433=DIRECTION('',(1.,0.,0.));
#15434=DIRECTION('',(-1.,0.,0.));
#15435=DIRECTION('',(0.,-1.,0.));
#15436=DIRECTION('',(0.,0.,-1.));
#15437=DIRECTION('',(-1.,0.,0.));
#15438=DIRECTION('',(0.,-1.,0.));
#15439=DIRECTION('',(0.,0.,-1.));
#15440=DIRECTION('',(-1.,0.,0.));
#15441=DIRECTION('',(0.,-1.,0.));
#15442=DIRECTION('',(0.,0.,-1.));
#15443=DIRECTION('',(-1.,0.,0.));
#15444=DIRECTION('',(0.,-1.,0.));
#15445=DIRECTION('',(0.,0.,-1.));
#15446=DIRECTION('',(-1.,0.,0.));
#15447=DIRECTION('',(0.,-1.,0.));
#15448=DIRECTION('',(0.,0.,-1.));
#15449=DIRECTION('',(-1.,0.,0.));
#15450=DIRECTION('',(0.,-1.,0.));
#15451=DIRECTION('',(0.,0.,-1.));
#15452=DIRECTION('',(-1.,0.,0.));
#15453=DIRECTION('',(0.,-1.,0.));
#15454=DIRECTION('',(0.,0.,-1.));
#15455=DIRECTION('',(-1.,0.,0.));
#15456=DIRECTION('',(0.,-1.,0.));
#15457=DIRECTION('',(0.,0.,-1.));
#15458=DIRECTION('',(-1.,0.,0.));
#15459=DIRECTION('',(0.,-1.,0.));
#15460=DIRECTION('',(0.,0.,-1.));
#15461=DIRECTION('',(-1.,0.,0.));
#15462=DIRECTION('',(0.,-0.707106781186548,-0.707106781186547));
#15463=DIRECTION('',(0.,0.707106781186547,-0.707106781186548));
#15464=DIRECTION('',(-1.,0.,0.));
#15465=DIRECTION('',(0.,-0.707106781186548,-0.707106781186547));
#15466=DIRECTION('',(0.,0.707106781186547,-0.707106781186548));
#15467=DIRECTION('',(-1.,0.,0.));
#15468=DIRECTION('',(0.,-0.707106781186548,-0.707106781186547));
#15469=DIRECTION('',(0.,0.707106781186547,-0.707106781186548));
#15470=DIRECTION('',(-1.,0.,0.));
#15471=DIRECTION('',(0.,-0.707106781186548,-0.707106781186547));
#15472=DIRECTION('',(0.,0.707106781186547,-0.707106781186548));
#15473=DIRECTION('',(-1.,0.,0.));
#15474=DIRECTION('',(0.,-0.707106781186548,-0.707106781186547));
#15475=DIRECTION('',(0.,0.707106781186547,-0.707106781186548));
#15476=DIRECTION('',(-1.,0.,0.));
#15477=DIRECTION('',(0.,-0.707106781186548,-0.707106781186547));
#15478=DIRECTION('',(0.,0.707106781186547,-0.707106781186548));
#15479=DIRECTION('',(-1.,0.,0.));
#15480=DIRECTION('',(0.,-0.707106781186548,-0.707106781186547));
#15481=DIRECTION('',(0.,0.707106781186547,-0.707106781186548));
#15482=DIRECTION('',(-1.,0.,0.));
#15483=DIRECTION('',(0.,-0.707106781186548,-0.707106781186547));
#15484=DIRECTION('',(0.,0.707106781186547,-0.707106781186548));
#15485=DIRECTION('',(-1.,0.,0.));
#15486=DIRECTION('',(0.,-0.707106781186548,-0.707106781186547));
#15487=DIRECTION('',(0.,0.707106781186547,-0.707106781186548));
#15488=DIRECTION('',(-1.,0.,0.));
#15489=DIRECTION('',(0.,0.0871557427476582,-0.996194698091745));
#15490=DIRECTION('',(0.,0.996194698091746,0.0871557427476582));
#15491=DIRECTION('',(-1.,0.,0.));
#15492=DIRECTION('',(0.,0.0871557427476582,-0.996194698091745));
#15493=DIRECTION('',(0.,0.996194698091746,0.0871557427476582));
#15494=DIRECTION('',(-1.,0.,0.));
#15495=DIRECTION('',(0.,0.0871557427476582,-0.996194698091745));
#15496=DIRECTION('',(0.,0.996194698091746,0.0871557427476582));
#15497=DIRECTION('',(-1.,0.,0.));
#15498=DIRECTION('',(0.,0.0871557427476582,-0.996194698091745));
#15499=DIRECTION('',(0.,0.996194698091746,0.0871557427476582));
#15500=DIRECTION('',(-1.,0.,0.));
#15501=DIRECTION('',(0.,0.0871557427476582,-0.996194698091745));
#15502=DIRECTION('',(0.,0.996194698091746,0.0871557427476582));
#15503=DIRECTION('',(-1.,0.,0.));
#15504=DIRECTION('',(0.,0.0871557427476582,-0.996194698091745));
#15505=DIRECTION('',(0.,0.996194698091746,0.0871557427476582));
#15506=DIRECTION('',(-1.,0.,0.));
#15507=DIRECTION('',(0.,0.0871557427476582,-0.996194698091745));
#15508=DIRECTION('',(0.,0.996194698091746,0.0871557427476582));
#15509=DIRECTION('',(-1.,0.,0.));
#15510=DIRECTION('',(0.,0.0871557427476582,-0.996194698091745));
#15511=DIRECTION('',(0.,0.996194698091746,0.0871557427476582));
#15512=DIRECTION('',(-1.,0.,0.));
#15513=DIRECTION('',(0.,0.0871557427476582,-0.996194698091745));
#15514=DIRECTION('',(0.,0.996194698091746,0.0871557427476582));
#15515=DIRECTION('',(-1.,0.,0.));
#15516=DIRECTION('',(0.,-1.,6.68076228750955E-16));
#15517=DIRECTION('',(0.,-6.68076228750955E-16,-1.));
#15518=DIRECTION('',(-1.,0.,0.));
#15519=DIRECTION('',(-1.,0.,0.));
#15520=DIRECTION('',(-1.,0.,0.));
#15521=DIRECTION('',(-1.,0.,0.));
#15522=DIRECTION('',(-1.,0.,0.));
#15523=DIRECTION('',(-1.,0.,0.));
#15524=DIRECTION('',(-1.,0.,0.));
#15525=DIRECTION('',(-1.,0.,0.));
#15526=DIRECTION('',(-1.,0.,0.));
#15527=DIRECTION('',(-1.,0.,0.));
#15528=DIRECTION('',(-1.,0.,0.));
#15529=DIRECTION('',(0.,0.0871557427476582,0.996194698091746));
#15530=DIRECTION('',(0.,-0.996194698091746,0.0871557427476582));
#15531=DIRECTION('',(-1.,0.,0.));
#15532=DIRECTION('',(0.,0.0871557427476582,0.996194698091746));
#15533=DIRECTION('',(0.,-0.996194698091746,0.0871557427476582));
#15534=DIRECTION('',(-1.,0.,0.));
#15535=DIRECTION('',(0.,0.0871557427476582,0.996194698091746));
#15536=DIRECTION('',(0.,-0.996194698091746,0.0871557427476582));
#15537=DIRECTION('',(-1.,0.,0.));
#15538=DIRECTION('',(0.,0.0871557427476582,0.996194698091746));
#15539=DIRECTION('',(0.,-0.996194698091746,0.0871557427476582));
#15540=DIRECTION('',(-1.,0.,0.));
#15541=DIRECTION('',(0.,0.0871557427476582,0.996194698091746));
#15542=DIRECTION('',(0.,-0.996194698091746,0.0871557427476582));
#15543=DIRECTION('',(-1.,0.,0.));
#15544=DIRECTION('',(0.,0.0871557427476582,0.996194698091746));
#15545=DIRECTION('',(0.,-0.996194698091746,0.0871557427476582));
#15546=DIRECTION('',(-1.,0.,0.));
#15547=DIRECTION('',(0.,0.0871557427476582,0.996194698091746));
#15548=DIRECTION('',(0.,-0.996194698091746,0.0871557427476582));
#15549=DIRECTION('',(-1.,0.,0.));
#15550=DIRECTION('',(0.,0.0871557427476582,0.996194698091746));
#15551=DIRECTION('',(0.,-0.996194698091746,0.0871557427476582));
#15552=DIRECTION('',(-1.,0.,0.));
#15553=DIRECTION('',(0.,0.0871557427476582,0.996194698091746));
#15554=DIRECTION('',(0.,-0.996194698091746,0.0871557427476582));
#15555=DIRECTION('',(-1.,0.,0.));
#15556=DIRECTION('',(0.,0.0871557427476582,0.996194698091746));
#15557=DIRECTION('',(0.,-0.996194698091746,0.0871557427476582));
#15558=DIRECTION('',(-1.,0.,0.));
#15559=DIRECTION('',(0.,-0.707106781186548,0.707106781186547));
#15560=DIRECTION('',(0.,-0.707106781186547,-0.707106781186548));
#15561=DIRECTION('',(-1.,0.,0.));
#15562=DIRECTION('',(0.,-0.707106781186548,0.707106781186547));
#15563=DIRECTION('',(0.,-0.707106781186547,-0.707106781186548));
#15564=DIRECTION('',(-1.,0.,0.));
#15565=DIRECTION('',(0.,-0.707106781186548,0.707106781186547));
#15566=DIRECTION('',(0.,-0.707106781186547,-0.707106781186548));
#15567=DIRECTION('',(-1.,0.,0.));
#15568=DIRECTION('',(0.,-0.707106781186548,0.707106781186547));
#15569=DIRECTION('',(0.,-0.707106781186547,-0.707106781186548));
#15570=DIRECTION('',(-1.,0.,0.));
#15571=DIRECTION('',(0.,-0.707106781186548,0.707106781186547));
#15572=DIRECTION('',(0.,-0.707106781186547,-0.707106781186548));
#15573=DIRECTION('',(-1.,0.,0.));
#15574=DIRECTION('',(0.,-0.707106781186548,0.707106781186547));
#15575=DIRECTION('',(0.,-0.707106781186547,-0.707106781186548));
#15576=DIRECTION('',(-1.,0.,0.));
#15577=DIRECTION('',(0.,-0.707106781186548,0.707106781186547));
#15578=DIRECTION('',(0.,-0.707106781186547,-0.707106781186548));
#15579=DIRECTION('',(-1.,0.,0.));
#15580=DIRECTION('',(0.,-0.707106781186548,0.707106781186547));
#15581=DIRECTION('',(0.,-0.707106781186547,-0.707106781186548));
#15582=DIRECTION('',(-1.,0.,0.));
#15583=DIRECTION('',(0.,-0.707106781186548,0.707106781186547));
#15584=DIRECTION('',(0.,-0.707106781186547,-0.707106781186548));
#15585=DIRECTION('',(-1.,0.,0.));
#15586=DIRECTION('',(0.,-0.707106781186548,0.707106781186547));
#15587=DIRECTION('',(0.,-0.707106781186547,-0.707106781186548));
#15588=DIRECTION('',(-1.,0.,0.));
#15589=DIRECTION('',(0.,-1.,0.));
#15590=DIRECTION('',(0.,0.,-1.));
#15591=DIRECTION('',(-1.,0.,0.));
#15592=DIRECTION('',(0.,-1.,0.));
#15593=DIRECTION('',(0.,0.,-1.));
#15594=DIRECTION('',(-1.,0.,0.));
#15595=DIRECTION('',(0.,-1.,0.));
#15596=DIRECTION('',(0.,0.,-1.));
#15597=DIRECTION('',(-1.,0.,0.));
#15598=DIRECTION('',(0.,-1.,0.));
#15599=DIRECTION('',(0.,0.,-1.));
#15600=DIRECTION('',(-1.,0.,0.));
#15601=DIRECTION('',(0.,-1.,0.));
#15602=DIRECTION('',(0.,0.,-1.));
#15603=DIRECTION('',(-1.,0.,0.));
#15604=DIRECTION('',(0.,-1.,0.));
#15605=DIRECTION('',(0.,0.,-1.));
#15606=DIRECTION('',(-1.,0.,0.));
#15607=DIRECTION('',(0.,-1.,0.));
#15608=DIRECTION('',(0.,0.,-1.));
#15609=DIRECTION('',(-1.,0.,0.));
#15610=DIRECTION('',(0.,-1.,0.));
#15611=DIRECTION('',(0.,0.,-1.));
#15612=DIRECTION('',(-1.,0.,0.));
#15613=DIRECTION('',(0.,-1.,0.));
#15614=DIRECTION('',(0.,0.,-1.));
#15615=DIRECTION('',(-1.,0.,0.));
#15616=DIRECTION('',(0.,-1.,0.));
#15617=DIRECTION('',(0.,0.,-1.));
#15618=DIRECTION('',(-1.,0.,0.));
#15619=DIRECTION('',(0.,0.,-1.));
#15620=DIRECTION('',(-1.,0.,0.));
#15621=DIRECTION('',(0.,0.,-1.));
#15622=DIRECTION('',(-1.,0.,0.));
#15623=DIRECTION('',(0.,0.,-1.));
#15624=DIRECTION('',(-1.,0.,0.));
#15625=DIRECTION('',(0.,0.,-1.));
#15626=DIRECTION('',(-1.,0.,0.));
#15627=DIRECTION('',(0.,0.,-1.));
#15628=DIRECTION('',(-1.,0.,0.));
#15629=DIRECTION('',(0.,0.,-1.));
#15630=DIRECTION('',(-1.,0.,0.));
#15631=DIRECTION('',(0.,0.,-1.));
#15632=DIRECTION('',(-1.,0.,0.));
#15633=DIRECTION('',(0.,0.,-1.));
#15634=DIRECTION('',(-1.,0.,0.));
#15635=DIRECTION('',(0.,0.,-1.));
#15636=DIRECTION('',(-1.,0.,0.));
#15637=DIRECTION('',(0.,0.,-1.));
#15638=DIRECTION('',(-1.,0.,0.));
#15639=DIRECTION('',(0.,0.,1.));
#15640=DIRECTION('',(1.,0.,0.));
#15641=DIRECTION('',(-1.,0.,0.));
#15642=DIRECTION('',(0.,-1.,0.));
#15643=DIRECTION('',(0.,0.,-1.));
#15644=DIRECTION('',(-1.,0.,0.));
#15645=DIRECTION('',(0.,-0.707106781186548,-0.707106781186547));
#15646=DIRECTION('',(0.,0.707106781186547,-0.707106781186548));
#15647=DIRECTION('',(-1.,0.,0.));
#15648=DIRECTION('',(0.,0.0871557427476582,-0.996194698091745));
#15649=DIRECTION('',(0.,0.996194698091746,0.0871557427476582));
#15650=DIRECTION('',(0.,0.,1.));
#15651=DIRECTION('',(1.,0.,0.));
#15652=DIRECTION('',(-1.,0.,0.));
#15653=DIRECTION('',(0.,0.,1.));
#15654=DIRECTION('',(1.,0.,0.));
#15655=DIRECTION('',(-1.,0.,0.));
#15656=DIRECTION('',(0.,0.,1.));
#15657=DIRECTION('',(1.,0.,0.));
#15658=DIRECTION('',(-1.,0.,0.));
#15659=DIRECTION('',(0.,0.,1.));
#15660=DIRECTION('',(1.,0.,0.));
#15661=DIRECTION('',(-1.,0.,0.));
#15662=DIRECTION('',(0.,0.,1.));
#15663=DIRECTION('',(1.,0.,0.));
#15664=DIRECTION('',(-1.,0.,0.));
#15665=DIRECTION('',(0.,0.,1.));
#15666=DIRECTION('',(1.,0.,0.));
#15667=DIRECTION('',(-1.,0.,0.));
#15668=DIRECTION('',(0.,0.,1.));
#15669=DIRECTION('',(1.,0.,0.));
#15670=DIRECTION('',(-1.,0.,0.));
#15671=DIRECTION('',(0.,0.,1.));
#15672=DIRECTION('',(1.,0.,0.));
#15673=DIRECTION('',(-1.,0.,0.));
#15674=DIRECTION('',(0.,0.,1.));
#15675=DIRECTION('',(1.,0.,0.));
#15676=DIRECTION('',(-1.,0.,0.));
#15677=DIRECTION('',(0.,0.,-1.));
#15678=DIRECTION('',(-1.,0.,0.));
#15679=DIRECTION('',(-1.,0.,0.));
#15680=DIRECTION('',(0.,0.,-1.));
#15681=DIRECTION('',(-1.,0.,0.));
#15682=DIRECTION('',(-1.,0.,0.));
#15683=DIRECTION('',(0.,0.,-1.));
#15684=DIRECTION('',(-1.,0.,0.));
#15685=DIRECTION('',(-1.,0.,0.));
#15686=DIRECTION('',(0.,0.,-1.));
#15687=DIRECTION('',(-1.,0.,0.));
#15688=DIRECTION('',(-1.,0.,0.));
#15689=DIRECTION('',(0.,0.,-1.));
#15690=DIRECTION('',(-1.,0.,0.));
#15691=DIRECTION('',(-1.,0.,0.));
#15692=DIRECTION('',(0.,0.,-1.));
#15693=DIRECTION('',(-1.,0.,0.));
#15694=DIRECTION('',(-1.,0.,0.));
#15695=DIRECTION('',(0.,0.,-1.));
#15696=DIRECTION('',(-1.,0.,0.));
#15697=DIRECTION('',(-1.,0.,0.));
#15698=DIRECTION('',(0.,0.,-1.));
#15699=DIRECTION('',(-1.,0.,0.));
#15700=DIRECTION('',(-1.,0.,0.));
#15701=DIRECTION('',(0.,0.,-1.));
#15702=DIRECTION('',(-1.,0.,0.));
#15703=DIRECTION('',(-1.,0.,0.));
#15704=DIRECTION('',(0.,-1.,-1.80700362080917E-17));
#15705=DIRECTION('',(0.,1.80700362080917E-17,-1.));
#15706=DIRECTION('',(-1.,0.,0.));
#15707=DIRECTION('',(-1.,0.,0.));
#15708=DIRECTION('',(0.,0.,-1.));
#15709=DIRECTION('',(-1.,0.,0.));
#15710=DIRECTION('',(0.,0.,1.));
#15711=DIRECTION('',(1.,0.,0.));
#15712=DIRECTION('',(0.,0.,1.));
#15713=DIRECTION('',(1.,0.,0.));
#15714=DIRECTION('',(0.,-1.,-8.25115808588664E-17));
#15715=DIRECTION('',(0.,8.25115808588664E-17,-1.));
#15716=DIRECTION('',(-1.,0.,0.));
#15717=DIRECTION('',(0.,-8.25115808588664E-17,1.));
#15718=DIRECTION('',(-1.,0.,0.));
#15719=DIRECTION('',(0.,-8.25115808588664E-17,1.));
#15720=DIRECTION('',(0.,-1.,-8.25115808588664E-17));
#15721=DIRECTION('',(0.,8.25115808588664E-17,-1.));
#15722=DIRECTION('',(-1.,0.,0.));
#15723=DIRECTION('',(0.,8.25115808588664E-17,-1.));
#15724=DIRECTION('',(-1.,0.,0.));
#15725=DIRECTION('',(0.,-8.25115808588664E-17,1.));
#15726=DIRECTION('',(0.,-1.,-8.25115808588664E-17));
#15727=DIRECTION('',(0.,8.25115808588664E-17,-1.));
#15728=DIRECTION('',(-1.,0.,0.));
#15729=DIRECTION('',(0.,8.25115808588664E-17,-1.));
#15730=DIRECTION('',(-1.,0.,0.));
#15731=DIRECTION('',(0.,-8.25115808588664E-17,1.));
#15732=DIRECTION('',(0.,-1.,-8.25115808588664E-17));
#15733=DIRECTION('',(0.,8.25115808588664E-17,-1.));
#15734=DIRECTION('',(-1.,0.,0.));
#15735=DIRECTION('',(0.,8.25115808588664E-17,-1.));
#15736=DIRECTION('',(-1.,0.,0.));
#15737=DIRECTION('',(0.,-8.25115808588664E-17,1.));
#15738=DIRECTION('',(0.,-1.,-8.25115808588664E-17));
#15739=DIRECTION('',(0.,8.25115808588664E-17,-1.));
#15740=DIRECTION('',(-1.,0.,0.));
#15741=DIRECTION('',(0.,8.25115808588664E-17,-1.));
#15742=DIRECTION('',(-1.,0.,0.));
#15743=DIRECTION('',(0.,-8.25115808588664E-17,1.));
#15744=DIRECTION('',(0.,-1.,-8.25115808588664E-17));
#15745=DIRECTION('',(0.,8.25115808588664E-17,-1.));
#15746=DIRECTION('',(-1.,0.,0.));
#15747=DIRECTION('',(0.,8.25115808588664E-17,-1.));
#15748=DIRECTION('',(-1.,0.,0.));
#15749=DIRECTION('',(0.,-8.25115808588664E-17,1.));
#15750=DIRECTION('',(0.,-1.,-8.25115808588664E-17));
#15751=DIRECTION('',(0.,8.25115808588664E-17,-1.));
#15752=DIRECTION('',(-1.,0.,0.));
#15753=DIRECTION('',(0.,8.25115808588664E-17,-1.));
#15754=DIRECTION('',(-1.,0.,0.));
#15755=DIRECTION('',(0.,-8.25115808588664E-17,1.));
#15756=DIRECTION('',(0.,-1.,-8.25115808588664E-17));
#15757=DIRECTION('',(0.,8.25115808588664E-17,-1.));
#15758=DIRECTION('',(-1.,0.,0.));
#15759=DIRECTION('',(0.,8.25115808588664E-17,-1.));
#15760=DIRECTION('',(-1.,0.,0.));
#15761=DIRECTION('',(0.,-8.25115808588664E-17,1.));
#15762=DIRECTION('',(0.,-1.,-8.25115808588664E-17));
#15763=DIRECTION('',(0.,8.25115808588664E-17,-1.));
#15764=DIRECTION('',(-1.,0.,0.));
#15765=DIRECTION('',(0.,8.25115808588664E-17,-1.));
#15766=DIRECTION('',(-1.,0.,0.));
#15767=DIRECTION('',(0.,-8.25115808588664E-17,1.));
#15768=DIRECTION('',(0.,-1.,0.));
#15769=DIRECTION('',(0.,0.,-1.));
#15770=DIRECTION('',(1.,0.,0.));
#15771=DIRECTION('',(0.,0.,1.));
#15772=DIRECTION('',(-1.,0.,0.));
#15773=DIRECTION('',(0.,0.,1.));
#15774=DIRECTION('',(0.,-1.,0.));
#15775=DIRECTION('',(0.,0.,-1.));
#15776=DIRECTION('',(1.,0.,0.));
#15777=DIRECTION('',(0.,0.,-1.));
#15778=DIRECTION('',(-1.,0.,0.));
#15779=DIRECTION('',(0.,0.,1.));
#15780=DIRECTION('',(0.,-1.,0.));
#15781=DIRECTION('',(0.,0.,-1.));
#15782=DIRECTION('',(1.,0.,0.));
#15783=DIRECTION('',(0.,0.,-1.));
#15784=DIRECTION('',(-1.,0.,0.));
#15785=DIRECTION('',(0.,0.,1.));
#15786=DIRECTION('',(0.,-1.,0.));
#15787=DIRECTION('',(0.,0.,-1.));
#15788=DIRECTION('',(1.,0.,0.));
#15789=DIRECTION('',(0.,0.,-1.));
#15790=DIRECTION('',(-1.,0.,0.));
#15791=DIRECTION('',(0.,0.,1.));
#15792=DIRECTION('',(0.,-1.,0.));
#15793=DIRECTION('',(0.,0.,-1.));
#15794=DIRECTION('',(1.,0.,0.));
#15795=DIRECTION('',(0.,0.,-1.));
#15796=DIRECTION('',(-1.,0.,0.));
#15797=DIRECTION('',(0.,0.,1.));
#15798=DIRECTION('',(0.,-1.,0.));
#15799=DIRECTION('',(0.,0.,-1.));
#15800=DIRECTION('',(1.,0.,0.));
#15801=DIRECTION('',(0.,0.,-1.));
#15802=DIRECTION('',(-1.,0.,0.));
#15803=DIRECTION('',(0.,0.,1.));
#15804=DIRECTION('',(0.,-1.,0.));
#15805=DIRECTION('',(0.,0.,-1.));
#15806=DIRECTION('',(1.,0.,0.));
#15807=DIRECTION('',(0.,0.,-1.));
#15808=DIRECTION('',(-1.,0.,0.));
#15809=DIRECTION('',(0.,0.,1.));
#15810=DIRECTION('',(0.,-1.,0.));
#15811=DIRECTION('',(0.,0.,-1.));
#15812=DIRECTION('',(1.,0.,0.));
#15813=DIRECTION('',(0.,0.,-1.));
#15814=DIRECTION('',(-1.,0.,0.));
#15815=DIRECTION('',(0.,0.,1.));
#15816=DIRECTION('',(0.,-1.,0.));
#15817=DIRECTION('',(0.,0.,-1.));
#15818=DIRECTION('',(1.,0.,0.));
#15819=DIRECTION('',(0.,0.,-1.));
#15820=DIRECTION('',(-1.,0.,0.));
#15821=DIRECTION('',(0.,0.,1.));
#15822=DIRECTION('',(0.,-1.,0.));
#15823=DIRECTION('',(0.,0.,-1.));
#15824=DIRECTION('',(1.,0.,0.));
#15825=DIRECTION('',(0.,0.,-1.));
#15826=DIRECTION('',(-1.,0.,0.));
#15827=DIRECTION('',(0.,0.,1.));
#15828=DIRECTION('',(0.,-1.,-8.25115808588664E-17));
#15829=DIRECTION('',(0.,8.25115808588664E-17,-1.));
#15830=DIRECTION('',(-1.,0.,0.));
#15831=DIRECTION('',(0.,8.25115808588664E-17,-1.));
#15832=DIRECTION('',(-1.,0.,0.));
#15833=DIRECTION('',(0.,-8.25115808588664E-17,1.));
#15834=DIRECTION('',(1.,0.,0.));
#15835=DIRECTION('',(0.,0.,-1.));
#15836=DIRECTION('',(0.,1.80700362080917E-17,1.));
#15837=DIRECTION('',(0.,1.,0.));
#15838=DIRECTION('',(1.,0.,0.));
#15839=DIRECTION('',(0.,0.,-1.));
#15840=DIRECTION('',(0.,-1.,0.));
#15841=DIRECTION('',(0.,0.,-1.));
#15842=DIRECTION('',(0.,1.,0.));
#15843=DIRECTION('',(0.,3.56645451475495E-18,-1.));
#15844=DIRECTION('',(0.,1.,-1.0842021724855E-15));
#15845=DIRECTION('',(0.,0.,-1.));
#15846=DIRECTION('',(0.,-1.,2.16840434497101E-15));
#15847=DIRECTION('',(0.,7.1329090295099E-18,-1.));
#15848=DIRECTION('',(0.,-1.,0.));
#15849=DIRECTION('',(0.,0.,-1.));
#15850=DIRECTION('',(0.,1.,0.));
#15851=DIRECTION('',(1.,0.,0.));
#15852=DIRECTION('',(0.,0.,-1.));
#15853=DIRECTION('',(0.,-1.,0.));
#15854=DIRECTION('',(1.,0.,0.));
#15855=DIRECTION('',(0.,0.,-1.));
#15856=DIRECTION('',(0.,1.,0.));
#15857=DIRECTION('',(0.,1.80700362080917E-17,1.));
#15858=DIRECTION('',(0.,-1.,0.));
#15859=DIRECTION('',(1.,0.,0.));
#15860=DIRECTION('',(0.,0.,-1.));
#15861=DIRECTION('',(0.,1.,0.));
#15862=DIRECTION('',(0.,0.,-1.));
#15863=DIRECTION('',(0.,-1.,0.));
#15864=DIRECTION('',(0.,7.1329090295099E-18,-1.));
#15865=DIRECTION('',(0.,-1.,2.16840434497101E-15));
#15866=DIRECTION('',(0.,0.,-1.));
#15867=DIRECTION('',(0.,1.,-1.0842021724855E-15));
#15868=DIRECTION('',(0.,3.56645451475495E-18,-1.));
#15869=DIRECTION('',(0.,1.,0.));
#15870=DIRECTION('',(0.,0.,-1.));
#15871=DIRECTION('',(0.,-1.,0.));
#15872=DIRECTION('',(1.,0.,0.));
#15873=DIRECTION('',(0.,0.,-1.));
#15874=DIRECTION('',(-1.,0.,0.));
#15875=DIRECTION('',(0.,0.,1.));
#15876=DIRECTION('',(0.,-1.,0.));
#15877=DIRECTION('',(0.,-1.80700362080917E-17,-1.));
#15878=DIRECTION('',(0.,1.,0.));
#15879=DIRECTION('',(0.,0.,1.));
#15880=DIRECTION('',(0.,-1.,1.0842021724855E-15));
#15881=DIRECTION('',(0.,-3.56645451475495E-18,1.));
#15882=DIRECTION('',(0.,-1.,0.));
#15883=DIRECTION('',(0.,0.,1.));
#15884=DIRECTION('',(0.,1.,0.));
#15885=DIRECTION('',(-1.,0.,0.));
#15886=DIRECTION('',(0.,0.,1.));
#15887=DIRECTION('',(1.,0.,0.));
#15888=DIRECTION('',(0.,0.,-1.));
#15889=DIRECTION('',(0.,1.80700362080917E-17,1.));
#15890=DIRECTION('',(0.,1.,0.));
#15891=DIRECTION('',(1.,0.,0.));
#15892=DIRECTION('',(0.,0.,-1.));
#15893=DIRECTION('',(0.,-1.,0.));
#15894=DIRECTION('',(0.,0.,-1.));
#15895=DIRECTION('',(0.,1.,0.));
#15896=DIRECTION('',(0.,3.56645451475495E-18,-1.));
#15897=DIRECTION('',(0.,1.,-1.0842021724855E-15));
#15898=DIRECTION('',(0.,0.,-1.));
#15899=DIRECTION('',(0.,-1.,0.));
#15900=DIRECTION('',(0.,0.,1.));
#15901=DIRECTION('',(1.,0.,0.));
#15902=DIRECTION('',(-1.,0.,0.));
#15903=DIRECTION('',(1.,0.,0.));
#15904=DIRECTION('',(-1.,0.,0.));
#15905=DIRECTION('',(0.,0.,1.));
#15906=DIRECTION('',(0.,-1.,0.));
#15907=DIRECTION('',(0.,-1.80700362080917E-17,-1.));
#15908=DIRECTION('',(0.,1.,0.));
#15909=DIRECTION('',(0.,0.,1.));
#15910=DIRECTION('',(0.,-1.,1.0842021724855E-15));
#15911=DIRECTION('',(0.,-3.56645451475495E-18,1.));
#15912=DIRECTION('',(0.,-1.,0.));
#15913=DIRECTION('',(0.,0.,1.));
#15914=DIRECTION('',(0.,1.,0.));
#15915=DIRECTION('',(-1.,0.,0.));
#15916=DIRECTION('',(0.,0.,1.));
#15917=DIRECTION('',(1.,0.,0.));
#15918=DIRECTION('',(0.,0.,-1.));
#15919=DIRECTION('',(0.,1.80700362080917E-17,1.));
#15920=DIRECTION('',(0.,1.,0.));
#15921=DIRECTION('',(1.,0.,0.));
#15922=DIRECTION('',(0.,0.,-1.));
#15923=DIRECTION('',(0.,-1.,0.));
#15924=DIRECTION('',(0.,0.,-1.));
#15925=DIRECTION('',(0.,1.,0.));
#15926=DIRECTION('',(0.,3.56645451475495E-18,-1.));
#15927=DIRECTION('',(0.,1.,-1.0842021724855E-15));
#15928=DIRECTION('',(0.,0.,-1.));
#15929=DIRECTION('',(0.,-1.,0.));
#15930=DIRECTION('',(0.,0.,1.));
#15931=DIRECTION('',(1.,0.,0.));
#15932=DIRECTION('',(-1.,0.,0.));
#15933=DIRECTION('',(1.,0.,0.));
#15934=DIRECTION('',(-1.,0.,0.));
#15935=DIRECTION('',(0.,0.,1.));
#15936=DIRECTION('',(0.,-1.,0.));
#15937=DIRECTION('',(0.,-1.80700362080917E-17,-1.));
#15938=DIRECTION('',(0.,1.,0.));
#15939=DIRECTION('',(0.,0.,1.));
#15940=DIRECTION('',(0.,-1.,1.0842021724855E-15));
#15941=DIRECTION('',(0.,-3.56645451475495E-18,1.));
#15942=DIRECTION('',(0.,-1.,0.));
#15943=DIRECTION('',(0.,0.,1.));
#15944=DIRECTION('',(0.,1.,0.));
#15945=DIRECTION('',(-1.,0.,0.));
#15946=DIRECTION('',(0.,0.,1.));
#15947=DIRECTION('',(1.,0.,0.));
#15948=DIRECTION('',(0.,0.,-1.));
#15949=DIRECTION('',(0.,1.80700362080917E-17,1.));
#15950=DIRECTION('',(0.,1.,0.));
#15951=DIRECTION('',(1.,0.,0.));
#15952=DIRECTION('',(0.,0.,-1.));
#15953=DIRECTION('',(0.,-1.,0.));
#15954=DIRECTION('',(0.,0.,-1.));
#15955=DIRECTION('',(0.,1.,0.));
#15956=DIRECTION('',(0.,3.56645451475495E-18,-1.));
#15957=DIRECTION('',(0.,1.,-1.0842021724855E-15));
#15958=DIRECTION('',(0.,0.,-1.));
#15959=DIRECTION('',(0.,-1.,0.));
#15960=DIRECTION('',(0.,0.,1.));
#15961=DIRECTION('',(1.,0.,0.));
#15962=DIRECTION('',(-1.,0.,0.));
#15963=DIRECTION('',(1.,0.,0.));
#15964=DIRECTION('',(-1.,0.,0.));
#15965=DIRECTION('',(0.,0.,1.));
#15966=DIRECTION('',(0.,-1.,0.));
#15967=DIRECTION('',(0.,-1.80700362080917E-17,-1.));
#15968=DIRECTION('',(0.,1.,0.));
#15969=DIRECTION('',(0.,0.,1.));
#15970=DIRECTION('',(0.,-1.,1.0842021724855E-15));
#15971=DIRECTION('',(0.,-3.56645451475495E-18,1.));
#15972=DIRECTION('',(0.,-1.,0.));
#15973=DIRECTION('',(0.,0.,1.));
#15974=DIRECTION('',(0.,1.,0.));
#15975=DIRECTION('',(-1.,0.,0.));
#15976=DIRECTION('',(0.,0.,1.));
#15977=DIRECTION('',(1.,0.,0.));
#15978=DIRECTION('',(0.,0.,-1.));
#15979=DIRECTION('',(0.,1.80700362080917E-17,1.));
#15980=DIRECTION('',(0.,1.,0.));
#15981=DIRECTION('',(1.,0.,0.));
#15982=DIRECTION('',(0.,0.,-1.));
#15983=DIRECTION('',(0.,-1.,0.));
#15984=DIRECTION('',(0.,0.,-1.));
#15985=DIRECTION('',(0.,1.,0.));
#15986=DIRECTION('',(0.,3.56645451475495E-18,-1.));
#15987=DIRECTION('',(0.,1.,-1.0842021724855E-15));
#15988=DIRECTION('',(0.,0.,-1.));
#15989=DIRECTION('',(0.,-1.,0.));
#15990=DIRECTION('',(0.,0.,1.));
#15991=DIRECTION('',(1.,0.,0.));
#15992=DIRECTION('',(-1.,0.,0.));
#15993=DIRECTION('',(1.,0.,0.));
#15994=DIRECTION('',(-1.,0.,0.));
#15995=DIRECTION('',(0.,0.,1.));
#15996=DIRECTION('',(0.,-1.,0.));
#15997=DIRECTION('',(0.,-1.80700362080917E-17,-1.));
#15998=DIRECTION('',(0.,1.,0.));
#15999=DIRECTION('',(0.,0.,1.));
#16000=DIRECTION('',(0.,-1.,1.0842021724855E-15));
#16001=DIRECTION('',(0.,-3.56645451475495E-18,1.));
#16002=DIRECTION('',(0.,-1.,0.));
#16003=DIRECTION('',(0.,0.,1.));
#16004=DIRECTION('',(0.,1.,0.));
#16005=DIRECTION('',(-1.,0.,0.));
#16006=DIRECTION('',(0.,0.,1.));
#16007=DIRECTION('',(1.,0.,0.));
#16008=DIRECTION('',(0.,0.,-1.));
#16009=DIRECTION('',(0.,1.80700362080917E-17,1.));
#16010=DIRECTION('',(0.,1.,0.));
#16011=DIRECTION('',(1.,0.,0.));
#16012=DIRECTION('',(0.,0.,-1.));
#16013=DIRECTION('',(0.,-1.,0.));
#16014=DIRECTION('',(0.,0.,-1.));
#16015=DIRECTION('',(0.,1.,0.));
#16016=DIRECTION('',(0.,3.56645451475495E-18,-1.));
#16017=DIRECTION('',(0.,1.,-1.0842021724855E-15));
#16018=DIRECTION('',(0.,0.,-1.));
#16019=DIRECTION('',(0.,-1.,0.));
#16020=DIRECTION('',(0.,0.,1.));
#16021=DIRECTION('',(1.,0.,0.));
#16022=DIRECTION('',(-1.,0.,0.));
#16023=DIRECTION('',(1.,0.,0.));
#16024=DIRECTION('',(-1.,0.,0.));
#16025=DIRECTION('',(0.,0.,1.));
#16026=DIRECTION('',(0.,-1.,0.));
#16027=DIRECTION('',(0.,-1.80700362080917E-17,-1.));
#16028=DIRECTION('',(0.,1.,0.));
#16029=DIRECTION('',(0.,0.,1.));
#16030=DIRECTION('',(0.,-1.,1.0842021724855E-15));
#16031=DIRECTION('',(0.,-3.56645451475495E-18,1.));
#16032=DIRECTION('',(0.,-1.,0.));
#16033=DIRECTION('',(0.,0.,1.));
#16034=DIRECTION('',(0.,1.,0.));
#16035=DIRECTION('',(-1.,0.,0.));
#16036=DIRECTION('',(0.,0.,1.));
#16037=DIRECTION('',(1.,0.,0.));
#16038=DIRECTION('',(0.,0.,-1.));
#16039=DIRECTION('',(0.,1.80700362080917E-17,1.));
#16040=DIRECTION('',(0.,1.,0.));
#16041=DIRECTION('',(1.,0.,0.));
#16042=DIRECTION('',(0.,0.,-1.));
#16043=DIRECTION('',(0.,-1.,0.));
#16044=DIRECTION('',(0.,0.,-1.));
#16045=DIRECTION('',(0.,1.,0.));
#16046=DIRECTION('',(0.,3.56645451475495E-18,-1.));
#16047=DIRECTION('',(0.,1.,-1.0842021724855E-15));
#16048=DIRECTION('',(0.,0.,-1.));
#16049=DIRECTION('',(0.,-1.,0.));
#16050=DIRECTION('',(0.,0.,1.));
#16051=DIRECTION('',(1.,0.,0.));
#16052=DIRECTION('',(-1.,0.,0.));
#16053=DIRECTION('',(1.,0.,0.));
#16054=DIRECTION('',(-1.,0.,0.));
#16055=DIRECTION('',(0.,0.,1.));
#16056=DIRECTION('',(0.,-1.,0.));
#16057=DIRECTION('',(0.,-1.80700362080917E-17,-1.));
#16058=DIRECTION('',(0.,1.,0.));
#16059=DIRECTION('',(0.,0.,1.));
#16060=DIRECTION('',(0.,-1.,1.0842021724855E-15));
#16061=DIRECTION('',(0.,-3.56645451475495E-18,1.));
#16062=DIRECTION('',(0.,-1.,0.));
#16063=DIRECTION('',(0.,0.,1.));
#16064=DIRECTION('',(0.,1.,0.));
#16065=DIRECTION('',(-1.,0.,0.));
#16066=DIRECTION('',(0.,0.,1.));
#16067=DIRECTION('',(1.,0.,0.));
#16068=DIRECTION('',(0.,0.,-1.));
#16069=DIRECTION('',(0.,1.80700362080917E-17,1.));
#16070=DIRECTION('',(0.,1.,0.));
#16071=DIRECTION('',(1.,0.,0.));
#16072=DIRECTION('',(0.,0.,-1.));
#16073=DIRECTION('',(0.,-1.,0.));
#16074=DIRECTION('',(0.,0.,-1.));
#16075=DIRECTION('',(0.,1.,0.));
#16076=DIRECTION('',(0.,3.56645451475495E-18,-1.));
#16077=DIRECTION('',(0.,1.,-1.0842021724855E-15));
#16078=DIRECTION('',(0.,0.,-1.));
#16079=DIRECTION('',(0.,-1.,0.));
#16080=DIRECTION('',(0.,0.,1.));
#16081=DIRECTION('',(1.,0.,0.));
#16082=DIRECTION('',(-1.,0.,0.));
#16083=DIRECTION('',(1.,0.,0.));
#16084=DIRECTION('',(-1.,0.,0.));
#16085=DIRECTION('',(0.,0.,1.));
#16086=DIRECTION('',(0.,-1.,0.));
#16087=DIRECTION('',(0.,-1.80700362080917E-17,-1.));
#16088=DIRECTION('',(0.,1.,0.));
#16089=DIRECTION('',(0.,0.,1.));
#16090=DIRECTION('',(0.,-1.,1.0842021724855E-15));
#16091=DIRECTION('',(0.,-3.56645451475495E-18,1.));
#16092=DIRECTION('',(0.,-1.,0.));
#16093=DIRECTION('',(0.,0.,1.));
#16094=DIRECTION('',(0.,1.,0.));
#16095=DIRECTION('',(-1.,0.,0.));
#16096=DIRECTION('',(0.,0.,1.));
#16097=DIRECTION('',(1.,0.,0.));
#16098=DIRECTION('',(0.,0.,-1.));
#16099=DIRECTION('',(0.,1.80700362080917E-17,1.));
#16100=DIRECTION('',(0.,1.,0.));
#16101=DIRECTION('',(1.,0.,0.));
#16102=DIRECTION('',(0.,0.,-1.));
#16103=DIRECTION('',(0.,-1.,0.));
#16104=DIRECTION('',(0.,0.,-1.));
#16105=DIRECTION('',(0.,1.,0.));
#16106=DIRECTION('',(0.,3.56645451475495E-18,-1.));
#16107=DIRECTION('',(0.,1.,-1.0842021724855E-15));
#16108=DIRECTION('',(0.,0.,-1.));
#16109=DIRECTION('',(0.,-1.,0.));
#16110=DIRECTION('',(0.,0.,1.));
#16111=DIRECTION('',(1.,0.,0.));
#16112=DIRECTION('',(-1.,0.,0.));
#16113=DIRECTION('',(1.,0.,0.));
#16114=DIRECTION('',(0.,0.,1.));
#16115=DIRECTION('',(1.,0.,0.));
#16116=DIRECTION('',(0.,1.,0.));
#16117=DIRECTION('',(-1.,0.,0.));
#16118=DIRECTION('',(0.,-1.,0.));
#16119=DIRECTION('',(1.,0.,0.));
#16120=DIRECTION('',(-1.,0.,0.));
#16121=DIRECTION('',(0.,0.,1.));
#16122=DIRECTION('',(0.,-1.,0.));
#16123=DIRECTION('',(0.,-1.80700362080917E-17,-1.));
#16124=DIRECTION('',(0.,0.,1.));
#16125=DIRECTION('',(0.,-1.,1.0842021724855E-15));
#16126=DIRECTION('',(0.,-3.56645451475495E-18,1.));
#16127=DIRECTION('',(0.,-1.,0.));
#16128=DIRECTION('',(0.,0.,1.));
#16129=DIRECTION('',(0.,1.,0.));
#16130=DIRECTION('',(-1.,0.,0.));
#16131=DIRECTION('',(0.,0.,1.));
#16132=DIRECTION('',(1.,0.,0.));
#16133=DIRECTION('',(0.,0.,-1.));
#16134=DIRECTION('',(0.,1.80700362080917E-17,1.));
#16135=DIRECTION('',(0.,1.,0.));
#16136=DIRECTION('',(1.,0.,0.));
#16137=DIRECTION('',(0.,0.,-1.));
#16138=DIRECTION('',(0.,-1.,0.));
#16139=DIRECTION('',(0.,0.,-1.));
#16140=DIRECTION('',(0.,1.,0.));
#16141=DIRECTION('',(0.,3.56645451475495E-18,-1.));
#16142=DIRECTION('',(0.,1.,-1.0842021724855E-15));
#16143=DIRECTION('',(0.,0.,-1.));
#16144=DIRECTION('',(1.,0.,0.));
#16145=DIRECTION('',(0.,0.,-1.));
#16146=DIRECTION('',(0.,1.80700362080917E-17,1.));
#16147=DIRECTION('',(0.,-1.,0.));
#16148=DIRECTION('',(1.,0.,0.));
#16149=DIRECTION('',(0.,0.,-1.));
#16150=DIRECTION('',(0.,1.,0.));
#16151=DIRECTION('',(0.,0.,-1.));
#16152=DIRECTION('',(0.,-1.,0.));
#16153=DIRECTION('',(0.,7.1329090295099E-18,-1.));
#16154=DIRECTION('',(0.,-1.,2.16840434497101E-15));
#16155=DIRECTION('',(0.,0.,-1.));
#16156=DIRECTION('',(0.,1.,0.));
#16157=DIRECTION('',(-1.,0.,0.));
#16158=DIRECTION('',(0.,0.,1.));
#16159=DIRECTION('',(0.,-1.80700362080917E-17,-1.));
#16160=DIRECTION('',(0.,-1.,0.));
#16161=DIRECTION('',(0.,0.,1.));
#16162=DIRECTION('',(0.,1.,-2.16840434497101E-15));
#16163=DIRECTION('',(0.,-7.1329090295099E-18,1.));
#16164=DIRECTION('',(0.,1.,0.));
#16165=DIRECTION('',(0.,0.,1.));
#16166=DIRECTION('',(0.,-1.,0.));
#16167=DIRECTION('',(-1.,0.,0.));
#16168=DIRECTION('',(0.,0.,1.));
#16169=DIRECTION('',(0.,1.,0.));
#16170=DIRECTION('',(0.,0.,1.));
#16171=DIRECTION('',(1.,0.,0.));
#16172=DIRECTION('',(-1.,0.,0.));
#16173=DIRECTION('',(1.,0.,0.));
#16174=DIRECTION('',(1.,0.,0.));
#16175=DIRECTION('',(0.,0.,-1.));
#16176=DIRECTION('',(0.,1.80700362080917E-17,1.));
#16177=DIRECTION('',(0.,-1.,0.));
#16178=DIRECTION('',(1.,0.,0.));
#16179=DIRECTION('',(0.,0.,-1.));
#16180=DIRECTION('',(0.,1.,0.));
#16181=DIRECTION('',(0.,0.,-1.));
#16182=DIRECTION('',(0.,-1.,0.));
#16183=DIRECTION('',(0.,7.1329090295099E-18,-1.));
#16184=DIRECTION('',(0.,-1.,2.16840434497101E-15));
#16185=DIRECTION('',(0.,0.,-1.));
#16186=DIRECTION('',(0.,1.,0.));
#16187=DIRECTION('',(-1.,0.,0.));
#16188=DIRECTION('',(0.,0.,1.));
#16189=DIRECTION('',(0.,-1.80700362080917E-17,-1.));
#16190=DIRECTION('',(0.,-1.,0.));
#16191=DIRECTION('',(0.,0.,1.));
#16192=DIRECTION('',(0.,1.,-2.16840434497101E-15));
#16193=DIRECTION('',(0.,-7.1329090295099E-18,1.));
#16194=DIRECTION('',(0.,1.,0.));
#16195=DIRECTION('',(0.,0.,1.));
#16196=DIRECTION('',(0.,-1.,0.));
#16197=DIRECTION('',(-1.,0.,0.));
#16198=DIRECTION('',(0.,0.,1.));
#16199=DIRECTION('',(0.,1.,0.));
#16200=DIRECTION('',(0.,0.,1.));
#16201=DIRECTION('',(1.,0.,0.));
#16202=DIRECTION('',(-1.,0.,0.));
#16203=DIRECTION('',(1.,0.,0.));
#16204=DIRECTION('',(1.,0.,0.));
#16205=DIRECTION('',(0.,0.,-1.));
#16206=DIRECTION('',(0.,1.80700362080917E-17,1.));
#16207=DIRECTION('',(0.,-1.,0.));
#16208=DIRECTION('',(1.,0.,0.));
#16209=DIRECTION('',(0.,0.,-1.));
#16210=DIRECTION('',(0.,1.,0.));
#16211=DIRECTION('',(0.,0.,-1.));
#16212=DIRECTION('',(0.,-1.,0.));
#16213=DIRECTION('',(0.,7.1329090295099E-18,-1.));
#16214=DIRECTION('',(0.,-1.,2.16840434497101E-15));
#16215=DIRECTION('',(0.,0.,-1.));
#16216=DIRECTION('',(0.,1.,0.));
#16217=DIRECTION('',(-1.,0.,0.));
#16218=DIRECTION('',(0.,0.,1.));
#16219=DIRECTION('',(0.,-1.80700362080917E-17,-1.));
#16220=DIRECTION('',(0.,-1.,0.));
#16221=DIRECTION('',(0.,0.,1.));
#16222=DIRECTION('',(0.,1.,-2.16840434497101E-15));
#16223=DIRECTION('',(0.,-7.1329090295099E-18,1.));
#16224=DIRECTION('',(0.,1.,0.));
#16225=DIRECTION('',(0.,0.,1.));
#16226=DIRECTION('',(0.,-1.,0.));
#16227=DIRECTION('',(-1.,0.,0.));
#16228=DIRECTION('',(0.,0.,1.));
#16229=DIRECTION('',(0.,1.,0.));
#16230=DIRECTION('',(0.,0.,1.));
#16231=DIRECTION('',(1.,0.,0.));
#16232=DIRECTION('',(-1.,0.,0.));
#16233=DIRECTION('',(1.,0.,0.));
#16234=DIRECTION('',(1.,0.,0.));
#16235=DIRECTION('',(0.,0.,-1.));
#16236=DIRECTION('',(0.,1.80700362080917E-17,1.));
#16237=DIRECTION('',(0.,-1.,0.));
#16238=DIRECTION('',(1.,0.,0.));
#16239=DIRECTION('',(0.,0.,-1.));
#16240=DIRECTION('',(0.,1.,0.));
#16241=DIRECTION('',(0.,0.,-1.));
#16242=DIRECTION('',(0.,-1.,0.));
#16243=DIRECTION('',(0.,7.1329090295099E-18,-1.));
#16244=DIRECTION('',(0.,-1.,2.16840434497101E-15));
#16245=DIRECTION('',(0.,0.,-1.));
#16246=DIRECTION('',(0.,1.,0.));
#16247=DIRECTION('',(-1.,0.,0.));
#16248=DIRECTION('',(0.,0.,1.));
#16249=DIRECTION('',(0.,-1.80700362080917E-17,-1.));
#16250=DIRECTION('',(0.,-1.,0.));
#16251=DIRECTION('',(0.,0.,1.));
#16252=DIRECTION('',(0.,1.,-2.16840434497101E-15));
#16253=DIRECTION('',(0.,-7.1329090295099E-18,1.));
#16254=DIRECTION('',(0.,1.,0.));
#16255=DIRECTION('',(0.,0.,1.));
#16256=DIRECTION('',(0.,-1.,0.));
#16257=DIRECTION('',(-1.,0.,0.));
#16258=DIRECTION('',(0.,0.,1.));
#16259=DIRECTION('',(0.,1.,0.));
#16260=DIRECTION('',(0.,0.,1.));
#16261=DIRECTION('',(1.,0.,0.));
#16262=DIRECTION('',(-1.,0.,0.));
#16263=DIRECTION('',(1.,0.,0.));
#16264=DIRECTION('',(1.,0.,0.));
#16265=DIRECTION('',(0.,0.,-1.));
#16266=DIRECTION('',(0.,1.80700362080917E-17,1.));
#16267=DIRECTION('',(0.,-1.,0.));
#16268=DIRECTION('',(1.,0.,0.));
#16269=DIRECTION('',(0.,0.,-1.));
#16270=DIRECTION('',(0.,1.,0.));
#16271=DIRECTION('',(0.,0.,-1.));
#16272=DIRECTION('',(0.,-1.,0.));
#16273=DIRECTION('',(0.,7.1329090295099E-18,-1.));
#16274=DIRECTION('',(0.,-1.,2.16840434497101E-15));
#16275=DIRECTION('',(0.,0.,-1.));
#16276=DIRECTION('',(0.,1.,0.));
#16277=DIRECTION('',(-1.,0.,0.));
#16278=DIRECTION('',(0.,0.,1.));
#16279=DIRECTION('',(0.,-1.80700362080917E-17,-1.));
#16280=DIRECTION('',(0.,-1.,0.));
#16281=DIRECTION('',(0.,0.,1.));
#16282=DIRECTION('',(0.,1.,-2.16840434497101E-15));
#16283=DIRECTION('',(0.,-7.1329090295099E-18,1.));
#16284=DIRECTION('',(0.,1.,0.));
#16285=DIRECTION('',(0.,0.,1.));
#16286=DIRECTION('',(0.,-1.,0.));
#16287=DIRECTION('',(-1.,0.,0.));
#16288=DIRECTION('',(0.,0.,1.));
#16289=DIRECTION('',(0.,1.,0.));
#16290=DIRECTION('',(0.,0.,1.));
#16291=DIRECTION('',(1.,0.,0.));
#16292=DIRECTION('',(-1.,0.,0.));
#16293=DIRECTION('',(1.,0.,0.));
#16294=DIRECTION('',(1.,0.,0.));
#16295=DIRECTION('',(0.,0.,-1.));
#16296=DIRECTION('',(0.,1.80700362080917E-17,1.));
#16297=DIRECTION('',(0.,-1.,0.));
#16298=DIRECTION('',(1.,0.,0.));
#16299=DIRECTION('',(0.,0.,-1.));
#16300=DIRECTION('',(0.,1.,0.));
#16301=DIRECTION('',(0.,0.,-1.));
#16302=DIRECTION('',(0.,-1.,0.));
#16303=DIRECTION('',(0.,7.1329090295099E-18,-1.));
#16304=DIRECTION('',(0.,-1.,2.16840434497101E-15));
#16305=DIRECTION('',(0.,0.,-1.));
#16306=DIRECTION('',(0.,1.,0.));
#16307=DIRECTION('',(-1.,0.,0.));
#16308=DIRECTION('',(0.,0.,1.));
#16309=DIRECTION('',(0.,-1.80700362080917E-17,-1.));
#16310=DIRECTION('',(0.,-1.,0.));
#16311=DIRECTION('',(0.,0.,1.));
#16312=DIRECTION('',(0.,1.,-2.16840434497101E-15));
#16313=DIRECTION('',(0.,-7.1329090295099E-18,1.));
#16314=DIRECTION('',(0.,1.,0.));
#16315=DIRECTION('',(0.,0.,1.));
#16316=DIRECTION('',(0.,-1.,0.));
#16317=DIRECTION('',(-1.,0.,0.));
#16318=DIRECTION('',(0.,0.,1.));
#16319=DIRECTION('',(0.,1.,0.));
#16320=DIRECTION('',(0.,0.,1.));
#16321=DIRECTION('',(1.,0.,0.));
#16322=DIRECTION('',(-1.,0.,0.));
#16323=DIRECTION('',(1.,0.,0.));
#16324=DIRECTION('',(1.,0.,0.));
#16325=DIRECTION('',(0.,0.,-1.));
#16326=DIRECTION('',(0.,1.80700362080917E-17,1.));
#16327=DIRECTION('',(0.,-1.,0.));
#16328=DIRECTION('',(1.,0.,0.));
#16329=DIRECTION('',(0.,0.,-1.));
#16330=DIRECTION('',(0.,1.,0.));
#16331=DIRECTION('',(0.,0.,-1.));
#16332=DIRECTION('',(0.,-1.,0.));
#16333=DIRECTION('',(0.,7.1329090295099E-18,-1.));
#16334=DIRECTION('',(0.,-1.,2.16840434497101E-15));
#16335=DIRECTION('',(0.,0.,-1.));
#16336=DIRECTION('',(0.,1.,0.));
#16337=DIRECTION('',(-1.,0.,0.));
#16338=DIRECTION('',(0.,0.,1.));
#16339=DIRECTION('',(0.,-1.80700362080917E-17,-1.));
#16340=DIRECTION('',(0.,-1.,0.));
#16341=DIRECTION('',(0.,0.,1.));
#16342=DIRECTION('',(0.,1.,-2.16840434497101E-15));
#16343=DIRECTION('',(0.,-7.1329090295099E-18,1.));
#16344=DIRECTION('',(0.,1.,0.));
#16345=DIRECTION('',(0.,0.,1.));
#16346=DIRECTION('',(0.,-1.,0.));
#16347=DIRECTION('',(-1.,0.,0.));
#16348=DIRECTION('',(0.,0.,1.));
#16349=DIRECTION('',(0.,1.,0.));
#16350=DIRECTION('',(0.,0.,1.));
#16351=DIRECTION('',(1.,0.,0.));
#16352=DIRECTION('',(-1.,0.,0.));
#16353=DIRECTION('',(1.,0.,0.));
#16354=DIRECTION('',(1.,0.,0.));
#16355=DIRECTION('',(0.,0.,-1.));
#16356=DIRECTION('',(0.,1.80700362080917E-17,1.));
#16357=DIRECTION('',(0.,-1.,0.));
#16358=DIRECTION('',(1.,0.,0.));
#16359=DIRECTION('',(0.,0.,-1.));
#16360=DIRECTION('',(0.,1.,0.));
#16361=DIRECTION('',(0.,0.,-1.));
#16362=DIRECTION('',(0.,-1.,0.));
#16363=DIRECTION('',(0.,7.1329090295099E-18,-1.));
#16364=DIRECTION('',(0.,-1.,2.16840434497101E-15));
#16365=DIRECTION('',(0.,0.,-1.));
#16366=DIRECTION('',(0.,1.,0.));
#16367=DIRECTION('',(-1.,0.,0.));
#16368=DIRECTION('',(0.,0.,1.));
#16369=DIRECTION('',(0.,-1.80700362080917E-17,-1.));
#16370=DIRECTION('',(0.,-1.,0.));
#16371=DIRECTION('',(0.,0.,1.));
#16372=DIRECTION('',(0.,1.,-2.16840434497101E-15));
#16373=DIRECTION('',(0.,-7.1329090295099E-18,1.));
#16374=DIRECTION('',(0.,1.,0.));
#16375=DIRECTION('',(0.,0.,1.));
#16376=DIRECTION('',(0.,-1.,0.));
#16377=DIRECTION('',(-1.,0.,0.));
#16378=DIRECTION('',(0.,0.,1.));
#16379=DIRECTION('',(0.,1.,0.));
#16380=DIRECTION('',(0.,0.,1.));
#16381=DIRECTION('',(1.,0.,0.));
#16382=DIRECTION('',(-1.,0.,0.));
#16383=DIRECTION('',(1.,0.,0.));
#16384=DIRECTION('',(0.,0.,1.));
#16385=DIRECTION('',(1.,0.,0.));
#16386=DIRECTION('',(-1.,0.,0.));
#16387=DIRECTION('',(0.,1.,0.));
#16388=DIRECTION('',(1.,0.,0.));
#16389=DIRECTION('',(0.,-1.,0.));
#16390=DIRECTION('',(1.,0.,0.));
#16391=DIRECTION('',(0.,0.,-1.));
#16392=DIRECTION('',(0.,1.80700362080917E-17,1.));
#16393=DIRECTION('',(0.,-1.,0.));
#16394=DIRECTION('',(1.,0.,0.));
#16395=DIRECTION('',(0.,0.,-1.));
#16396=DIRECTION('',(0.,1.,0.));
#16397=DIRECTION('',(0.,0.,-1.));
#16398=DIRECTION('',(0.,-1.,0.));
#16399=DIRECTION('',(0.,7.1329090295099E-18,-1.));
#16400=DIRECTION('',(0.,-1.,2.16840434497101E-15));
#16401=DIRECTION('',(0.,0.,-1.));
#16402=DIRECTION('',(-1.,0.,0.));
#16403=DIRECTION('',(0.,0.,1.));
#16404=DIRECTION('',(0.,-1.80700362080917E-17,-1.));
#16405=DIRECTION('',(0.,0.,1.));
#16406=DIRECTION('',(0.,1.,-2.16840434497101E-15));
#16407=DIRECTION('',(0.,-7.1329090295099E-18,1.));
#16408=DIRECTION('',(0.,1.,0.));
#16409=DIRECTION('',(0.,0.,1.));
#16410=DIRECTION('',(0.,-1.,0.));
#16411=DIRECTION('',(-1.,0.,0.));
#16412=DIRECTION('',(0.,0.,1.));
#16413=DIRECTION('',(0.,1.,0.));
#16414=DIRECTION('',(0.,-2.16840434497101E-15,-1.));
#16415=DIRECTION('',(0.,1.,-2.16840434497101E-15));
#16416=DIRECTION('',(-1.,0.,0.));
#16417=DIRECTION('',(-1.,0.,0.));
#16418=DIRECTION('',(0.,-2.16840434497101E-15,-1.));
#16419=DIRECTION('',(0.,1.,-2.16840434497101E-15));
#16420=DIRECTION('',(-1.,0.,0.));
#16421=DIRECTION('',(-1.,0.,0.));
#16422=DIRECTION('',(0.,-2.16840434497101E-15,-1.));
#16423=DIRECTION('',(0.,1.,-2.16840434497101E-15));
#16424=DIRECTION('',(-1.,0.,0.));
#16425=DIRECTION('',(-1.,0.,0.));
#16426=DIRECTION('',(0.,-2.16840434497101E-15,-1.));
#16427=DIRECTION('',(0.,1.,-2.16840434497101E-15));
#16428=DIRECTION('',(-1.,0.,0.));
#16429=DIRECTION('',(-1.,0.,0.));
#16430=DIRECTION('',(0.,-2.16840434497101E-15,-1.));
#16431=DIRECTION('',(0.,1.,-2.16840434497101E-15));
#16432=DIRECTION('',(-1.,0.,0.));
#16433=DIRECTION('',(-1.,0.,0.));
#16434=DIRECTION('',(0.,-2.16840434497101E-15,-1.));
#16435=DIRECTION('',(0.,1.,-2.16840434497101E-15));
#16436=DIRECTION('',(-1.,0.,0.));
#16437=DIRECTION('',(-1.,0.,0.));
#16438=DIRECTION('',(0.,-2.16840434497101E-15,-1.));
#16439=DIRECTION('',(0.,1.,-2.16840434497101E-15));
#16440=DIRECTION('',(-1.,0.,0.));
#16441=DIRECTION('',(-1.,0.,0.));
#16442=DIRECTION('',(0.,-2.16840434497101E-15,-1.));
#16443=DIRECTION('',(0.,1.,-2.16840434497101E-15));
#16444=DIRECTION('',(-1.,0.,0.));
#16445=DIRECTION('',(-1.,0.,0.));
#16446=DIRECTION('',(0.,-2.16840434497101E-15,-1.));
#16447=DIRECTION('',(0.,1.,-2.16840434497101E-15));
#16448=DIRECTION('',(-1.,0.,0.));
#16449=DIRECTION('',(-1.,0.,0.));
#16450=DIRECTION('',(0.,1.,7.1329090295099E-18));
#16451=DIRECTION('',(0.,-7.1329090295099E-18,1.));
#16452=DIRECTION('',(-1.,0.,0.));
#16453=DIRECTION('',(0.,1.,7.1329090295099E-18));
#16454=DIRECTION('',(0.,-7.1329090295099E-18,1.));
#16455=DIRECTION('',(-1.,0.,0.));
#16456=DIRECTION('',(0.,1.,7.1329090295099E-18));
#16457=DIRECTION('',(0.,-7.1329090295099E-18,1.));
#16458=DIRECTION('',(-1.,0.,0.));
#16459=DIRECTION('',(0.,1.,7.1329090295099E-18));
#16460=DIRECTION('',(0.,-7.1329090295099E-18,1.));
#16461=DIRECTION('',(-1.,0.,0.));
#16462=DIRECTION('',(0.,1.,7.1329090295099E-18));
#16463=DIRECTION('',(0.,-7.1329090295099E-18,1.));
#16464=DIRECTION('',(-1.,0.,0.));
#16465=DIRECTION('',(0.,1.,7.1329090295099E-18));
#16466=DIRECTION('',(0.,-7.1329090295099E-18,1.));
#16467=DIRECTION('',(-1.,0.,0.));
#16468=DIRECTION('',(0.,1.,7.1329090295099E-18));
#16469=DIRECTION('',(0.,-7.1329090295099E-18,1.));
#16470=DIRECTION('',(-1.,0.,0.));
#16471=DIRECTION('',(0.,1.,7.1329090295099E-18));
#16472=DIRECTION('',(0.,-7.1329090295099E-18,1.));
#16473=DIRECTION('',(-1.,0.,0.));
#16474=DIRECTION('',(0.,1.,7.1329090295099E-18));
#16475=DIRECTION('',(0.,-7.1329090295099E-18,1.));
#16476=DIRECTION('',(-1.,0.,0.));
#16477=DIRECTION('',(0.,0.,-1.));
#16478=DIRECTION('',(-1.,0.,0.));
#16479=DIRECTION('',(-1.,0.,0.));
#16480=DIRECTION('',(0.,0.,-1.));
#16481=DIRECTION('',(-1.,0.,0.));
#16482=DIRECTION('',(-1.,0.,0.));
#16483=DIRECTION('',(0.,0.,-1.));
#16484=DIRECTION('',(-1.,0.,0.));
#16485=DIRECTION('',(-1.,0.,0.));
#16486=DIRECTION('',(0.,0.,-1.));
#16487=DIRECTION('',(-1.,0.,0.));
#16488=DIRECTION('',(-1.,0.,0.));
#16489=DIRECTION('',(0.,0.,-1.));
#16490=DIRECTION('',(-1.,0.,0.));
#16491=DIRECTION('',(-1.,0.,0.));
#16492=DIRECTION('',(0.,0.,-1.));
#16493=DIRECTION('',(-1.,0.,0.));
#16494=DIRECTION('',(-1.,0.,0.));
#16495=DIRECTION('',(0.,0.,-1.));
#16496=DIRECTION('',(-1.,0.,0.));
#16497=DIRECTION('',(-1.,0.,0.));
#16498=DIRECTION('',(0.,0.,-1.));
#16499=DIRECTION('',(-1.,0.,0.));
#16500=DIRECTION('',(-1.,0.,0.));
#16501=DIRECTION('',(0.,0.,-1.));
#16502=DIRECTION('',(-1.,0.,0.));
#16503=DIRECTION('',(-1.,0.,0.));
#16504=DIRECTION('',(0.,1.,0.));
#16505=DIRECTION('',(0.,0.,1.));
#16506=DIRECTION('',(-1.,0.,0.));
#16507=DIRECTION('',(0.,1.,0.));
#16508=DIRECTION('',(0.,0.,1.));
#16509=DIRECTION('',(-1.,0.,0.));
#16510=DIRECTION('',(0.,1.,0.));
#16511=DIRECTION('',(0.,0.,1.));
#16512=DIRECTION('',(-1.,0.,0.));
#16513=DIRECTION('',(0.,1.,0.));
#16514=DIRECTION('',(0.,0.,1.));
#16515=DIRECTION('',(-1.,0.,0.));
#16516=DIRECTION('',(0.,1.,0.));
#16517=DIRECTION('',(0.,0.,1.));
#16518=DIRECTION('',(-1.,0.,0.));
#16519=DIRECTION('',(0.,1.,0.));
#16520=DIRECTION('',(0.,0.,1.));
#16521=DIRECTION('',(-1.,0.,0.));
#16522=DIRECTION('',(0.,1.,0.));
#16523=DIRECTION('',(0.,0.,1.));
#16524=DIRECTION('',(-1.,0.,0.));
#16525=DIRECTION('',(0.,1.,0.));
#16526=DIRECTION('',(0.,0.,1.));
#16527=DIRECTION('',(-1.,0.,0.));
#16528=DIRECTION('',(0.,1.,0.));
#16529=DIRECTION('',(0.,0.,1.));
#16530=DIRECTION('',(-1.,0.,0.));
#16531=DIRECTION('',(0.,0.,1.));
#16532=DIRECTION('',(1.,0.,0.));
#16533=DIRECTION('',(-1.,0.,0.));
#16534=DIRECTION('',(0.,0.,1.));
#16535=DIRECTION('',(1.,0.,0.));
#16536=DIRECTION('',(-1.,0.,0.));
#16537=DIRECTION('',(0.,0.,1.));
#16538=DIRECTION('',(1.,0.,0.));
#16539=DIRECTION('',(-1.,0.,0.));
#16540=DIRECTION('',(0.,0.,1.));
#16541=DIRECTION('',(1.,0.,0.));
#16542=DIRECTION('',(-1.,0.,0.));
#16543=DIRECTION('',(0.,0.,1.));
#16544=DIRECTION('',(1.,0.,0.));
#16545=DIRECTION('',(-1.,0.,0.));
#16546=DIRECTION('',(0.,0.,1.));
#16547=DIRECTION('',(1.,0.,0.));
#16548=DIRECTION('',(-1.,0.,0.));
#16549=DIRECTION('',(0.,0.,1.));
#16550=DIRECTION('',(1.,0.,0.));
#16551=DIRECTION('',(-1.,0.,0.));
#16552=DIRECTION('',(0.,0.,1.));
#16553=DIRECTION('',(1.,0.,0.));
#16554=DIRECTION('',(-1.,0.,0.));
#16555=DIRECTION('',(0.,0.,1.));
#16556=DIRECTION('',(1.,0.,0.));
#16557=DIRECTION('',(-1.,0.,0.));
#16558=DIRECTION('',(-1.,0.,0.));
#16559=DIRECTION('',(0.,0.,1.));
#16560=DIRECTION('',(-1.,0.,0.));
#16561=DIRECTION('',(0.,0.,1.));
#16562=DIRECTION('',(-1.,0.,0.));
#16563=DIRECTION('',(0.,0.,1.));
#16564=DIRECTION('',(-1.,0.,0.));
#16565=DIRECTION('',(0.,0.,1.));
#16566=DIRECTION('',(-1.,0.,0.));
#16567=DIRECTION('',(0.,0.,1.));
#16568=DIRECTION('',(-1.,0.,0.));
#16569=DIRECTION('',(0.,0.,1.));
#16570=DIRECTION('',(-1.,0.,0.));
#16571=DIRECTION('',(0.,0.,1.));
#16572=DIRECTION('',(-1.,0.,0.));
#16573=DIRECTION('',(0.,0.,1.));
#16574=DIRECTION('',(-1.,0.,0.));
#16575=DIRECTION('',(0.,0.,1.));
#16576=DIRECTION('',(-1.,0.,0.));
#16577=DIRECTION('',(0.,0.,1.));
#16578=DIRECTION('',(-1.,0.,0.));
#16579=DIRECTION('',(-1.,0.,0.));
#16580=DIRECTION('',(0.,0.,1.));
#16581=DIRECTION('',(-1.,0.,0.));
#16582=DIRECTION('',(-1.,0.,0.));
#16583=DIRECTION('',(0.,0.,1.));
#16584=DIRECTION('',(-1.,0.,0.));
#16585=DIRECTION('',(-1.,0.,0.));
#16586=DIRECTION('',(0.,0.,1.));
#16587=DIRECTION('',(-1.,0.,0.));
#16588=DIRECTION('',(-1.,0.,0.));
#16589=DIRECTION('',(0.,0.,1.));
#16590=DIRECTION('',(-1.,0.,0.));
#16591=DIRECTION('',(-1.,0.,0.));
#16592=DIRECTION('',(0.,0.,1.));
#16593=DIRECTION('',(-1.,0.,0.));
#16594=DIRECTION('',(-1.,0.,0.));
#16595=DIRECTION('',(0.,0.,1.));
#16596=DIRECTION('',(-1.,0.,0.));
#16597=DIRECTION('',(-1.,0.,0.));
#16598=DIRECTION('',(0.,0.,1.));
#16599=DIRECTION('',(-1.,0.,0.));
#16600=DIRECTION('',(-1.,0.,0.));
#16601=DIRECTION('',(0.,0.,1.));
#16602=DIRECTION('',(-1.,0.,0.));
#16603=DIRECTION('',(-1.,0.,0.));
#16604=DIRECTION('',(0.,0.,1.));
#16605=DIRECTION('',(-1.,0.,0.));
#16606=DIRECTION('',(0.,0.,-1.));
#16607=DIRECTION('',(-1.,0.,0.));
#16608=DIRECTION('',(-1.,0.,0.));
#16609=DIRECTION('',(0.,0.,-1.));
#16610=DIRECTION('',(-1.,0.,0.));
#16611=DIRECTION('',(-1.,0.,0.));
#16612=DIRECTION('',(0.,0.,-1.));
#16613=DIRECTION('',(-1.,0.,0.));
#16614=DIRECTION('',(-1.,0.,0.));
#16615=DIRECTION('',(0.,0.,-1.));
#16616=DIRECTION('',(-1.,0.,0.));
#16617=DIRECTION('',(-1.,0.,0.));
#16618=DIRECTION('',(0.,0.,-1.));
#16619=DIRECTION('',(-1.,0.,0.));
#16620=DIRECTION('',(-1.,0.,0.));
#16621=DIRECTION('',(0.,0.,-1.));
#16622=DIRECTION('',(-1.,0.,0.));
#16623=DIRECTION('',(-1.,0.,0.));
#16624=DIRECTION('',(0.,0.,-1.));
#16625=DIRECTION('',(-1.,0.,0.));
#16626=DIRECTION('',(-1.,0.,0.));
#16627=DIRECTION('',(0.,0.,-1.));
#16628=DIRECTION('',(-1.,0.,0.));
#16629=DIRECTION('',(-1.,0.,0.));
#16630=DIRECTION('',(0.,0.,-1.));
#16631=DIRECTION('',(-1.,0.,0.));
#16632=DIRECTION('',(-1.,0.,0.));
#16633=DIRECTION('',(0.,0.,-1.));
#16634=DIRECTION('',(-1.,0.,0.));
#16635=DIRECTION('',(-1.,0.,0.));
#16636=DIRECTION('',(0.,1.,0.));
#16637=DIRECTION('',(0.,0.,1.));
#16638=DIRECTION('',(-1.,0.,0.));
#16639=DIRECTION('',(0.,1.,0.));
#16640=DIRECTION('',(0.,0.,1.));
#16641=DIRECTION('',(-1.,0.,0.));
#16642=DIRECTION('',(0.,1.,0.));
#16643=DIRECTION('',(0.,0.,1.));
#16644=DIRECTION('',(-1.,0.,0.));
#16645=DIRECTION('',(0.,1.,0.));
#16646=DIRECTION('',(0.,0.,1.));
#16647=DIRECTION('',(-1.,0.,0.));
#16648=DIRECTION('',(0.,1.,0.));
#16649=DIRECTION('',(0.,0.,1.));
#16650=DIRECTION('',(-1.,0.,0.));
#16651=DIRECTION('',(0.,1.,0.));
#16652=DIRECTION('',(0.,0.,1.));
#16653=DIRECTION('',(-1.,0.,0.));
#16654=DIRECTION('',(0.,1.,0.));
#16655=DIRECTION('',(0.,0.,1.));
#16656=DIRECTION('',(-1.,0.,0.));
#16657=DIRECTION('',(0.,1.,0.));
#16658=DIRECTION('',(0.,0.,1.));
#16659=DIRECTION('',(-1.,0.,0.));
#16660=DIRECTION('',(0.,1.,0.));
#16661=DIRECTION('',(0.,0.,1.));
#16662=DIRECTION('',(-1.,0.,0.));
#16663=DIRECTION('',(0.,1.,0.));
#16664=DIRECTION('',(0.,0.,1.));
#16665=DIRECTION('',(-1.,0.,0.));
#16666=DIRECTION('',(0.,0.,1.));
#16667=DIRECTION('',(1.,0.,0.));
#16668=DIRECTION('',(-1.,0.,0.));
#16669=DIRECTION('',(0.,0.,1.));
#16670=DIRECTION('',(1.,0.,0.));
#16671=DIRECTION('',(-1.,0.,0.));
#16672=DIRECTION('',(0.,0.,1.));
#16673=DIRECTION('',(1.,0.,0.));
#16674=DIRECTION('',(-1.,0.,0.));
#16675=DIRECTION('',(0.,0.,1.));
#16676=DIRECTION('',(1.,0.,0.));
#16677=DIRECTION('',(-1.,0.,0.));
#16678=DIRECTION('',(0.,0.,1.));
#16679=DIRECTION('',(1.,0.,0.));
#16680=DIRECTION('',(-1.,0.,0.));
#16681=DIRECTION('',(0.,0.,1.));
#16682=DIRECTION('',(1.,0.,0.));
#16683=DIRECTION('',(-1.,0.,0.));
#16684=DIRECTION('',(0.,0.,1.));
#16685=DIRECTION('',(1.,0.,0.));
#16686=DIRECTION('',(-1.,0.,0.));
#16687=DIRECTION('',(0.,0.,1.));
#16688=DIRECTION('',(1.,0.,0.));
#16689=DIRECTION('',(-1.,0.,0.));
#16690=DIRECTION('',(0.,0.,1.));
#16691=DIRECTION('',(1.,0.,0.));
#16692=DIRECTION('',(-1.,0.,0.));
#16693=DIRECTION('',(0.,0.,1.));
#16694=DIRECTION('',(1.,0.,0.));
#16695=DIRECTION('',(-1.,0.,0.));
#16696=DIRECTION('',(0.,1.,3.56645451475495E-18));
#16697=DIRECTION('',(0.,-3.56645451475495E-18,1.));
#16698=DIRECTION('',(-1.,0.,0.));
#16699=DIRECTION('',(0.,1.,3.56645451475495E-18));
#16700=DIRECTION('',(0.,-3.56645451475495E-18,1.));
#16701=DIRECTION('',(-1.,0.,0.));
#16702=DIRECTION('',(0.,1.,3.56645451475495E-18));
#16703=DIRECTION('',(0.,-3.56645451475495E-18,1.));
#16704=DIRECTION('',(-1.,0.,0.));
#16705=DIRECTION('',(0.,1.,3.56645451475495E-18));
#16706=DIRECTION('',(0.,-3.56645451475495E-18,1.));
#16707=DIRECTION('',(-1.,0.,0.));
#16708=DIRECTION('',(0.,1.,3.56645451475495E-18));
#16709=DIRECTION('',(0.,-3.56645451475495E-18,1.));
#16710=DIRECTION('',(-1.,0.,0.));
#16711=DIRECTION('',(0.,1.,3.56645451475495E-18));
#16712=DIRECTION('',(0.,-3.56645451475495E-18,1.));
#16713=DIRECTION('',(-1.,0.,0.));
#16714=DIRECTION('',(0.,1.,3.56645451475495E-18));
#16715=DIRECTION('',(0.,-3.56645451475495E-18,1.));
#16716=DIRECTION('',(-1.,0.,0.));
#16717=DIRECTION('',(0.,1.,3.56645451475495E-18));
#16718=DIRECTION('',(0.,-3.56645451475495E-18,1.));
#16719=DIRECTION('',(-1.,0.,0.));
#16720=DIRECTION('',(0.,1.,3.56645451475495E-18));
#16721=DIRECTION('',(0.,-3.56645451475495E-18,1.));
#16722=DIRECTION('',(-1.,0.,0.));
#16723=DIRECTION('',(0.,1.,3.56645451475495E-18));
#16724=DIRECTION('',(0.,-3.56645451475495E-18,1.));
#16725=DIRECTION('',(-1.,0.,0.));
#16726=DIRECTION('',(0.,1.0842021724855E-15,1.));
#16727=DIRECTION('',(0.,-1.,1.0842021724855E-15));
#16728=DIRECTION('',(-1.,0.,0.));
#16729=DIRECTION('',(0.,1.0842021724855E-15,1.));
#16730=DIRECTION('',(0.,-1.,1.0842021724855E-15));
#16731=DIRECTION('',(-1.,0.,0.));
#16732=DIRECTION('',(0.,1.0842021724855E-15,1.));
#16733=DIRECTION('',(0.,-1.,1.0842021724855E-15));
#16734=DIRECTION('',(-1.,0.,0.));
#16735=DIRECTION('',(0.,1.0842021724855E-15,1.));
#16736=DIRECTION('',(0.,-1.,1.0842021724855E-15));
#16737=DIRECTION('',(-1.,0.,0.));
#16738=DIRECTION('',(0.,1.0842021724855E-15,1.));
#16739=DIRECTION('',(0.,-1.,1.0842021724855E-15));
#16740=DIRECTION('',(-1.,0.,0.));
#16741=DIRECTION('',(0.,1.0842021724855E-15,1.));
#16742=DIRECTION('',(0.,-1.,1.0842021724855E-15));
#16743=DIRECTION('',(-1.,0.,0.));
#16744=DIRECTION('',(0.,1.0842021724855E-15,1.));
#16745=DIRECTION('',(0.,-1.,1.0842021724855E-15));
#16746=DIRECTION('',(-1.,0.,0.));
#16747=DIRECTION('',(0.,1.0842021724855E-15,1.));
#16748=DIRECTION('',(0.,-1.,1.0842021724855E-15));
#16749=DIRECTION('',(-1.,0.,0.));
#16750=DIRECTION('',(0.,1.0842021724855E-15,1.));
#16751=DIRECTION('',(0.,-1.,1.0842021724855E-15));
#16752=DIRECTION('',(-1.,0.,0.));
#16753=DIRECTION('',(0.,1.0842021724855E-15,1.));
#16754=DIRECTION('',(0.,-1.,1.0842021724855E-15));
#16755=DIRECTION('',(-1.,0.,0.));
#16756=DIRECTION('',(0.,1.,0.));
#16757=DIRECTION('',(0.,0.,1.));
#16758=DIRECTION('',(-1.,0.,0.));
#16759=DIRECTION('',(0.,-2.16840434497101E-15,-1.));
#16760=DIRECTION('',(0.,1.,-2.16840434497101E-15));
#16761=DIRECTION('',(-1.,0.,0.));
#16762=DIRECTION('',(0.,1.,7.1329090295099E-18));
#16763=DIRECTION('',(0.,-7.1329090295099E-18,1.));
#16764=DIRECTION('',(-1.,0.,0.));
#16765=DIRECTION('',(0.,0.,-1.));
#16766=DIRECTION('',(-1.,0.,0.));
#16767=DIRECTION('',(-1.,0.,0.));
#16768=DIRECTION('',(0.,1.,0.));
#16769=DIRECTION('',(0.,0.,1.));
#16770=DIRECTION('',(-1.,0.,0.));
#16771=DIRECTION('',(0.,0.,1.));
#16772=DIRECTION('',(1.,0.,0.));
#16773=DIRECTION('',(-1.,0.,0.));
#16774=DIRECTION('',(-1.,0.,0.));
#16775=DIRECTION('',(0.,0.,1.));
#16776=DIRECTION('',(0.,0.,-1.));
#16777=DIRECTION('',(-1.,0.,0.));
#16778=DIRECTION('',(-1.,0.,0.));
#16779=DIRECTION('',(0.,0.,-1.));
#16780=DIRECTION('',(-1.,0.,0.));
#16781=DIRECTION('',(-1.,0.,0.));
#16782=DIRECTION('',(0.,0.,-1.));
#16783=DIRECTION('',(-1.,0.,0.));
#16784=DIRECTION('',(-1.,0.,0.));
#16785=DIRECTION('',(0.,0.,-1.));
#16786=DIRECTION('',(-1.,0.,0.));
#16787=DIRECTION('',(-1.,0.,0.));
#16788=DIRECTION('',(0.,0.,-1.));
#16789=DIRECTION('',(-1.,0.,0.));
#16790=DIRECTION('',(-1.,0.,0.));
#16791=DIRECTION('',(0.,0.,-1.));
#16792=DIRECTION('',(-1.,0.,0.));
#16793=DIRECTION('',(-1.,0.,0.));
#16794=DIRECTION('',(0.,0.,-1.));
#16795=DIRECTION('',(-1.,0.,0.));
#16796=DIRECTION('',(-1.,0.,0.));
#16797=DIRECTION('',(0.,0.,-1.));
#16798=DIRECTION('',(-1.,0.,0.));
#16799=DIRECTION('',(-1.,0.,0.));
#16800=DIRECTION('',(0.,0.,-1.));
#16801=DIRECTION('',(-1.,0.,0.));
#16802=DIRECTION('',(-1.,0.,0.));
#16803=DIRECTION('',(0.,1.,-1.80700362080917E-17));
#16804=DIRECTION('',(0.,1.80700362080917E-17,1.));
#16805=DIRECTION('',(-1.,0.,0.));
#16806=DIRECTION('',(-1.,0.,0.));
#16807=DIRECTION('',(-1.,0.,0.));
#16808=DIRECTION('',(-1.,0.,0.));
#16809=DIRECTION('',(-1.,0.,0.));
#16810=DIRECTION('',(-1.,0.,0.));
#16811=DIRECTION('',(-1.,0.,0.));
#16812=DIRECTION('',(-1.,0.,0.));
#16813=DIRECTION('',(-1.,0.,0.));
#16814=DIRECTION('',(-1.,0.,0.));
#16815=DIRECTION('',(-1.,0.,0.));
#16816=DIRECTION('',(0.,0.,1.));
#16817=DIRECTION('',(1.,0.,0.));
#16818=DIRECTION('',(0.,0.,1.));
#16819=DIRECTION('',(1.,0.,0.));
#16820=DIRECTION('',(0.,0.,1.));
#16821=DIRECTION('',(1.,0.,0.));
#16822=DIRECTION('',(0.,0.,1.));
#16823=DIRECTION('',(1.,0.,0.));
#16824=DIRECTION('',(0.,0.,1.));
#16825=DIRECTION('',(1.,0.,0.));
#16826=DIRECTION('',(0.,0.,1.));
#16827=DIRECTION('',(1.,0.,0.));
#16828=DIRECTION('',(0.,0.,1.));
#16829=DIRECTION('',(1.,0.,0.));
#16830=DIRECTION('',(0.,0.,1.));
#16831=DIRECTION('',(1.,0.,0.));
#16832=DIRECTION('',(0.,0.,1.));
#16833=DIRECTION('',(1.,0.,0.));
#16834=DIRECTION('',(0.,0.,-1.));
#16835=DIRECTION('',(-1.,0.,0.));
#16836=DIRECTION('',(0.,0.,1.));
#16837=DIRECTION('',(1.,0.,0.));
#16838=DIRECTION('',(0.,0.,1.));
#16839=DIRECTION('',(1.,0.,0.));
#16840=DIRECTION('',(0.,-1.,0.));
#16841=DIRECTION('',(0.,0.,-1.));
#16842=DIRECTION('',(0.,1.,0.));
#16843=DIRECTION('',(1.,0.,0.));
#16844=DIRECTION('',(0.,1.,0.));
#16845=DIRECTION('',(1.,0.,0.));
#16846=DIRECTION('',(0.,1.,0.));
#16847=DIRECTION('',(0.,0.,1.));
#16848=DIRECTION('',(0.,1.,0.));
#16849=DIRECTION('',(0.,0.,1.));
#16850=DIRECTION('',(0.,0.,1.));
#16851=DIRECTION('',(1.,0.,0.));
#16852=CARTESIAN_POINT('',(0.,0.,0.));
#16853=CARTESIAN_POINT('',(3.13,2.725,-2.175));
#16854=CARTESIAN_POINT('',(8.54,0.1,-2.175));
#16855=CARTESIAN_POINT('',(-2.325,0.1,-2.175));
#16856=CARTESIAN_POINT('',(-2.86,0.1,-2.175));
#16857=CARTESIAN_POINT('',(-2.86,0.,-2.175));
#16858=CARTESIAN_POINT('',(-2.86,0.195,-2.175));
#16859=CARTESIAN_POINT('',(-2.86,0.195,-2.175));
#16860=CARTESIAN_POINT('',(-4.06,0.195,-2.175));
#16861=CARTESIAN_POINT('',(-4.06,2.725,-2.175));
#16862=CARTESIAN_POINT('',(-4.06,0.75,-2.175));
#16863=CARTESIAN_POINT('',(-3.06,0.75,-2.175));
#16864=CARTESIAN_POINT('',(-3.06,0.75,-2.175));
#16865=CARTESIAN_POINT('',(-3.06,3.75,-2.175));
#16866=CARTESIAN_POINT('',(-3.06,0.960288568297002,-2.175));
#16867=CARTESIAN_POINT('',(4.27,0.960288568297003,-2.175));
#16868=CARTESIAN_POINT('',(3.13,0.960288568297003,-2.175));
#16869=CARTESIAN_POINT('',(3.13,2.725,-2.175));
#16870=CARTESIAN_POINT('',(3.13,0.195,-2.175));
#16871=CARTESIAN_POINT('',(3.13,0.195,-2.175));
#16872=CARTESIAN_POINT('',(2.83,0.195,-2.175));
#16873=CARTESIAN_POINT('',(2.83,0.195,-2.175));
#16874=CARTESIAN_POINT('',(2.83,0.1,-2.175));
#16875=CARTESIAN_POINT('',(8.54,0.1,-2.175));
#16876=CARTESIAN_POINT('',(2.325,0.1,-2.175));
#16877=CARTESIAN_POINT('',(2.325,0.,-2.175));
#16878=CARTESIAN_POINT('',(2.325,0.945,-2.175));
#16879=CARTESIAN_POINT('',(2.325,0.945,-2.175));
#16880=CARTESIAN_POINT('',(2.175,0.945,-2.175));
#16881=CARTESIAN_POINT('',(2.175,0.945,-2.175));
#16882=CARTESIAN_POINT('',(2.175,0.1,-2.175));
#16883=CARTESIAN_POINT('',(8.54,0.1,-2.175));
#16884=CARTESIAN_POINT('',(1.825,0.1,-2.175));
#16885=CARTESIAN_POINT('',(1.825,0.,-2.175));
#16886=CARTESIAN_POINT('',(1.825,0.945,-2.175));
#16887=CARTESIAN_POINT('',(1.825,0.945,-2.175));
#16888=CARTESIAN_POINT('',(1.675,0.945,-2.175));
#16889=CARTESIAN_POINT('',(1.675,0.945,-2.175));
#16890=CARTESIAN_POINT('',(1.675,0.1,-2.175));
#16891=CARTESIAN_POINT('',(8.54,0.1,-2.175));
#16892=CARTESIAN_POINT('',(1.325,0.1,-2.175));
#16893=CARTESIAN_POINT('',(1.325,0.,-2.175));
#16894=CARTESIAN_POINT('',(1.325,0.945,-2.175));
#16895=CARTESIAN_POINT('',(1.325,0.945,-2.175));
#16896=CARTESIAN_POINT('',(1.175,0.945,-2.175));
#16897=CARTESIAN_POINT('',(1.175,0.945,-2.175));
#16898=CARTESIAN_POINT('',(1.175,0.1,-2.175));
#16899=CARTESIAN_POINT('',(8.54,0.1,-2.175));
#16900=CARTESIAN_POINT('',(0.824999999999999,0.1,-2.175));
#16901=CARTESIAN_POINT('',(0.825,0.,-2.175));
#16902=CARTESIAN_POINT('',(0.825,0.945,-2.175));
#16903=CARTESIAN_POINT('',(0.825,0.945,-2.175));
#16904=CARTESIAN_POINT('',(0.675,0.945,-2.175));
#16905=CARTESIAN_POINT('',(0.675,0.945,-2.175));
#16906=CARTESIAN_POINT('',(0.675,0.1,-2.175));
#16907=CARTESIAN_POINT('',(8.54,0.1,-2.175));
#16908=CARTESIAN_POINT('',(0.324999999999999,0.1,-2.175));
#16909=CARTESIAN_POINT('',(0.325,0.,-2.175));
#16910=CARTESIAN_POINT('',(0.325,0.945,-2.175));
#16911=CARTESIAN_POINT('',(0.325,0.945,-2.175));
#16912=CARTESIAN_POINT('',(0.175,0.945,-2.175));
#16913=CARTESIAN_POINT('',(0.175,0.945,-2.175));
#16914=CARTESIAN_POINT('',(0.175,0.1,-2.175));
#16915=CARTESIAN_POINT('',(8.54,0.1,-2.175));
#16916=CARTESIAN_POINT('',(-0.175,0.1,-2.175));
#16917=CARTESIAN_POINT('',(-0.175,0.,-2.175));
#16918=CARTESIAN_POINT('',(-0.175,0.945,-2.175));
#16919=CARTESIAN_POINT('',(-0.175,0.945,-2.175));
#16920=CARTESIAN_POINT('',(-0.325,0.945,-2.175));
#16921=CARTESIAN_POINT('',(-0.325,0.945,-2.175));
#16922=CARTESIAN_POINT('',(-0.325000000000001,0.1,-2.175));
#16923=CARTESIAN_POINT('',(8.54,0.1,-2.175));
#16924=CARTESIAN_POINT('',(-0.675,0.1,-2.175));
#16925=CARTESIAN_POINT('',(-0.675,0.,-2.175));
#16926=CARTESIAN_POINT('',(-0.675,0.945,-2.175));
#16927=CARTESIAN_POINT('',(-0.675,0.945,-2.175));
#16928=CARTESIAN_POINT('',(-0.825,0.945,-2.175));
#16929=CARTESIAN_POINT('',(-0.825,0.945,-2.175));
#16930=CARTESIAN_POINT('',(-0.824999999999999,0.1,-2.175));
#16931=CARTESIAN_POINT('',(8.54,0.1,-2.175));
#16932=CARTESIAN_POINT('',(-1.175,0.1,-2.175));
#16933=CARTESIAN_POINT('',(-1.175,0.,-2.175));
#16934=CARTESIAN_POINT('',(-1.175,0.945,-2.175));
#16935=CARTESIAN_POINT('',(-1.175,0.945,-2.175));
#16936=CARTESIAN_POINT('',(-1.325,0.945,-2.175));
#16937=CARTESIAN_POINT('',(-1.325,0.945,-2.175));
#16938=CARTESIAN_POINT('',(-1.325,0.1,-2.175));
#16939=CARTESIAN_POINT('',(8.54,0.1,-2.175));
#16940=CARTESIAN_POINT('',(-1.675,0.1,-2.175));
#16941=CARTESIAN_POINT('',(-1.675,0.,-2.175));
#16942=CARTESIAN_POINT('',(-1.675,0.945,-2.175));
#16943=CARTESIAN_POINT('',(-1.675,0.945,-2.175));
#16944=CARTESIAN_POINT('',(-1.825,0.945,-2.175));
#16945=CARTESIAN_POINT('',(-1.825,0.945,-2.175));
#16946=CARTESIAN_POINT('',(-1.825,0.1,-2.175));
#16947=CARTESIAN_POINT('',(8.54,0.1,-2.175));
#16948=CARTESIAN_POINT('',(-2.175,0.1,-2.175));
#16949=CARTESIAN_POINT('',(-2.175,0.,-2.175));
#16950=CARTESIAN_POINT('',(-2.175,0.945,-2.175));
#16951=CARTESIAN_POINT('',(-2.175,0.945,-2.175));
#16952=CARTESIAN_POINT('',(-2.325,0.945,-2.175));
#16953=CARTESIAN_POINT('',(-2.325,0.945,-2.175));
#16954=CARTESIAN_POINT('',(0.,0.,0.));
#16955=CARTESIAN_POINT('',(0.,0.,-0.25));
#16956=CARTESIAN_POINT('',(-2.86,0.,-0.25));
#16957=CARTESIAN_POINT('',(2.83,0.,-0.25));
#16958=CARTESIAN_POINT('',(2.83,0.,2.175));
#16959=CARTESIAN_POINT('',(2.83,0.,0.25));
#16960=CARTESIAN_POINT('',(0.,0.,0.25));
#16961=CARTESIAN_POINT('',(-2.86,0.,0.25));
#16962=CARTESIAN_POINT('',(-2.86,0.,2.175));
#16963=CARTESIAN_POINT('',(-4.06,2.725,2.175));
#16964=CARTESIAN_POINT('',(8.54,0.1,2.175));
#16965=CARTESIAN_POINT('',(2.83,0.1,2.175));
#16966=CARTESIAN_POINT('',(2.325,0.1,2.175));
#16967=CARTESIAN_POINT('',(2.83,0.195,2.175));
#16968=CARTESIAN_POINT('',(2.83,0.195,2.175));
#16969=CARTESIAN_POINT('',(3.13,0.195,2.175));
#16970=CARTESIAN_POINT('',(3.13,0.195,2.175));
#16971=CARTESIAN_POINT('',(3.13,2.725,2.175));
#16972=CARTESIAN_POINT('',(3.13,0.960288568297003,2.175));
#16973=CARTESIAN_POINT('',(4.27,0.960288568297003,2.175));
#16974=CARTESIAN_POINT('',(-3.06,0.960288568297003,2.175));
#16975=CARTESIAN_POINT('',(-3.06,3.75,2.175));
#16976=CARTESIAN_POINT('',(-3.06,0.75,2.175));
#16977=CARTESIAN_POINT('',(-4.06,0.75,2.175));
#16978=CARTESIAN_POINT('',(-4.06,0.75,2.175));
#16979=CARTESIAN_POINT('',(-4.06,2.725,2.175));
#16980=CARTESIAN_POINT('',(-4.06,0.195,2.175));
#16981=CARTESIAN_POINT('',(-2.86,0.195,2.175));
#16982=CARTESIAN_POINT('',(-2.86,0.195,2.175));
#16983=CARTESIAN_POINT('',(-2.86,0.,2.175));
#16984=CARTESIAN_POINT('',(-2.86,0.1,2.175));
#16985=CARTESIAN_POINT('',(8.54,0.1,2.175));
#16986=CARTESIAN_POINT('',(-2.325,0.1,2.175));
#16987=CARTESIAN_POINT('',(-2.325,0.945,2.175));
#16988=CARTESIAN_POINT('',(-2.325,0.945,2.175));
#16989=CARTESIAN_POINT('',(-2.175,0.945,2.175));
#16990=CARTESIAN_POINT('',(-2.175,0.945,2.175));
#16991=CARTESIAN_POINT('',(-2.175,0.,2.175));
#16992=CARTESIAN_POINT('',(-2.175,0.1,2.175));
#16993=CARTESIAN_POINT('',(8.54,0.1,2.175));
#16994=CARTESIAN_POINT('',(-1.825,0.1,2.175));
#16995=CARTESIAN_POINT('',(-1.825,0.945,2.175));
#16996=CARTESIAN_POINT('',(-1.825,0.945,2.175));
#16997=CARTESIAN_POINT('',(-1.675,0.945,2.175));
#16998=CARTESIAN_POINT('',(-1.675,0.945,2.175));
#16999=CARTESIAN_POINT('',(-1.675,0.,2.175));
#17000=CARTESIAN_POINT('',(-1.675,0.1,2.175));
#17001=CARTESIAN_POINT('',(8.54,0.1,2.175));
#17002=CARTESIAN_POINT('',(-1.325,0.1,2.175));
#17003=CARTESIAN_POINT('',(-1.325,0.945,2.175));
#17004=CARTESIAN_POINT('',(-1.325,0.945,2.175));
#17005=CARTESIAN_POINT('',(-1.175,0.945,2.175));
#17006=CARTESIAN_POINT('',(-1.175,0.945,2.175));
#17007=CARTESIAN_POINT('',(-1.175,0.,2.175));
#17008=CARTESIAN_POINT('',(-1.175,0.1,2.175));
#17009=CARTESIAN_POINT('',(8.54,0.1,2.175));
#17010=CARTESIAN_POINT('',(-0.824999999999999,0.1,2.175));
#17011=CARTESIAN_POINT('',(-0.825,0.945,2.175));
#17012=CARTESIAN_POINT('',(-0.825,0.945,2.175));
#17013=CARTESIAN_POINT('',(-0.675,0.945,2.175));
#17014=CARTESIAN_POINT('',(-0.675,0.945,2.175));
#17015=CARTESIAN_POINT('',(-0.675,0.,2.175));
#17016=CARTESIAN_POINT('',(-0.675,0.1,2.175));
#17017=CARTESIAN_POINT('',(8.54,0.1,2.175));
#17018=CARTESIAN_POINT('',(-0.325000000000001,0.1,2.175));
#17019=CARTESIAN_POINT('',(-0.325,0.945,2.175));
#17020=CARTESIAN_POINT('',(-0.325,0.945,2.175));
#17021=CARTESIAN_POINT('',(-0.175,0.945,2.175));
#17022=CARTESIAN_POINT('',(-0.175,0.945,2.175));
#17023=CARTESIAN_POINT('',(-0.175,0.,2.175));
#17024=CARTESIAN_POINT('',(-0.175,0.1,2.175));
#17025=CARTESIAN_POINT('',(8.54,0.1,2.175));
#17026=CARTESIAN_POINT('',(0.175,0.1,2.175));
#17027=CARTESIAN_POINT('',(0.175,0.945,2.175));
#17028=CARTESIAN_POINT('',(0.175,0.945,2.175));
#17029=CARTESIAN_POINT('',(0.325,0.945,2.175));
#17030=CARTESIAN_POINT('',(0.325,0.945,2.175));
#17031=CARTESIAN_POINT('',(0.325,0.,2.175));
#17032=CARTESIAN_POINT('',(0.324999999999999,0.1,2.175));
#17033=CARTESIAN_POINT('',(8.54,0.1,2.175));
#17034=CARTESIAN_POINT('',(0.675,0.1,2.175));
#17035=CARTESIAN_POINT('',(0.675,0.945,2.175));
#17036=CARTESIAN_POINT('',(0.675,0.945,2.175));
#17037=CARTESIAN_POINT('',(0.825,0.945,2.175));
#17038=CARTESIAN_POINT('',(0.825,0.945,2.175));
#17039=CARTESIAN_POINT('',(0.825,0.,2.175));
#17040=CARTESIAN_POINT('',(0.824999999999999,0.1,2.175));
#17041=CARTESIAN_POINT('',(8.54,0.1,2.175));
#17042=CARTESIAN_POINT('',(1.175,0.1,2.175));
#17043=CARTESIAN_POINT('',(1.175,0.945,2.175));
#17044=CARTESIAN_POINT('',(1.175,0.945,2.175));
#17045=CARTESIAN_POINT('',(1.325,0.945,2.175));
#17046=CARTESIAN_POINT('',(1.325,0.945,2.175));
#17047=CARTESIAN_POINT('',(1.325,0.,2.175));
#17048=CARTESIAN_POINT('',(1.325,0.1,2.175));
#17049=CARTESIAN_POINT('',(8.54,0.1,2.175));
#17050=CARTESIAN_POINT('',(1.675,0.1,2.175));
#17051=CARTESIAN_POINT('',(1.675,0.945,2.175));
#17052=CARTESIAN_POINT('',(1.675,0.945,2.175));
#17053=CARTESIAN_POINT('',(1.825,0.945,2.175));
#17054=CARTESIAN_POINT('',(1.825,0.945,2.175));
#17055=CARTESIAN_POINT('',(1.825,0.,2.175));
#17056=CARTESIAN_POINT('',(1.825,0.1,2.175));
#17057=CARTESIAN_POINT('',(8.54,0.1,2.175));
#17058=CARTESIAN_POINT('',(2.175,0.1,2.175));
#17059=CARTESIAN_POINT('',(2.175,0.945,2.175));
#17060=CARTESIAN_POINT('',(2.175,0.945,2.175));
#17061=CARTESIAN_POINT('',(2.325,0.945,2.175));
#17062=CARTESIAN_POINT('',(2.325,0.945,2.175));
#17063=CARTESIAN_POINT('',(2.325,0.,2.175));
#17064=CARTESIAN_POINT('',(2.325,2.725,1.088));
#17065=CARTESIAN_POINT('',(2.325,0.,0.25));
#17066=CARTESIAN_POINT('',(2.325,0.1,0.25));
#17067=CARTESIAN_POINT('',(2.325,0.6,0.25));
#17068=CARTESIAN_POINT('',(2.325,0.0999999999999998,1.088));
#17069=CARTESIAN_POINT('',(2.325,0.945,0.25));
#17070=CARTESIAN_POINT('',(2.325,0.945,1.088));
#17071=CARTESIAN_POINT('',(2.325,2.725,1.088));
#17072=CARTESIAN_POINT('',(2.325,2.725,1.088));
#17073=CARTESIAN_POINT('',(2.325,2.725,1.088));
#17074=CARTESIAN_POINT('',(2.325,2.725,0.707));
#17075=CARTESIAN_POINT('',(2.325,2.725,0.707));
#17076=CARTESIAN_POINT('',(2.325,0.6,0.707));
#17077=CARTESIAN_POINT('',(2.325,0.6,0.));
#17078=CARTESIAN_POINT('',(2.325,2.725,-0.707));
#17079=CARTESIAN_POINT('',(2.325,0.0999999999999998,-0.707));
#17080=CARTESIAN_POINT('',(2.325,0.1,-0.25));
#17081=CARTESIAN_POINT('',(2.325,0.,-0.25));
#17082=CARTESIAN_POINT('',(2.325,0.6,-0.25));
#17083=CARTESIAN_POINT('',(2.325,0.6,0.));
#17084=CARTESIAN_POINT('',(2.325,0.6,-0.707));
#17085=CARTESIAN_POINT('',(2.325,2.725,-0.707));
#17086=CARTESIAN_POINT('',(2.325,2.725,-0.707));
#17087=CARTESIAN_POINT('',(2.325,2.725,-0.707));
#17088=CARTESIAN_POINT('',(2.325,2.725,-1.088));
#17089=CARTESIAN_POINT('',(2.325,2.725,-1.088));
#17090=CARTESIAN_POINT('',(2.325,0.945,-1.088));
#17091=CARTESIAN_POINT('',(2.325,0.945,-0.25));
#17092=CARTESIAN_POINT('',(1.825,2.725,1.088));
#17093=CARTESIAN_POINT('',(1.825,0.,0.25));
#17094=CARTESIAN_POINT('',(1.825,0.1,0.25));
#17095=CARTESIAN_POINT('',(1.825,0.6,0.25));
#17096=CARTESIAN_POINT('',(1.825,0.0999999999999998,1.088));
#17097=CARTESIAN_POINT('',(1.825,0.945,0.25));
#17098=CARTESIAN_POINT('',(1.825,0.945,1.088));
#17099=CARTESIAN_POINT('',(1.825,2.725,1.088));
#17100=CARTESIAN_POINT('',(1.825,2.725,1.088));
#17101=CARTESIAN_POINT('',(1.825,2.725,1.088));
#17102=CARTESIAN_POINT('',(1.825,2.725,0.707));
#17103=CARTESIAN_POINT('',(1.825,2.725,0.707));
#17104=CARTESIAN_POINT('',(1.825,0.6,0.707));
#17105=CARTESIAN_POINT('',(1.825,0.6,0.));
#17106=CARTESIAN_POINT('',(1.825,2.725,-0.707));
#17107=CARTESIAN_POINT('',(1.825,0.0999999999999998,-0.707));
#17108=CARTESIAN_POINT('',(1.825,0.1,-0.25));
#17109=CARTESIAN_POINT('',(1.825,0.,-0.25));
#17110=CARTESIAN_POINT('',(1.825,0.6,-0.25));
#17111=CARTESIAN_POINT('',(1.825,0.6,0.));
#17112=CARTESIAN_POINT('',(1.825,0.6,-0.707));
#17113=CARTESIAN_POINT('',(1.825,2.725,-0.707));
#17114=CARTESIAN_POINT('',(1.825,2.725,-0.707));
#17115=CARTESIAN_POINT('',(1.825,2.725,-0.707));
#17116=CARTESIAN_POINT('',(1.825,2.725,-1.088));
#17117=CARTESIAN_POINT('',(1.825,2.725,-1.088));
#17118=CARTESIAN_POINT('',(1.825,0.945,-1.088));
#17119=CARTESIAN_POINT('',(1.825,0.945,-0.25));
#17120=CARTESIAN_POINT('',(1.325,2.725,1.088));
#17121=CARTESIAN_POINT('',(1.325,0.,0.25));
#17122=CARTESIAN_POINT('',(1.325,0.1,0.25));
#17123=CARTESIAN_POINT('',(1.325,0.6,0.25));
#17124=CARTESIAN_POINT('',(1.325,0.0999999999999998,1.088));
#17125=CARTESIAN_POINT('',(1.325,0.945,0.25));
#17126=CARTESIAN_POINT('',(1.325,0.945,1.088));
#17127=CARTESIAN_POINT('',(1.325,2.725,1.088));
#17128=CARTESIAN_POINT('',(1.325,2.725,1.088));
#17129=CARTESIAN_POINT('',(1.325,2.725,1.088));
#17130=CARTESIAN_POINT('',(1.325,2.725,0.707));
#17131=CARTESIAN_POINT('',(1.325,2.725,0.707));
#17132=CARTESIAN_POINT('',(1.325,0.6,0.707));
#17133=CARTESIAN_POINT('',(1.325,0.6,0.));
#17134=CARTESIAN_POINT('',(1.325,2.725,-0.707));
#17135=CARTESIAN_POINT('',(1.325,0.0999999999999998,-0.707));
#17136=CARTESIAN_POINT('',(1.325,0.1,-0.25));
#17137=CARTESIAN_POINT('',(1.325,0.,-0.25));
#17138=CARTESIAN_POINT('',(1.325,0.6,-0.25));
#17139=CARTESIAN_POINT('',(1.325,0.6,0.));
#17140=CARTESIAN_POINT('',(1.325,0.6,-0.707));
#17141=CARTESIAN_POINT('',(1.325,2.725,-0.707));
#17142=CARTESIAN_POINT('',(1.325,2.725,-0.707));
#17143=CARTESIAN_POINT('',(1.325,2.725,-0.707));
#17144=CARTESIAN_POINT('',(1.325,2.725,-1.088));
#17145=CARTESIAN_POINT('',(1.325,2.725,-1.088));
#17146=CARTESIAN_POINT('',(1.325,0.945,-1.088));
#17147=CARTESIAN_POINT('',(1.325,0.945,-0.25));
#17148=CARTESIAN_POINT('',(0.825,2.725,1.088));
#17149=CARTESIAN_POINT('',(0.825,0.,0.25));
#17150=CARTESIAN_POINT('',(0.825,0.1,0.25));
#17151=CARTESIAN_POINT('',(0.825,0.6,0.25));
#17152=CARTESIAN_POINT('',(0.825,0.0999999999999998,1.088));
#17153=CARTESIAN_POINT('',(0.825,0.945,0.25));
#17154=CARTESIAN_POINT('',(0.825,0.945,1.088));
#17155=CARTESIAN_POINT('',(0.825,2.725,1.088));
#17156=CARTESIAN_POINT('',(0.825,2.725,1.088));
#17157=CARTESIAN_POINT('',(0.825,2.725,1.088));
#17158=CARTESIAN_POINT('',(0.825,2.725,0.707));
#17159=CARTESIAN_POINT('',(0.825,2.725,0.707));
#17160=CARTESIAN_POINT('',(0.825,0.6,0.707));
#17161=CARTESIAN_POINT('',(0.825,0.6,0.));
#17162=CARTESIAN_POINT('',(0.825,2.725,-0.707));
#17163=CARTESIAN_POINT('',(0.825,0.0999999999999998,-0.707));
#17164=CARTESIAN_POINT('',(0.825,0.1,-0.25));
#17165=CARTESIAN_POINT('',(0.825,0.,-0.25));
#17166=CARTESIAN_POINT('',(0.825,0.6,-0.25));
#17167=CARTESIAN_POINT('',(0.825,0.6,0.));
#17168=CARTESIAN_POINT('',(0.825,0.6,-0.707));
#17169=CARTESIAN_POINT('',(0.825,2.725,-0.707));
#17170=CARTESIAN_POINT('',(0.825,2.725,-0.707));
#17171=CARTESIAN_POINT('',(0.825,2.725,-0.707));
#17172=CARTESIAN_POINT('',(0.825,2.725,-1.088));
#17173=CARTESIAN_POINT('',(0.825,2.725,-1.088));
#17174=CARTESIAN_POINT('',(0.825,0.945,-1.088));
#17175=CARTESIAN_POINT('',(0.825,0.945,-0.25));
#17176=CARTESIAN_POINT('',(0.325,2.725,1.088));
#17177=CARTESIAN_POINT('',(0.325,0.,0.25));
#17178=CARTESIAN_POINT('',(0.325000000000001,0.1,0.25));
#17179=CARTESIAN_POINT('',(0.325,0.6,0.25));
#17180=CARTESIAN_POINT('',(0.325,0.0999999999999998,1.088));
#17181=CARTESIAN_POINT('',(0.325,0.945,0.25));
#17182=CARTESIAN_POINT('',(0.325,0.945,1.088));
#17183=CARTESIAN_POINT('',(0.325,2.725,1.088));
#17184=CARTESIAN_POINT('',(0.325,2.725,1.088));
#17185=CARTESIAN_POINT('',(0.325,2.725,1.088));
#17186=CARTESIAN_POINT('',(0.325,2.725,0.707));
#17187=CARTESIAN_POINT('',(0.325,2.725,0.707));
#17188=CARTESIAN_POINT('',(0.325,0.6,0.707));
#17189=CARTESIAN_POINT('',(0.325,0.6,0.));
#17190=CARTESIAN_POINT('',(0.325,2.725,-0.707));
#17191=CARTESIAN_POINT('',(0.325,0.0999999999999998,-0.707));
#17192=CARTESIAN_POINT('',(0.325000000000001,0.1,-0.25));
#17193=CARTESIAN_POINT('',(0.325,0.,-0.25));
#17194=CARTESIAN_POINT('',(0.325,0.6,-0.25));
#17195=CARTESIAN_POINT('',(0.325,0.6,0.));
#17196=CARTESIAN_POINT('',(0.325,0.6,-0.707));
#17197=CARTESIAN_POINT('',(0.325,2.725,-0.707));
#17198=CARTESIAN_POINT('',(0.325,2.725,-0.707));
#17199=CARTESIAN_POINT('',(0.325,2.725,-0.707));
#17200=CARTESIAN_POINT('',(0.325,2.725,-1.088));
#17201=CARTESIAN_POINT('',(0.325,2.725,-1.088));
#17202=CARTESIAN_POINT('',(0.325,0.945,-1.088));
#17203=CARTESIAN_POINT('',(0.325,0.945,-0.25));
#17204=CARTESIAN_POINT('',(-0.175,2.725,1.088));
#17205=CARTESIAN_POINT('',(-0.175,0.,0.25));
#17206=CARTESIAN_POINT('',(-0.175,0.1,0.25));
#17207=CARTESIAN_POINT('',(-0.175,0.6,0.25));
#17208=CARTESIAN_POINT('',(-0.175,0.0999999999999998,1.088));
#17209=CARTESIAN_POINT('',(-0.175,0.945,0.25));
#17210=CARTESIAN_POINT('',(-0.175,0.945,1.088));
#17211=CARTESIAN_POINT('',(-0.175,2.725,1.088));
#17212=CARTESIAN_POINT('',(-0.175,2.725,1.088));
#17213=CARTESIAN_POINT('',(-0.175,2.725,1.088));
#17214=CARTESIAN_POINT('',(-0.175,2.725,0.707));
#17215=CARTESIAN_POINT('',(-0.175,2.725,0.707));
#17216=CARTESIAN_POINT('',(-0.175,0.6,0.707));
#17217=CARTESIAN_POINT('',(-0.175,0.6,0.));
#17218=CARTESIAN_POINT('',(-0.175,2.725,-0.707));
#17219=CARTESIAN_POINT('',(-0.175,0.0999999999999998,-0.707));
#17220=CARTESIAN_POINT('',(-0.175,0.1,-0.25));
#17221=CARTESIAN_POINT('',(-0.175,0.,-0.25));
#17222=CARTESIAN_POINT('',(-0.175,0.6,-0.25));
#17223=CARTESIAN_POINT('',(-0.175,0.6,0.));
#17224=CARTESIAN_POINT('',(-0.175,0.6,-0.707));
#17225=CARTESIAN_POINT('',(-0.175,2.725,-0.707));
#17226=CARTESIAN_POINT('',(-0.175,2.725,-0.707));
#17227=CARTESIAN_POINT('',(-0.175,2.725,-0.707));
#17228=CARTESIAN_POINT('',(-0.175,2.725,-1.088));
#17229=CARTESIAN_POINT('',(-0.175,2.725,-1.088));
#17230=CARTESIAN_POINT('',(-0.175,0.945,-1.088));
#17231=CARTESIAN_POINT('',(-0.175,0.945,-0.25));
#17232=CARTESIAN_POINT('',(-0.675,2.725,1.088));
#17233=CARTESIAN_POINT('',(-0.675,0.,0.25));
#17234=CARTESIAN_POINT('',(-0.675,0.1,0.25));
#17235=CARTESIAN_POINT('',(-0.675,0.6,0.25));
#17236=CARTESIAN_POINT('',(-0.675,0.0999999999999998,1.088));
#17237=CARTESIAN_POINT('',(-0.675,0.945,0.25));
#17238=CARTESIAN_POINT('',(-0.675,0.945,1.088));
#17239=CARTESIAN_POINT('',(-0.675,2.725,1.088));
#17240=CARTESIAN_POINT('',(-0.675,2.725,1.088));
#17241=CARTESIAN_POINT('',(-0.675,2.725,1.088));
#17242=CARTESIAN_POINT('',(-0.675,2.725,0.707));
#17243=CARTESIAN_POINT('',(-0.675,2.725,0.707));
#17244=CARTESIAN_POINT('',(-0.675,0.6,0.707));
#17245=CARTESIAN_POINT('',(-0.675,0.6,0.));
#17246=CARTESIAN_POINT('',(-0.675,2.725,-0.707));
#17247=CARTESIAN_POINT('',(-0.675,0.0999999999999998,-0.707));
#17248=CARTESIAN_POINT('',(-0.675,0.1,-0.25));
#17249=CARTESIAN_POINT('',(-0.675,0.,-0.25));
#17250=CARTESIAN_POINT('',(-0.675,0.6,-0.25));
#17251=CARTESIAN_POINT('',(-0.675,0.6,0.));
#17252=CARTESIAN_POINT('',(-0.675,0.6,-0.707));
#17253=CARTESIAN_POINT('',(-0.675,2.725,-0.707));
#17254=CARTESIAN_POINT('',(-0.675,2.725,-0.707));
#17255=CARTESIAN_POINT('',(-0.675,2.725,-0.707));
#17256=CARTESIAN_POINT('',(-0.675,2.725,-1.088));
#17257=CARTESIAN_POINT('',(-0.675,2.725,-1.088));
#17258=CARTESIAN_POINT('',(-0.675,0.945,-1.088));
#17259=CARTESIAN_POINT('',(-0.675,0.945,-0.25));
#17260=CARTESIAN_POINT('',(-1.175,2.725,1.088));
#17261=CARTESIAN_POINT('',(-1.175,0.,0.25));
#17262=CARTESIAN_POINT('',(-1.175,0.1,0.25));
#17263=CARTESIAN_POINT('',(-1.175,0.6,0.25));
#17264=CARTESIAN_POINT('',(-1.175,0.0999999999999998,1.088));
#17265=CARTESIAN_POINT('',(-1.175,0.945,0.25));
#17266=CARTESIAN_POINT('',(-1.175,0.945,1.088));
#17267=CARTESIAN_POINT('',(-1.175,2.725,1.088));
#17268=CARTESIAN_POINT('',(-1.175,2.725,1.088));
#17269=CARTESIAN_POINT('',(-1.175,2.725,1.088));
#17270=CARTESIAN_POINT('',(-1.175,2.725,0.707));
#17271=CARTESIAN_POINT('',(-1.175,2.725,0.707));
#17272=CARTESIAN_POINT('',(-1.175,0.6,0.707));
#17273=CARTESIAN_POINT('',(-1.175,0.6,0.));
#17274=CARTESIAN_POINT('',(-1.175,2.725,-0.707));
#17275=CARTESIAN_POINT('',(-1.175,0.0999999999999998,-0.707));
#17276=CARTESIAN_POINT('',(-1.175,0.1,-0.25));
#17277=CARTESIAN_POINT('',(-1.175,0.,-0.25));
#17278=CARTESIAN_POINT('',(-1.175,0.6,-0.25));
#17279=CARTESIAN_POINT('',(-1.175,0.6,0.));
#17280=CARTESIAN_POINT('',(-1.175,0.6,-0.707));
#17281=CARTESIAN_POINT('',(-1.175,2.725,-0.707));
#17282=CARTESIAN_POINT('',(-1.175,2.725,-0.707));
#17283=CARTESIAN_POINT('',(-1.175,2.725,-0.707));
#17284=CARTESIAN_POINT('',(-1.175,2.725,-1.088));
#17285=CARTESIAN_POINT('',(-1.175,2.725,-1.088));
#17286=CARTESIAN_POINT('',(-1.175,0.945,-1.088));
#17287=CARTESIAN_POINT('',(-1.175,0.945,-0.25));
#17288=CARTESIAN_POINT('',(-1.675,2.725,1.088));
#17289=CARTESIAN_POINT('',(-1.675,0.,0.25));
#17290=CARTESIAN_POINT('',(-1.675,0.1,0.25));
#17291=CARTESIAN_POINT('',(-1.675,0.6,0.25));
#17292=CARTESIAN_POINT('',(-1.675,0.0999999999999998,1.088));
#17293=CARTESIAN_POINT('',(-1.675,0.945,0.25));
#17294=CARTESIAN_POINT('',(-1.675,0.945,1.088));
#17295=CARTESIAN_POINT('',(-1.675,2.725,1.088));
#17296=CARTESIAN_POINT('',(-1.675,2.725,1.088));
#17297=CARTESIAN_POINT('',(-1.675,2.725,1.088));
#17298=CARTESIAN_POINT('',(-1.675,2.725,0.707));
#17299=CARTESIAN_POINT('',(-1.675,2.725,0.707));
#17300=CARTESIAN_POINT('',(-1.675,0.6,0.707));
#17301=CARTESIAN_POINT('',(-1.675,0.6,0.));
#17302=CARTESIAN_POINT('',(-1.675,2.725,-0.707));
#17303=CARTESIAN_POINT('',(-1.675,0.0999999999999998,-0.707));
#17304=CARTESIAN_POINT('',(-1.675,0.1,-0.25));
#17305=CARTESIAN_POINT('',(-1.675,0.,-0.25));
#17306=CARTESIAN_POINT('',(-1.675,0.6,-0.25));
#17307=CARTESIAN_POINT('',(-1.675,0.6,0.));
#17308=CARTESIAN_POINT('',(-1.675,0.6,-0.707));
#17309=CARTESIAN_POINT('',(-1.675,2.725,-0.707));
#17310=CARTESIAN_POINT('',(-1.675,2.725,-0.707));
#17311=CARTESIAN_POINT('',(-1.675,2.725,-0.707));
#17312=CARTESIAN_POINT('',(-1.675,2.725,-1.088));
#17313=CARTESIAN_POINT('',(-1.675,2.725,-1.088));
#17314=CARTESIAN_POINT('',(-1.675,0.945,-1.088));
#17315=CARTESIAN_POINT('',(-1.675,0.945,-0.25));
#17316=CARTESIAN_POINT('',(-2.175,2.725,1.088));
#17317=CARTESIAN_POINT('',(-2.175,0.,0.25));
#17318=CARTESIAN_POINT('',(-2.175,0.1,0.25));
#17319=CARTESIAN_POINT('',(-2.175,0.6,0.25));
#17320=CARTESIAN_POINT('',(-2.175,0.0999999999999998,1.088));
#17321=CARTESIAN_POINT('',(-2.175,0.945,0.25));
#17322=CARTESIAN_POINT('',(-2.175,0.945,1.088));
#17323=CARTESIAN_POINT('',(-2.175,2.725,1.088));
#17324=CARTESIAN_POINT('',(-2.175,2.725,1.088));
#17325=CARTESIAN_POINT('',(-2.175,2.725,1.088));
#17326=CARTESIAN_POINT('',(-2.175,2.725,0.707));
#17327=CARTESIAN_POINT('',(-2.175,2.725,0.707));
#17328=CARTESIAN_POINT('',(-2.175,0.6,0.707));
#17329=CARTESIAN_POINT('',(-2.175,0.6,0.));
#17330=CARTESIAN_POINT('',(-2.175,2.725,-0.707));
#17331=CARTESIAN_POINT('',(-2.175,0.0999999999999998,-0.707));
#17332=CARTESIAN_POINT('',(-2.175,0.1,-0.25));
#17333=CARTESIAN_POINT('',(-2.175,0.,-0.25));
#17334=CARTESIAN_POINT('',(-2.175,0.6,-0.25));
#17335=CARTESIAN_POINT('',(-2.175,0.6,0.));
#17336=CARTESIAN_POINT('',(-2.175,0.6,-0.707));
#17337=CARTESIAN_POINT('',(-2.175,2.725,-0.707));
#17338=CARTESIAN_POINT('',(-2.175,2.725,-0.707));
#17339=CARTESIAN_POINT('',(-2.175,2.725,-0.707));
#17340=CARTESIAN_POINT('',(-2.175,2.725,-1.088));
#17341=CARTESIAN_POINT('',(-2.175,2.725,-1.088));
#17342=CARTESIAN_POINT('',(-2.175,0.945,-1.088));
#17343=CARTESIAN_POINT('',(-2.175,0.945,-0.25));
#17344=CARTESIAN_POINT('',(2.175,2.725,0.707));
#17345=CARTESIAN_POINT('',(2.175,0.0999999999999998,0.707));
#17346=CARTESIAN_POINT('',(2.175,0.1,0.25));
#17347=CARTESIAN_POINT('',(2.175,0.945,0.25));
#17348=CARTESIAN_POINT('',(2.175,0.6,0.25));
#17349=CARTESIAN_POINT('',(2.175,0.6,0.));
#17350=CARTESIAN_POINT('',(2.175,0.6,0.707));
#17351=CARTESIAN_POINT('',(2.175,2.725,0.707));
#17352=CARTESIAN_POINT('',(2.175,2.725,0.707));
#17353=CARTESIAN_POINT('',(2.175,2.725,0.707));
#17354=CARTESIAN_POINT('',(2.175,2.725,1.088));
#17355=CARTESIAN_POINT('',(2.175,2.725,1.088));
#17356=CARTESIAN_POINT('',(2.175,0.945,1.088));
#17357=CARTESIAN_POINT('',(2.175,0.945,0.25));
#17358=CARTESIAN_POINT('',(2.175,2.725,-1.088));
#17359=CARTESIAN_POINT('',(2.175,0.945,-0.25));
#17360=CARTESIAN_POINT('',(2.175,0.6,-0.25));
#17361=CARTESIAN_POINT('',(2.175,0.1,-0.25));
#17362=CARTESIAN_POINT('',(2.175,0.0999999999999998,-1.088));
#17363=CARTESIAN_POINT('',(2.175,0.945,-0.25));
#17364=CARTESIAN_POINT('',(2.175,0.945,-1.088));
#17365=CARTESIAN_POINT('',(2.175,2.725,-1.088));
#17366=CARTESIAN_POINT('',(2.175,2.725,-1.088));
#17367=CARTESIAN_POINT('',(2.175,2.725,-1.088));
#17368=CARTESIAN_POINT('',(2.175,2.725,-0.707));
#17369=CARTESIAN_POINT('',(2.175,2.725,-0.707));
#17370=CARTESIAN_POINT('',(2.175,0.6,-0.707));
#17371=CARTESIAN_POINT('',(2.175,0.6,0.));
#17372=CARTESIAN_POINT('',(1.675,2.725,0.707));
#17373=CARTESIAN_POINT('',(1.675,0.0999999999999998,0.707));
#17374=CARTESIAN_POINT('',(1.675,0.1,0.25));
#17375=CARTESIAN_POINT('',(1.675,0.945,0.25));
#17376=CARTESIAN_POINT('',(1.675,0.6,0.25));
#17377=CARTESIAN_POINT('',(1.675,0.6,0.));
#17378=CARTESIAN_POINT('',(1.675,0.6,0.707));
#17379=CARTESIAN_POINT('',(1.675,2.725,0.707));
#17380=CARTESIAN_POINT('',(1.675,2.725,0.707));
#17381=CARTESIAN_POINT('',(1.675,2.725,0.707));
#17382=CARTESIAN_POINT('',(1.675,2.725,1.088));
#17383=CARTESIAN_POINT('',(1.675,2.725,1.088));
#17384=CARTESIAN_POINT('',(1.675,0.945,1.088));
#17385=CARTESIAN_POINT('',(1.675,0.945,0.25));
#17386=CARTESIAN_POINT('',(1.675,2.725,-1.088));
#17387=CARTESIAN_POINT('',(1.675,0.945,-0.25));
#17388=CARTESIAN_POINT('',(1.675,0.6,-0.25));
#17389=CARTESIAN_POINT('',(1.675,0.1,-0.25));
#17390=CARTESIAN_POINT('',(1.675,0.0999999999999998,-1.088));
#17391=CARTESIAN_POINT('',(1.675,0.945,-0.25));
#17392=CARTESIAN_POINT('',(1.675,0.945,-1.088));
#17393=CARTESIAN_POINT('',(1.675,2.725,-1.088));
#17394=CARTESIAN_POINT('',(1.675,2.725,-1.088));
#17395=CARTESIAN_POINT('',(1.675,2.725,-1.088));
#17396=CARTESIAN_POINT('',(1.675,2.725,-0.707));
#17397=CARTESIAN_POINT('',(1.675,2.725,-0.707));
#17398=CARTESIAN_POINT('',(1.675,0.6,-0.707));
#17399=CARTESIAN_POINT('',(1.675,0.6,0.));
#17400=CARTESIAN_POINT('',(1.175,2.725,0.707));
#17401=CARTESIAN_POINT('',(1.175,0.0999999999999998,0.707));
#17402=CARTESIAN_POINT('',(1.175,0.1,0.25));
#17403=CARTESIAN_POINT('',(1.175,0.945,0.25));
#17404=CARTESIAN_POINT('',(1.175,0.6,0.25));
#17405=CARTESIAN_POINT('',(1.175,0.6,0.));
#17406=CARTESIAN_POINT('',(1.175,0.6,0.707));
#17407=CARTESIAN_POINT('',(1.175,2.725,0.707));
#17408=CARTESIAN_POINT('',(1.175,2.725,0.707));
#17409=CARTESIAN_POINT('',(1.175,2.725,0.707));
#17410=CARTESIAN_POINT('',(1.175,2.725,1.088));
#17411=CARTESIAN_POINT('',(1.175,2.725,1.088));
#17412=CARTESIAN_POINT('',(1.175,0.945,1.088));
#17413=CARTESIAN_POINT('',(1.175,0.945,0.25));
#17414=CARTESIAN_POINT('',(1.175,2.725,-1.088));
#17415=CARTESIAN_POINT('',(1.175,0.945,-0.25));
#17416=CARTESIAN_POINT('',(1.175,0.6,-0.25));
#17417=CARTESIAN_POINT('',(1.175,0.1,-0.25));
#17418=CARTESIAN_POINT('',(1.175,0.0999999999999998,-1.088));
#17419=CARTESIAN_POINT('',(1.175,0.945,-0.25));
#17420=CARTESIAN_POINT('',(1.175,0.945,-1.088));
#17421=CARTESIAN_POINT('',(1.175,2.725,-1.088));
#17422=CARTESIAN_POINT('',(1.175,2.725,-1.088));
#17423=CARTESIAN_POINT('',(1.175,2.725,-1.088));
#17424=CARTESIAN_POINT('',(1.175,2.725,-0.707));
#17425=CARTESIAN_POINT('',(1.175,2.725,-0.707));
#17426=CARTESIAN_POINT('',(1.175,0.6,-0.707));
#17427=CARTESIAN_POINT('',(1.175,0.6,0.));
#17428=CARTESIAN_POINT('',(0.675,2.725,0.707));
#17429=CARTESIAN_POINT('',(0.675,0.0999999999999998,0.707));
#17430=CARTESIAN_POINT('',(0.675,0.1,0.25));
#17431=CARTESIAN_POINT('',(0.675,0.945,0.25));
#17432=CARTESIAN_POINT('',(0.675,0.6,0.25));
#17433=CARTESIAN_POINT('',(0.675,0.6,0.));
#17434=CARTESIAN_POINT('',(0.675,0.6,0.707));
#17435=CARTESIAN_POINT('',(0.675,2.725,0.707));
#17436=CARTESIAN_POINT('',(0.675,2.725,0.707));
#17437=CARTESIAN_POINT('',(0.675,2.725,0.707));
#17438=CARTESIAN_POINT('',(0.675,2.725,1.088));
#17439=CARTESIAN_POINT('',(0.675,2.725,1.088));
#17440=CARTESIAN_POINT('',(0.675,0.945,1.088));
#17441=CARTESIAN_POINT('',(0.675,0.945,0.25));
#17442=CARTESIAN_POINT('',(0.675,2.725,-1.088));
#17443=CARTESIAN_POINT('',(0.675,0.945,-0.25));
#17444=CARTESIAN_POINT('',(0.675,0.6,-0.25));
#17445=CARTESIAN_POINT('',(0.675,0.1,-0.25));
#17446=CARTESIAN_POINT('',(0.675,0.0999999999999998,-1.088));
#17447=CARTESIAN_POINT('',(0.675,0.945,-0.25));
#17448=CARTESIAN_POINT('',(0.675,0.945,-1.088));
#17449=CARTESIAN_POINT('',(0.675,2.725,-1.088));
#17450=CARTESIAN_POINT('',(0.675,2.725,-1.088));
#17451=CARTESIAN_POINT('',(0.675,2.725,-1.088));
#17452=CARTESIAN_POINT('',(0.675,2.725,-0.707));
#17453=CARTESIAN_POINT('',(0.675,2.725,-0.707));
#17454=CARTESIAN_POINT('',(0.675,0.6,-0.707));
#17455=CARTESIAN_POINT('',(0.675,0.6,0.));
#17456=CARTESIAN_POINT('',(0.175,2.725,0.707));
#17457=CARTESIAN_POINT('',(0.175,0.0999999999999998,0.707));
#17458=CARTESIAN_POINT('',(0.175,0.1,0.25));
#17459=CARTESIAN_POINT('',(0.175,0.945,0.25));
#17460=CARTESIAN_POINT('',(0.175,0.6,0.25));
#17461=CARTESIAN_POINT('',(0.175,0.6,0.));
#17462=CARTESIAN_POINT('',(0.175,0.6,0.707));
#17463=CARTESIAN_POINT('',(0.175,2.725,0.707));
#17464=CARTESIAN_POINT('',(0.175,2.725,0.707));
#17465=CARTESIAN_POINT('',(0.175,2.725,0.707));
#17466=CARTESIAN_POINT('',(0.175,2.725,1.088));
#17467=CARTESIAN_POINT('',(0.175,2.725,1.088));
#17468=CARTESIAN_POINT('',(0.175,0.945,1.088));
#17469=CARTESIAN_POINT('',(0.175,0.945,0.25));
#17470=CARTESIAN_POINT('',(0.175,2.725,-1.088));
#17471=CARTESIAN_POINT('',(0.175,0.945,-0.25));
#17472=CARTESIAN_POINT('',(0.175,0.6,-0.25));
#17473=CARTESIAN_POINT('',(0.175,0.1,-0.25));
#17474=CARTESIAN_POINT('',(0.175,0.0999999999999998,-1.088));
#17475=CARTESIAN_POINT('',(0.175,0.945,-0.25));
#17476=CARTESIAN_POINT('',(0.175,0.945,-1.088));
#17477=CARTESIAN_POINT('',(0.175,2.725,-1.088));
#17478=CARTESIAN_POINT('',(0.175,2.725,-1.088));
#17479=CARTESIAN_POINT('',(0.175,2.725,-1.088));
#17480=CARTESIAN_POINT('',(0.175,2.725,-0.707));
#17481=CARTESIAN_POINT('',(0.175,2.725,-0.707));
#17482=CARTESIAN_POINT('',(0.175,0.6,-0.707));
#17483=CARTESIAN_POINT('',(0.175,0.6,0.));
#17484=CARTESIAN_POINT('',(-0.325,2.725,0.707));
#17485=CARTESIAN_POINT('',(-0.325,0.0999999999999998,0.707));
#17486=CARTESIAN_POINT('',(-0.325,0.1,0.25));
#17487=CARTESIAN_POINT('',(-0.325,0.945,0.25));
#17488=CARTESIAN_POINT('',(-0.325,0.6,0.25));
#17489=CARTESIAN_POINT('',(-0.325,0.6,0.));
#17490=CARTESIAN_POINT('',(-0.325,0.6,0.707));
#17491=CARTESIAN_POINT('',(-0.325,2.725,0.707));
#17492=CARTESIAN_POINT('',(-0.325,2.725,0.707));
#17493=CARTESIAN_POINT('',(-0.325,2.725,0.707));
#17494=CARTESIAN_POINT('',(-0.325,2.725,1.088));
#17495=CARTESIAN_POINT('',(-0.325,2.725,1.088));
#17496=CARTESIAN_POINT('',(-0.325,0.945,1.088));
#17497=CARTESIAN_POINT('',(-0.325,0.945,0.25));
#17498=CARTESIAN_POINT('',(-0.325,2.725,-1.088));
#17499=CARTESIAN_POINT('',(-0.325,0.945,-0.25));
#17500=CARTESIAN_POINT('',(-0.325,0.6,-0.25));
#17501=CARTESIAN_POINT('',(-0.325,0.1,-0.25));
#17502=CARTESIAN_POINT('',(-0.325,0.0999999999999998,-1.088));
#17503=CARTESIAN_POINT('',(-0.325,0.945,-0.25));
#17504=CARTESIAN_POINT('',(-0.325,0.945,-1.088));
#17505=CARTESIAN_POINT('',(-0.325,2.725,-1.088));
#17506=CARTESIAN_POINT('',(-0.325,2.725,-1.088));
#17507=CARTESIAN_POINT('',(-0.325,2.725,-1.088));
#17508=CARTESIAN_POINT('',(-0.325,2.725,-0.707));
#17509=CARTESIAN_POINT('',(-0.325,2.725,-0.707));
#17510=CARTESIAN_POINT('',(-0.325,0.6,-0.707));
#17511=CARTESIAN_POINT('',(-0.325,0.6,0.));
#17512=CARTESIAN_POINT('',(-0.825,2.725,0.707));
#17513=CARTESIAN_POINT('',(-0.825,0.0999999999999998,0.707));
#17514=CARTESIAN_POINT('',(-0.825,0.1,0.25));
#17515=CARTESIAN_POINT('',(-0.825,0.945,0.25));
#17516=CARTESIAN_POINT('',(-0.825,0.6,0.25));
#17517=CARTESIAN_POINT('',(-0.825,0.6,0.));
#17518=CARTESIAN_POINT('',(-0.825,0.6,0.707));
#17519=CARTESIAN_POINT('',(-0.825,2.725,0.707));
#17520=CARTESIAN_POINT('',(-0.825,2.725,0.707));
#17521=CARTESIAN_POINT('',(-0.825,2.725,0.707));
#17522=CARTESIAN_POINT('',(-0.825,2.725,1.088));
#17523=CARTESIAN_POINT('',(-0.825,2.725,1.088));
#17524=CARTESIAN_POINT('',(-0.825,0.945,1.088));
#17525=CARTESIAN_POINT('',(-0.825,0.945,0.25));
#17526=CARTESIAN_POINT('',(-0.825,2.725,-1.088));
#17527=CARTESIAN_POINT('',(-0.825,0.945,-0.25));
#17528=CARTESIAN_POINT('',(-0.825,0.6,-0.25));
#17529=CARTESIAN_POINT('',(-0.825,0.1,-0.25));
#17530=CARTESIAN_POINT('',(-0.825,0.0999999999999998,-1.088));
#17531=CARTESIAN_POINT('',(-0.825,0.945,-0.25));
#17532=CARTESIAN_POINT('',(-0.825,0.945,-1.088));
#17533=CARTESIAN_POINT('',(-0.825,2.725,-1.088));
#17534=CARTESIAN_POINT('',(-0.825,2.725,-1.088));
#17535=CARTESIAN_POINT('',(-0.825,2.725,-1.088));
#17536=CARTESIAN_POINT('',(-0.825,2.725,-0.707));
#17537=CARTESIAN_POINT('',(-0.825,2.725,-0.707));
#17538=CARTESIAN_POINT('',(-0.824999999999999,0.6,-0.707));
#17539=CARTESIAN_POINT('',(-0.825,0.6,0.));
#17540=CARTESIAN_POINT('',(-1.325,2.725,0.707));
#17541=CARTESIAN_POINT('',(-1.325,0.0999999999999998,0.707));
#17542=CARTESIAN_POINT('',(-1.325,0.1,0.25));
#17543=CARTESIAN_POINT('',(-1.325,0.945,0.25));
#17544=CARTESIAN_POINT('',(-1.325,0.6,0.25));
#17545=CARTESIAN_POINT('',(-1.325,0.6,0.));
#17546=CARTESIAN_POINT('',(-1.325,0.6,0.707));
#17547=CARTESIAN_POINT('',(-1.325,2.725,0.707));
#17548=CARTESIAN_POINT('',(-1.325,2.725,0.707));
#17549=CARTESIAN_POINT('',(-1.325,2.725,0.707));
#17550=CARTESIAN_POINT('',(-1.325,2.725,1.088));
#17551=CARTESIAN_POINT('',(-1.325,2.725,1.088));
#17552=CARTESIAN_POINT('',(-1.325,0.945,1.088));
#17553=CARTESIAN_POINT('',(-1.325,0.945,0.25));
#17554=CARTESIAN_POINT('',(-1.325,2.725,-1.088));
#17555=CARTESIAN_POINT('',(-1.325,0.945,-0.25));
#17556=CARTESIAN_POINT('',(-1.325,0.6,-0.25));
#17557=CARTESIAN_POINT('',(-1.325,0.1,-0.25));
#17558=CARTESIAN_POINT('',(-1.325,0.0999999999999998,-1.088));
#17559=CARTESIAN_POINT('',(-1.325,0.945,-0.25));
#17560=CARTESIAN_POINT('',(-1.325,0.945,-1.088));
#17561=CARTESIAN_POINT('',(-1.325,2.725,-1.088));
#17562=CARTESIAN_POINT('',(-1.325,2.725,-1.088));
#17563=CARTESIAN_POINT('',(-1.325,2.725,-1.088));
#17564=CARTESIAN_POINT('',(-1.325,2.725,-0.707));
#17565=CARTESIAN_POINT('',(-1.325,2.725,-0.707));
#17566=CARTESIAN_POINT('',(-1.325,0.6,-0.707));
#17567=CARTESIAN_POINT('',(-1.325,0.6,0.));
#17568=CARTESIAN_POINT('',(-1.825,2.725,0.707));
#17569=CARTESIAN_POINT('',(-1.825,0.0999999999999998,0.707));
#17570=CARTESIAN_POINT('',(-1.825,0.1,0.25));
#17571=CARTESIAN_POINT('',(-1.825,0.945,0.25));
#17572=CARTESIAN_POINT('',(-1.825,0.6,0.25));
#17573=CARTESIAN_POINT('',(-1.825,0.6,0.));
#17574=CARTESIAN_POINT('',(-1.825,0.6,0.707));
#17575=CARTESIAN_POINT('',(-1.825,2.725,0.707));
#17576=CARTESIAN_POINT('',(-1.825,2.725,0.707));
#17577=CARTESIAN_POINT('',(-1.825,2.725,0.707));
#17578=CARTESIAN_POINT('',(-1.825,2.725,1.088));
#17579=CARTESIAN_POINT('',(-1.825,2.725,1.088));
#17580=CARTESIAN_POINT('',(-1.825,0.945,1.088));
#17581=CARTESIAN_POINT('',(-1.825,0.945,0.25));
#17582=CARTESIAN_POINT('',(-1.825,2.725,-1.088));
#17583=CARTESIAN_POINT('',(-1.825,0.945,-0.25));
#17584=CARTESIAN_POINT('',(-1.825,0.6,-0.25));
#17585=CARTESIAN_POINT('',(-1.825,0.1,-0.25));
#17586=CARTESIAN_POINT('',(-1.825,0.0999999999999998,-1.088));
#17587=CARTESIAN_POINT('',(-1.825,0.945,-0.25));
#17588=CARTESIAN_POINT('',(-1.825,0.945,-1.088));
#17589=CARTESIAN_POINT('',(-1.825,2.725,-1.088));
#17590=CARTESIAN_POINT('',(-1.825,2.725,-1.088));
#17591=CARTESIAN_POINT('',(-1.825,2.725,-1.088));
#17592=CARTESIAN_POINT('',(-1.825,2.725,-0.707));
#17593=CARTESIAN_POINT('',(-1.825,2.725,-0.707));
#17594=CARTESIAN_POINT('',(-1.825,0.6,-0.707));
#17595=CARTESIAN_POINT('',(-1.825,0.6,0.));
#17596=CARTESIAN_POINT('',(-2.325,2.725,0.707));
#17597=CARTESIAN_POINT('',(-2.325,0.0999999999999998,0.707));
#17598=CARTESIAN_POINT('',(-2.325,0.1,0.25));
#17599=CARTESIAN_POINT('',(-2.325,0.945,0.25));
#17600=CARTESIAN_POINT('',(-2.325,0.6,0.25));
#17601=CARTESIAN_POINT('',(-2.325,0.6,0.));
#17602=CARTESIAN_POINT('',(-2.325,0.6,0.707));
#17603=CARTESIAN_POINT('',(-2.325,2.725,0.707));
#17604=CARTESIAN_POINT('',(-2.325,2.725,0.707));
#17605=CARTESIAN_POINT('',(-2.325,2.725,0.707));
#17606=CARTESIAN_POINT('',(-2.325,2.725,1.088));
#17607=CARTESIAN_POINT('',(-2.325,2.725,1.088));
#17608=CARTESIAN_POINT('',(-2.325,0.945,1.088));
#17609=CARTESIAN_POINT('',(-2.325,0.945,0.25));
#17610=CARTESIAN_POINT('',(-2.325,2.725,-1.088));
#17611=CARTESIAN_POINT('',(-2.325,0.945,-0.25));
#17612=CARTESIAN_POINT('',(-2.325,0.6,-0.25));
#17613=CARTESIAN_POINT('',(-2.325,0.1,-0.25));
#17614=CARTESIAN_POINT('',(-2.325,0.0999999999999998,-1.088));
#17615=CARTESIAN_POINT('',(-2.325,0.945,-0.25));
#17616=CARTESIAN_POINT('',(-2.325,0.945,-1.088));
#17617=CARTESIAN_POINT('',(-2.325,2.725,-1.088));
#17618=CARTESIAN_POINT('',(-2.325,2.725,-1.088));
#17619=CARTESIAN_POINT('',(-2.325,2.725,-1.088));
#17620=CARTESIAN_POINT('',(-2.325,2.725,-0.707));
#17621=CARTESIAN_POINT('',(-2.325,2.725,-0.707));
#17622=CARTESIAN_POINT('',(-2.325,0.6,-0.707));
#17623=CARTESIAN_POINT('',(-2.325,0.6,0.));
#17624=CARTESIAN_POINT('',(-2.86,0.,2.175));
#17625=CARTESIAN_POINT('',(-2.86,0.1,2.175));
#17626=CARTESIAN_POINT('',(-2.86,0.1,-0.25));
#17627=CARTESIAN_POINT('',(-2.86,0.,-0.25));
#17628=CARTESIAN_POINT('',(-2.86,0.,0.25));
#17629=CARTESIAN_POINT('',(-2.86,0.1,0.25));
#17630=CARTESIAN_POINT('',(-2.86,0.1,2.175));
#17631=CARTESIAN_POINT('',(-2.86,0.195,2.175));
#17632=CARTESIAN_POINT('',(2.83,0.195,2.175));
#17633=CARTESIAN_POINT('',(2.83,0.195,-0.25));
#17634=CARTESIAN_POINT('',(2.83,0.1,-0.25));
#17635=CARTESIAN_POINT('',(2.83,0.1,2.175));
#17636=CARTESIAN_POINT('',(2.83,0.195,2.175));
#17637=CARTESIAN_POINT('',(2.83,0.1,2.175));
#17638=CARTESIAN_POINT('',(2.83,0.1,0.25));
#17639=CARTESIAN_POINT('',(2.83,0.195,0.25));
#17640=CARTESIAN_POINT('',(0.,0.6,0.));
#17641=CARTESIAN_POINT('',(0.,0.6,-0.25));
#17642=CARTESIAN_POINT('',(3.23,0.6,-0.707));
#17643=CARTESIAN_POINT('',(-3.23,0.6,-0.707));
#17644=CARTESIAN_POINT('',(-3.23,0.6,-0.707));
#17645=CARTESIAN_POINT('',(-3.23,0.6,0.707));
#17646=CARTESIAN_POINT('',(-3.23,0.6,0.707));
#17647=CARTESIAN_POINT('',(0.,0.6,0.25));
#17648=CARTESIAN_POINT('',(-3.23,0.6,0.707));
#17649=CARTESIAN_POINT('',(0.,0.6,0.25));
#17650=CARTESIAN_POINT('',(-3.23,0.6,0.707));
#17651=CARTESIAN_POINT('',(0.,0.6,0.25));
#17652=CARTESIAN_POINT('',(-3.23,0.6,0.707));
#17653=CARTESIAN_POINT('',(0.,0.6,0.25));
#17654=CARTESIAN_POINT('',(-3.23,0.6,0.707));
#17655=CARTESIAN_POINT('',(0.,0.6,0.25));
#17656=CARTESIAN_POINT('',(-3.23,0.6,0.707));
#17657=CARTESIAN_POINT('',(0.,0.6,0.25));
#17658=CARTESIAN_POINT('',(-3.23,0.6,0.707));
#17659=CARTESIAN_POINT('',(0.,0.6,0.25));
#17660=CARTESIAN_POINT('',(-3.23,0.6,0.707));
#17661=CARTESIAN_POINT('',(0.,0.6,0.25));
#17662=CARTESIAN_POINT('',(-3.23,0.6,0.707));
#17663=CARTESIAN_POINT('',(0.,0.6,0.25));
#17664=CARTESIAN_POINT('',(-3.23,0.6,0.707));
#17665=CARTESIAN_POINT('',(0.,0.6,0.25));
#17666=CARTESIAN_POINT('',(-3.23,0.6,0.707));
#17667=CARTESIAN_POINT('',(2.73,0.6,0.707));
#17668=CARTESIAN_POINT('',(2.73,0.6,-8.45677694538692E-15));
#17669=CARTESIAN_POINT('',(2.73,0.600000000000001,0.5));
#17670=CARTESIAN_POINT('',(0.,0.6,0.5));
#17671=CARTESIAN_POINT('',(3.13,0.6,0.5));
#17672=CARTESIAN_POINT('',(3.13,0.6,2.175));
#17673=CARTESIAN_POINT('',(3.13,0.6,-0.5));
#17674=CARTESIAN_POINT('',(0.,0.6,-0.5));
#17675=CARTESIAN_POINT('',(2.73,0.600000000000001,-0.5));
#17676=CARTESIAN_POINT('',(2.73,0.6,8.45677694538692E-15));
#17677=CARTESIAN_POINT('',(2.73,0.6,-0.707));
#17678=CARTESIAN_POINT('',(3.23,0.6,-0.707));
#17679=CARTESIAN_POINT('',(0.,0.6,-0.25));
#17680=CARTESIAN_POINT('',(3.23,0.6,-0.707));
#17681=CARTESIAN_POINT('',(0.,0.6,-0.25));
#17682=CARTESIAN_POINT('',(3.23,0.6,-0.707));
#17683=CARTESIAN_POINT('',(0.,0.6,-0.25));
#17684=CARTESIAN_POINT('',(3.23,0.6,-0.707));
#17685=CARTESIAN_POINT('',(0.,0.6,-0.25));
#17686=CARTESIAN_POINT('',(3.23,0.6,-0.707));
#17687=CARTESIAN_POINT('',(0.,0.6,-0.25));
#17688=CARTESIAN_POINT('',(3.23,0.6,-0.707));
#17689=CARTESIAN_POINT('',(0.,0.6,-0.25));
#17690=CARTESIAN_POINT('',(3.23,0.6,-0.707));
#17691=CARTESIAN_POINT('',(0.,0.6,-0.25));
#17692=CARTESIAN_POINT('',(3.23,0.6,-0.707));
#17693=CARTESIAN_POINT('',(0.,0.6,-0.25));
#17694=CARTESIAN_POINT('',(3.23,0.6,-0.707));
#17695=CARTESIAN_POINT('',(0.,0.6,-0.25));
#17696=CARTESIAN_POINT('',(3.23,0.6,-0.707));
#17697=CARTESIAN_POINT('',(2.325,2.725,-1.088));
#17698=CARTESIAN_POINT('',(2.325,0.945,-1.088));
#17699=CARTESIAN_POINT('',(2.325,2.725,-1.088));
#17700=CARTESIAN_POINT('',(1.825,2.725,-1.088));
#17701=CARTESIAN_POINT('',(1.825,0.945,-1.088));
#17702=CARTESIAN_POINT('',(1.825,2.725,-1.088));
#17703=CARTESIAN_POINT('',(1.325,2.725,-1.088));
#17704=CARTESIAN_POINT('',(1.325,0.945,-1.088));
#17705=CARTESIAN_POINT('',(1.325,2.725,-1.088));
#17706=CARTESIAN_POINT('',(0.825,2.725,-1.088));
#17707=CARTESIAN_POINT('',(0.825,0.945,-1.088));
#17708=CARTESIAN_POINT('',(0.825,2.725,-1.088));
#17709=CARTESIAN_POINT('',(0.325,2.725,-1.088));
#17710=CARTESIAN_POINT('',(0.325,0.945,-1.088));
#17711=CARTESIAN_POINT('',(0.325,2.725,-1.088));
#17712=CARTESIAN_POINT('',(-0.175,2.725,-1.088));
#17713=CARTESIAN_POINT('',(-0.175,0.945,-1.088));
#17714=CARTESIAN_POINT('',(-0.175,2.725,-1.088));
#17715=CARTESIAN_POINT('',(-0.675,2.725,-1.088));
#17716=CARTESIAN_POINT('',(-0.675,0.945,-1.088));
#17717=CARTESIAN_POINT('',(-0.675,2.725,-1.088));
#17718=CARTESIAN_POINT('',(-1.175,2.725,-1.088));
#17719=CARTESIAN_POINT('',(-1.175,0.945,-1.088));
#17720=CARTESIAN_POINT('',(-1.175,2.725,-1.088));
#17721=CARTESIAN_POINT('',(-1.675,2.725,-1.088));
#17722=CARTESIAN_POINT('',(-1.675,0.945,-1.088));
#17723=CARTESIAN_POINT('',(-1.675,2.725,-1.088));
#17724=CARTESIAN_POINT('',(-2.175,2.725,-1.088));
#17725=CARTESIAN_POINT('',(-2.175,0.945,-1.088));
#17726=CARTESIAN_POINT('',(-2.175,2.725,-1.088));
#17727=CARTESIAN_POINT('',(0.,2.725,0.));
#17728=CARTESIAN_POINT('',(0.5,2.725,-1.53));
#17729=CARTESIAN_POINT('',(0.5,2.725,-1.53));
#17730=CARTESIAN_POINT('',(-0.5,2.725,-1.53));
#17731=CARTESIAN_POINT('',(-0.5,2.725,-1.53));
#17732=CARTESIAN_POINT('',(-0.5,2.725,-1.95));
#17733=CARTESIAN_POINT('',(0.,2.725,-1.95));
#17734=CARTESIAN_POINT('',(-3.06,2.725,-1.95));
#17735=CARTESIAN_POINT('',(-3.06,2.725,0.));
#17736=CARTESIAN_POINT('',(-3.06,2.725,-1.205));
#17737=CARTESIAN_POINT('',(0.,2.725,-1.205));
#17738=CARTESIAN_POINT('',(-2.73,2.725,-1.205));
#17739=CARTESIAN_POINT('',(-2.73,2.725,0.));
#17740=CARTESIAN_POINT('',(-2.73,2.725,-0.707));
#17741=CARTESIAN_POINT('',(0.,2.725,-0.707));
#17742=CARTESIAN_POINT('',(0.,2.725,-0.707));
#17743=CARTESIAN_POINT('',(0.,2.725,-0.707));
#17744=CARTESIAN_POINT('',(0.,2.725,-0.707));
#17745=CARTESIAN_POINT('',(0.,2.725,-0.707));
#17746=CARTESIAN_POINT('',(0.,2.725,-0.707));
#17747=CARTESIAN_POINT('',(0.,2.725,-0.707));
#17748=CARTESIAN_POINT('',(0.,2.725,-0.707));
#17749=CARTESIAN_POINT('',(0.,2.725,-0.707));
#17750=CARTESIAN_POINT('',(0.,2.725,-0.707));
#17751=CARTESIAN_POINT('',(0.,2.725,-0.707));
#17752=CARTESIAN_POINT('',(2.73,2.725,-0.707));
#17753=CARTESIAN_POINT('',(2.73,2.725,8.45677694538692E-15));
#17754=CARTESIAN_POINT('',(2.73,2.725,-1.2));
#17755=CARTESIAN_POINT('',(-6.50521303491302E-16,2.725,-1.2));
#17756=CARTESIAN_POINT('',(3.13,2.725,-1.2));
#17757=CARTESIAN_POINT('',(3.13,2.725,2.175));
#17758=CARTESIAN_POINT('',(3.13,2.725,-1.95));
#17759=CARTESIAN_POINT('',(0.,2.725,-1.95));
#17760=CARTESIAN_POINT('',(0.5,2.725,-1.95));
#17761=CARTESIAN_POINT('',(0.5,2.725,-1.53));
#17762=CARTESIAN_POINT('',(4.27,3.7,-1.95));
#17763=CARTESIAN_POINT('',(-0.5,3.7,-1.95));
#17764=CARTESIAN_POINT('',(-0.5,2.175,-1.95));
#17765=CARTESIAN_POINT('',(-0.450000000000001,2.175,-1.95));
#17766=CARTESIAN_POINT('',(-0.45,2.125,-1.95));
#17767=CARTESIAN_POINT('',(4.27,2.125,-1.95));
#17768=CARTESIAN_POINT('',(0.45,2.125,-1.95));
#17769=CARTESIAN_POINT('',(0.450000000000001,2.175,-1.95));
#17770=CARTESIAN_POINT('',(0.5,2.175,-1.95));
#17771=CARTESIAN_POINT('',(0.5,3.7,-1.95));
#17772=CARTESIAN_POINT('',(3.13,2.725,-1.95));
#17773=CARTESIAN_POINT('',(3.13,1.61794919243112,-1.95));
#17774=CARTESIAN_POINT('',(4.27,1.61794919243112,-1.95));
#17775=CARTESIAN_POINT('',(-3.06,1.61794919243112,-1.95));
#17776=CARTESIAN_POINT('',(-3.06,3.7,-1.95));
#17777=CARTESIAN_POINT('',(3.13,2.725,2.175));
#17778=CARTESIAN_POINT('',(3.13,2.725,0.5));
#17779=CARTESIAN_POINT('',(3.13,0.5,0.5));
#17780=CARTESIAN_POINT('',(3.13,0.5,2.175));
#17781=CARTESIAN_POINT('',(3.13,0.5,-0.5));
#17782=CARTESIAN_POINT('',(3.13,2.725,-0.5));
#17783=CARTESIAN_POINT('',(3.13,2.725,2.175));
#17784=CARTESIAN_POINT('',(3.13,0.5,0.9));
#17785=CARTESIAN_POINT('',(3.13,3.375,0.9));
#17786=CARTESIAN_POINT('',(3.13,0.195,0.9));
#17787=CARTESIAN_POINT('',(3.13,3.375,1.2));
#17788=CARTESIAN_POINT('',(3.13,3.375,1.2));
#17789=CARTESIAN_POINT('',(3.13,3.375,1.2));
#17790=CARTESIAN_POINT('',(3.13,2.725,1.2));
#17791=CARTESIAN_POINT('',(3.13,2.725,2.175));
#17792=CARTESIAN_POINT('',(3.13,2.725,1.95));
#17793=CARTESIAN_POINT('',(3.13,2.725,1.95));
#17794=CARTESIAN_POINT('',(3.13,1.61794919243112,1.95));
#17795=CARTESIAN_POINT('',(3.13,1.61794919243113,2.95000000000001));
#17796=CARTESIAN_POINT('',(3.13,1.11794919243112,2.08397459621556));
#17797=CARTESIAN_POINT('',(3.13,2.28382214207425,1.4108575348982));
#17798=CARTESIAN_POINT('',(3.13,0.195,2.175));
#17799=CARTESIAN_POINT('',(3.13,2.725,2.175));
#17800=CARTESIAN_POINT('',(3.13,0.3,2.175));
#17801=CARTESIAN_POINT('',(3.13,0.300000000000001,-1.85));
#17802=CARTESIAN_POINT('',(3.13,0.3,-1.15));
#17803=CARTESIAN_POINT('',(3.13,0.91,-1.455));
#17804=CARTESIAN_POINT('',(3.13,1.,-1.5));
#17805=CARTESIAN_POINT('',(3.13,3.85,-0.0750000000000008));
#17806=CARTESIAN_POINT('',(3.13,3.375,-1.2));
#17807=CARTESIAN_POINT('',(3.13,3.375,-1.2));
#17808=CARTESIAN_POINT('',(3.13,3.375,-0.9));
#17809=CARTESIAN_POINT('',(3.13,3.375,-0.9));
#17810=CARTESIAN_POINT('',(3.13,0.5,-0.9));
#17811=CARTESIAN_POINT('',(3.13,0.195,-0.9));
#17812=CARTESIAN_POINT('',(3.13,0.195,2.175));
#17813=CARTESIAN_POINT('',(3.13,4.1674273953054,-0.323357534898204));
#17814=CARTESIAN_POINT('',(3.13,1.11794919243112,-2.08397459621556));
#17815=CARTESIAN_POINT('',(3.13,1.61794919243113,-2.95000000000001));
#17816=CARTESIAN_POINT('',(0.,2.725,0.));
#17817=CARTESIAN_POINT('',(-0.5,2.725,1.53));
#17818=CARTESIAN_POINT('',(-0.5,2.725,1.53));
#17819=CARTESIAN_POINT('',(-0.5,2.725,1.95));
#17820=CARTESIAN_POINT('',(0.5,2.725,1.53));
#17821=CARTESIAN_POINT('',(0.5,2.725,1.53));
#17822=CARTESIAN_POINT('',(0.5,2.725,1.53));
#17823=CARTESIAN_POINT('',(0.5,2.725,1.95));
#17824=CARTESIAN_POINT('',(0.,2.725,1.95));
#17825=CARTESIAN_POINT('',(0.,2.725,1.2));
#17826=CARTESIAN_POINT('',(2.73,2.725,1.2));
#17827=CARTESIAN_POINT('',(2.73,2.725,-8.45677694538692E-15));
#17828=CARTESIAN_POINT('',(2.73,2.725,0.707));
#17829=CARTESIAN_POINT('',(0.,2.725,0.707));
#17830=CARTESIAN_POINT('',(2.175,2.725,1.088));
#17831=CARTESIAN_POINT('',(0.,2.725,0.707));
#17832=CARTESIAN_POINT('',(1.675,2.725,1.088));
#17833=CARTESIAN_POINT('',(0.,2.725,0.707));
#17834=CARTESIAN_POINT('',(1.175,2.725,1.088));
#17835=CARTESIAN_POINT('',(0.,2.725,0.707));
#17836=CARTESIAN_POINT('',(0.675,2.725,1.088));
#17837=CARTESIAN_POINT('',(0.,2.725,0.707));
#17838=CARTESIAN_POINT('',(0.175,2.725,1.088));
#17839=CARTESIAN_POINT('',(0.,2.725,0.707));
#17840=CARTESIAN_POINT('',(-0.325,2.725,1.088));
#17841=CARTESIAN_POINT('',(0.,2.725,0.707));
#17842=CARTESIAN_POINT('',(-0.825,2.725,1.088));
#17843=CARTESIAN_POINT('',(0.,2.725,0.707));
#17844=CARTESIAN_POINT('',(-1.325,2.725,1.088));
#17845=CARTESIAN_POINT('',(0.,2.725,0.707));
#17846=CARTESIAN_POINT('',(-1.825,2.725,1.088));
#17847=CARTESIAN_POINT('',(0.,2.725,0.707));
#17848=CARTESIAN_POINT('',(-2.325,2.725,1.088));
#17849=CARTESIAN_POINT('',(0.,2.725,0.707));
#17850=CARTESIAN_POINT('',(-2.73,2.725,0.707));
#17851=CARTESIAN_POINT('',(-2.73,2.725,0.));
#17852=CARTESIAN_POINT('',(-2.73,2.725,1.205));
#17853=CARTESIAN_POINT('',(0.,2.725,1.205));
#17854=CARTESIAN_POINT('',(-3.06,2.725,1.205));
#17855=CARTESIAN_POINT('',(-3.06,2.725,0.));
#17856=CARTESIAN_POINT('',(-3.06,2.725,1.95));
#17857=CARTESIAN_POINT('',(0.,2.725,1.95));
#17858=CARTESIAN_POINT('',(4.33,0.5,0.749999999999999));
#17859=CARTESIAN_POINT('',(4.33,0.5,0.5));
#17860=CARTESIAN_POINT('',(3.23,0.500000000000001,0.5));
#17861=CARTESIAN_POINT('',(3.23,0.5,0.749999999999999));
#17862=CARTESIAN_POINT('',(3.23,0.500000000000001,-0.5));
#17863=CARTESIAN_POINT('',(4.33,0.5,-0.5));
#17864=CARTESIAN_POINT('',(3.23,4.85,-0.707));
#17865=CARTESIAN_POINT('',(2.73,4.85,-0.707));
#17866=CARTESIAN_POINT('',(-3.23,4.85,0.707));
#17867=CARTESIAN_POINT('',(2.73,4.85,0.707));
#17868=CARTESIAN_POINT('',(-2.73,3.375,1.205));
#17869=CARTESIAN_POINT('',(-2.73,3.375,-0.707));
#17870=CARTESIAN_POINT('',(-2.73,3.375,-0.707));
#17871=CARTESIAN_POINT('',(-2.73,3.375,-1.205));
#17872=CARTESIAN_POINT('',(-2.73,3.375,-1.205));
#17873=CARTESIAN_POINT('',(-2.73,3.375,1.205));
#17874=CARTESIAN_POINT('',(-2.73,3.375,1.205));
#17875=CARTESIAN_POINT('',(-2.73,3.375,0.707));
#17876=CARTESIAN_POINT('',(-2.73,3.375,0.707));
#17877=CARTESIAN_POINT('',(-2.73,3.375,1.205));
#17878=CARTESIAN_POINT('',(-2.73,3.375,1.205));
#17879=CARTESIAN_POINT('',(-2.73,3.375,1.205));
#17880=CARTESIAN_POINT('',(-3.81,3.375,0.955));
#17881=CARTESIAN_POINT('',(-3.23,3.375,0.955));
#17882=CARTESIAN_POINT('',(-3.23,3.375,0.707));
#17883=CARTESIAN_POINT('',(-3.23,3.375,-0.707));
#17884=CARTESIAN_POINT('',(-3.81,3.375,-0.707));
#17885=CARTESIAN_POINT('',(-2.73,3.375,-1.205));
#17886=CARTESIAN_POINT('',(-3.81,3.375,-1.205));
#17887=CARTESIAN_POINT('',(-3.81,3.375,-0.955));
#17888=CARTESIAN_POINT('',(-4.06,3.375,-0.955));
#17889=CARTESIAN_POINT('',(-4.06,3.375,-0.955));
#17890=CARTESIAN_POINT('',(-4.06,3.375,-0.5));
#17891=CARTESIAN_POINT('',(-4.06,3.375,-0.5));
#17892=CARTESIAN_POINT('',(-3.96,3.375,-0.5));
#17893=CARTESIAN_POINT('',(-3.96,3.375,-0.5));
#17894=CARTESIAN_POINT('',(-3.96,3.375,0.5));
#17895=CARTESIAN_POINT('',(-3.96,3.375,0.5));
#17896=CARTESIAN_POINT('',(-4.06,3.375,0.5));
#17897=CARTESIAN_POINT('',(-4.06,3.375,0.5));
#17898=CARTESIAN_POINT('',(-4.06,3.375,0.955));
#17899=CARTESIAN_POINT('',(-3.81,3.375,0.955));
#17900=CARTESIAN_POINT('',(-3.81,3.375,1.205));
#17901=CARTESIAN_POINT('',(-3.81,3.375,1.205));
#17902=CARTESIAN_POINT('',(-3.81,3.375,0.707));
#17903=CARTESIAN_POINT('',(0.,0.75,0.));
#17904=CARTESIAN_POINT('',(-3.81,0.75,1.205));
#17905=CARTESIAN_POINT('',(-3.81,0.75,1.205));
#17906=CARTESIAN_POINT('',(-3.06,0.75,1.205));
#17907=CARTESIAN_POINT('',(-3.81,0.75,0.955));
#17908=CARTESIAN_POINT('',(-4.06,0.75,0.955));
#17909=CARTESIAN_POINT('',(-4.06,0.75,-2.175));
#17910=CARTESIAN_POINT('',(-3.06,0.75,2.175));
#17911=CARTESIAN_POINT('',(0.,0.75,0.));
#17912=CARTESIAN_POINT('',(-3.81,0.75,-0.955));
#17913=CARTESIAN_POINT('',(-3.81,0.75,-1.205));
#17914=CARTESIAN_POINT('',(-4.06,0.75,-0.955));
#17915=CARTESIAN_POINT('',(-2.73,0.75,-1.205));
#17916=CARTESIAN_POINT('',(-3.06,0.75,-1.205));
#17917=CARTESIAN_POINT('',(-3.06,0.75,2.175));
#17918=CARTESIAN_POINT('',(-4.06,0.75,-2.175));
#17919=CARTESIAN_POINT('',(-3.06,3.75,2.175));
#17920=CARTESIAN_POINT('',(-3.06,3.75,1.205));
#17921=CARTESIAN_POINT('',(-3.06,0.960288568297003,2.175));
#17922=CARTESIAN_POINT('',(-3.06,1.11794919243112,2.08397459621556));
#17923=CARTESIAN_POINT('',(-3.06,1.61794919243113,2.95000000000001));
#17924=CARTESIAN_POINT('',(-3.06,1.61794919243112,1.95));
#17925=CARTESIAN_POINT('',(-3.06,1.61794919243112,1.95));
#17926=CARTESIAN_POINT('',(-3.06,3.75,2.175));
#17927=CARTESIAN_POINT('',(-3.06,3.75,-1.205));
#17928=CARTESIAN_POINT('',(-3.06,1.61794919243113,-2.95000000000001));
#17929=CARTESIAN_POINT('',(-3.06,1.11794919243112,-2.08397459621556));
#17930=CARTESIAN_POINT('',(-3.06,1.11794919243112,-2.08397459621556));
#17931=CARTESIAN_POINT('',(-4.06,2.725,0.5));
#17932=CARTESIAN_POINT('',(-4.06,3.375,0.955));
#17933=CARTESIAN_POINT('',(-4.06,2.725,0.5));
#17934=CARTESIAN_POINT('',(-4.06,0.195,0.5));
#17935=CARTESIAN_POINT('',(-4.06,0.195,2.175));
#17936=CARTESIAN_POINT('',(-4.06,2.725,-2.175));
#17937=CARTESIAN_POINT('',(-4.06,0.195,2.175));
#17938=CARTESIAN_POINT('',(-4.06,0.195,-0.5));
#17939=CARTESIAN_POINT('',(-4.06,2.725,-0.5));
#17940=CARTESIAN_POINT('',(-4.06,3.375,-0.955));
#17941=CARTESIAN_POINT('',(-3.96,2.725,0.5));
#17942=CARTESIAN_POINT('',(-3.96,2.725,0.5));
#17943=CARTESIAN_POINT('',(-3.96,0.195,0.5));
#17944=CARTESIAN_POINT('',(-3.96,0.195,0.5));
#17945=CARTESIAN_POINT('',(-4.06,2.725,-0.5));
#17946=CARTESIAN_POINT('',(-3.96,2.725,-0.5));
#17947=CARTESIAN_POINT('',(-3.96,0.195,-0.5));
#17948=CARTESIAN_POINT('',(-4.06,0.195,-0.5));
#17949=CARTESIAN_POINT('',(-3.96,2.725,-0.5));
#17950=CARTESIAN_POINT('',(-3.96,0.195,-0.5));
#17951=CARTESIAN_POINT('',(4.27,1.11794919243112,-2.08397459621556));
#17952=CARTESIAN_POINT('',(4.27,1.11794919243112,-2.08397459621556));
#17953=CARTESIAN_POINT('',(4.27,1.61794919243113,-2.95000000000001));
#17954=CARTESIAN_POINT('',(4.27,0.960288568297003,2.175));
#17955=CARTESIAN_POINT('',(4.27,1.11794919243112,2.08397459621556));
#17956=CARTESIAN_POINT('',(4.27,1.61794919243113,2.95000000000001));
#17957=CARTESIAN_POINT('',(4.27,1.61794919243112,1.95));
#17958=CARTESIAN_POINT('',(4.27,1.61794919243112,1.95));
#17959=CARTESIAN_POINT('',(-0.5,1.61794919243112,1.95));
#17960=CARTESIAN_POINT('',(-0.5,2.175,1.95));
#17961=CARTESIAN_POINT('',(0.5,1.61794919243112,1.95));
#17962=CARTESIAN_POINT('',(0.5,2.175,1.95));
#17963=CARTESIAN_POINT('',(0.450000000000001,2.175,1.95));
#17964=CARTESIAN_POINT('',(0.45,2.125,1.95));
#17965=CARTESIAN_POINT('',(4.27,2.125,1.95));
#17966=CARTESIAN_POINT('',(-0.45,2.125,1.95));
#17967=CARTESIAN_POINT('',(-0.450000000000001,2.175,1.95));
#17968=CARTESIAN_POINT('',(2.175,2.725,1.088));
#17969=CARTESIAN_POINT('',(2.175,0.945,1.088));
#17970=CARTESIAN_POINT('',(1.675,2.725,1.088));
#17971=CARTESIAN_POINT('',(1.675,0.945,1.088));
#17972=CARTESIAN_POINT('',(1.175,2.725,1.088));
#17973=CARTESIAN_POINT('',(1.175,0.945,1.088));
#17974=CARTESIAN_POINT('',(0.675,2.725,1.088));
#17975=CARTESIAN_POINT('',(0.675,0.945,1.088));
#17976=CARTESIAN_POINT('',(0.175,2.725,1.088));
#17977=CARTESIAN_POINT('',(0.175,0.945,1.088));
#17978=CARTESIAN_POINT('',(-0.325,2.725,1.088));
#17979=CARTESIAN_POINT('',(-0.325,0.945,1.088));
#17980=CARTESIAN_POINT('',(-0.825,2.725,1.088));
#17981=CARTESIAN_POINT('',(-0.825,0.945,1.088));
#17982=CARTESIAN_POINT('',(-1.325,2.725,1.088));
#17983=CARTESIAN_POINT('',(-1.325,0.945,1.088));
#17984=CARTESIAN_POINT('',(-1.825,2.725,1.088));
#17985=CARTESIAN_POINT('',(-1.825,0.945,1.088));
#17986=CARTESIAN_POINT('',(-2.325,2.725,1.088));
#17987=CARTESIAN_POINT('',(-2.325,0.945,1.088));
#17988=CARTESIAN_POINT('',(-2.86,0.195,2.175));
#17989=CARTESIAN_POINT('',(3.13,0.195,2.175));
#17990=CARTESIAN_POINT('',(4.326,0.195,-0.9));
#17991=CARTESIAN_POINT('',(4.326,0.195,-0.9));
#17992=CARTESIAN_POINT('',(4.326,0.195,-0.746000000000001));
#17993=CARTESIAN_POINT('',(4.48,0.195,-0.746));
#17994=CARTESIAN_POINT('',(4.48,0.195,-0.25));
#17995=CARTESIAN_POINT('',(4.48,0.195,-0.25));
#17996=CARTESIAN_POINT('',(4.38,0.195,-0.25));
#17997=CARTESIAN_POINT('',(4.38,0.195,-0.25));
#17998=CARTESIAN_POINT('',(4.38,0.195,0.25));
#17999=CARTESIAN_POINT('',(4.38,0.195,0.25));
#18000=CARTESIAN_POINT('',(4.48,0.195,0.25));
#18001=CARTESIAN_POINT('',(4.48,0.195,0.25));
#18002=CARTESIAN_POINT('',(4.48,0.195,0.75));
#18003=CARTESIAN_POINT('',(4.48,0.195,0.75));
#18004=CARTESIAN_POINT('',(4.33,0.195,0.749999999999999));
#18005=CARTESIAN_POINT('',(4.33,0.195,0.9));
#18006=CARTESIAN_POINT('',(3.13,0.195,0.9));
#18007=CARTESIAN_POINT('',(-3.81,3.375,0.955));
#18008=CARTESIAN_POINT('',(-3.81,3.375,1.205));
#18009=CARTESIAN_POINT('',(-3.81,3.375,1.205));
#18010=CARTESIAN_POINT('',(-2.73,3.375,-1.205));
#18011=CARTESIAN_POINT('',(-3.81,3.375,-1.205));
#18012=CARTESIAN_POINT('',(-3.81,3.375,-0.955));
#18013=CARTESIAN_POINT('',(3.13,0.5,0.9));
#18014=CARTESIAN_POINT('',(4.33,0.5,0.9));
#18015=CARTESIAN_POINT('',(4.33,3.375,0.9));
#18016=CARTESIAN_POINT('',(3.13,3.375,0.9));
#18017=CARTESIAN_POINT('',(4.33,0.5,0.749999999999999));
#18018=CARTESIAN_POINT('',(4.48,0.5,0.75));
#18019=CARTESIAN_POINT('',(4.48,3.375,0.75));
#18020=CARTESIAN_POINT('',(4.33,3.375,0.749999999999999));
#18021=CARTESIAN_POINT('',(4.48,0.5,0.75));
#18022=CARTESIAN_POINT('',(4.48,0.5,0.25));
#18023=CARTESIAN_POINT('',(4.48,3.375,0.25));
#18024=CARTESIAN_POINT('',(4.48,3.375,0.75));
#18025=CARTESIAN_POINT('',(4.48,0.5,0.25));
#18026=CARTESIAN_POINT('',(4.38,0.5,0.25));
#18027=CARTESIAN_POINT('',(4.38,3.375,0.25));
#18028=CARTESIAN_POINT('',(4.48,3.375,0.25));
#18029=CARTESIAN_POINT('',(4.38,0.5,0.25));
#18030=CARTESIAN_POINT('',(4.38,0.5,-0.25));
#18031=CARTESIAN_POINT('',(4.38,3.375,-0.25));
#18032=CARTESIAN_POINT('',(4.38,3.375,0.25));
#18033=CARTESIAN_POINT('',(4.38,0.5,-0.25));
#18034=CARTESIAN_POINT('',(4.48,0.5,-0.25));
#18035=CARTESIAN_POINT('',(4.48,3.375,-0.25));
#18036=CARTESIAN_POINT('',(4.38,3.375,-0.25));
#18037=CARTESIAN_POINT('',(4.48,0.5,-0.25));
#18038=CARTESIAN_POINT('',(4.48,0.5,-0.746));
#18039=CARTESIAN_POINT('',(4.48,3.375,-0.746));
#18040=CARTESIAN_POINT('',(4.48,3.375,-0.25));
#18041=CARTESIAN_POINT('',(4.326,0.5,-0.746000000000001));
#18042=CARTESIAN_POINT('',(4.326,0.5,-0.9));
#18043=CARTESIAN_POINT('',(4.326,3.375,-0.9));
#18044=CARTESIAN_POINT('',(4.326,3.375,-0.746000000000001));
#18045=CARTESIAN_POINT('',(4.326,0.5,-0.9));
#18046=CARTESIAN_POINT('',(4.326,3.375,-0.9));
#18047=CARTESIAN_POINT('',(3.23,4.85,-0.707));
#18048=CARTESIAN_POINT('',(3.23,4.85,-0.707));
#18049=CARTESIAN_POINT('',(3.23,4.85,-0.707));
#18050=CARTESIAN_POINT('',(3.23,4.85,-0.707));
#18051=CARTESIAN_POINT('',(3.23,4.85,-0.707));
#18052=CARTESIAN_POINT('',(3.23,4.85,-0.707));
#18053=CARTESIAN_POINT('',(3.23,4.85,-0.707));
#18054=CARTESIAN_POINT('',(3.23,4.85,-0.707));
#18055=CARTESIAN_POINT('',(3.23,4.85,-0.707));
#18056=CARTESIAN_POINT('',(-3.23,4.85,0.707));
#18057=CARTESIAN_POINT('',(-3.23,4.85,0.707));
#18058=CARTESIAN_POINT('',(-3.23,4.85,0.707));
#18059=CARTESIAN_POINT('',(-3.23,4.85,0.707));
#18060=CARTESIAN_POINT('',(-3.23,4.85,0.707));
#18061=CARTESIAN_POINT('',(-3.23,4.85,0.707));
#18062=CARTESIAN_POINT('',(-3.23,4.85,0.707));
#18063=CARTESIAN_POINT('',(-3.23,4.85,0.707));
#18064=CARTESIAN_POINT('',(-3.23,4.85,0.707));
#18065=CARTESIAN_POINT('',(-3.23,4.85,0.707));
#18066=CARTESIAN_POINT('',(-3.23,4.85,0.707));
#18067=CARTESIAN_POINT('',(3.23,4.85,-0.707));
#18068=CARTESIAN_POINT('',(-3.23,4.85,-0.707));
#18069=CARTESIAN_POINT('',(-3.23,4.85,-0.707));
#18070=CARTESIAN_POINT('',(3.23,3.375,0.5));
#18071=CARTESIAN_POINT('',(2.73,3.375,0.5));
#18072=CARTESIAN_POINT('',(2.73,3.375,0.5));
#18073=CARTESIAN_POINT('',(3.23,3.375,0.5));
#18074=CARTESIAN_POINT('',(3.23,3.375,0.5));
#18075=CARTESIAN_POINT('',(3.23,3.375,0.5));
#18076=CARTESIAN_POINT('',(2.73,3.375,0.5));
#18077=CARTESIAN_POINT('',(2.73,3.375,1.2));
#18078=CARTESIAN_POINT('',(2.73,3.375,1.2));
#18079=CARTESIAN_POINT('',(2.73,3.375,0.5));
#18080=CARTESIAN_POINT('',(2.73,3.375,1.2));
#18081=CARTESIAN_POINT('',(2.73,3.375,1.2));
#18082=CARTESIAN_POINT('',(3.13,3.375,-1.2));
#18083=CARTESIAN_POINT('',(2.73,3.375,-1.2));
#18084=CARTESIAN_POINT('',(2.73,3.375,-1.2));
#18085=CARTESIAN_POINT('',(3.13,3.375,-1.2));
#18086=CARTESIAN_POINT('',(2.73,3.375,-1.2));
#18087=CARTESIAN_POINT('',(2.73,3.375,-0.5));
#18088=CARTESIAN_POINT('',(2.73,3.375,-0.5));
#18089=CARTESIAN_POINT('',(2.73,3.375,-1.2));
#18090=CARTESIAN_POINT('',(2.73,3.375,-0.5));
#18091=CARTESIAN_POINT('',(3.23,3.375,-0.5));
#18092=CARTESIAN_POINT('',(3.23,3.375,-0.5));
#18093=CARTESIAN_POINT('',(2.73,3.375,-0.5));
#18094=CARTESIAN_POINT('',(3.23,3.375,-0.5));
#18095=CARTESIAN_POINT('',(3.23,3.375,-0.5));
#18096=CARTESIAN_POINT('',(4.33,3.375,0.749999999999999));
#18097=CARTESIAN_POINT('',(-2.175,0.945,0.25));
#18098=CARTESIAN_POINT('',(-1.675,0.945,0.25));
#18099=CARTESIAN_POINT('',(-1.175,0.945,0.25));
#18100=CARTESIAN_POINT('',(-0.675,0.945,0.25));
#18101=CARTESIAN_POINT('',(-0.175,0.945,0.25));
#18102=CARTESIAN_POINT('',(0.325,0.945,0.25));
#18103=CARTESIAN_POINT('',(0.825,0.945,0.25));
#18104=CARTESIAN_POINT('',(1.325,0.945,0.25));
#18105=CARTESIAN_POINT('',(1.825,0.945,0.25));
#18106=CARTESIAN_POINT('',(2.325,0.945,0.25));
#18107=CARTESIAN_POINT('',(0.,0.,0.25));
#18108=CARTESIAN_POINT('',(8.54,0.1,0.25));
#18109=CARTESIAN_POINT('',(8.54,0.1,0.25));
#18110=CARTESIAN_POINT('',(8.54,0.1,0.25));
#18111=CARTESIAN_POINT('',(8.54,0.1,0.25));
#18112=CARTESIAN_POINT('',(8.54,0.1,0.25));
#18113=CARTESIAN_POINT('',(8.54,0.1,0.25));
#18114=CARTESIAN_POINT('',(8.54,0.1,0.25));
#18115=CARTESIAN_POINT('',(8.54,0.1,0.25));
#18116=CARTESIAN_POINT('',(8.54,0.1,0.25));
#18117=CARTESIAN_POINT('',(8.54,0.1,0.25));
#18118=CARTESIAN_POINT('',(8.54,0.1,0.25));
#18119=CARTESIAN_POINT('',(-0.5,2.725,1.53));
#18120=CARTESIAN_POINT('',(-0.5,2.175,1.53));
#18121=CARTESIAN_POINT('',(-0.5,2.175,1.53));
#18122=CARTESIAN_POINT('',(-0.5,2.725,1.53));
#18123=CARTESIAN_POINT('',(-0.450000000000001,2.175,1.53));
#18124=CARTESIAN_POINT('',(-0.45,2.125,1.53));
#18125=CARTESIAN_POINT('',(-0.45,2.125,1.53));
#18126=CARTESIAN_POINT('',(-0.450000000000001,2.175,1.53));
#18127=CARTESIAN_POINT('',(-0.45,2.125,1.53));
#18128=CARTESIAN_POINT('',(0.45,2.125,1.53));
#18129=CARTESIAN_POINT('',(0.45,2.125,1.53));
#18130=CARTESIAN_POINT('',(-0.45,2.125,1.53));
#18131=CARTESIAN_POINT('',(0.450000000000001,2.175,1.53));
#18132=CARTESIAN_POINT('',(0.5,2.175,1.53));
#18133=CARTESIAN_POINT('',(0.5,2.175,1.53));
#18134=CARTESIAN_POINT('',(0.450000000000001,2.175,1.53));
#18135=CARTESIAN_POINT('',(0.5,2.175,1.53));
#18136=CARTESIAN_POINT('',(0.5,2.175,1.53));
#18137=CARTESIAN_POINT('',(-0.450000000000001,2.175,1.53));
#18138=CARTESIAN_POINT('',(-0.5,2.725,-1.53));
#18139=CARTESIAN_POINT('',(-0.5,2.725,-1.53));
#18140=CARTESIAN_POINT('',(-0.5,2.175,-1.53));
#18141=CARTESIAN_POINT('',(-0.5,2.175,-1.53));
#18142=CARTESIAN_POINT('',(-0.450000000000001,2.175,-1.53));
#18143=CARTESIAN_POINT('',(-0.450000000000001,2.175,-1.53));
#18144=CARTESIAN_POINT('',(-0.45,2.125,-1.53));
#18145=CARTESIAN_POINT('',(-0.45,2.125,-1.53));
#18146=CARTESIAN_POINT('',(-0.45,2.125,-1.53));
#18147=CARTESIAN_POINT('',(-0.45,2.125,-1.53));
#18148=CARTESIAN_POINT('',(0.45,2.125,-1.53));
#18149=CARTESIAN_POINT('',(0.45,2.125,-1.53));
#18150=CARTESIAN_POINT('',(0.450000000000001,2.175,-1.53));
#18151=CARTESIAN_POINT('',(0.450000000000001,2.175,-1.53));
#18152=CARTESIAN_POINT('',(0.5,2.175,-1.53));
#18153=CARTESIAN_POINT('',(0.5,2.175,-1.53));
#18154=CARTESIAN_POINT('',(0.5,2.175,-1.53));
#18155=CARTESIAN_POINT('',(0.5,2.175,-1.53));
#18156=CARTESIAN_POINT('',(-0.450000000000001,2.175,-1.53));
#18157=CARTESIAN_POINT('',(-2.175,0.945,-0.25));
#18158=CARTESIAN_POINT('',(-1.675,0.945,-0.25));
#18159=CARTESIAN_POINT('',(-1.175,0.945,-0.25));
#18160=CARTESIAN_POINT('',(-0.675,0.945,-0.25));
#18161=CARTESIAN_POINT('',(-0.175,0.945,-0.25));
#18162=CARTESIAN_POINT('',(0.325,0.945,-0.25));
#18163=CARTESIAN_POINT('',(0.825,0.945,-0.25));
#18164=CARTESIAN_POINT('',(1.325,0.945,-0.25));
#18165=CARTESIAN_POINT('',(1.825,0.945,-0.25));
#18166=CARTESIAN_POINT('',(2.325,0.945,-0.25));
#18167=CARTESIAN_POINT('',(0.,0.,-0.25));
#18168=CARTESIAN_POINT('',(8.54,0.1,-0.25));
#18169=CARTESIAN_POINT('',(8.54,0.1,-0.25));
#18170=CARTESIAN_POINT('',(8.54,0.1,-0.25));
#18171=CARTESIAN_POINT('',(8.54,0.1,-0.25));
#18172=CARTESIAN_POINT('',(8.54,0.1,-0.25));
#18173=CARTESIAN_POINT('',(8.54,0.1,-0.25));
#18174=CARTESIAN_POINT('',(8.54,0.1,-0.25));
#18175=CARTESIAN_POINT('',(8.54,0.1,-0.25));
#18176=CARTESIAN_POINT('',(8.54,0.1,-0.25));
#18177=CARTESIAN_POINT('',(8.54,0.1,-0.25));
#18178=CARTESIAN_POINT('',(8.54,0.1,-0.25));
#18179=CARTESIAN_POINT('',(8.54,0.1,0.25));
#18180=CARTESIAN_POINT('',(8.54,0.1,-2.175));
#18181=CARTESIAN_POINT('',(8.54,0.1,0.25));
#18182=CARTESIAN_POINT('',(8.54,0.1,-2.175));
#18183=CARTESIAN_POINT('',(8.54,0.1,-2.175));
#18184=CARTESIAN_POINT('',(8.54,0.1,0.25));
#18185=CARTESIAN_POINT('',(8.54,0.1,-2.175));
#18186=CARTESIAN_POINT('',(8.54,0.1,0.25));
#18187=CARTESIAN_POINT('',(8.54,0.1,-2.175));
#18188=CARTESIAN_POINT('',(8.54,0.1,0.25));
#18189=CARTESIAN_POINT('',(8.54,0.1,-2.175));
#18190=CARTESIAN_POINT('',(8.54,0.1,0.25));
#18191=CARTESIAN_POINT('',(8.54,0.1,-2.175));
#18192=CARTESIAN_POINT('',(8.54,0.1,0.25));
#18193=CARTESIAN_POINT('',(8.54,0.1,-2.175));
#18194=CARTESIAN_POINT('',(8.54,0.1,0.25));
#18195=CARTESIAN_POINT('',(8.54,0.1,-2.175));
#18196=CARTESIAN_POINT('',(8.54,0.1,0.25));
#18197=CARTESIAN_POINT('',(8.54,0.1,-2.175));
#18198=CARTESIAN_POINT('',(8.54,0.1,0.25));
#18199=CARTESIAN_POINT('',(8.54,0.1,-2.175));
#18200=CARTESIAN_POINT('',(8.54,0.1,0.25));
#18201=CARTESIAN_POINT('',(3.07,1.,-1.5));
#18202=CARTESIAN_POINT('',(3.07,0.3,-1.15));
#18203=CARTESIAN_POINT('',(3.07,0.3,-1.15));
#18204=CARTESIAN_POINT('',(3.07,1.,-1.5));
#18205=CARTESIAN_POINT('',(3.07,1.,-1.5));
#18206=CARTESIAN_POINT('',(3.07,1.,-1.5));
#18207=CARTESIAN_POINT('',(3.07,0.3,-1.15));
#18208=CARTESIAN_POINT('',(3.07,0.3,-1.85));
#18209=CARTESIAN_POINT('',(3.07,0.3,-1.85));
#18210=CARTESIAN_POINT('',(3.07,0.3,-1.15));
#18211=CARTESIAN_POINT('',(3.07,0.3,-1.85));
#18212=CARTESIAN_POINT('',(3.07,0.3,-1.85));
#18213=CARTESIAN_POINT('',(3.07,0.,0.));
#18214=CARTESIAN_POINT('',(0.,0.,0.));
#18215=CARTESIAN_POINT('',(2.325,0.945,-2.4));
#18216=CARTESIAN_POINT('',(2.325,0.945,-1.5));
#18217=CARTESIAN_POINT('',(2.175,0.945,-1.5));
#18218=CARTESIAN_POINT('',(2.325,0.945,-1.5));
#18219=CARTESIAN_POINT('',(2.175,0.945,-2.4));
#18220=CARTESIAN_POINT('',(2.175,0.945,-1.086));
#18221=CARTESIAN_POINT('',(2.325,0.945,-1.086));
#18222=CARTESIAN_POINT('',(2.325,0.945,-1.086));
#18223=CARTESIAN_POINT('',(2.325,0.945,-2.4));
#18224=CARTESIAN_POINT('',(2.325,0.945,-2.4));
#18225=CARTESIAN_POINT('',(2.325,0.945,-1.5));
#18226=CARTESIAN_POINT('',(1.675,0.945,-1.5));
#18227=CARTESIAN_POINT('',(1.825,0.945000000000001,-1.5));
#18228=CARTESIAN_POINT('',(1.675,0.945,-2.4));
#18229=CARTESIAN_POINT('',(1.675,0.945,-1.086));
#18230=CARTESIAN_POINT('',(2.325,0.945,-1.086));
#18231=CARTESIAN_POINT('',(1.825,0.945,-1.086));
#18232=CARTESIAN_POINT('',(1.825,0.945,-2.4));
#18233=CARTESIAN_POINT('',(2.325,0.945,-2.4));
#18234=CARTESIAN_POINT('',(2.325,0.945,-1.5));
#18235=CARTESIAN_POINT('',(1.175,0.945,-1.5));
#18236=CARTESIAN_POINT('',(1.325,0.945000000000001,-1.5));
#18237=CARTESIAN_POINT('',(1.175,0.945,-2.4));
#18238=CARTESIAN_POINT('',(1.175,0.945,-1.086));
#18239=CARTESIAN_POINT('',(2.325,0.945,-1.086));
#18240=CARTESIAN_POINT('',(1.325,0.945,-1.086));
#18241=CARTESIAN_POINT('',(1.325,0.945,-2.4));
#18242=CARTESIAN_POINT('',(2.325,0.945,-2.4));
#18243=CARTESIAN_POINT('',(2.325,0.945,-1.5));
#18244=CARTESIAN_POINT('',(0.675,0.945,-1.5));
#18245=CARTESIAN_POINT('',(0.825,0.945000000000001,-1.5));
#18246=CARTESIAN_POINT('',(0.675,0.945,-2.4));
#18247=CARTESIAN_POINT('',(0.675,0.945,-1.086));
#18248=CARTESIAN_POINT('',(2.325,0.945,-1.086));
#18249=CARTESIAN_POINT('',(0.825,0.945,-1.086));
#18250=CARTESIAN_POINT('',(0.825,0.945,-2.4));
#18251=CARTESIAN_POINT('',(2.325,0.945,-2.4));
#18252=CARTESIAN_POINT('',(2.325,0.945,-1.5));
#18253=CARTESIAN_POINT('',(0.175,0.945,-1.5));
#18254=CARTESIAN_POINT('',(0.325,0.945000000000001,-1.5));
#18255=CARTESIAN_POINT('',(0.175,0.945,-2.4));
#18256=CARTESIAN_POINT('',(0.175,0.945,-1.086));
#18257=CARTESIAN_POINT('',(2.325,0.945,-1.086));
#18258=CARTESIAN_POINT('',(0.325,0.945,-1.086));
#18259=CARTESIAN_POINT('',(0.325,0.945,-2.4));
#18260=CARTESIAN_POINT('',(2.325,0.945,-2.4));
#18261=CARTESIAN_POINT('',(2.325,0.945,-1.5));
#18262=CARTESIAN_POINT('',(-0.325,0.945,-1.5));
#18263=CARTESIAN_POINT('',(-0.175,0.945000000000001,-1.5));
#18264=CARTESIAN_POINT('',(-0.325,0.945,-2.4));
#18265=CARTESIAN_POINT('',(-0.325,0.945,-1.086));
#18266=CARTESIAN_POINT('',(2.325,0.945,-1.086));
#18267=CARTESIAN_POINT('',(-0.175,0.945,-1.086));
#18268=CARTESIAN_POINT('',(-0.175,0.945,-2.4));
#18269=CARTESIAN_POINT('',(2.325,0.945,-2.4));
#18270=CARTESIAN_POINT('',(2.325,0.945,-1.5));
#18271=CARTESIAN_POINT('',(-0.825,0.945,-1.5));
#18272=CARTESIAN_POINT('',(-0.675,0.945000000000001,-1.5));
#18273=CARTESIAN_POINT('',(-0.825,0.945,-2.4));
#18274=CARTESIAN_POINT('',(-0.825,0.945,-1.086));
#18275=CARTESIAN_POINT('',(2.325,0.945,-1.086));
#18276=CARTESIAN_POINT('',(-0.675,0.945,-1.086));
#18277=CARTESIAN_POINT('',(-0.675,0.945,-2.4));
#18278=CARTESIAN_POINT('',(2.325,0.945,-2.4));
#18279=CARTESIAN_POINT('',(2.325,0.945,-1.5));
#18280=CARTESIAN_POINT('',(-1.325,0.945,-1.5));
#18281=CARTESIAN_POINT('',(-1.175,0.945000000000001,-1.5));
#18282=CARTESIAN_POINT('',(-1.325,0.945,-2.4));
#18283=CARTESIAN_POINT('',(-1.325,0.945,-1.086));
#18284=CARTESIAN_POINT('',(2.325,0.945,-1.086));
#18285=CARTESIAN_POINT('',(-1.175,0.945,-1.086));
#18286=CARTESIAN_POINT('',(-1.175,0.945,-2.4));
#18287=CARTESIAN_POINT('',(2.325,0.945,-2.4));
#18288=CARTESIAN_POINT('',(2.325,0.945,-1.5));
#18289=CARTESIAN_POINT('',(-2.325,0.945,-1.5));
#18290=CARTESIAN_POINT('',(-2.175,0.945000000000001,-1.5));
#18291=CARTESIAN_POINT('',(-2.325,0.945,-2.4));
#18292=CARTESIAN_POINT('',(-2.325,0.945,-1.086));
#18293=CARTESIAN_POINT('',(2.325,0.945,-1.086));
#18294=CARTESIAN_POINT('',(-2.175,0.945,-1.086));
#18295=CARTESIAN_POINT('',(-2.175,0.945,-2.4));
#18296=CARTESIAN_POINT('',(2.325,0.945,1.086));
#18297=CARTESIAN_POINT('',(2.325,0.945,1.5));
#18298=CARTESIAN_POINT('',(-2.175,0.945,1.5));
#18299=CARTESIAN_POINT('',(-2.325,0.945,1.5));
#18300=CARTESIAN_POINT('',(-2.175,0.945,1.086));
#18301=CARTESIAN_POINT('',(-2.175,0.945,1.086));
#18302=CARTESIAN_POINT('',(2.325,0.945,1.086));
#18303=CARTESIAN_POINT('',(-2.325,0.945,1.086));
#18304=CARTESIAN_POINT('',(-2.325,0.945,1.086));
#18305=CARTESIAN_POINT('',(2.325,0.945,1.086));
#18306=CARTESIAN_POINT('',(2.325,0.945,1.5));
#18307=CARTESIAN_POINT('',(2.325,0.945,1.5));
#18308=CARTESIAN_POINT('',(2.175,0.945,1.5));
#18309=CARTESIAN_POINT('',(2.325,0.945,1.086));
#18310=CARTESIAN_POINT('',(2.325,0.945,1.086));
#18311=CARTESIAN_POINT('',(2.325,0.945,1.086));
#18312=CARTESIAN_POINT('',(2.175,0.945,1.086));
#18313=CARTESIAN_POINT('',(2.175,0.945,1.086));
#18314=CARTESIAN_POINT('',(2.325,0.945,1.086));
#18315=CARTESIAN_POINT('',(2.325,0.945,1.5));
#18316=CARTESIAN_POINT('',(1.825,0.945,1.5));
#18317=CARTESIAN_POINT('',(1.675,0.945,1.5));
#18318=CARTESIAN_POINT('',(1.825,0.945,1.086));
#18319=CARTESIAN_POINT('',(1.825,0.945,1.086));
#18320=CARTESIAN_POINT('',(2.325,0.945,1.086));
#18321=CARTESIAN_POINT('',(1.675,0.945,1.086));
#18322=CARTESIAN_POINT('',(1.675,0.945,1.086));
#18323=CARTESIAN_POINT('',(2.325,0.945,1.086));
#18324=CARTESIAN_POINT('',(2.325,0.945,1.5));
#18325=CARTESIAN_POINT('',(1.325,0.945,1.5));
#18326=CARTESIAN_POINT('',(1.175,0.945,1.5));
#18327=CARTESIAN_POINT('',(1.325,0.945,1.086));
#18328=CARTESIAN_POINT('',(1.325,0.945,1.086));
#18329=CARTESIAN_POINT('',(2.325,0.945,1.086));
#18330=CARTESIAN_POINT('',(1.175,0.945,1.086));
#18331=CARTESIAN_POINT('',(1.175,0.945,1.086));
#18332=CARTESIAN_POINT('',(2.325,0.945,1.086));
#18333=CARTESIAN_POINT('',(2.325,0.945,1.5));
#18334=CARTESIAN_POINT('',(0.825,0.945,1.5));
#18335=CARTESIAN_POINT('',(0.675,0.945,1.5));
#18336=CARTESIAN_POINT('',(0.825,0.945,1.086));
#18337=CARTESIAN_POINT('',(0.825,0.945,1.086));
#18338=CARTESIAN_POINT('',(2.325,0.945,1.086));
#18339=CARTESIAN_POINT('',(0.675,0.945,1.086));
#18340=CARTESIAN_POINT('',(0.675,0.945,1.086));
#18341=CARTESIAN_POINT('',(2.325,0.945,1.086));
#18342=CARTESIAN_POINT('',(2.325,0.945,1.5));
#18343=CARTESIAN_POINT('',(0.325,0.945,1.5));
#18344=CARTESIAN_POINT('',(0.175,0.945,1.5));
#18345=CARTESIAN_POINT('',(0.325,0.945,1.086));
#18346=CARTESIAN_POINT('',(0.325,0.945,1.086));
#18347=CARTESIAN_POINT('',(2.325,0.945,1.086));
#18348=CARTESIAN_POINT('',(0.175,0.945,1.086));
#18349=CARTESIAN_POINT('',(0.175,0.945,1.086));
#18350=CARTESIAN_POINT('',(2.325,0.945,1.086));
#18351=CARTESIAN_POINT('',(2.325,0.945,1.5));
#18352=CARTESIAN_POINT('',(-0.175,0.945,1.5));
#18353=CARTESIAN_POINT('',(-0.325,0.945,1.5));
#18354=CARTESIAN_POINT('',(-0.175,0.945,1.086));
#18355=CARTESIAN_POINT('',(-0.175,0.945,1.086));
#18356=CARTESIAN_POINT('',(2.325,0.945,1.086));
#18357=CARTESIAN_POINT('',(-0.325,0.945,1.086));
#18358=CARTESIAN_POINT('',(-0.325,0.945,1.086));
#18359=CARTESIAN_POINT('',(2.325,0.945,1.086));
#18360=CARTESIAN_POINT('',(2.325,0.945,1.5));
#18361=CARTESIAN_POINT('',(-0.675,0.945,1.5));
#18362=CARTESIAN_POINT('',(-0.825,0.945,1.5));
#18363=CARTESIAN_POINT('',(-0.675,0.945,1.086));
#18364=CARTESIAN_POINT('',(-0.675,0.945,1.086));
#18365=CARTESIAN_POINT('',(2.325,0.945,1.086));
#18366=CARTESIAN_POINT('',(-0.825,0.945,1.086));
#18367=CARTESIAN_POINT('',(-0.825,0.945,1.086));
#18368=CARTESIAN_POINT('',(2.325,0.945,1.086));
#18369=CARTESIAN_POINT('',(2.325,0.945,1.5));
#18370=CARTESIAN_POINT('',(-1.175,0.945,1.5));
#18371=CARTESIAN_POINT('',(-1.325,0.945,1.5));
#18372=CARTESIAN_POINT('',(-1.175,0.945,1.086));
#18373=CARTESIAN_POINT('',(-1.175,0.945,1.086));
#18374=CARTESIAN_POINT('',(2.325,0.945,1.086));
#18375=CARTESIAN_POINT('',(-1.325,0.945,1.086));
#18376=CARTESIAN_POINT('',(-1.325,0.945,1.086));
#18377=CARTESIAN_POINT('',(2.325,0.945,1.086));
#18378=CARTESIAN_POINT('',(2.325,0.945,1.5));
#18379=CARTESIAN_POINT('',(-1.675,0.945,1.5));
#18380=CARTESIAN_POINT('',(-1.825,0.945,1.5));
#18381=CARTESIAN_POINT('',(-1.675,0.945,1.086));
#18382=CARTESIAN_POINT('',(-1.675,0.945,1.086));
#18383=CARTESIAN_POINT('',(2.325,0.945,1.086));
#18384=CARTESIAN_POINT('',(-1.825,0.945,1.086));
#18385=CARTESIAN_POINT('',(-1.825,0.945,1.086));
#18386=CARTESIAN_POINT('',(2.325,0.945,-2.4));
#18387=CARTESIAN_POINT('',(2.325,0.945,-1.5));
#18388=CARTESIAN_POINT('',(-1.825,0.945,-1.5));
#18389=CARTESIAN_POINT('',(-1.675,0.945000000000001,-1.5));
#18390=CARTESIAN_POINT('',(-1.825,0.945,-2.4));
#18391=CARTESIAN_POINT('',(-1.825,0.945,-1.086));
#18392=CARTESIAN_POINT('',(2.325,0.945,-1.086));
#18393=CARTESIAN_POINT('',(-1.675,0.945,-1.086));
#18394=CARTESIAN_POINT('',(-1.675,0.945,-2.4));
#18395=CARTESIAN_POINT('',(2.325,0.844999999999999,2.4));
#18396=CARTESIAN_POINT('',(2.325,0.3,2.4));
#18397=CARTESIAN_POINT('',(2.325,0.3,1.5));
#18398=CARTESIAN_POINT('',(2.325,0.3,-1.5));
#18399=CARTESIAN_POINT('',(2.325,0.844999999999999,-1.5));
#18400=CARTESIAN_POINT('',(2.325,0.945,-1.086));
#18401=CARTESIAN_POINT('',(2.325,2.625,-1.086));
#18402=CARTESIAN_POINT('',(2.325,2.625,-1.086));
#18403=CARTESIAN_POINT('',(2.325,2.625,-0.875));
#18404=CARTESIAN_POINT('',(2.325,2.625,-0.875));
#18405=CARTESIAN_POINT('',(2.325,2.325,-0.575));
#18406=CARTESIAN_POINT('',(2.325,2.325,-0.575));
#18407=CARTESIAN_POINT('',(2.325,0.549999999999999,-0.730292377758515));
#18408=CARTESIAN_POINT('',(2.325,0.549999999999999,-0.730292377758515));
#18409=CARTESIAN_POINT('',(2.325,0.55,0.730292377758515));
#18410=CARTESIAN_POINT('',(2.325,0.55,0.730292377758515));
#18411=CARTESIAN_POINT('',(2.325,2.325,0.575));
#18412=CARTESIAN_POINT('',(2.325,2.325,0.575));
#18413=CARTESIAN_POINT('',(2.325,2.625,0.875));
#18414=CARTESIAN_POINT('',(2.325,2.625,0.875));
#18415=CARTESIAN_POINT('',(2.325,2.625,1.086));
#18416=CARTESIAN_POINT('',(2.325,2.625,1.086));
#18417=CARTESIAN_POINT('',(2.325,0.844999999999999,1.5));
#18418=CARTESIAN_POINT('',(-2.325,0.844999999999999,2.4));
#18419=CARTESIAN_POINT('',(-2.325,0.844999999999999,-1.5));
#18420=CARTESIAN_POINT('',(-2.325,0.3,-1.5));
#18421=CARTESIAN_POINT('',(-2.325,0.3,2.4));
#18422=CARTESIAN_POINT('',(-2.325,0.3,1.5));
#18423=CARTESIAN_POINT('',(-2.325,0.844999999999999,1.5));
#18424=CARTESIAN_POINT('',(-2.325,2.625,1.086));
#18425=CARTESIAN_POINT('',(-2.325,2.625,1.086));
#18426=CARTESIAN_POINT('',(-2.325,2.625,0.875));
#18427=CARTESIAN_POINT('',(-2.325,2.625,0.875));
#18428=CARTESIAN_POINT('',(-2.325,2.325,0.575));
#18429=CARTESIAN_POINT('',(-2.325,2.325,0.575));
#18430=CARTESIAN_POINT('',(-2.325,0.55,0.730292377758515));
#18431=CARTESIAN_POINT('',(-2.325,0.55,0.730292377758515));
#18432=CARTESIAN_POINT('',(-2.325,0.549999999999999,-0.730292377758515));
#18433=CARTESIAN_POINT('',(-2.325,0.549999999999999,-0.730292377758515));
#18434=CARTESIAN_POINT('',(-2.325,2.325,-0.575));
#18435=CARTESIAN_POINT('',(-2.325,2.325,-0.575));
#18436=CARTESIAN_POINT('',(-2.325,2.625,-0.875));
#18437=CARTESIAN_POINT('',(-2.325,2.625,-0.875));
#18438=CARTESIAN_POINT('',(-2.325,2.625,-1.086));
#18439=CARTESIAN_POINT('',(-2.325,2.625,-1.086));
#18440=CARTESIAN_POINT('',(-2.325,0.945,-1.086));
#18441=CARTESIAN_POINT('',(-1.825,-1.,3.2));
#18442=CARTESIAN_POINT('',(-1.825,-1.,0.2));
#18443=CARTESIAN_POINT('',(-1.825,0.3,0.2));
#18444=CARTESIAN_POINT('',(-1.825,0.55,0.2));
#18445=CARTESIAN_POINT('',(-1.825,0.3,3.2));
#18446=CARTESIAN_POINT('',(-1.825,0.3,1.5));
#18447=CARTESIAN_POINT('',(-1.825,-1.,1.5));
#18448=CARTESIAN_POINT('',(-1.825,2.625,1.086));
#18449=CARTESIAN_POINT('',(-1.825,2.625,1.086));
#18450=CARTESIAN_POINT('',(-1.825,2.625,0.875));
#18451=CARTESIAN_POINT('',(-1.825,2.625,0.875));
#18452=CARTESIAN_POINT('',(-1.825,2.325,0.575));
#18453=CARTESIAN_POINT('',(-1.825,2.325,0.575));
#18454=CARTESIAN_POINT('',(-1.825,0.55,0.730292377758515));
#18455=CARTESIAN_POINT('',(-1.825,0.55,0.730292377758515));
#18456=CARTESIAN_POINT('',(-1.825,0.549999999999999,-0.730292377758515));
#18457=CARTESIAN_POINT('',(-2.175,3.,3.2));
#18458=CARTESIAN_POINT('',(-2.175,3.,1.5));
#18459=CARTESIAN_POINT('',(-2.175,0.3,1.5));
#18460=CARTESIAN_POINT('',(-2.175,0.3,3.2));
#18461=CARTESIAN_POINT('',(-2.175,0.3,0.2));
#18462=CARTESIAN_POINT('',(-2.175,3.,0.2));
#18463=CARTESIAN_POINT('',(-2.175,0.55,0.2));
#18464=CARTESIAN_POINT('',(-2.175,0.549999999999999,-0.730292377758515));
#18465=CARTESIAN_POINT('',(-2.175,0.55,0.730292377758515));
#18466=CARTESIAN_POINT('',(-2.175,0.55,0.730292377758515));
#18467=CARTESIAN_POINT('',(-2.175,2.325,0.575));
#18468=CARTESIAN_POINT('',(-2.175,2.325,0.575));
#18469=CARTESIAN_POINT('',(-2.175,2.625,0.875));
#18470=CARTESIAN_POINT('',(-2.175,2.625,0.875));
#18471=CARTESIAN_POINT('',(-2.175,2.625,1.086));
#18472=CARTESIAN_POINT('',(-2.175,2.625,1.086));
#18473=CARTESIAN_POINT('',(0.,0.,0.2));
#18474=CARTESIAN_POINT('',(0.,0.3,0.2));
#18475=CARTESIAN_POINT('',(2.325,0.55,0.2));
#18476=CARTESIAN_POINT('',(-1.325,-1.,3.2));
#18477=CARTESIAN_POINT('',(-1.325,-1.,0.2));
#18478=CARTESIAN_POINT('',(-1.325,0.3,0.2));
#18479=CARTESIAN_POINT('',(-1.325,0.55,0.2));
#18480=CARTESIAN_POINT('',(-1.325,0.3,3.2));
#18481=CARTESIAN_POINT('',(-1.325,0.3,1.5));
#18482=CARTESIAN_POINT('',(-1.325,-1.,1.5));
#18483=CARTESIAN_POINT('',(-1.325,2.625,1.086));
#18484=CARTESIAN_POINT('',(-1.325,2.625,1.086));
#18485=CARTESIAN_POINT('',(-1.325,2.625,0.875));
#18486=CARTESIAN_POINT('',(-1.325,2.625,0.875));
#18487=CARTESIAN_POINT('',(-1.325,2.325,0.575));
#18488=CARTESIAN_POINT('',(-1.325,2.325,0.575));
#18489=CARTESIAN_POINT('',(-1.325,0.55,0.730292377758515));
#18490=CARTESIAN_POINT('',(-1.325,0.55,0.730292377758515));
#18491=CARTESIAN_POINT('',(-1.325,0.549999999999999,-0.730292377758515));
#18492=CARTESIAN_POINT('',(-1.675,3.,3.2));
#18493=CARTESIAN_POINT('',(-1.675,3.,1.5));
#18494=CARTESIAN_POINT('',(-1.675,0.3,1.5));
#18495=CARTESIAN_POINT('',(-1.675,0.3,3.2));
#18496=CARTESIAN_POINT('',(-1.675,0.3,0.2));
#18497=CARTESIAN_POINT('',(-1.675,3.,0.2));
#18498=CARTESIAN_POINT('',(-1.675,0.55,0.2));
#18499=CARTESIAN_POINT('',(-1.675,0.549999999999999,-0.730292377758515));
#18500=CARTESIAN_POINT('',(-1.675,0.55,0.730292377758515));
#18501=CARTESIAN_POINT('',(-1.675,0.55,0.730292377758515));
#18502=CARTESIAN_POINT('',(-1.675,2.325,0.575));
#18503=CARTESIAN_POINT('',(-1.675,2.325,0.575));
#18504=CARTESIAN_POINT('',(-1.675,2.625,0.875));
#18505=CARTESIAN_POINT('',(-1.675,2.625,0.875));
#18506=CARTESIAN_POINT('',(-1.675,2.625,1.086));
#18507=CARTESIAN_POINT('',(-1.675,2.625,1.086));
#18508=CARTESIAN_POINT('',(0.,0.,0.2));
#18509=CARTESIAN_POINT('',(0.,0.3,0.2));
#18510=CARTESIAN_POINT('',(2.325,0.55,0.2));
#18511=CARTESIAN_POINT('',(-0.825,-1.,3.2));
#18512=CARTESIAN_POINT('',(-0.825,-1.,0.2));
#18513=CARTESIAN_POINT('',(-0.825,0.3,0.2));
#18514=CARTESIAN_POINT('',(-0.825,0.55,0.2));
#18515=CARTESIAN_POINT('',(-0.825,0.3,3.2));
#18516=CARTESIAN_POINT('',(-0.824999999999999,0.3,1.5));
#18517=CARTESIAN_POINT('',(-0.825,-1.,1.5));
#18518=CARTESIAN_POINT('',(-0.825,2.625,1.086));
#18519=CARTESIAN_POINT('',(-0.825,2.625,1.086));
#18520=CARTESIAN_POINT('',(-0.825,2.625,0.875));
#18521=CARTESIAN_POINT('',(-0.825,2.625,0.875));
#18522=CARTESIAN_POINT('',(-0.825,2.325,0.575));
#18523=CARTESIAN_POINT('',(-0.825,2.325,0.575));
#18524=CARTESIAN_POINT('',(-0.825,0.55,0.730292377758515));
#18525=CARTESIAN_POINT('',(-0.825,0.55,0.730292377758515));
#18526=CARTESIAN_POINT('',(-0.825,0.549999999999999,-0.730292377758515));
#18527=CARTESIAN_POINT('',(-1.175,3.,3.2));
#18528=CARTESIAN_POINT('',(-1.175,3.,1.5));
#18529=CARTESIAN_POINT('',(-1.175,0.3,1.5));
#18530=CARTESIAN_POINT('',(-1.175,0.3,3.2));
#18531=CARTESIAN_POINT('',(-1.175,0.3,0.2));
#18532=CARTESIAN_POINT('',(-1.175,3.,0.2));
#18533=CARTESIAN_POINT('',(-1.175,0.55,0.2));
#18534=CARTESIAN_POINT('',(-1.175,0.549999999999999,-0.730292377758515));
#18535=CARTESIAN_POINT('',(-1.175,0.55,0.730292377758515));
#18536=CARTESIAN_POINT('',(-1.175,0.55,0.730292377758515));
#18537=CARTESIAN_POINT('',(-1.175,2.325,0.575));
#18538=CARTESIAN_POINT('',(-1.175,2.325,0.575));
#18539=CARTESIAN_POINT('',(-1.175,2.625,0.875));
#18540=CARTESIAN_POINT('',(-1.175,2.625,0.875));
#18541=CARTESIAN_POINT('',(-1.175,2.625,1.086));
#18542=CARTESIAN_POINT('',(-1.175,2.625,1.086));
#18543=CARTESIAN_POINT('',(0.,0.,0.2));
#18544=CARTESIAN_POINT('',(0.,0.3,0.2));
#18545=CARTESIAN_POINT('',(2.325,0.55,0.2));
#18546=CARTESIAN_POINT('',(-0.325,-1.,3.2));
#18547=CARTESIAN_POINT('',(-0.325,-1.,0.2));
#18548=CARTESIAN_POINT('',(-0.325,0.3,0.2));
#18549=CARTESIAN_POINT('',(-0.325,0.55,0.2));
#18550=CARTESIAN_POINT('',(-0.325,0.3,3.2));
#18551=CARTESIAN_POINT('',(-0.324999999999999,0.3,1.5));
#18552=CARTESIAN_POINT('',(-0.325,-1.,1.5));
#18553=CARTESIAN_POINT('',(-0.325,2.625,1.086));
#18554=CARTESIAN_POINT('',(-0.325,2.625,1.086));
#18555=CARTESIAN_POINT('',(-0.325,2.625,0.875));
#18556=CARTESIAN_POINT('',(-0.325,2.625,0.875));
#18557=CARTESIAN_POINT('',(-0.325,2.325,0.575));
#18558=CARTESIAN_POINT('',(-0.325,2.325,0.575));
#18559=CARTESIAN_POINT('',(-0.325,0.55,0.730292377758515));
#18560=CARTESIAN_POINT('',(-0.325,0.55,0.730292377758515));
#18561=CARTESIAN_POINT('',(-0.325,0.549999999999999,-0.730292377758515));
#18562=CARTESIAN_POINT('',(-0.675,3.,3.2));
#18563=CARTESIAN_POINT('',(-0.675,3.,1.5));
#18564=CARTESIAN_POINT('',(-0.675000000000002,0.3,1.5));
#18565=CARTESIAN_POINT('',(-0.675,0.3,3.2));
#18566=CARTESIAN_POINT('',(-0.675,0.3,0.2));
#18567=CARTESIAN_POINT('',(-0.675,3.,0.2));
#18568=CARTESIAN_POINT('',(-0.675,0.55,0.2));
#18569=CARTESIAN_POINT('',(-0.675,0.549999999999999,-0.730292377758515));
#18570=CARTESIAN_POINT('',(-0.675,0.55,0.730292377758515));
#18571=CARTESIAN_POINT('',(-0.675,0.55,0.730292377758515));
#18572=CARTESIAN_POINT('',(-0.675,2.325,0.575));
#18573=CARTESIAN_POINT('',(-0.675,2.325,0.575));
#18574=CARTESIAN_POINT('',(-0.675,2.625,0.875));
#18575=CARTESIAN_POINT('',(-0.675,2.625,0.875));
#18576=CARTESIAN_POINT('',(-0.675,2.625,1.086));
#18577=CARTESIAN_POINT('',(-0.675,2.625,1.086));
#18578=CARTESIAN_POINT('',(0.,0.,0.2));
#18579=CARTESIAN_POINT('',(0.,0.3,0.2));
#18580=CARTESIAN_POINT('',(2.325,0.55,0.2));
#18581=CARTESIAN_POINT('',(0.175,-1.,3.2));
#18582=CARTESIAN_POINT('',(0.175,-1.,0.2));
#18583=CARTESIAN_POINT('',(0.175,0.3,0.2));
#18584=CARTESIAN_POINT('',(0.175,0.55,0.2));
#18585=CARTESIAN_POINT('',(0.175,0.3,3.2));
#18586=CARTESIAN_POINT('',(0.175000000000002,0.3,1.5));
#18587=CARTESIAN_POINT('',(0.175,-1.,1.5));
#18588=CARTESIAN_POINT('',(0.175,2.625,1.086));
#18589=CARTESIAN_POINT('',(0.175,2.625,1.086));
#18590=CARTESIAN_POINT('',(0.175,2.625,0.875));
#18591=CARTESIAN_POINT('',(0.175,2.625,0.875));
#18592=CARTESIAN_POINT('',(0.175,2.325,0.575));
#18593=CARTESIAN_POINT('',(0.175,2.325,0.575));
#18594=CARTESIAN_POINT('',(0.175,0.55,0.730292377758515));
#18595=CARTESIAN_POINT('',(0.175,0.55,0.730292377758515));
#18596=CARTESIAN_POINT('',(0.175,0.549999999999999,-0.730292377758515));
#18597=CARTESIAN_POINT('',(-0.175,3.,3.2));
#18598=CARTESIAN_POINT('',(-0.175,3.,1.5));
#18599=CARTESIAN_POINT('',(-0.175000000000002,0.3,1.5));
#18600=CARTESIAN_POINT('',(-0.175,0.3,3.2));
#18601=CARTESIAN_POINT('',(-0.175,0.3,0.2));
#18602=CARTESIAN_POINT('',(-0.175,3.,0.2));
#18603=CARTESIAN_POINT('',(-0.175,0.55,0.2));
#18604=CARTESIAN_POINT('',(-0.175,0.549999999999999,-0.730292377758515));
#18605=CARTESIAN_POINT('',(-0.175,0.55,0.730292377758515));
#18606=CARTESIAN_POINT('',(-0.175,0.55,0.730292377758515));
#18607=CARTESIAN_POINT('',(-0.175,2.325,0.575));
#18608=CARTESIAN_POINT('',(-0.175,2.325,0.575));
#18609=CARTESIAN_POINT('',(-0.175,2.625,0.875));
#18610=CARTESIAN_POINT('',(-0.175,2.625,0.875));
#18611=CARTESIAN_POINT('',(-0.175,2.625,1.086));
#18612=CARTESIAN_POINT('',(-0.175,2.625,1.086));
#18613=CARTESIAN_POINT('',(0.,0.,0.2));
#18614=CARTESIAN_POINT('',(0.,0.3,0.2));
#18615=CARTESIAN_POINT('',(2.325,0.55,0.2));
#18616=CARTESIAN_POINT('',(0.675,-1.,3.2));
#18617=CARTESIAN_POINT('',(0.675,-1.,0.2));
#18618=CARTESIAN_POINT('',(0.675,0.3,0.2));
#18619=CARTESIAN_POINT('',(0.675,0.55,0.2));
#18620=CARTESIAN_POINT('',(0.675,0.3,3.2));
#18621=CARTESIAN_POINT('',(0.675000000000002,0.3,1.5));
#18622=CARTESIAN_POINT('',(0.675,-1.,1.5));
#18623=CARTESIAN_POINT('',(0.675,2.625,1.086));
#18624=CARTESIAN_POINT('',(0.675,2.625,1.086));
#18625=CARTESIAN_POINT('',(0.675,2.625,0.875));
#18626=CARTESIAN_POINT('',(0.675,2.625,0.875));
#18627=CARTESIAN_POINT('',(0.675,2.325,0.575));
#18628=CARTESIAN_POINT('',(0.675,2.325,0.575));
#18629=CARTESIAN_POINT('',(0.675,0.55,0.730292377758515));
#18630=CARTESIAN_POINT('',(0.675,0.55,0.730292377758515));
#18631=CARTESIAN_POINT('',(0.675,0.549999999999999,-0.730292377758515));
#18632=CARTESIAN_POINT('',(0.325,3.,3.2));
#18633=CARTESIAN_POINT('',(0.325,3.,1.5));
#18634=CARTESIAN_POINT('',(0.324999999999999,0.3,1.5));
#18635=CARTESIAN_POINT('',(0.325,0.3,3.2));
#18636=CARTESIAN_POINT('',(0.325,0.3,0.2));
#18637=CARTESIAN_POINT('',(0.325,3.,0.2));
#18638=CARTESIAN_POINT('',(0.325,0.55,0.2));
#18639=CARTESIAN_POINT('',(0.325,0.549999999999999,-0.730292377758515));
#18640=CARTESIAN_POINT('',(0.325,0.55,0.730292377758515));
#18641=CARTESIAN_POINT('',(0.325,0.55,0.730292377758515));
#18642=CARTESIAN_POINT('',(0.325,2.325,0.575));
#18643=CARTESIAN_POINT('',(0.325,2.325,0.575));
#18644=CARTESIAN_POINT('',(0.325,2.625,0.875));
#18645=CARTESIAN_POINT('',(0.325,2.625,0.875));
#18646=CARTESIAN_POINT('',(0.325,2.625,1.086));
#18647=CARTESIAN_POINT('',(0.325,2.625,1.086));
#18648=CARTESIAN_POINT('',(0.,0.,0.2));
#18649=CARTESIAN_POINT('',(0.,0.3,0.2));
#18650=CARTESIAN_POINT('',(2.325,0.55,0.2));
#18651=CARTESIAN_POINT('',(1.175,-1.,3.2));
#18652=CARTESIAN_POINT('',(1.175,-1.,0.2));
#18653=CARTESIAN_POINT('',(1.175,0.3,0.2));
#18654=CARTESIAN_POINT('',(1.175,0.55,0.2));
#18655=CARTESIAN_POINT('',(1.175,0.3,3.2));
#18656=CARTESIAN_POINT('',(1.175,0.3,1.5));
#18657=CARTESIAN_POINT('',(1.175,-1.,1.5));
#18658=CARTESIAN_POINT('',(1.175,2.625,1.086));
#18659=CARTESIAN_POINT('',(1.175,2.625,1.086));
#18660=CARTESIAN_POINT('',(1.175,2.625,0.875));
#18661=CARTESIAN_POINT('',(1.175,2.625,0.875));
#18662=CARTESIAN_POINT('',(1.175,2.325,0.575));
#18663=CARTESIAN_POINT('',(1.175,2.325,0.575));
#18664=CARTESIAN_POINT('',(1.175,0.55,0.730292377758515));
#18665=CARTESIAN_POINT('',(1.175,0.55,0.730292377758515));
#18666=CARTESIAN_POINT('',(1.175,0.549999999999999,-0.730292377758515));
#18667=CARTESIAN_POINT('',(0.825,3.,3.2));
#18668=CARTESIAN_POINT('',(0.825,3.,1.5));
#18669=CARTESIAN_POINT('',(0.824999999999999,0.3,1.5));
#18670=CARTESIAN_POINT('',(0.825,0.3,3.2));
#18671=CARTESIAN_POINT('',(0.825,0.3,0.2));
#18672=CARTESIAN_POINT('',(0.825,3.,0.2));
#18673=CARTESIAN_POINT('',(0.825,0.55,0.2));
#18674=CARTESIAN_POINT('',(0.825,0.549999999999999,-0.730292377758515));
#18675=CARTESIAN_POINT('',(0.825,0.55,0.730292377758515));
#18676=CARTESIAN_POINT('',(0.825,0.55,0.730292377758515));
#18677=CARTESIAN_POINT('',(0.825,2.325,0.575));
#18678=CARTESIAN_POINT('',(0.825,2.325,0.575));
#18679=CARTESIAN_POINT('',(0.825,2.625,0.875));
#18680=CARTESIAN_POINT('',(0.825,2.625,0.875));
#18681=CARTESIAN_POINT('',(0.825,2.625,1.086));
#18682=CARTESIAN_POINT('',(0.825,2.625,1.086));
#18683=CARTESIAN_POINT('',(0.,0.,0.2));
#18684=CARTESIAN_POINT('',(0.,0.3,0.2));
#18685=CARTESIAN_POINT('',(2.325,0.55,0.2));
#18686=CARTESIAN_POINT('',(1.675,-1.,3.2));
#18687=CARTESIAN_POINT('',(1.675,-1.,0.2));
#18688=CARTESIAN_POINT('',(1.675,0.3,0.2));
#18689=CARTESIAN_POINT('',(1.675,0.55,0.2));
#18690=CARTESIAN_POINT('',(1.675,0.3,3.2));
#18691=CARTESIAN_POINT('',(1.675,0.3,1.5));
#18692=CARTESIAN_POINT('',(1.675,-1.,1.5));
#18693=CARTESIAN_POINT('',(1.675,2.625,1.086));
#18694=CARTESIAN_POINT('',(1.675,2.625,1.086));
#18695=CARTESIAN_POINT('',(1.675,2.625,0.875));
#18696=CARTESIAN_POINT('',(1.675,2.625,0.875));
#18697=CARTESIAN_POINT('',(1.675,2.325,0.575));
#18698=CARTESIAN_POINT('',(1.675,2.325,0.575));
#18699=CARTESIAN_POINT('',(1.675,0.55,0.730292377758515));
#18700=CARTESIAN_POINT('',(1.675,0.55,0.730292377758515));
#18701=CARTESIAN_POINT('',(1.675,0.549999999999999,-0.730292377758515));
#18702=CARTESIAN_POINT('',(1.325,3.,3.2));
#18703=CARTESIAN_POINT('',(1.325,3.,1.5));
#18704=CARTESIAN_POINT('',(1.325,0.3,1.5));
#18705=CARTESIAN_POINT('',(1.325,0.3,3.2));
#18706=CARTESIAN_POINT('',(1.325,0.3,0.2));
#18707=CARTESIAN_POINT('',(1.325,3.,0.2));
#18708=CARTESIAN_POINT('',(1.325,0.55,0.2));
#18709=CARTESIAN_POINT('',(1.325,0.549999999999999,-0.730292377758515));
#18710=CARTESIAN_POINT('',(1.325,0.55,0.730292377758515));
#18711=CARTESIAN_POINT('',(1.325,0.55,0.730292377758515));
#18712=CARTESIAN_POINT('',(1.325,2.325,0.575));
#18713=CARTESIAN_POINT('',(1.325,2.325,0.575));
#18714=CARTESIAN_POINT('',(1.325,2.625,0.875));
#18715=CARTESIAN_POINT('',(1.325,2.625,0.875));
#18716=CARTESIAN_POINT('',(1.325,2.625,1.086));
#18717=CARTESIAN_POINT('',(1.325,2.625,1.086));
#18718=CARTESIAN_POINT('',(0.,0.,0.2));
#18719=CARTESIAN_POINT('',(0.,0.3,0.2));
#18720=CARTESIAN_POINT('',(2.325,0.55,0.2));
#18721=CARTESIAN_POINT('',(0.,0.,0.2));
#18722=CARTESIAN_POINT('',(1.825,3.,0.2));
#18723=CARTESIAN_POINT('',(1.825,0.55,0.2));
#18724=CARTESIAN_POINT('',(1.825,0.3,0.2));
#18725=CARTESIAN_POINT('',(0.,0.3,0.2));
#18726=CARTESIAN_POINT('',(2.175,0.3,0.2));
#18727=CARTESIAN_POINT('',(2.175,-1.,0.2));
#18728=CARTESIAN_POINT('',(2.175,0.55,0.2));
#18729=CARTESIAN_POINT('',(2.325,0.55,0.2));
#18730=CARTESIAN_POINT('',(2.175,-1.,3.2));
#18731=CARTESIAN_POINT('',(2.175,0.3,3.2));
#18732=CARTESIAN_POINT('',(2.175,0.3,1.5));
#18733=CARTESIAN_POINT('',(2.175,-1.,1.5));
#18734=CARTESIAN_POINT('',(2.175,2.625,1.086));
#18735=CARTESIAN_POINT('',(2.175,2.625,1.086));
#18736=CARTESIAN_POINT('',(2.175,2.625,0.875));
#18737=CARTESIAN_POINT('',(2.175,2.625,0.875));
#18738=CARTESIAN_POINT('',(2.175,2.325,0.575));
#18739=CARTESIAN_POINT('',(2.175,2.325,0.575));
#18740=CARTESIAN_POINT('',(2.175,0.55,0.730292377758515));
#18741=CARTESIAN_POINT('',(2.175,0.55,0.730292377758515));
#18742=CARTESIAN_POINT('',(2.175,0.549999999999999,-0.730292377758515));
#18743=CARTESIAN_POINT('',(1.825,3.,3.2));
#18744=CARTESIAN_POINT('',(1.825,3.,1.5));
#18745=CARTESIAN_POINT('',(1.825,0.3,1.5));
#18746=CARTESIAN_POINT('',(1.825,0.3,3.2));
#18747=CARTESIAN_POINT('',(1.825,0.549999999999999,-0.730292377758515));
#18748=CARTESIAN_POINT('',(1.825,0.55,0.730292377758515));
#18749=CARTESIAN_POINT('',(1.825,0.55,0.730292377758515));
#18750=CARTESIAN_POINT('',(1.825,2.325,0.575));
#18751=CARTESIAN_POINT('',(1.825,2.325,0.575));
#18752=CARTESIAN_POINT('',(1.825,2.625,0.875));
#18753=CARTESIAN_POINT('',(1.825,2.625,0.875));
#18754=CARTESIAN_POINT('',(1.825,2.625,1.086));
#18755=CARTESIAN_POINT('',(1.825,2.625,1.086));
#18756=CARTESIAN_POINT('',(-1.825,-1.,-3.2));
#18757=CARTESIAN_POINT('',(-1.825,-1.,-1.5));
#18758=CARTESIAN_POINT('',(-1.825,0.3,-1.5));
#18759=CARTESIAN_POINT('',(-1.825,0.3,-3.2));
#18760=CARTESIAN_POINT('',(-1.825,0.3,-0.2));
#18761=CARTESIAN_POINT('',(-1.825,-1.,-0.2));
#18762=CARTESIAN_POINT('',(-1.825,0.549999999999999,-0.2));
#18763=CARTESIAN_POINT('',(-1.825,0.549999999999999,-0.730292377758515));
#18764=CARTESIAN_POINT('',(-1.825,0.549999999999999,-0.730292377758515));
#18765=CARTESIAN_POINT('',(-1.825,2.325,-0.575));
#18766=CARTESIAN_POINT('',(-1.825,2.325,-0.575));
#18767=CARTESIAN_POINT('',(-1.825,2.625,-0.875));
#18768=CARTESIAN_POINT('',(-1.825,2.625,-0.875));
#18769=CARTESIAN_POINT('',(-1.825,2.625,-1.086));
#18770=CARTESIAN_POINT('',(-1.825,2.625,-1.086));
#18771=CARTESIAN_POINT('',(-1.825,0.945,-1.086));
#18772=CARTESIAN_POINT('',(-2.175,3.,-3.2));
#18773=CARTESIAN_POINT('',(-2.175,3.,-1.5));
#18774=CARTESIAN_POINT('',(-2.175,0.3,-1.5));
#18775=CARTESIAN_POINT('',(-2.175,0.945,-1.086));
#18776=CARTESIAN_POINT('',(-2.175,2.625,-1.086));
#18777=CARTESIAN_POINT('',(-2.175,2.625,-1.086));
#18778=CARTESIAN_POINT('',(-2.175,2.625,-0.875));
#18779=CARTESIAN_POINT('',(-2.175,2.625,-0.875));
#18780=CARTESIAN_POINT('',(-2.175,2.325,-0.575));
#18781=CARTESIAN_POINT('',(-2.175,2.325,-0.575));
#18782=CARTESIAN_POINT('',(-2.175,0.549999999999999,-0.730292377758515));
#18783=CARTESIAN_POINT('',(-2.175,0.549999999999999,-0.730292377758515));
#18784=CARTESIAN_POINT('',(-2.175,0.549999999999999,-0.2));
#18785=CARTESIAN_POINT('',(-2.175,3.,-0.2));
#18786=CARTESIAN_POINT('',(-2.175,0.3,-0.2));
#18787=CARTESIAN_POINT('',(-2.175,0.3,-3.2));
#18788=CARTESIAN_POINT('',(0.,0.,-0.2));
#18789=CARTESIAN_POINT('',(0.,0.3,-0.2));
#18790=CARTESIAN_POINT('',(2.325,0.549999999999999,-0.2));
#18791=CARTESIAN_POINT('',(-1.325,-1.,-3.2));
#18792=CARTESIAN_POINT('',(-1.325,-1.,-1.5));
#18793=CARTESIAN_POINT('',(-1.325,0.3,-1.5));
#18794=CARTESIAN_POINT('',(-1.325,0.3,-3.2));
#18795=CARTESIAN_POINT('',(-1.325,0.3,-0.2));
#18796=CARTESIAN_POINT('',(-1.325,-1.,-0.2));
#18797=CARTESIAN_POINT('',(-1.325,0.549999999999999,-0.2));
#18798=CARTESIAN_POINT('',(-1.325,0.549999999999999,-0.730292377758515));
#18799=CARTESIAN_POINT('',(-1.325,0.549999999999999,-0.730292377758515));
#18800=CARTESIAN_POINT('',(-1.325,2.325,-0.575));
#18801=CARTESIAN_POINT('',(-1.325,2.325,-0.575));
#18802=CARTESIAN_POINT('',(-1.325,2.625,-0.875));
#18803=CARTESIAN_POINT('',(-1.325,2.625,-0.875));
#18804=CARTESIAN_POINT('',(-1.325,2.625,-1.086));
#18805=CARTESIAN_POINT('',(-1.325,2.625,-1.086));
#18806=CARTESIAN_POINT('',(-1.325,0.945,-1.086));
#18807=CARTESIAN_POINT('',(-1.675,3.,-3.2));
#18808=CARTESIAN_POINT('',(-1.675,3.,-1.5));
#18809=CARTESIAN_POINT('',(-1.675,0.3,-1.5));
#18810=CARTESIAN_POINT('',(-1.675,0.945,-1.086));
#18811=CARTESIAN_POINT('',(-1.675,2.625,-1.086));
#18812=CARTESIAN_POINT('',(-1.675,2.625,-1.086));
#18813=CARTESIAN_POINT('',(-1.675,2.625,-0.875));
#18814=CARTESIAN_POINT('',(-1.675,2.625,-0.875));
#18815=CARTESIAN_POINT('',(-1.675,2.325,-0.575));
#18816=CARTESIAN_POINT('',(-1.675,2.325,-0.575));
#18817=CARTESIAN_POINT('',(-1.675,0.549999999999999,-0.730292377758515));
#18818=CARTESIAN_POINT('',(-1.675,0.549999999999999,-0.730292377758515));
#18819=CARTESIAN_POINT('',(-1.675,0.549999999999999,-0.2));
#18820=CARTESIAN_POINT('',(-1.675,3.,-0.2));
#18821=CARTESIAN_POINT('',(-1.675,0.3,-0.2));
#18822=CARTESIAN_POINT('',(-1.675,0.3,-3.2));
#18823=CARTESIAN_POINT('',(0.,0.,-0.2));
#18824=CARTESIAN_POINT('',(0.,0.3,-0.2));
#18825=CARTESIAN_POINT('',(2.325,0.549999999999999,-0.2));
#18826=CARTESIAN_POINT('',(-0.825,-1.,-3.2));
#18827=CARTESIAN_POINT('',(-0.825,-1.,-1.5));
#18828=CARTESIAN_POINT('',(-0.824999999999999,0.3,-1.5));
#18829=CARTESIAN_POINT('',(-0.825,0.3,-3.2));
#18830=CARTESIAN_POINT('',(-0.825,0.3,-0.2));
#18831=CARTESIAN_POINT('',(-0.825,-1.,-0.2));
#18832=CARTESIAN_POINT('',(-0.825,0.549999999999999,-0.2));
#18833=CARTESIAN_POINT('',(-0.825,0.549999999999999,-0.730292377758515));
#18834=CARTESIAN_POINT('',(-0.825,0.549999999999999,-0.730292377758515));
#18835=CARTESIAN_POINT('',(-0.825,2.325,-0.575));
#18836=CARTESIAN_POINT('',(-0.825,2.325,-0.575));
#18837=CARTESIAN_POINT('',(-0.825,2.625,-0.875));
#18838=CARTESIAN_POINT('',(-0.825,2.625,-0.875));
#18839=CARTESIAN_POINT('',(-0.825,2.625,-1.086));
#18840=CARTESIAN_POINT('',(-0.825,2.625,-1.086));
#18841=CARTESIAN_POINT('',(-0.825,0.945,-1.086));
#18842=CARTESIAN_POINT('',(-1.175,3.,-3.2));
#18843=CARTESIAN_POINT('',(-1.175,3.,-1.5));
#18844=CARTESIAN_POINT('',(-1.175,0.3,-1.5));
#18845=CARTESIAN_POINT('',(-1.175,0.945,-1.086));
#18846=CARTESIAN_POINT('',(-1.175,2.625,-1.086));
#18847=CARTESIAN_POINT('',(-1.175,2.625,-1.086));
#18848=CARTESIAN_POINT('',(-1.175,2.625,-0.875));
#18849=CARTESIAN_POINT('',(-1.175,2.625,-0.875));
#18850=CARTESIAN_POINT('',(-1.175,2.325,-0.575));
#18851=CARTESIAN_POINT('',(-1.175,2.325,-0.575));
#18852=CARTESIAN_POINT('',(-1.175,0.549999999999999,-0.730292377758515));
#18853=CARTESIAN_POINT('',(-1.175,0.549999999999999,-0.730292377758515));
#18854=CARTESIAN_POINT('',(-1.175,0.549999999999999,-0.2));
#18855=CARTESIAN_POINT('',(-1.175,3.,-0.2));
#18856=CARTESIAN_POINT('',(-1.175,0.3,-0.2));
#18857=CARTESIAN_POINT('',(-1.175,0.3,-3.2));
#18858=CARTESIAN_POINT('',(0.,0.,-0.2));
#18859=CARTESIAN_POINT('',(0.,0.3,-0.2));
#18860=CARTESIAN_POINT('',(2.325,0.549999999999999,-0.2));
#18861=CARTESIAN_POINT('',(-0.325,-1.,-3.2));
#18862=CARTESIAN_POINT('',(-0.325,-1.,-1.5));
#18863=CARTESIAN_POINT('',(-0.324999999999999,0.3,-1.5));
#18864=CARTESIAN_POINT('',(-0.325,0.3,-3.2));
#18865=CARTESIAN_POINT('',(-0.325,0.3,-0.2));
#18866=CARTESIAN_POINT('',(-0.325,-1.,-0.2));
#18867=CARTESIAN_POINT('',(-0.325,0.549999999999999,-0.2));
#18868=CARTESIAN_POINT('',(-0.325,0.549999999999999,-0.730292377758515));
#18869=CARTESIAN_POINT('',(-0.325,0.549999999999999,-0.730292377758515));
#18870=CARTESIAN_POINT('',(-0.325,2.325,-0.575));
#18871=CARTESIAN_POINT('',(-0.325,2.325,-0.575));
#18872=CARTESIAN_POINT('',(-0.325,2.625,-0.875));
#18873=CARTESIAN_POINT('',(-0.325,2.625,-0.875));
#18874=CARTESIAN_POINT('',(-0.325,2.625,-1.086));
#18875=CARTESIAN_POINT('',(-0.325,2.625,-1.086));
#18876=CARTESIAN_POINT('',(-0.325,0.945,-1.086));
#18877=CARTESIAN_POINT('',(-0.675,3.,-3.2));
#18878=CARTESIAN_POINT('',(-0.675,3.,-1.5));
#18879=CARTESIAN_POINT('',(-0.675000000000002,0.3,-1.5));
#18880=CARTESIAN_POINT('',(-0.675,0.945,-1.086));
#18881=CARTESIAN_POINT('',(-0.675,2.625,-1.086));
#18882=CARTESIAN_POINT('',(-0.675,2.625,-1.086));
#18883=CARTESIAN_POINT('',(-0.675,2.625,-0.875));
#18884=CARTESIAN_POINT('',(-0.675,2.625,-0.875));
#18885=CARTESIAN_POINT('',(-0.675,2.325,-0.575));
#18886=CARTESIAN_POINT('',(-0.675,2.325,-0.575));
#18887=CARTESIAN_POINT('',(-0.675,0.549999999999999,-0.730292377758515));
#18888=CARTESIAN_POINT('',(-0.675,0.549999999999999,-0.730292377758515));
#18889=CARTESIAN_POINT('',(-0.675,0.549999999999999,-0.2));
#18890=CARTESIAN_POINT('',(-0.675,3.,-0.2));
#18891=CARTESIAN_POINT('',(-0.675,0.3,-0.2));
#18892=CARTESIAN_POINT('',(-0.675,0.3,-3.2));
#18893=CARTESIAN_POINT('',(0.,0.,-0.2));
#18894=CARTESIAN_POINT('',(0.,0.3,-0.2));
#18895=CARTESIAN_POINT('',(2.325,0.549999999999999,-0.2));
#18896=CARTESIAN_POINT('',(0.175,-1.,-3.2));
#18897=CARTESIAN_POINT('',(0.175,-1.,-1.5));
#18898=CARTESIAN_POINT('',(0.175000000000002,0.3,-1.5));
#18899=CARTESIAN_POINT('',(0.175,0.3,-3.2));
#18900=CARTESIAN_POINT('',(0.175,0.3,-0.2));
#18901=CARTESIAN_POINT('',(0.175,-1.,-0.2));
#18902=CARTESIAN_POINT('',(0.175,0.549999999999999,-0.2));
#18903=CARTESIAN_POINT('',(0.175,0.549999999999999,-0.730292377758515));
#18904=CARTESIAN_POINT('',(0.175,0.549999999999999,-0.730292377758515));
#18905=CARTESIAN_POINT('',(0.175,2.325,-0.575));
#18906=CARTESIAN_POINT('',(0.175,2.325,-0.575));
#18907=CARTESIAN_POINT('',(0.175,2.625,-0.875));
#18908=CARTESIAN_POINT('',(0.175,2.625,-0.875));
#18909=CARTESIAN_POINT('',(0.175,2.625,-1.086));
#18910=CARTESIAN_POINT('',(0.175,2.625,-1.086));
#18911=CARTESIAN_POINT('',(0.175,0.945,-1.086));
#18912=CARTESIAN_POINT('',(-0.175,3.,-3.2));
#18913=CARTESIAN_POINT('',(-0.175,3.,-1.5));
#18914=CARTESIAN_POINT('',(-0.175000000000002,0.3,-1.5));
#18915=CARTESIAN_POINT('',(-0.175,0.945,-1.086));
#18916=CARTESIAN_POINT('',(-0.175,2.625,-1.086));
#18917=CARTESIAN_POINT('',(-0.175,2.625,-1.086));
#18918=CARTESIAN_POINT('',(-0.175,2.625,-0.875));
#18919=CARTESIAN_POINT('',(-0.175,2.625,-0.875));
#18920=CARTESIAN_POINT('',(-0.175,2.325,-0.575));
#18921=CARTESIAN_POINT('',(-0.175,2.325,-0.575));
#18922=CARTESIAN_POINT('',(-0.175,0.549999999999999,-0.730292377758515));
#18923=CARTESIAN_POINT('',(-0.175,0.549999999999999,-0.730292377758515));
#18924=CARTESIAN_POINT('',(-0.175,0.549999999999999,-0.2));
#18925=CARTESIAN_POINT('',(-0.175,3.,-0.2));
#18926=CARTESIAN_POINT('',(-0.175,0.3,-0.2));
#18927=CARTESIAN_POINT('',(-0.175,0.3,-3.2));
#18928=CARTESIAN_POINT('',(0.,0.,-0.2));
#18929=CARTESIAN_POINT('',(0.,0.3,-0.2));
#18930=CARTESIAN_POINT('',(2.325,0.549999999999999,-0.2));
#18931=CARTESIAN_POINT('',(0.675,-1.,-3.2));
#18932=CARTESIAN_POINT('',(0.675,-1.,-1.5));
#18933=CARTESIAN_POINT('',(0.675000000000002,0.3,-1.5));
#18934=CARTESIAN_POINT('',(0.675,0.3,-3.2));
#18935=CARTESIAN_POINT('',(0.675,0.3,-0.2));
#18936=CARTESIAN_POINT('',(0.675,-1.,-0.2));
#18937=CARTESIAN_POINT('',(0.675,0.549999999999999,-0.2));
#18938=CARTESIAN_POINT('',(0.675,0.549999999999999,-0.730292377758515));
#18939=CARTESIAN_POINT('',(0.675,0.549999999999999,-0.730292377758515));
#18940=CARTESIAN_POINT('',(0.675,2.325,-0.575));
#18941=CARTESIAN_POINT('',(0.675,2.325,-0.575));
#18942=CARTESIAN_POINT('',(0.675,2.625,-0.875));
#18943=CARTESIAN_POINT('',(0.675,2.625,-0.875));
#18944=CARTESIAN_POINT('',(0.675,2.625,-1.086));
#18945=CARTESIAN_POINT('',(0.675,2.625,-1.086));
#18946=CARTESIAN_POINT('',(0.675,0.945,-1.086));
#18947=CARTESIAN_POINT('',(0.325,3.,-3.2));
#18948=CARTESIAN_POINT('',(0.325,3.,-1.5));
#18949=CARTESIAN_POINT('',(0.324999999999999,0.3,-1.5));
#18950=CARTESIAN_POINT('',(0.325,0.945,-1.086));
#18951=CARTESIAN_POINT('',(0.325,2.625,-1.086));
#18952=CARTESIAN_POINT('',(0.325,2.625,-1.086));
#18953=CARTESIAN_POINT('',(0.325,2.625,-0.875));
#18954=CARTESIAN_POINT('',(0.325,2.625,-0.875));
#18955=CARTESIAN_POINT('',(0.325,2.325,-0.575));
#18956=CARTESIAN_POINT('',(0.325,2.325,-0.575));
#18957=CARTESIAN_POINT('',(0.325,0.549999999999999,-0.730292377758515));
#18958=CARTESIAN_POINT('',(0.325,0.549999999999999,-0.730292377758515));
#18959=CARTESIAN_POINT('',(0.325,0.549999999999999,-0.2));
#18960=CARTESIAN_POINT('',(0.325,3.,-0.2));
#18961=CARTESIAN_POINT('',(0.325,0.3,-0.2));
#18962=CARTESIAN_POINT('',(0.325,0.3,-3.2));
#18963=CARTESIAN_POINT('',(0.,0.,-0.2));
#18964=CARTESIAN_POINT('',(0.,0.3,-0.2));
#18965=CARTESIAN_POINT('',(2.325,0.549999999999999,-0.2));
#18966=CARTESIAN_POINT('',(1.175,-1.,-3.2));
#18967=CARTESIAN_POINT('',(1.175,-1.,-1.5));
#18968=CARTESIAN_POINT('',(1.175,0.3,-1.5));
#18969=CARTESIAN_POINT('',(1.175,0.3,-3.2));
#18970=CARTESIAN_POINT('',(1.175,0.3,-0.2));
#18971=CARTESIAN_POINT('',(1.175,-1.,-0.2));
#18972=CARTESIAN_POINT('',(1.175,0.549999999999999,-0.2));
#18973=CARTESIAN_POINT('',(1.175,0.549999999999999,-0.730292377758515));
#18974=CARTESIAN_POINT('',(1.175,0.549999999999999,-0.730292377758515));
#18975=CARTESIAN_POINT('',(1.175,2.325,-0.575));
#18976=CARTESIAN_POINT('',(1.175,2.325,-0.575));
#18977=CARTESIAN_POINT('',(1.175,2.625,-0.875));
#18978=CARTESIAN_POINT('',(1.175,2.625,-0.875));
#18979=CARTESIAN_POINT('',(1.175,2.625,-1.086));
#18980=CARTESIAN_POINT('',(1.175,2.625,-1.086));
#18981=CARTESIAN_POINT('',(1.175,0.945,-1.086));
#18982=CARTESIAN_POINT('',(0.825,3.,-3.2));
#18983=CARTESIAN_POINT('',(0.825,3.,-1.5));
#18984=CARTESIAN_POINT('',(0.824999999999999,0.3,-1.5));
#18985=CARTESIAN_POINT('',(0.825,0.945,-1.086));
#18986=CARTESIAN_POINT('',(0.825,2.625,-1.086));
#18987=CARTESIAN_POINT('',(0.825,2.625,-1.086));
#18988=CARTESIAN_POINT('',(0.825,2.625,-0.875));
#18989=CARTESIAN_POINT('',(0.825,2.625,-0.875));
#18990=CARTESIAN_POINT('',(0.825,2.325,-0.575));
#18991=CARTESIAN_POINT('',(0.825,2.325,-0.575));
#18992=CARTESIAN_POINT('',(0.825,0.549999999999999,-0.730292377758515));
#18993=CARTESIAN_POINT('',(0.825,0.549999999999999,-0.730292377758515));
#18994=CARTESIAN_POINT('',(0.825,0.549999999999999,-0.2));
#18995=CARTESIAN_POINT('',(0.825,3.,-0.2));
#18996=CARTESIAN_POINT('',(0.825,0.3,-0.2));
#18997=CARTESIAN_POINT('',(0.825,0.3,-3.2));
#18998=CARTESIAN_POINT('',(0.,0.,-0.2));
#18999=CARTESIAN_POINT('',(0.,0.3,-0.2));
#19000=CARTESIAN_POINT('',(2.325,0.549999999999999,-0.2));
#19001=CARTESIAN_POINT('',(1.675,-1.,-3.2));
#19002=CARTESIAN_POINT('',(1.675,-1.,-1.5));
#19003=CARTESIAN_POINT('',(1.675,0.3,-1.5));
#19004=CARTESIAN_POINT('',(1.675,0.3,-3.2));
#19005=CARTESIAN_POINT('',(1.675,0.3,-0.2));
#19006=CARTESIAN_POINT('',(1.675,-1.,-0.2));
#19007=CARTESIAN_POINT('',(1.675,0.549999999999999,-0.2));
#19008=CARTESIAN_POINT('',(1.675,0.549999999999999,-0.730292377758515));
#19009=CARTESIAN_POINT('',(1.675,0.549999999999999,-0.730292377758515));
#19010=CARTESIAN_POINT('',(1.675,2.325,-0.575));
#19011=CARTESIAN_POINT('',(1.675,2.325,-0.575));
#19012=CARTESIAN_POINT('',(1.675,2.625,-0.875));
#19013=CARTESIAN_POINT('',(1.675,2.625,-0.875));
#19014=CARTESIAN_POINT('',(1.675,2.625,-1.086));
#19015=CARTESIAN_POINT('',(1.675,2.625,-1.086));
#19016=CARTESIAN_POINT('',(1.675,0.945,-1.086));
#19017=CARTESIAN_POINT('',(1.325,3.,-3.2));
#19018=CARTESIAN_POINT('',(1.325,3.,-1.5));
#19019=CARTESIAN_POINT('',(1.325,0.3,-1.5));
#19020=CARTESIAN_POINT('',(1.325,0.945,-1.086));
#19021=CARTESIAN_POINT('',(1.325,2.625,-1.086));
#19022=CARTESIAN_POINT('',(1.325,2.625,-1.086));
#19023=CARTESIAN_POINT('',(1.325,2.625,-0.875));
#19024=CARTESIAN_POINT('',(1.325,2.625,-0.875));
#19025=CARTESIAN_POINT('',(1.325,2.325,-0.575));
#19026=CARTESIAN_POINT('',(1.325,2.325,-0.575));
#19027=CARTESIAN_POINT('',(1.325,0.549999999999999,-0.730292377758515));
#19028=CARTESIAN_POINT('',(1.325,0.549999999999999,-0.730292377758515));
#19029=CARTESIAN_POINT('',(1.325,0.549999999999999,-0.2));
#19030=CARTESIAN_POINT('',(1.325,3.,-0.2));
#19031=CARTESIAN_POINT('',(1.325,0.3,-0.2));
#19032=CARTESIAN_POINT('',(1.325,0.3,-3.2));
#19033=CARTESIAN_POINT('',(0.,0.,-0.2));
#19034=CARTESIAN_POINT('',(0.,0.3,-0.2));
#19035=CARTESIAN_POINT('',(2.325,0.549999999999999,-0.2));
#19036=CARTESIAN_POINT('',(0.,0.,-0.2));
#19037=CARTESIAN_POINT('',(0.,0.3,-0.2));
#19038=CARTESIAN_POINT('',(1.825,0.3,-0.2));
#19039=CARTESIAN_POINT('',(2.175,0.3,-0.2));
#19040=CARTESIAN_POINT('',(1.825,3.,-0.2));
#19041=CARTESIAN_POINT('',(1.825,0.549999999999999,-0.2));
#19042=CARTESIAN_POINT('',(2.325,0.549999999999999,-0.2));
#19043=CARTESIAN_POINT('',(2.175,0.549999999999999,-0.2));
#19044=CARTESIAN_POINT('',(2.175,-1.,-0.2));
#19045=CARTESIAN_POINT('',(2.175,-1.,-3.2));
#19046=CARTESIAN_POINT('',(2.175,-1.,-1.5));
#19047=CARTESIAN_POINT('',(2.175,0.3,-1.5));
#19048=CARTESIAN_POINT('',(2.175,0.3,-3.2));
#19049=CARTESIAN_POINT('',(2.175,0.549999999999999,-0.730292377758515));
#19050=CARTESIAN_POINT('',(2.175,0.549999999999999,-0.730292377758515));
#19051=CARTESIAN_POINT('',(2.175,2.325,-0.575));
#19052=CARTESIAN_POINT('',(2.175,2.325,-0.575));
#19053=CARTESIAN_POINT('',(2.175,2.625,-0.875));
#19054=CARTESIAN_POINT('',(2.175,2.625,-0.875));
#19055=CARTESIAN_POINT('',(2.175,2.625,-1.086));
#19056=CARTESIAN_POINT('',(2.175,2.625,-1.086));
#19057=CARTESIAN_POINT('',(2.175,0.945,-1.086));
#19058=CARTESIAN_POINT('',(1.825,3.,-3.2));
#19059=CARTESIAN_POINT('',(1.825,3.,-1.5));
#19060=CARTESIAN_POINT('',(1.825,0.3,-1.5));
#19061=CARTESIAN_POINT('',(1.825,0.945,-1.086));
#19062=CARTESIAN_POINT('',(1.825,2.625,-1.086));
#19063=CARTESIAN_POINT('',(1.825,2.625,-1.086));
#19064=CARTESIAN_POINT('',(1.825,2.625,-0.875));
#19065=CARTESIAN_POINT('',(1.825,2.625,-0.875));
#19066=CARTESIAN_POINT('',(1.825,2.325,-0.575));
#19067=CARTESIAN_POINT('',(1.825,2.325,-0.575));
#19068=CARTESIAN_POINT('',(1.825,0.549999999999999,-0.730292377758515));
#19069=CARTESIAN_POINT('',(1.825,0.549999999999999,-0.730292377758515));
#19070=CARTESIAN_POINT('',(1.825,0.3,-3.2));
#19071=CARTESIAN_POINT('',(2.325,0.945,-1.086));
#19072=CARTESIAN_POINT('',(2.325,2.625,-1.086));
#19073=CARTESIAN_POINT('',(2.325,0.945,-1.086));
#19074=CARTESIAN_POINT('',(2.325,2.625,-1.086));
#19075=CARTESIAN_POINT('',(2.325,0.945,-1.086));
#19076=CARTESIAN_POINT('',(2.325,2.625,-1.086));
#19077=CARTESIAN_POINT('',(2.325,0.945,-1.086));
#19078=CARTESIAN_POINT('',(2.325,2.625,-1.086));
#19079=CARTESIAN_POINT('',(2.325,0.945,-1.086));
#19080=CARTESIAN_POINT('',(2.325,2.625,-1.086));
#19081=CARTESIAN_POINT('',(2.325,0.945,-1.086));
#19082=CARTESIAN_POINT('',(2.325,2.625,-1.086));
#19083=CARTESIAN_POINT('',(2.325,0.945,-1.086));
#19084=CARTESIAN_POINT('',(2.325,2.625,-1.086));
#19085=CARTESIAN_POINT('',(2.325,0.945,-1.086));
#19086=CARTESIAN_POINT('',(2.325,2.625,-1.086));
#19087=CARTESIAN_POINT('',(2.325,0.945,-1.086));
#19088=CARTESIAN_POINT('',(2.325,2.625,-1.086));
#19089=CARTESIAN_POINT('',(2.325,2.625,-1.086));
#19090=CARTESIAN_POINT('',(2.325,2.625,-0.875));
#19091=CARTESIAN_POINT('',(2.325,2.625,-1.086));
#19092=CARTESIAN_POINT('',(2.325,2.625,-0.875));
#19093=CARTESIAN_POINT('',(2.325,2.625,-1.086));
#19094=CARTESIAN_POINT('',(2.325,2.625,-0.875));
#19095=CARTESIAN_POINT('',(2.325,2.625,-1.086));
#19096=CARTESIAN_POINT('',(2.325,2.625,-0.875));
#19097=CARTESIAN_POINT('',(2.325,2.625,-1.086));
#19098=CARTESIAN_POINT('',(2.325,2.625,-0.875));
#19099=CARTESIAN_POINT('',(2.325,2.625,-1.086));
#19100=CARTESIAN_POINT('',(2.325,2.625,-0.875));
#19101=CARTESIAN_POINT('',(2.325,2.625,-1.086));
#19102=CARTESIAN_POINT('',(2.325,2.625,-0.875));
#19103=CARTESIAN_POINT('',(2.325,2.625,-1.086));
#19104=CARTESIAN_POINT('',(2.325,2.625,-0.875));
#19105=CARTESIAN_POINT('',(2.325,2.625,-1.086));
#19106=CARTESIAN_POINT('',(2.325,2.625,-0.875));
#19107=CARTESIAN_POINT('',(2.325,2.625,-0.875));
#19108=CARTESIAN_POINT('',(2.325,2.325,-0.575));
#19109=CARTESIAN_POINT('',(2.325,2.625,-0.875));
#19110=CARTESIAN_POINT('',(2.325,2.325,-0.575));
#19111=CARTESIAN_POINT('',(2.325,2.625,-0.875));
#19112=CARTESIAN_POINT('',(2.325,2.325,-0.575));
#19113=CARTESIAN_POINT('',(2.325,2.625,-0.875));
#19114=CARTESIAN_POINT('',(2.325,2.325,-0.575));
#19115=CARTESIAN_POINT('',(2.325,2.625,-0.875));
#19116=CARTESIAN_POINT('',(2.325,2.325,-0.575));
#19117=CARTESIAN_POINT('',(2.325,2.625,-0.875));
#19118=CARTESIAN_POINT('',(2.325,2.325,-0.575));
#19119=CARTESIAN_POINT('',(2.325,2.625,-0.875));
#19120=CARTESIAN_POINT('',(2.325,2.325,-0.575));
#19121=CARTESIAN_POINT('',(2.325,2.625,-0.875));
#19122=CARTESIAN_POINT('',(2.325,2.325,-0.575));
#19123=CARTESIAN_POINT('',(2.325,2.625,-0.875));
#19124=CARTESIAN_POINT('',(2.325,2.325,-0.575));
#19125=CARTESIAN_POINT('',(2.325,2.325,-0.575));
#19126=CARTESIAN_POINT('',(2.325,0.549999999999999,-0.730292377758515));
#19127=CARTESIAN_POINT('',(2.325,2.325,-0.575));
#19128=CARTESIAN_POINT('',(2.325,0.549999999999999,-0.730292377758515));
#19129=CARTESIAN_POINT('',(2.325,2.325,-0.575));
#19130=CARTESIAN_POINT('',(2.325,0.549999999999999,-0.730292377758515));
#19131=CARTESIAN_POINT('',(2.325,2.325,-0.575));
#19132=CARTESIAN_POINT('',(2.325,0.549999999999999,-0.730292377758515));
#19133=CARTESIAN_POINT('',(2.325,2.325,-0.575));
#19134=CARTESIAN_POINT('',(2.325,0.549999999999999,-0.730292377758515));
#19135=CARTESIAN_POINT('',(2.325,2.325,-0.575));
#19136=CARTESIAN_POINT('',(2.325,0.549999999999999,-0.730292377758515));
#19137=CARTESIAN_POINT('',(2.325,2.325,-0.575));
#19138=CARTESIAN_POINT('',(2.325,0.549999999999999,-0.730292377758515));
#19139=CARTESIAN_POINT('',(2.325,2.325,-0.575));
#19140=CARTESIAN_POINT('',(2.325,0.549999999999999,-0.730292377758515));
#19141=CARTESIAN_POINT('',(2.325,2.325,-0.575));
#19142=CARTESIAN_POINT('',(2.325,0.549999999999999,-0.730292377758515));
#19143=CARTESIAN_POINT('',(2.325,0.549999999999999,-0.730292377758515));
#19144=CARTESIAN_POINT('',(2.325,0.549999999999999,-0.730292377758515));
#19145=CARTESIAN_POINT('',(2.325,0.55,0.730292377758515));
#19146=CARTESIAN_POINT('',(2.325,0.55,0.730292377758515));
#19147=CARTESIAN_POINT('',(2.325,0.55,0.730292377758515));
#19148=CARTESIAN_POINT('',(2.325,0.55,0.730292377758515));
#19149=CARTESIAN_POINT('',(2.325,0.55,0.730292377758515));
#19150=CARTESIAN_POINT('',(2.325,0.55,0.730292377758515));
#19151=CARTESIAN_POINT('',(2.325,0.55,0.730292377758515));
#19152=CARTESIAN_POINT('',(2.325,0.55,0.730292377758515));
#19153=CARTESIAN_POINT('',(2.325,0.55,0.730292377758515));
#19154=CARTESIAN_POINT('',(2.325,0.55,0.730292377758515));
#19155=CARTESIAN_POINT('',(2.325,0.55,0.730292377758515));
#19156=CARTESIAN_POINT('',(2.325,2.325,0.575));
#19157=CARTESIAN_POINT('',(2.325,0.55,0.730292377758515));
#19158=CARTESIAN_POINT('',(2.325,2.325,0.575));
#19159=CARTESIAN_POINT('',(2.325,0.55,0.730292377758515));
#19160=CARTESIAN_POINT('',(2.325,2.325,0.575));
#19161=CARTESIAN_POINT('',(2.325,0.55,0.730292377758515));
#19162=CARTESIAN_POINT('',(2.325,2.325,0.575));
#19163=CARTESIAN_POINT('',(2.325,0.55,0.730292377758515));
#19164=CARTESIAN_POINT('',(2.325,2.325,0.575));
#19165=CARTESIAN_POINT('',(2.325,0.55,0.730292377758515));
#19166=CARTESIAN_POINT('',(2.325,2.325,0.575));
#19167=CARTESIAN_POINT('',(2.325,0.55,0.730292377758515));
#19168=CARTESIAN_POINT('',(2.325,2.325,0.575));
#19169=CARTESIAN_POINT('',(2.325,0.55,0.730292377758515));
#19170=CARTESIAN_POINT('',(2.325,2.325,0.575));
#19171=CARTESIAN_POINT('',(2.325,0.55,0.730292377758515));
#19172=CARTESIAN_POINT('',(2.325,2.325,0.575));
#19173=CARTESIAN_POINT('',(2.325,0.55,0.730292377758515));
#19174=CARTESIAN_POINT('',(2.325,2.325,0.575));
#19175=CARTESIAN_POINT('',(2.325,2.325,0.575));
#19176=CARTESIAN_POINT('',(2.325,2.625,0.875));
#19177=CARTESIAN_POINT('',(2.325,2.325,0.575));
#19178=CARTESIAN_POINT('',(2.325,2.625,0.875));
#19179=CARTESIAN_POINT('',(2.325,2.325,0.575));
#19180=CARTESIAN_POINT('',(2.325,2.625,0.875));
#19181=CARTESIAN_POINT('',(2.325,2.325,0.575));
#19182=CARTESIAN_POINT('',(2.325,2.625,0.875));
#19183=CARTESIAN_POINT('',(2.325,2.325,0.575));
#19184=CARTESIAN_POINT('',(2.325,2.625,0.875));
#19185=CARTESIAN_POINT('',(2.325,2.325,0.575));
#19186=CARTESIAN_POINT('',(2.325,2.625,0.875));
#19187=CARTESIAN_POINT('',(2.325,2.325,0.575));
#19188=CARTESIAN_POINT('',(2.325,2.625,0.875));
#19189=CARTESIAN_POINT('',(2.325,2.325,0.575));
#19190=CARTESIAN_POINT('',(2.325,2.625,0.875));
#19191=CARTESIAN_POINT('',(2.325,2.325,0.575));
#19192=CARTESIAN_POINT('',(2.325,2.625,0.875));
#19193=CARTESIAN_POINT('',(2.325,2.325,0.575));
#19194=CARTESIAN_POINT('',(2.325,2.625,0.875));
#19195=CARTESIAN_POINT('',(2.325,2.625,0.875));
#19196=CARTESIAN_POINT('',(2.325,2.625,1.086));
#19197=CARTESIAN_POINT('',(2.325,2.625,0.875));
#19198=CARTESIAN_POINT('',(2.325,2.625,1.086));
#19199=CARTESIAN_POINT('',(2.325,2.625,0.875));
#19200=CARTESIAN_POINT('',(2.325,2.625,1.086));
#19201=CARTESIAN_POINT('',(2.325,2.625,0.875));
#19202=CARTESIAN_POINT('',(2.325,2.625,1.086));
#19203=CARTESIAN_POINT('',(2.325,2.625,0.875));
#19204=CARTESIAN_POINT('',(2.325,2.625,1.086));
#19205=CARTESIAN_POINT('',(2.325,2.625,0.875));
#19206=CARTESIAN_POINT('',(2.325,2.625,1.086));
#19207=CARTESIAN_POINT('',(2.325,2.625,0.875));
#19208=CARTESIAN_POINT('',(2.325,2.625,1.086));
#19209=CARTESIAN_POINT('',(2.325,2.625,0.875));
#19210=CARTESIAN_POINT('',(2.325,2.625,1.086));
#19211=CARTESIAN_POINT('',(2.325,2.625,0.875));
#19212=CARTESIAN_POINT('',(2.325,2.625,1.086));
#19213=CARTESIAN_POINT('',(2.325,2.625,0.875));
#19214=CARTESIAN_POINT('',(2.325,2.625,1.086));
#19215=CARTESIAN_POINT('',(2.325,2.625,1.086));
#19216=CARTESIAN_POINT('',(2.325,2.625,1.086));
#19217=CARTESIAN_POINT('',(2.325,2.625,1.086));
#19218=CARTESIAN_POINT('',(2.325,2.625,1.086));
#19219=CARTESIAN_POINT('',(2.325,2.625,1.086));
#19220=CARTESIAN_POINT('',(2.325,2.625,1.086));
#19221=CARTESIAN_POINT('',(2.325,2.625,1.086));
#19222=CARTESIAN_POINT('',(2.325,2.625,1.086));
#19223=CARTESIAN_POINT('',(2.325,2.625,1.086));
#19224=CARTESIAN_POINT('',(2.325,2.625,1.086));
#19225=CARTESIAN_POINT('',(2.325,0.945,-1.086));
#19226=CARTESIAN_POINT('',(2.325,2.625,-1.086));
#19227=CARTESIAN_POINT('',(2.325,2.625,-1.086));
#19228=CARTESIAN_POINT('',(2.325,2.625,-0.875));
#19229=CARTESIAN_POINT('',(2.325,2.625,-0.875));
#19230=CARTESIAN_POINT('',(2.325,2.325,-0.575));
#19231=CARTESIAN_POINT('',(2.325,2.325,-0.575));
#19232=CARTESIAN_POINT('',(50.,0.3,1.5));
#19233=CARTESIAN_POINT('',(50.,0.3,1.5));
#19234=CARTESIAN_POINT('',(50.,0.3,1.5));
#19235=CARTESIAN_POINT('',(50.,0.3,1.5));
#19236=CARTESIAN_POINT('',(50.,0.3,1.5));
#19237=CARTESIAN_POINT('',(50.,0.3,1.5));
#19238=CARTESIAN_POINT('',(50.,0.3,1.5));
#19239=CARTESIAN_POINT('',(50.,0.3,1.5));
#19240=CARTESIAN_POINT('',(50.,0.3,1.5));
#19241=CARTESIAN_POINT('',(50.,0.3,1.5));
#19242=CARTESIAN_POINT('',(50.,0.3,1.5));
#19243=CARTESIAN_POINT('',(50.,0.3,1.5));
#19244=CARTESIAN_POINT('',(50.,0.3,1.5));
#19245=CARTESIAN_POINT('',(50.,0.3,1.5));
#19246=CARTESIAN_POINT('',(50.,0.3,1.5));
#19247=CARTESIAN_POINT('',(50.,0.3,1.5));
#19248=CARTESIAN_POINT('',(50.,0.3,1.5));
#19249=CARTESIAN_POINT('',(50.,0.3,1.5));
#19250=CARTESIAN_POINT('',(50.,1.66798335107929,-1.5));
#19251=CARTESIAN_POINT('',(50.,0.3,-1.5));
#19252=CARTESIAN_POINT('',(50.,1.66798335107929,-1.5));
#19253=CARTESIAN_POINT('',(50.,0.3,-1.5));
#19254=CARTESIAN_POINT('',(50.,1.66798335107929,-1.5));
#19255=CARTESIAN_POINT('',(50.,0.3,-1.5));
#19256=CARTESIAN_POINT('',(50.,1.66798335107929,-1.5));
#19257=CARTESIAN_POINT('',(50.,0.3,-1.5));
#19258=CARTESIAN_POINT('',(50.,1.66798335107929,-1.5));
#19259=CARTESIAN_POINT('',(50.,0.3,-1.5));
#19260=CARTESIAN_POINT('',(50.,1.66798335107929,-1.5));
#19261=CARTESIAN_POINT('',(50.,0.3,-1.5));
#19262=CARTESIAN_POINT('',(50.,1.66798335107929,-1.5));
#19263=CARTESIAN_POINT('',(50.,0.3,-1.5));
#19264=CARTESIAN_POINT('',(50.,1.66798335107929,-1.5));
#19265=CARTESIAN_POINT('',(50.,0.3,-1.5));
#19266=CARTESIAN_POINT('',(50.,1.66798335107929,-1.5));
#19267=CARTESIAN_POINT('',(50.,0.3,-1.5));
#19268=CARTESIAN_POINT('',(50.,0.3,-1.5));
#19269=CARTESIAN_POINT('',(50.,0.3,1.5));
#19270=CARTESIAN_POINT('',(50.,0.3,-1.5));
#19271=CARTESIAN_POINT('',(50.,1.66798335107929,-1.5));
#19272=CARTESIAN_POINT('',(50.,0.3,1.5));
#19273=CARTESIAN_POINT('',(0.,0.,0.));
#19274=CARTESIAN_POINT('',(2.325,0.945,-2.4));
#19275=CARTESIAN_POINT('',(2.325,0.945,-1.5));
#19276=CARTESIAN_POINT('',(2.325,0.945,-1.5));
#19277=CARTESIAN_POINT('',(2.175,0.945,-1.5));
#19278=CARTESIAN_POINT('',(2.325,0.945,-2.4));
#19279=CARTESIAN_POINT('',(2.325,0.945,-2.4));
#19280=CARTESIAN_POINT('',(2.325,0.945,-2.4));
#19281=CARTESIAN_POINT('',(2.175,0.945,-2.4));
#19282=CARTESIAN_POINT('',(2.175,0.945,-2.4));
#19283=CARTESIAN_POINT('',(2.325,0.945,-2.4));
#19284=CARTESIAN_POINT('',(2.325,0.945,-1.5));
#19285=CARTESIAN_POINT('',(1.825,0.945000000000001,-1.5));
#19286=CARTESIAN_POINT('',(1.675,0.945,-1.5));
#19287=CARTESIAN_POINT('',(1.825,0.945,-2.4));
#19288=CARTESIAN_POINT('',(1.825,0.945,-2.4));
#19289=CARTESIAN_POINT('',(2.325,0.945,-2.4));
#19290=CARTESIAN_POINT('',(1.675,0.945,-2.4));
#19291=CARTESIAN_POINT('',(1.675,0.945,-2.4));
#19292=CARTESIAN_POINT('',(2.325,0.945,-2.4));
#19293=CARTESIAN_POINT('',(2.325,0.945,-1.5));
#19294=CARTESIAN_POINT('',(1.325,0.945000000000001,-1.5));
#19295=CARTESIAN_POINT('',(1.175,0.945,-1.5));
#19296=CARTESIAN_POINT('',(1.325,0.945,-2.4));
#19297=CARTESIAN_POINT('',(1.325,0.945,-2.4));
#19298=CARTESIAN_POINT('',(2.325,0.945,-2.4));
#19299=CARTESIAN_POINT('',(1.175,0.945,-2.4));
#19300=CARTESIAN_POINT('',(1.175,0.945,-2.4));
#19301=CARTESIAN_POINT('',(2.325,0.945,-2.4));
#19302=CARTESIAN_POINT('',(2.325,0.945,-1.5));
#19303=CARTESIAN_POINT('',(0.825,0.945000000000001,-1.5));
#19304=CARTESIAN_POINT('',(0.675,0.945,-1.5));
#19305=CARTESIAN_POINT('',(0.825,0.945,-2.4));
#19306=CARTESIAN_POINT('',(0.825,0.945,-2.4));
#19307=CARTESIAN_POINT('',(2.325,0.945,-2.4));
#19308=CARTESIAN_POINT('',(0.675,0.945,-2.4));
#19309=CARTESIAN_POINT('',(0.675,0.945,-2.4));
#19310=CARTESIAN_POINT('',(2.325,0.945,-2.4));
#19311=CARTESIAN_POINT('',(2.325,0.945,-1.5));
#19312=CARTESIAN_POINT('',(0.325,0.945000000000001,-1.5));
#19313=CARTESIAN_POINT('',(0.175,0.945,-1.5));
#19314=CARTESIAN_POINT('',(0.325,0.945,-2.4));
#19315=CARTESIAN_POINT('',(0.325,0.945,-2.4));
#19316=CARTESIAN_POINT('',(2.325,0.945,-2.4));
#19317=CARTESIAN_POINT('',(0.175,0.945,-2.4));
#19318=CARTESIAN_POINT('',(0.175,0.945,-2.4));
#19319=CARTESIAN_POINT('',(2.325,0.945,-2.4));
#19320=CARTESIAN_POINT('',(2.325,0.945,-1.5));
#19321=CARTESIAN_POINT('',(-0.175,0.945000000000001,-1.5));
#19322=CARTESIAN_POINT('',(-0.325,0.945,-1.5));
#19323=CARTESIAN_POINT('',(-0.175,0.945,-2.4));
#19324=CARTESIAN_POINT('',(-0.175,0.945,-2.4));
#19325=CARTESIAN_POINT('',(2.325,0.945,-2.4));
#19326=CARTESIAN_POINT('',(-0.325,0.945,-2.4));
#19327=CARTESIAN_POINT('',(-0.325,0.945,-2.4));
#19328=CARTESIAN_POINT('',(2.325,0.945,-2.4));
#19329=CARTESIAN_POINT('',(2.325,0.945,-1.5));
#19330=CARTESIAN_POINT('',(-0.675,0.945000000000001,-1.5));
#19331=CARTESIAN_POINT('',(-0.825,0.945,-1.5));
#19332=CARTESIAN_POINT('',(-0.675,0.945,-2.4));
#19333=CARTESIAN_POINT('',(-0.675,0.945,-2.4));
#19334=CARTESIAN_POINT('',(2.325,0.945,-2.4));
#19335=CARTESIAN_POINT('',(-0.825,0.945,-2.4));
#19336=CARTESIAN_POINT('',(-0.825,0.945,-2.4));
#19337=CARTESIAN_POINT('',(2.325,0.945,-2.4));
#19338=CARTESIAN_POINT('',(2.325,0.945,-1.5));
#19339=CARTESIAN_POINT('',(-1.175,0.945000000000001,-1.5));
#19340=CARTESIAN_POINT('',(-1.325,0.945,-1.5));
#19341=CARTESIAN_POINT('',(-1.175,0.945,-2.4));
#19342=CARTESIAN_POINT('',(-1.175,0.945,-2.4));
#19343=CARTESIAN_POINT('',(2.325,0.945,-2.4));
#19344=CARTESIAN_POINT('',(-1.325,0.945,-2.4));
#19345=CARTESIAN_POINT('',(-1.325,0.945,-2.4));
#19346=CARTESIAN_POINT('',(2.325,0.945,-2.4));
#19347=CARTESIAN_POINT('',(2.325,0.945,-1.5));
#19348=CARTESIAN_POINT('',(-2.175,0.945000000000001,-1.5));
#19349=CARTESIAN_POINT('',(-2.325,0.945,-1.5));
#19350=CARTESIAN_POINT('',(-2.175,0.945,-2.4));
#19351=CARTESIAN_POINT('',(-2.175,0.945,-2.4));
#19352=CARTESIAN_POINT('',(2.325,0.945,-2.4));
#19353=CARTESIAN_POINT('',(-2.325,0.945,-2.4));
#19354=CARTESIAN_POINT('',(-2.325,0.945,-2.4));
#19355=CARTESIAN_POINT('',(2.325,0.945,1.086));
#19356=CARTESIAN_POINT('',(2.325,0.945,1.5));
#19357=CARTESIAN_POINT('',(-2.325,0.945,1.5));
#19358=CARTESIAN_POINT('',(-2.175,0.945,1.5));
#19359=CARTESIAN_POINT('',(-2.325,0.945,1.086));
#19360=CARTESIAN_POINT('',(-2.325,0.945,2.4));
#19361=CARTESIAN_POINT('',(2.325,0.945,2.4));
#19362=CARTESIAN_POINT('',(-2.175,0.945,2.4));
#19363=CARTESIAN_POINT('',(-2.175,0.945,1.086));
#19364=CARTESIAN_POINT('',(2.325,0.945,1.086));
#19365=CARTESIAN_POINT('',(2.325,0.945,1.5));
#19366=CARTESIAN_POINT('',(2.175,0.945,1.5));
#19367=CARTESIAN_POINT('',(2.325,0.945,1.5));
#19368=CARTESIAN_POINT('',(2.175,0.945,1.086));
#19369=CARTESIAN_POINT('',(2.175,0.945,2.4));
#19370=CARTESIAN_POINT('',(2.325,0.945,2.4));
#19371=CARTESIAN_POINT('',(2.325,0.945,2.4));
#19372=CARTESIAN_POINT('',(2.325,0.945,1.086));
#19373=CARTESIAN_POINT('',(2.325,0.945,1.086));
#19374=CARTESIAN_POINT('',(2.325,0.945,1.5));
#19375=CARTESIAN_POINT('',(1.675,0.945,1.5));
#19376=CARTESIAN_POINT('',(1.825,0.945,1.5));
#19377=CARTESIAN_POINT('',(1.675,0.945,1.086));
#19378=CARTESIAN_POINT('',(1.675,0.945,2.4));
#19379=CARTESIAN_POINT('',(2.325,0.945,2.4));
#19380=CARTESIAN_POINT('',(1.825,0.945,2.4));
#19381=CARTESIAN_POINT('',(1.825,0.945,1.086));
#19382=CARTESIAN_POINT('',(2.325,0.945,1.086));
#19383=CARTESIAN_POINT('',(2.325,0.945,1.5));
#19384=CARTESIAN_POINT('',(1.175,0.945,1.5));
#19385=CARTESIAN_POINT('',(1.325,0.945,1.5));
#19386=CARTESIAN_POINT('',(1.175,0.945,1.086));
#19387=CARTESIAN_POINT('',(1.175,0.945,2.4));
#19388=CARTESIAN_POINT('',(2.325,0.945,2.4));
#19389=CARTESIAN_POINT('',(1.325,0.945,2.4));
#19390=CARTESIAN_POINT('',(1.325,0.945,1.086));
#19391=CARTESIAN_POINT('',(2.325,0.945,1.086));
#19392=CARTESIAN_POINT('',(2.325,0.945,1.5));
#19393=CARTESIAN_POINT('',(0.675,0.945,1.5));
#19394=CARTESIAN_POINT('',(0.825,0.945,1.5));
#19395=CARTESIAN_POINT('',(0.675,0.945,1.086));
#19396=CARTESIAN_POINT('',(0.675,0.945,2.4));
#19397=CARTESIAN_POINT('',(2.325,0.945,2.4));
#19398=CARTESIAN_POINT('',(0.825,0.945,2.4));
#19399=CARTESIAN_POINT('',(0.825,0.945,1.086));
#19400=CARTESIAN_POINT('',(2.325,0.945,1.086));
#19401=CARTESIAN_POINT('',(2.325,0.945,1.5));
#19402=CARTESIAN_POINT('',(0.175,0.945,1.5));
#19403=CARTESIAN_POINT('',(0.325,0.945,1.5));
#19404=CARTESIAN_POINT('',(0.175,0.945,1.086));
#19405=CARTESIAN_POINT('',(0.175,0.945,2.4));
#19406=CARTESIAN_POINT('',(2.325,0.945,2.4));
#19407=CARTESIAN_POINT('',(0.325,0.945,2.4));
#19408=CARTESIAN_POINT('',(0.325,0.945,1.086));
#19409=CARTESIAN_POINT('',(2.325,0.945,1.086));
#19410=CARTESIAN_POINT('',(2.325,0.945,1.5));
#19411=CARTESIAN_POINT('',(-0.325,0.945,1.5));
#19412=CARTESIAN_POINT('',(-0.175,0.945,1.5));
#19413=CARTESIAN_POINT('',(-0.325,0.945,1.086));
#19414=CARTESIAN_POINT('',(-0.325,0.945,2.4));
#19415=CARTESIAN_POINT('',(2.325,0.945,2.4));
#19416=CARTESIAN_POINT('',(-0.175,0.945,2.4));
#19417=CARTESIAN_POINT('',(-0.175,0.945,1.086));
#19418=CARTESIAN_POINT('',(2.325,0.945,1.086));
#19419=CARTESIAN_POINT('',(2.325,0.945,1.5));
#19420=CARTESIAN_POINT('',(-0.825,0.945,1.5));
#19421=CARTESIAN_POINT('',(-0.675,0.945,1.5));
#19422=CARTESIAN_POINT('',(-0.825,0.945,1.086));
#19423=CARTESIAN_POINT('',(-0.825,0.945,2.4));
#19424=CARTESIAN_POINT('',(2.325,0.945,2.4));
#19425=CARTESIAN_POINT('',(-0.675,0.945,2.4));
#19426=CARTESIAN_POINT('',(-0.675,0.945,1.086));
#19427=CARTESIAN_POINT('',(2.325,0.945,1.086));
#19428=CARTESIAN_POINT('',(2.325,0.945,1.5));
#19429=CARTESIAN_POINT('',(-1.325,0.945,1.5));
#19430=CARTESIAN_POINT('',(-1.175,0.945,1.5));
#19431=CARTESIAN_POINT('',(-1.325,0.945,1.086));
#19432=CARTESIAN_POINT('',(-1.325,0.945,2.4));
#19433=CARTESIAN_POINT('',(2.325,0.945,2.4));
#19434=CARTESIAN_POINT('',(-1.175,0.945,2.4));
#19435=CARTESIAN_POINT('',(-1.175,0.945,1.086));
#19436=CARTESIAN_POINT('',(2.325,0.945,1.086));
#19437=CARTESIAN_POINT('',(2.325,0.945,1.5));
#19438=CARTESIAN_POINT('',(-1.825,0.945,1.5));
#19439=CARTESIAN_POINT('',(-1.675,0.945,1.5));
#19440=CARTESIAN_POINT('',(-1.825,0.945,1.086));
#19441=CARTESIAN_POINT('',(-1.825,0.945,2.4));
#19442=CARTESIAN_POINT('',(2.325,0.945,2.4));
#19443=CARTESIAN_POINT('',(-1.675,0.945,2.4));
#19444=CARTESIAN_POINT('',(-1.675,0.945,1.086));
#19445=CARTESIAN_POINT('',(2.325,0.945,-2.4));
#19446=CARTESIAN_POINT('',(2.325,0.945,-1.5));
#19447=CARTESIAN_POINT('',(-1.675,0.945000000000001,-1.5));
#19448=CARTESIAN_POINT('',(-1.825,0.945,-1.5));
#19449=CARTESIAN_POINT('',(-1.675,0.945,-2.4));
#19450=CARTESIAN_POINT('',(-1.675,0.945,-2.4));
#19451=CARTESIAN_POINT('',(2.325,0.945,-2.4));
#19452=CARTESIAN_POINT('',(-1.825,0.945,-2.4));
#19453=CARTESIAN_POINT('',(-1.825,0.945,-2.4));
#19454=CARTESIAN_POINT('',(2.325,0.844999999999999,2.4));
#19455=CARTESIAN_POINT('',(2.325,0.3,2.4));
#19456=CARTESIAN_POINT('',(2.325,0.3,-1.5));
#19457=CARTESIAN_POINT('',(2.325,0.3,1.5));
#19458=CARTESIAN_POINT('',(2.325,0.844999999999999,1.5));
#19459=CARTESIAN_POINT('',(2.325,0.844999999999999,2.4));
#19460=CARTESIAN_POINT('',(2.325,0.845,2.5));
#19461=CARTESIAN_POINT('',(2.325,0.845,2.5));
#19462=CARTESIAN_POINT('',(2.325,-0.125,2.5));
#19463=CARTESIAN_POINT('',(2.325,-0.125,2.5));
#19464=CARTESIAN_POINT('',(2.325,-0.125,2.15));
#19465=CARTESIAN_POINT('',(2.325,-0.125,2.15));
#19466=CARTESIAN_POINT('',(2.325,-0.025,2.15));
#19467=CARTESIAN_POINT('',(2.325,-0.025,2.15));
#19468=CARTESIAN_POINT('',(2.325,-0.025,0.25));
#19469=CARTESIAN_POINT('',(2.325,-0.025,0.25));
#19470=CARTESIAN_POINT('',(2.325,0.175,0.25));
#19471=CARTESIAN_POINT('',(2.325,0.175,0.25));
#19472=CARTESIAN_POINT('',(2.325,0.175,-0.25));
#19473=CARTESIAN_POINT('',(2.325,0.175,-0.25));
#19474=CARTESIAN_POINT('',(2.325,-0.025,-0.25));
#19475=CARTESIAN_POINT('',(2.325,-0.025,-0.25));
#19476=CARTESIAN_POINT('',(2.325,-0.025,-2.15));
#19477=CARTESIAN_POINT('',(2.325,-0.025,-2.15));
#19478=CARTESIAN_POINT('',(2.325,-0.125,-2.15));
#19479=CARTESIAN_POINT('',(2.325,-0.125,-2.15));
#19480=CARTESIAN_POINT('',(2.325,-0.125,-2.5));
#19481=CARTESIAN_POINT('',(2.325,-0.125,-2.5));
#19482=CARTESIAN_POINT('',(2.325,0.845,-2.5));
#19483=CARTESIAN_POINT('',(2.325,0.845000000000001,-2.4));
#19484=CARTESIAN_POINT('',(2.325,0.844999999999999,-1.5));
#19485=CARTESIAN_POINT('',(-2.325,0.844999999999999,2.4));
#19486=CARTESIAN_POINT('',(-2.325,0.844999999999999,1.5));
#19487=CARTESIAN_POINT('',(-2.325,0.3,1.5));
#19488=CARTESIAN_POINT('',(-2.325,0.3,2.4));
#19489=CARTESIAN_POINT('',(-2.325,0.3,-1.5));
#19490=CARTESIAN_POINT('',(-2.325,0.844999999999999,-1.5));
#19491=CARTESIAN_POINT('',(-2.325,0.845000000000001,-2.4));
#19492=CARTESIAN_POINT('',(-2.325,0.845,-2.5));
#19493=CARTESIAN_POINT('',(-2.325,-0.125,-2.5));
#19494=CARTESIAN_POINT('',(-2.325,-0.125,-2.5));
#19495=CARTESIAN_POINT('',(-2.325,-0.125,-2.15));
#19496=CARTESIAN_POINT('',(-2.325,-0.125,-2.15));
#19497=CARTESIAN_POINT('',(-2.325,-0.025,-2.15));
#19498=CARTESIAN_POINT('',(-2.325,-0.025,-2.15));
#19499=CARTESIAN_POINT('',(-2.325,-0.025,-0.25));
#19500=CARTESIAN_POINT('',(-2.325,-0.025,-0.25));
#19501=CARTESIAN_POINT('',(-2.325,0.175,-0.25));
#19502=CARTESIAN_POINT('',(-2.325,0.175,-0.25));
#19503=CARTESIAN_POINT('',(-2.325,0.175,0.25));
#19504=CARTESIAN_POINT('',(-2.325,0.175,0.25));
#19505=CARTESIAN_POINT('',(-2.325,-0.025,0.25));
#19506=CARTESIAN_POINT('',(-2.325,-0.025,0.25));
#19507=CARTESIAN_POINT('',(-2.325,-0.025,2.15));
#19508=CARTESIAN_POINT('',(-2.325,-0.025,2.15));
#19509=CARTESIAN_POINT('',(-2.325,-0.125,2.15));
#19510=CARTESIAN_POINT('',(-2.325,-0.125,2.15));
#19511=CARTESIAN_POINT('',(-2.325,-0.125,2.5));
#19512=CARTESIAN_POINT('',(-2.325,-0.125,2.5));
#19513=CARTESIAN_POINT('',(-2.325,0.845,2.5));
#19514=CARTESIAN_POINT('',(-2.325,0.845,2.5));
#19515=CARTESIAN_POINT('',(-2.325,0.844999999999999,2.4));
#19516=CARTESIAN_POINT('',(-1.825,-1.,3.2));
#19517=CARTESIAN_POINT('',(-1.825,-1.,1.5));
#19518=CARTESIAN_POINT('',(-1.825,0.3,1.5));
#19519=CARTESIAN_POINT('',(-1.825,0.3,3.2));
#19520=CARTESIAN_POINT('',(-1.825,0.3,0.2));
#19521=CARTESIAN_POINT('',(-1.825,-1.,0.2));
#19522=CARTESIAN_POINT('',(-1.825,0.175,0.2));
#19523=CARTESIAN_POINT('',(-1.825,0.175,0.25));
#19524=CARTESIAN_POINT('',(-1.825,0.175,0.25));
#19525=CARTESIAN_POINT('',(-1.825,-0.025,0.25));
#19526=CARTESIAN_POINT('',(-1.825,-0.025,0.25));
#19527=CARTESIAN_POINT('',(-1.825,-0.025,2.15));
#19528=CARTESIAN_POINT('',(-1.825,-0.025,2.15));
#19529=CARTESIAN_POINT('',(-1.825,-0.125,2.15));
#19530=CARTESIAN_POINT('',(-1.825,-0.125,2.15));
#19531=CARTESIAN_POINT('',(-1.825,-0.125,2.5));
#19532=CARTESIAN_POINT('',(-1.825,-0.125,2.5));
#19533=CARTESIAN_POINT('',(-1.825,0.845,2.5));
#19534=CARTESIAN_POINT('',(-1.825,0.844999999999999,2.5));
#19535=CARTESIAN_POINT('',(-1.825,0.844999999999999,2.4));
#19536=CARTESIAN_POINT('',(-2.175,3.,3.2));
#19537=CARTESIAN_POINT('',(-2.175,0.3,3.2));
#19538=CARTESIAN_POINT('',(-2.175,0.3,0.2));
#19539=CARTESIAN_POINT('',(-2.175,0.3,1.5));
#19540=CARTESIAN_POINT('',(-2.175,3.,1.5));
#19541=CARTESIAN_POINT('',(-2.175,0.844999999999999,2.4));
#19542=CARTESIAN_POINT('',(-2.175,0.845,2.5));
#19543=CARTESIAN_POINT('',(-2.175,0.845,2.5));
#19544=CARTESIAN_POINT('',(-2.175,-0.125,2.5));
#19545=CARTESIAN_POINT('',(-2.175,-0.125,2.5));
#19546=CARTESIAN_POINT('',(-2.175,-0.125,2.15));
#19547=CARTESIAN_POINT('',(-2.175,-0.125,2.15));
#19548=CARTESIAN_POINT('',(-2.175,-0.025,2.15));
#19549=CARTESIAN_POINT('',(-2.175,-0.025,2.15));
#19550=CARTESIAN_POINT('',(-2.175,-0.025,0.25));
#19551=CARTESIAN_POINT('',(-2.175,-0.025,0.25));
#19552=CARTESIAN_POINT('',(-2.175,0.175,0.25));
#19553=CARTESIAN_POINT('',(-2.175,0.175,0.25));
#19554=CARTESIAN_POINT('',(-2.175,0.175,0.2));
#19555=CARTESIAN_POINT('',(-2.175,3.,0.2));
#19556=CARTESIAN_POINT('',(0.,0.,0.2));
#19557=CARTESIAN_POINT('',(0.,0.3,0.2));
#19558=CARTESIAN_POINT('',(2.325,0.175,0.2));
#19559=CARTESIAN_POINT('',(-1.325,-1.,3.2));
#19560=CARTESIAN_POINT('',(-1.325,-1.,1.5));
#19561=CARTESIAN_POINT('',(-1.325,0.3,1.5));
#19562=CARTESIAN_POINT('',(-1.325,0.3,3.2));
#19563=CARTESIAN_POINT('',(-1.325,0.3,0.2));
#19564=CARTESIAN_POINT('',(-1.325,-1.,0.2));
#19565=CARTESIAN_POINT('',(-1.325,0.175,0.2));
#19566=CARTESIAN_POINT('',(-1.325,0.175,0.25));
#19567=CARTESIAN_POINT('',(-1.325,0.175,0.25));
#19568=CARTESIAN_POINT('',(-1.325,-0.025,0.25));
#19569=CARTESIAN_POINT('',(-1.325,-0.025,0.25));
#19570=CARTESIAN_POINT('',(-1.325,-0.025,2.15));
#19571=CARTESIAN_POINT('',(-1.325,-0.025,2.15));
#19572=CARTESIAN_POINT('',(-1.325,-0.125,2.15));
#19573=CARTESIAN_POINT('',(-1.325,-0.125,2.15));
#19574=CARTESIAN_POINT('',(-1.325,-0.125,2.5));
#19575=CARTESIAN_POINT('',(-1.325,-0.125,2.5));
#19576=CARTESIAN_POINT('',(-1.325,0.845,2.5));
#19577=CARTESIAN_POINT('',(-1.325,0.844999999999999,2.5));
#19578=CARTESIAN_POINT('',(-1.325,0.844999999999999,2.4));
#19579=CARTESIAN_POINT('',(-1.675,3.,3.2));
#19580=CARTESIAN_POINT('',(-1.675,0.3,3.2));
#19581=CARTESIAN_POINT('',(-1.675,0.3,0.2));
#19582=CARTESIAN_POINT('',(-1.675,0.3,1.5));
#19583=CARTESIAN_POINT('',(-1.675,3.,1.5));
#19584=CARTESIAN_POINT('',(-1.675,0.844999999999999,2.4));
#19585=CARTESIAN_POINT('',(-1.675,0.845,2.5));
#19586=CARTESIAN_POINT('',(-1.675,0.845,2.5));
#19587=CARTESIAN_POINT('',(-1.675,-0.125,2.5));
#19588=CARTESIAN_POINT('',(-1.675,-0.125,2.5));
#19589=CARTESIAN_POINT('',(-1.675,-0.125,2.15));
#19590=CARTESIAN_POINT('',(-1.675,-0.125,2.15));
#19591=CARTESIAN_POINT('',(-1.675,-0.025,2.15));
#19592=CARTESIAN_POINT('',(-1.675,-0.025,2.15));
#19593=CARTESIAN_POINT('',(-1.675,-0.025,0.25));
#19594=CARTESIAN_POINT('',(-1.675,-0.025,0.25));
#19595=CARTESIAN_POINT('',(-1.675,0.175,0.25));
#19596=CARTESIAN_POINT('',(-1.675,0.175,0.25));
#19597=CARTESIAN_POINT('',(-1.675,0.175,0.2));
#19598=CARTESIAN_POINT('',(-1.675,3.,0.2));
#19599=CARTESIAN_POINT('',(0.,0.,0.2));
#19600=CARTESIAN_POINT('',(0.,0.3,0.2));
#19601=CARTESIAN_POINT('',(2.325,0.175,0.2));
#19602=CARTESIAN_POINT('',(-0.825,-1.,3.2));
#19603=CARTESIAN_POINT('',(-0.825,-1.,1.5));
#19604=CARTESIAN_POINT('',(-0.824999999999999,0.3,1.5));
#19605=CARTESIAN_POINT('',(-0.825,0.3,3.2));
#19606=CARTESIAN_POINT('',(-0.825,0.3,0.2));
#19607=CARTESIAN_POINT('',(-0.825,-1.,0.2));
#19608=CARTESIAN_POINT('',(-0.825,0.175,0.2));
#19609=CARTESIAN_POINT('',(-0.825,0.175,0.25));
#19610=CARTESIAN_POINT('',(-0.825,0.175,0.25));
#19611=CARTESIAN_POINT('',(-0.825,-0.025,0.25));
#19612=CARTESIAN_POINT('',(-0.825,-0.025,0.25));
#19613=CARTESIAN_POINT('',(-0.825,-0.025,2.15));
#19614=CARTESIAN_POINT('',(-0.825,-0.025,2.15));
#19615=CARTESIAN_POINT('',(-0.825,-0.125,2.15));
#19616=CARTESIAN_POINT('',(-0.825,-0.125,2.15));
#19617=CARTESIAN_POINT('',(-0.825,-0.125,2.5));
#19618=CARTESIAN_POINT('',(-0.825,-0.125,2.5));
#19619=CARTESIAN_POINT('',(-0.825,0.845,2.5));
#19620=CARTESIAN_POINT('',(-0.825,0.844999999999999,2.5));
#19621=CARTESIAN_POINT('',(-0.825,0.844999999999999,2.4));
#19622=CARTESIAN_POINT('',(-1.175,3.,3.2));
#19623=CARTESIAN_POINT('',(-1.175,0.3,3.2));
#19624=CARTESIAN_POINT('',(-1.175,0.3,0.2));
#19625=CARTESIAN_POINT('',(-1.175,0.3,1.5));
#19626=CARTESIAN_POINT('',(-1.175,3.,1.5));
#19627=CARTESIAN_POINT('',(-1.175,0.844999999999999,2.4));
#19628=CARTESIAN_POINT('',(-1.175,0.845,2.5));
#19629=CARTESIAN_POINT('',(-1.175,0.845,2.5));
#19630=CARTESIAN_POINT('',(-1.175,-0.125,2.5));
#19631=CARTESIAN_POINT('',(-1.175,-0.125,2.5));
#19632=CARTESIAN_POINT('',(-1.175,-0.125,2.15));
#19633=CARTESIAN_POINT('',(-1.175,-0.125,2.15));
#19634=CARTESIAN_POINT('',(-1.175,-0.025,2.15));
#19635=CARTESIAN_POINT('',(-1.175,-0.025,2.15));
#19636=CARTESIAN_POINT('',(-1.175,-0.025,0.25));
#19637=CARTESIAN_POINT('',(-1.175,-0.025,0.25));
#19638=CARTESIAN_POINT('',(-1.175,0.175,0.25));
#19639=CARTESIAN_POINT('',(-1.175,0.175,0.25));
#19640=CARTESIAN_POINT('',(-1.175,0.175,0.2));
#19641=CARTESIAN_POINT('',(-1.175,3.,0.2));
#19642=CARTESIAN_POINT('',(0.,0.,0.2));
#19643=CARTESIAN_POINT('',(0.,0.3,0.2));
#19644=CARTESIAN_POINT('',(2.325,0.175,0.2));
#19645=CARTESIAN_POINT('',(-0.325,-1.,3.2));
#19646=CARTESIAN_POINT('',(-0.325,-1.,1.5));
#19647=CARTESIAN_POINT('',(-0.324999999999999,0.3,1.5));
#19648=CARTESIAN_POINT('',(-0.325,0.3,3.2));
#19649=CARTESIAN_POINT('',(-0.325,0.3,0.2));
#19650=CARTESIAN_POINT('',(-0.325,-1.,0.2));
#19651=CARTESIAN_POINT('',(-0.325,0.175,0.2));
#19652=CARTESIAN_POINT('',(-0.325,0.175,0.25));
#19653=CARTESIAN_POINT('',(-0.325,0.175,0.25));
#19654=CARTESIAN_POINT('',(-0.325,-0.025,0.25));
#19655=CARTESIAN_POINT('',(-0.325,-0.025,0.25));
#19656=CARTESIAN_POINT('',(-0.325,-0.025,2.15));
#19657=CARTESIAN_POINT('',(-0.325,-0.025,2.15));
#19658=CARTESIAN_POINT('',(-0.325,-0.125,2.15));
#19659=CARTESIAN_POINT('',(-0.325,-0.125,2.15));
#19660=CARTESIAN_POINT('',(-0.325,-0.125,2.5));
#19661=CARTESIAN_POINT('',(-0.325,-0.125,2.5));
#19662=CARTESIAN_POINT('',(-0.325,0.845,2.5));
#19663=CARTESIAN_POINT('',(-0.325,0.844999999999999,2.5));
#19664=CARTESIAN_POINT('',(-0.325,0.844999999999999,2.4));
#19665=CARTESIAN_POINT('',(-0.675,3.,3.2));
#19666=CARTESIAN_POINT('',(-0.675,0.3,3.2));
#19667=CARTESIAN_POINT('',(-0.675,0.3,0.2));
#19668=CARTESIAN_POINT('',(-0.675000000000002,0.3,1.5));
#19669=CARTESIAN_POINT('',(-0.675,3.,1.5));
#19670=CARTESIAN_POINT('',(-0.675,0.844999999999999,2.4));
#19671=CARTESIAN_POINT('',(-0.675,0.845,2.5));
#19672=CARTESIAN_POINT('',(-0.675,0.845,2.5));
#19673=CARTESIAN_POINT('',(-0.675,-0.125,2.5));
#19674=CARTESIAN_POINT('',(-0.675,-0.125,2.5));
#19675=CARTESIAN_POINT('',(-0.675,-0.125,2.15));
#19676=CARTESIAN_POINT('',(-0.675,-0.125,2.15));
#19677=CARTESIAN_POINT('',(-0.675,-0.025,2.15));
#19678=CARTESIAN_POINT('',(-0.675,-0.025,2.15));
#19679=CARTESIAN_POINT('',(-0.675,-0.025,0.25));
#19680=CARTESIAN_POINT('',(-0.675,-0.025,0.25));
#19681=CARTESIAN_POINT('',(-0.675,0.175,0.25));
#19682=CARTESIAN_POINT('',(-0.675,0.175,0.25));
#19683=CARTESIAN_POINT('',(-0.675,0.175,0.2));
#19684=CARTESIAN_POINT('',(-0.675,3.,0.2));
#19685=CARTESIAN_POINT('',(0.,0.,0.2));
#19686=CARTESIAN_POINT('',(0.,0.3,0.2));
#19687=CARTESIAN_POINT('',(2.325,0.175,0.2));
#19688=CARTESIAN_POINT('',(0.175,-1.,3.2));
#19689=CARTESIAN_POINT('',(0.175,-1.,1.5));
#19690=CARTESIAN_POINT('',(0.175000000000002,0.3,1.5));
#19691=CARTESIAN_POINT('',(0.175,0.3,3.2));
#19692=CARTESIAN_POINT('',(0.175,0.3,0.2));
#19693=CARTESIAN_POINT('',(0.175,-1.,0.2));
#19694=CARTESIAN_POINT('',(0.175,0.175,0.2));
#19695=CARTESIAN_POINT('',(0.175,0.175,0.25));
#19696=CARTESIAN_POINT('',(0.175,0.175,0.25));
#19697=CARTESIAN_POINT('',(0.175,-0.025,0.25));
#19698=CARTESIAN_POINT('',(0.175,-0.025,0.25));
#19699=CARTESIAN_POINT('',(0.175,-0.025,2.15));
#19700=CARTESIAN_POINT('',(0.175,-0.025,2.15));
#19701=CARTESIAN_POINT('',(0.175,-0.125,2.15));
#19702=CARTESIAN_POINT('',(0.175,-0.125,2.15));
#19703=CARTESIAN_POINT('',(0.175,-0.125,2.5));
#19704=CARTESIAN_POINT('',(0.175,-0.125,2.5));
#19705=CARTESIAN_POINT('',(0.175,0.845,2.5));
#19706=CARTESIAN_POINT('',(0.175,0.844999999999999,2.5));
#19707=CARTESIAN_POINT('',(0.175,0.844999999999999,2.4));
#19708=CARTESIAN_POINT('',(-0.175,3.,3.2));
#19709=CARTESIAN_POINT('',(-0.175,0.3,3.2));
#19710=CARTESIAN_POINT('',(-0.175,0.3,0.2));
#19711=CARTESIAN_POINT('',(-0.175000000000002,0.3,1.5));
#19712=CARTESIAN_POINT('',(-0.175,3.,1.5));
#19713=CARTESIAN_POINT('',(-0.175,0.844999999999999,2.4));
#19714=CARTESIAN_POINT('',(-0.175,0.845,2.5));
#19715=CARTESIAN_POINT('',(-0.175,0.845,2.5));
#19716=CARTESIAN_POINT('',(-0.175,-0.125,2.5));
#19717=CARTESIAN_POINT('',(-0.175,-0.125,2.5));
#19718=CARTESIAN_POINT('',(-0.175,-0.125,2.15));
#19719=CARTESIAN_POINT('',(-0.175,-0.125,2.15));
#19720=CARTESIAN_POINT('',(-0.175,-0.025,2.15));
#19721=CARTESIAN_POINT('',(-0.175,-0.025,2.15));
#19722=CARTESIAN_POINT('',(-0.175,-0.025,0.25));
#19723=CARTESIAN_POINT('',(-0.175,-0.025,0.25));
#19724=CARTESIAN_POINT('',(-0.175,0.175,0.25));
#19725=CARTESIAN_POINT('',(-0.175,0.175,0.25));
#19726=CARTESIAN_POINT('',(-0.175,0.175,0.2));
#19727=CARTESIAN_POINT('',(-0.175,3.,0.2));
#19728=CARTESIAN_POINT('',(0.,0.,0.2));
#19729=CARTESIAN_POINT('',(0.,0.3,0.2));
#19730=CARTESIAN_POINT('',(2.325,0.175,0.2));
#19731=CARTESIAN_POINT('',(0.675,-1.,3.2));
#19732=CARTESIAN_POINT('',(0.675,-1.,1.5));
#19733=CARTESIAN_POINT('',(0.675000000000002,0.3,1.5));
#19734=CARTESIAN_POINT('',(0.675,0.3,3.2));
#19735=CARTESIAN_POINT('',(0.675,0.3,0.2));
#19736=CARTESIAN_POINT('',(0.675,-1.,0.2));
#19737=CARTESIAN_POINT('',(0.675,0.175,0.2));
#19738=CARTESIAN_POINT('',(0.675,0.175,0.25));
#19739=CARTESIAN_POINT('',(0.675,0.175,0.25));
#19740=CARTESIAN_POINT('',(0.675,-0.025,0.25));
#19741=CARTESIAN_POINT('',(0.675,-0.025,0.25));
#19742=CARTESIAN_POINT('',(0.675,-0.025,2.15));
#19743=CARTESIAN_POINT('',(0.675,-0.025,2.15));
#19744=CARTESIAN_POINT('',(0.675,-0.125,2.15));
#19745=CARTESIAN_POINT('',(0.675,-0.125,2.15));
#19746=CARTESIAN_POINT('',(0.675,-0.125,2.5));
#19747=CARTESIAN_POINT('',(0.675,-0.125,2.5));
#19748=CARTESIAN_POINT('',(0.675,0.845,2.5));
#19749=CARTESIAN_POINT('',(0.675,0.844999999999999,2.5));
#19750=CARTESIAN_POINT('',(0.675,0.844999999999999,2.4));
#19751=CARTESIAN_POINT('',(0.325,3.,3.2));
#19752=CARTESIAN_POINT('',(0.325,0.3,3.2));
#19753=CARTESIAN_POINT('',(0.325,0.3,0.2));
#19754=CARTESIAN_POINT('',(0.324999999999999,0.3,1.5));
#19755=CARTESIAN_POINT('',(0.325,3.,1.5));
#19756=CARTESIAN_POINT('',(0.325,0.844999999999999,2.4));
#19757=CARTESIAN_POINT('',(0.325,0.845,2.5));
#19758=CARTESIAN_POINT('',(0.325,0.845,2.5));
#19759=CARTESIAN_POINT('',(0.325,-0.125,2.5));
#19760=CARTESIAN_POINT('',(0.325,-0.125,2.5));
#19761=CARTESIAN_POINT('',(0.325,-0.125,2.15));
#19762=CARTESIAN_POINT('',(0.325,-0.125,2.15));
#19763=CARTESIAN_POINT('',(0.325,-0.025,2.15));
#19764=CARTESIAN_POINT('',(0.325,-0.025,2.15));
#19765=CARTESIAN_POINT('',(0.325,-0.025,0.25));
#19766=CARTESIAN_POINT('',(0.325,-0.025,0.25));
#19767=CARTESIAN_POINT('',(0.325,0.175,0.25));
#19768=CARTESIAN_POINT('',(0.325,0.175,0.25));
#19769=CARTESIAN_POINT('',(0.325,0.175,0.2));
#19770=CARTESIAN_POINT('',(0.325,3.,0.2));
#19771=CARTESIAN_POINT('',(0.,0.,0.2));
#19772=CARTESIAN_POINT('',(0.,0.3,0.2));
#19773=CARTESIAN_POINT('',(2.325,0.175,0.2));
#19774=CARTESIAN_POINT('',(1.175,-1.,3.2));
#19775=CARTESIAN_POINT('',(1.175,-1.,1.5));
#19776=CARTESIAN_POINT('',(1.175,0.3,1.5));
#19777=CARTESIAN_POINT('',(1.175,0.3,3.2));
#19778=CARTESIAN_POINT('',(1.175,0.3,0.2));
#19779=CARTESIAN_POINT('',(1.175,-1.,0.2));
#19780=CARTESIAN_POINT('',(1.175,0.175,0.2));
#19781=CARTESIAN_POINT('',(1.175,0.175,0.25));
#19782=CARTESIAN_POINT('',(1.175,0.175,0.25));
#19783=CARTESIAN_POINT('',(1.175,-0.025,0.25));
#19784=CARTESIAN_POINT('',(1.175,-0.025,0.25));
#19785=CARTESIAN_POINT('',(1.175,-0.025,2.15));
#19786=CARTESIAN_POINT('',(1.175,-0.025,2.15));
#19787=CARTESIAN_POINT('',(1.175,-0.125,2.15));
#19788=CARTESIAN_POINT('',(1.175,-0.125,2.15));
#19789=CARTESIAN_POINT('',(1.175,-0.125,2.5));
#19790=CARTESIAN_POINT('',(1.175,-0.125,2.5));
#19791=CARTESIAN_POINT('',(1.175,0.845,2.5));
#19792=CARTESIAN_POINT('',(1.175,0.844999999999999,2.5));
#19793=CARTESIAN_POINT('',(1.175,0.844999999999999,2.4));
#19794=CARTESIAN_POINT('',(0.825,3.,3.2));
#19795=CARTESIAN_POINT('',(0.825,0.3,3.2));
#19796=CARTESIAN_POINT('',(0.825,0.3,0.2));
#19797=CARTESIAN_POINT('',(0.824999999999999,0.3,1.5));
#19798=CARTESIAN_POINT('',(0.825,3.,1.5));
#19799=CARTESIAN_POINT('',(0.825,0.844999999999999,2.4));
#19800=CARTESIAN_POINT('',(0.825,0.845,2.5));
#19801=CARTESIAN_POINT('',(0.825,0.845,2.5));
#19802=CARTESIAN_POINT('',(0.825,-0.125,2.5));
#19803=CARTESIAN_POINT('',(0.825,-0.125,2.5));
#19804=CARTESIAN_POINT('',(0.825,-0.125,2.15));
#19805=CARTESIAN_POINT('',(0.825,-0.125,2.15));
#19806=CARTESIAN_POINT('',(0.825,-0.025,2.15));
#19807=CARTESIAN_POINT('',(0.825,-0.025,2.15));
#19808=CARTESIAN_POINT('',(0.825,-0.025,0.25));
#19809=CARTESIAN_POINT('',(0.825,-0.025,0.25));
#19810=CARTESIAN_POINT('',(0.825,0.175,0.25));
#19811=CARTESIAN_POINT('',(0.825,0.175,0.25));
#19812=CARTESIAN_POINT('',(0.825,0.175,0.2));
#19813=CARTESIAN_POINT('',(0.825,3.,0.2));
#19814=CARTESIAN_POINT('',(0.,0.,0.2));
#19815=CARTESIAN_POINT('',(0.,0.3,0.2));
#19816=CARTESIAN_POINT('',(2.325,0.175,0.2));
#19817=CARTESIAN_POINT('',(1.675,-1.,3.2));
#19818=CARTESIAN_POINT('',(1.675,-1.,1.5));
#19819=CARTESIAN_POINT('',(1.675,0.3,1.5));
#19820=CARTESIAN_POINT('',(1.675,0.3,3.2));
#19821=CARTESIAN_POINT('',(1.675,0.3,0.2));
#19822=CARTESIAN_POINT('',(1.675,-1.,0.2));
#19823=CARTESIAN_POINT('',(1.675,0.175,0.2));
#19824=CARTESIAN_POINT('',(1.675,0.175,0.25));
#19825=CARTESIAN_POINT('',(1.675,0.175,0.25));
#19826=CARTESIAN_POINT('',(1.675,-0.025,0.25));
#19827=CARTESIAN_POINT('',(1.675,-0.025,0.25));
#19828=CARTESIAN_POINT('',(1.675,-0.025,2.15));
#19829=CARTESIAN_POINT('',(1.675,-0.025,2.15));
#19830=CARTESIAN_POINT('',(1.675,-0.125,2.15));
#19831=CARTESIAN_POINT('',(1.675,-0.125,2.15));
#19832=CARTESIAN_POINT('',(1.675,-0.125,2.5));
#19833=CARTESIAN_POINT('',(1.675,-0.125,2.5));
#19834=CARTESIAN_POINT('',(1.675,0.845,2.5));
#19835=CARTESIAN_POINT('',(1.675,0.844999999999999,2.5));
#19836=CARTESIAN_POINT('',(1.675,0.844999999999999,2.4));
#19837=CARTESIAN_POINT('',(1.325,3.,3.2));
#19838=CARTESIAN_POINT('',(1.325,0.3,3.2));
#19839=CARTESIAN_POINT('',(1.325,0.3,0.2));
#19840=CARTESIAN_POINT('',(1.325,0.3,1.5));
#19841=CARTESIAN_POINT('',(1.325,3.,1.5));
#19842=CARTESIAN_POINT('',(1.325,0.844999999999999,2.4));
#19843=CARTESIAN_POINT('',(1.325,0.845,2.5));
#19844=CARTESIAN_POINT('',(1.325,0.845,2.5));
#19845=CARTESIAN_POINT('',(1.325,-0.125,2.5));
#19846=CARTESIAN_POINT('',(1.325,-0.125,2.5));
#19847=CARTESIAN_POINT('',(1.325,-0.125,2.15));
#19848=CARTESIAN_POINT('',(1.325,-0.125,2.15));
#19849=CARTESIAN_POINT('',(1.325,-0.025,2.15));
#19850=CARTESIAN_POINT('',(1.325,-0.025,2.15));
#19851=CARTESIAN_POINT('',(1.325,-0.025,0.25));
#19852=CARTESIAN_POINT('',(1.325,-0.025,0.25));
#19853=CARTESIAN_POINT('',(1.325,0.175,0.25));
#19854=CARTESIAN_POINT('',(1.325,0.175,0.25));
#19855=CARTESIAN_POINT('',(1.325,0.175,0.2));
#19856=CARTESIAN_POINT('',(1.325,3.,0.2));
#19857=CARTESIAN_POINT('',(0.,0.,0.2));
#19858=CARTESIAN_POINT('',(0.,0.3,0.2));
#19859=CARTESIAN_POINT('',(2.325,0.175,0.2));
#19860=CARTESIAN_POINT('',(0.,0.,0.2));
#19861=CARTESIAN_POINT('',(2.175,-1.,0.2));
#19862=CARTESIAN_POINT('',(2.175,0.175,0.2));
#19863=CARTESIAN_POINT('',(2.175,0.3,0.2));
#19864=CARTESIAN_POINT('',(0.,0.3,0.2));
#19865=CARTESIAN_POINT('',(1.825,0.3,0.2));
#19866=CARTESIAN_POINT('',(1.825,3.,0.2));
#19867=CARTESIAN_POINT('',(1.825,0.175,0.2));
#19868=CARTESIAN_POINT('',(2.325,0.175,0.2));
#19869=CARTESIAN_POINT('',(2.175,-1.,3.2));
#19870=CARTESIAN_POINT('',(2.175,-1.,1.5));
#19871=CARTESIAN_POINT('',(2.175,0.3,1.5));
#19872=CARTESIAN_POINT('',(2.175,0.3,3.2));
#19873=CARTESIAN_POINT('',(2.175,0.175,0.25));
#19874=CARTESIAN_POINT('',(2.175,0.175,0.25));
#19875=CARTESIAN_POINT('',(2.175,-0.025,0.25));
#19876=CARTESIAN_POINT('',(2.175,-0.025,0.25));
#19877=CARTESIAN_POINT('',(2.175,-0.025,2.15));
#19878=CARTESIAN_POINT('',(2.175,-0.025,2.15));
#19879=CARTESIAN_POINT('',(2.175,-0.125,2.15));
#19880=CARTESIAN_POINT('',(2.175,-0.125,2.15));
#19881=CARTESIAN_POINT('',(2.175,-0.125,2.5));
#19882=CARTESIAN_POINT('',(2.175,-0.125,2.5));
#19883=CARTESIAN_POINT('',(2.175,0.845,2.5));
#19884=CARTESIAN_POINT('',(2.175,0.844999999999999,2.5));
#19885=CARTESIAN_POINT('',(2.175,0.844999999999999,2.4));
#19886=CARTESIAN_POINT('',(1.825,3.,3.2));
#19887=CARTESIAN_POINT('',(1.825,0.3,3.2));
#19888=CARTESIAN_POINT('',(1.825,0.3,1.5));
#19889=CARTESIAN_POINT('',(1.825,3.,1.5));
#19890=CARTESIAN_POINT('',(1.825,0.844999999999999,2.4));
#19891=CARTESIAN_POINT('',(1.825,0.845,2.5));
#19892=CARTESIAN_POINT('',(1.825,0.845,2.5));
#19893=CARTESIAN_POINT('',(1.825,-0.125,2.5));
#19894=CARTESIAN_POINT('',(1.825,-0.125,2.5));
#19895=CARTESIAN_POINT('',(1.825,-0.125,2.15));
#19896=CARTESIAN_POINT('',(1.825,-0.125,2.15));
#19897=CARTESIAN_POINT('',(1.825,-0.025,2.15));
#19898=CARTESIAN_POINT('',(1.825,-0.025,2.15));
#19899=CARTESIAN_POINT('',(1.825,-0.025,0.25));
#19900=CARTESIAN_POINT('',(1.825,-0.025,0.25));
#19901=CARTESIAN_POINT('',(1.825,0.175,0.25));
#19902=CARTESIAN_POINT('',(1.825,0.175,0.25));
#19903=CARTESIAN_POINT('',(-1.825,-1.,-3.2));
#19904=CARTESIAN_POINT('',(-1.825,0.3,-3.2));
#19905=CARTESIAN_POINT('',(-1.825,0.3,-1.5));
#19906=CARTESIAN_POINT('',(-1.825,0.3,-0.2));
#19907=CARTESIAN_POINT('',(-1.825,-1.,-1.5));
#19908=CARTESIAN_POINT('',(-1.825,0.845000000000001,-2.4));
#19909=CARTESIAN_POINT('',(-1.825,0.845000000000001,-2.5));
#19910=CARTESIAN_POINT('',(-1.825,-0.125,-2.5));
#19911=CARTESIAN_POINT('',(-1.825,-0.125,-2.5));
#19912=CARTESIAN_POINT('',(-1.825,-0.125,-2.15));
#19913=CARTESIAN_POINT('',(-1.825,-0.125,-2.15));
#19914=CARTESIAN_POINT('',(-1.825,-0.025,-2.15));
#19915=CARTESIAN_POINT('',(-1.825,-0.025,-2.15));
#19916=CARTESIAN_POINT('',(-1.825,-0.025,-0.25));
#19917=CARTESIAN_POINT('',(-1.825,-0.025,-0.25));
#19918=CARTESIAN_POINT('',(-1.825,0.175,-0.25));
#19919=CARTESIAN_POINT('',(-1.825,0.175,-0.25));
#19920=CARTESIAN_POINT('',(-1.825,0.175,0.25));
#19921=CARTESIAN_POINT('',(-1.825,0.175,-0.2));
#19922=CARTESIAN_POINT('',(-1.825,-1.,-0.2));
#19923=CARTESIAN_POINT('',(-2.175,3.,-3.2));
#19924=CARTESIAN_POINT('',(-2.175,0.3,-3.2));
#19925=CARTESIAN_POINT('',(-2.175,0.3,-0.2));
#19926=CARTESIAN_POINT('',(-2.175,0.3,-1.5));
#19927=CARTESIAN_POINT('',(-2.175,3.,-0.2));
#19928=CARTESIAN_POINT('',(-2.175,0.175,-0.2));
#19929=CARTESIAN_POINT('',(-2.175,0.175,0.25));
#19930=CARTESIAN_POINT('',(-2.175,0.175,-0.25));
#19931=CARTESIAN_POINT('',(-2.175,0.175,-0.25));
#19932=CARTESIAN_POINT('',(-2.175,-0.025,-0.25));
#19933=CARTESIAN_POINT('',(-2.175,-0.025,-0.25));
#19934=CARTESIAN_POINT('',(-2.175,-0.025,-2.15));
#19935=CARTESIAN_POINT('',(-2.175,-0.025,-2.15));
#19936=CARTESIAN_POINT('',(-2.175,-0.125,-2.15));
#19937=CARTESIAN_POINT('',(-2.175,-0.125,-2.15));
#19938=CARTESIAN_POINT('',(-2.175,-0.125,-2.5));
#19939=CARTESIAN_POINT('',(-2.175,-0.125,-2.5));
#19940=CARTESIAN_POINT('',(-2.175,0.845,-2.5));
#19941=CARTESIAN_POINT('',(-2.175,0.845000000000001,-2.4));
#19942=CARTESIAN_POINT('',(-2.175,3.,-1.5));
#19943=CARTESIAN_POINT('',(0.,0.,-0.2));
#19944=CARTESIAN_POINT('',(0.,0.3,-0.2));
#19945=CARTESIAN_POINT('',(2.325,0.175,-0.2));
#19946=CARTESIAN_POINT('',(-1.325,-1.,-3.2));
#19947=CARTESIAN_POINT('',(-1.325,0.3,-3.2));
#19948=CARTESIAN_POINT('',(-1.325,0.3,-1.5));
#19949=CARTESIAN_POINT('',(-1.325,0.3,-0.2));
#19950=CARTESIAN_POINT('',(-1.325,-1.,-1.5));
#19951=CARTESIAN_POINT('',(-1.325,0.845000000000001,-2.4));
#19952=CARTESIAN_POINT('',(-1.325,0.845000000000001,-2.5));
#19953=CARTESIAN_POINT('',(-1.325,-0.125,-2.5));
#19954=CARTESIAN_POINT('',(-1.325,-0.125,-2.5));
#19955=CARTESIAN_POINT('',(-1.325,-0.125,-2.15));
#19956=CARTESIAN_POINT('',(-1.325,-0.125,-2.15));
#19957=CARTESIAN_POINT('',(-1.325,-0.025,-2.15));
#19958=CARTESIAN_POINT('',(-1.325,-0.025,-2.15));
#19959=CARTESIAN_POINT('',(-1.325,-0.025,-0.25));
#19960=CARTESIAN_POINT('',(-1.325,-0.025,-0.25));
#19961=CARTESIAN_POINT('',(-1.325,0.175,-0.25));
#19962=CARTESIAN_POINT('',(-1.325,0.175,-0.25));
#19963=CARTESIAN_POINT('',(-1.325,0.175,0.25));
#19964=CARTESIAN_POINT('',(-1.325,0.175,-0.2));
#19965=CARTESIAN_POINT('',(-1.325,-1.,-0.2));
#19966=CARTESIAN_POINT('',(-1.675,3.,-3.2));
#19967=CARTESIAN_POINT('',(-1.675,0.3,-3.2));
#19968=CARTESIAN_POINT('',(-1.675,0.3,-0.2));
#19969=CARTESIAN_POINT('',(-1.675,0.3,-1.5));
#19970=CARTESIAN_POINT('',(-1.675,3.,-0.2));
#19971=CARTESIAN_POINT('',(-1.675,0.175,-0.2));
#19972=CARTESIAN_POINT('',(-1.675,0.175,0.25));
#19973=CARTESIAN_POINT('',(-1.675,0.175,-0.25));
#19974=CARTESIAN_POINT('',(-1.675,0.175,-0.25));
#19975=CARTESIAN_POINT('',(-1.675,-0.025,-0.25));
#19976=CARTESIAN_POINT('',(-1.675,-0.025,-0.25));
#19977=CARTESIAN_POINT('',(-1.675,-0.025,-2.15));
#19978=CARTESIAN_POINT('',(-1.675,-0.025,-2.15));
#19979=CARTESIAN_POINT('',(-1.675,-0.125,-2.15));
#19980=CARTESIAN_POINT('',(-1.675,-0.125,-2.15));
#19981=CARTESIAN_POINT('',(-1.675,-0.125,-2.5));
#19982=CARTESIAN_POINT('',(-1.675,-0.125,-2.5));
#19983=CARTESIAN_POINT('',(-1.675,0.845,-2.5));
#19984=CARTESIAN_POINT('',(-1.675,0.845000000000001,-2.4));
#19985=CARTESIAN_POINT('',(-1.675,3.,-1.5));
#19986=CARTESIAN_POINT('',(0.,0.,-0.2));
#19987=CARTESIAN_POINT('',(0.,0.3,-0.2));
#19988=CARTESIAN_POINT('',(2.325,0.175,-0.2));
#19989=CARTESIAN_POINT('',(-0.825,-1.,-3.2));
#19990=CARTESIAN_POINT('',(-0.825,0.3,-3.2));
#19991=CARTESIAN_POINT('',(-0.824999999999999,0.3,-1.5));
#19992=CARTESIAN_POINT('',(-0.825,0.3,-0.2));
#19993=CARTESIAN_POINT('',(-0.825,-1.,-1.5));
#19994=CARTESIAN_POINT('',(-0.825,0.845000000000001,-2.4));
#19995=CARTESIAN_POINT('',(-0.825,0.845000000000001,-2.5));
#19996=CARTESIAN_POINT('',(-0.825,-0.125,-2.5));
#19997=CARTESIAN_POINT('',(-0.825,-0.125,-2.5));
#19998=CARTESIAN_POINT('',(-0.825,-0.125,-2.15));
#19999=CARTESIAN_POINT('',(-0.825,-0.125,-2.15));
#20000=CARTESIAN_POINT('',(-0.825,-0.025,-2.15));
#20001=CARTESIAN_POINT('',(-0.825,-0.025,-2.15));
#20002=CARTESIAN_POINT('',(-0.825,-0.025,-0.25));
#20003=CARTESIAN_POINT('',(-0.825,-0.025,-0.25));
#20004=CARTESIAN_POINT('',(-0.825,0.175,-0.25));
#20005=CARTESIAN_POINT('',(-0.825,0.175,-0.25));
#20006=CARTESIAN_POINT('',(-0.825,0.175,0.25));
#20007=CARTESIAN_POINT('',(-0.825,0.175,-0.2));
#20008=CARTESIAN_POINT('',(-0.825,-1.,-0.2));
#20009=CARTESIAN_POINT('',(-1.175,3.,-3.2));
#20010=CARTESIAN_POINT('',(-1.175,0.3,-3.2));
#20011=CARTESIAN_POINT('',(-1.175,0.3,-0.2));
#20012=CARTESIAN_POINT('',(-1.175,0.3,-1.5));
#20013=CARTESIAN_POINT('',(-1.175,3.,-0.2));
#20014=CARTESIAN_POINT('',(-1.175,0.175,-0.2));
#20015=CARTESIAN_POINT('',(-1.175,0.175,0.25));
#20016=CARTESIAN_POINT('',(-1.175,0.175,-0.25));
#20017=CARTESIAN_POINT('',(-1.175,0.175,-0.25));
#20018=CARTESIAN_POINT('',(-1.175,-0.025,-0.25));
#20019=CARTESIAN_POINT('',(-1.175,-0.025,-0.25));
#20020=CARTESIAN_POINT('',(-1.175,-0.025,-2.15));
#20021=CARTESIAN_POINT('',(-1.175,-0.025,-2.15));
#20022=CARTESIAN_POINT('',(-1.175,-0.125,-2.15));
#20023=CARTESIAN_POINT('',(-1.175,-0.125,-2.15));
#20024=CARTESIAN_POINT('',(-1.175,-0.125,-2.5));
#20025=CARTESIAN_POINT('',(-1.175,-0.125,-2.5));
#20026=CARTESIAN_POINT('',(-1.175,0.845,-2.5));
#20027=CARTESIAN_POINT('',(-1.175,0.845000000000001,-2.4));
#20028=CARTESIAN_POINT('',(-1.175,3.,-1.5));
#20029=CARTESIAN_POINT('',(0.,0.,-0.2));
#20030=CARTESIAN_POINT('',(0.,0.3,-0.2));
#20031=CARTESIAN_POINT('',(2.325,0.175,-0.2));
#20032=CARTESIAN_POINT('',(-0.325,-1.,-3.2));
#20033=CARTESIAN_POINT('',(-0.325,0.3,-3.2));
#20034=CARTESIAN_POINT('',(-0.324999999999999,0.3,-1.5));
#20035=CARTESIAN_POINT('',(-0.325,0.3,-0.2));
#20036=CARTESIAN_POINT('',(-0.325,-1.,-1.5));
#20037=CARTESIAN_POINT('',(-0.325,0.845000000000001,-2.4));
#20038=CARTESIAN_POINT('',(-0.325,0.845000000000001,-2.5));
#20039=CARTESIAN_POINT('',(-0.325,-0.125,-2.5));
#20040=CARTESIAN_POINT('',(-0.325,-0.125,-2.5));
#20041=CARTESIAN_POINT('',(-0.325,-0.125,-2.15));
#20042=CARTESIAN_POINT('',(-0.325,-0.125,-2.15));
#20043=CARTESIAN_POINT('',(-0.325,-0.025,-2.15));
#20044=CARTESIAN_POINT('',(-0.325,-0.025,-2.15));
#20045=CARTESIAN_POINT('',(-0.325,-0.025,-0.25));
#20046=CARTESIAN_POINT('',(-0.325,-0.025,-0.25));
#20047=CARTESIAN_POINT('',(-0.325,0.175,-0.25));
#20048=CARTESIAN_POINT('',(-0.325,0.175,-0.25));
#20049=CARTESIAN_POINT('',(-0.325,0.175,0.25));
#20050=CARTESIAN_POINT('',(-0.325,0.175,-0.2));
#20051=CARTESIAN_POINT('',(-0.325,-1.,-0.2));
#20052=CARTESIAN_POINT('',(-0.675,3.,-3.2));
#20053=CARTESIAN_POINT('',(-0.675,0.3,-3.2));
#20054=CARTESIAN_POINT('',(-0.675,0.3,-0.2));
#20055=CARTESIAN_POINT('',(-0.675000000000002,0.3,-1.5));
#20056=CARTESIAN_POINT('',(-0.675,3.,-0.2));
#20057=CARTESIAN_POINT('',(-0.675,0.175,-0.2));
#20058=CARTESIAN_POINT('',(-0.675,0.175,0.25));
#20059=CARTESIAN_POINT('',(-0.675,0.175,-0.25));
#20060=CARTESIAN_POINT('',(-0.675,0.175,-0.25));
#20061=CARTESIAN_POINT('',(-0.675,-0.025,-0.25));
#20062=CARTESIAN_POINT('',(-0.675,-0.025,-0.25));
#20063=CARTESIAN_POINT('',(-0.675,-0.025,-2.15));
#20064=CARTESIAN_POINT('',(-0.675,-0.025,-2.15));
#20065=CARTESIAN_POINT('',(-0.675,-0.125,-2.15));
#20066=CARTESIAN_POINT('',(-0.675,-0.125,-2.15));
#20067=CARTESIAN_POINT('',(-0.675,-0.125,-2.5));
#20068=CARTESIAN_POINT('',(-0.675,-0.125,-2.5));
#20069=CARTESIAN_POINT('',(-0.675,0.845,-2.5));
#20070=CARTESIAN_POINT('',(-0.675,0.845000000000001,-2.4));
#20071=CARTESIAN_POINT('',(-0.675,3.,-1.5));
#20072=CARTESIAN_POINT('',(0.,0.,-0.2));
#20073=CARTESIAN_POINT('',(0.,0.3,-0.2));
#20074=CARTESIAN_POINT('',(2.325,0.175,-0.2));
#20075=CARTESIAN_POINT('',(0.175,-1.,-3.2));
#20076=CARTESIAN_POINT('',(0.175,0.3,-3.2));
#20077=CARTESIAN_POINT('',(0.175000000000002,0.3,-1.5));
#20078=CARTESIAN_POINT('',(0.175,0.3,-0.2));
#20079=CARTESIAN_POINT('',(0.175,-1.,-1.5));
#20080=CARTESIAN_POINT('',(0.175,0.845000000000001,-2.4));
#20081=CARTESIAN_POINT('',(0.175,0.845000000000001,-2.5));
#20082=CARTESIAN_POINT('',(0.175,-0.125,-2.5));
#20083=CARTESIAN_POINT('',(0.175,-0.125,-2.5));
#20084=CARTESIAN_POINT('',(0.175,-0.125,-2.15));
#20085=CARTESIAN_POINT('',(0.175,-0.125,-2.15));
#20086=CARTESIAN_POINT('',(0.175,-0.025,-2.15));
#20087=CARTESIAN_POINT('',(0.175,-0.025,-2.15));
#20088=CARTESIAN_POINT('',(0.175,-0.025,-0.25));
#20089=CARTESIAN_POINT('',(0.175,-0.025,-0.25));
#20090=CARTESIAN_POINT('',(0.175,0.175,-0.25));
#20091=CARTESIAN_POINT('',(0.175,0.175,-0.25));
#20092=CARTESIAN_POINT('',(0.175,0.175,0.25));
#20093=CARTESIAN_POINT('',(0.175,0.175,-0.2));
#20094=CARTESIAN_POINT('',(0.175,-1.,-0.2));
#20095=CARTESIAN_POINT('',(-0.175,3.,-3.2));
#20096=CARTESIAN_POINT('',(-0.175,0.3,-3.2));
#20097=CARTESIAN_POINT('',(-0.175,0.3,-0.2));
#20098=CARTESIAN_POINT('',(-0.175000000000002,0.3,-1.5));
#20099=CARTESIAN_POINT('',(-0.175,3.,-0.2));
#20100=CARTESIAN_POINT('',(-0.175,0.175,-0.2));
#20101=CARTESIAN_POINT('',(-0.175,0.175,0.25));
#20102=CARTESIAN_POINT('',(-0.175,0.175,-0.25));
#20103=CARTESIAN_POINT('',(-0.175,0.175,-0.25));
#20104=CARTESIAN_POINT('',(-0.175,-0.025,-0.25));
#20105=CARTESIAN_POINT('',(-0.175,-0.025,-0.25));
#20106=CARTESIAN_POINT('',(-0.175,-0.025,-2.15));
#20107=CARTESIAN_POINT('',(-0.175,-0.025,-2.15));
#20108=CARTESIAN_POINT('',(-0.175,-0.125,-2.15));
#20109=CARTESIAN_POINT('',(-0.175,-0.125,-2.15));
#20110=CARTESIAN_POINT('',(-0.175,-0.125,-2.5));
#20111=CARTESIAN_POINT('',(-0.175,-0.125,-2.5));
#20112=CARTESIAN_POINT('',(-0.175,0.845,-2.5));
#20113=CARTESIAN_POINT('',(-0.175,0.845000000000001,-2.4));
#20114=CARTESIAN_POINT('',(-0.175,3.,-1.5));
#20115=CARTESIAN_POINT('',(0.,0.,-0.2));
#20116=CARTESIAN_POINT('',(0.,0.3,-0.2));
#20117=CARTESIAN_POINT('',(2.325,0.175,-0.2));
#20118=CARTESIAN_POINT('',(0.675,-1.,-3.2));
#20119=CARTESIAN_POINT('',(0.675,0.3,-3.2));
#20120=CARTESIAN_POINT('',(0.675000000000002,0.3,-1.5));
#20121=CARTESIAN_POINT('',(0.675,0.3,-0.2));
#20122=CARTESIAN_POINT('',(0.675,-1.,-1.5));
#20123=CARTESIAN_POINT('',(0.675,0.845000000000001,-2.4));
#20124=CARTESIAN_POINT('',(0.675,0.845000000000001,-2.5));
#20125=CARTESIAN_POINT('',(0.675,-0.125,-2.5));
#20126=CARTESIAN_POINT('',(0.675,-0.125,-2.5));
#20127=CARTESIAN_POINT('',(0.675,-0.125,-2.15));
#20128=CARTESIAN_POINT('',(0.675,-0.125,-2.15));
#20129=CARTESIAN_POINT('',(0.675,-0.025,-2.15));
#20130=CARTESIAN_POINT('',(0.675,-0.025,-2.15));
#20131=CARTESIAN_POINT('',(0.675,-0.025,-0.25));
#20132=CARTESIAN_POINT('',(0.675,-0.025,-0.25));
#20133=CARTESIAN_POINT('',(0.675,0.175,-0.25));
#20134=CARTESIAN_POINT('',(0.675,0.175,-0.25));
#20135=CARTESIAN_POINT('',(0.675,0.175,0.25));
#20136=CARTESIAN_POINT('',(0.675,0.175,-0.2));
#20137=CARTESIAN_POINT('',(0.675,-1.,-0.2));
#20138=CARTESIAN_POINT('',(0.325,3.,-3.2));
#20139=CARTESIAN_POINT('',(0.325,0.3,-3.2));
#20140=CARTESIAN_POINT('',(0.325,0.3,-0.2));
#20141=CARTESIAN_POINT('',(0.324999999999999,0.3,-1.5));
#20142=CARTESIAN_POINT('',(0.325,3.,-0.2));
#20143=CARTESIAN_POINT('',(0.325,0.175,-0.2));
#20144=CARTESIAN_POINT('',(0.325,0.175,0.25));
#20145=CARTESIAN_POINT('',(0.325,0.175,-0.25));
#20146=CARTESIAN_POINT('',(0.325,0.175,-0.25));
#20147=CARTESIAN_POINT('',(0.325,-0.025,-0.25));
#20148=CARTESIAN_POINT('',(0.325,-0.025,-0.25));
#20149=CARTESIAN_POINT('',(0.325,-0.025,-2.15));
#20150=CARTESIAN_POINT('',(0.325,-0.025,-2.15));
#20151=CARTESIAN_POINT('',(0.325,-0.125,-2.15));
#20152=CARTESIAN_POINT('',(0.325,-0.125,-2.15));
#20153=CARTESIAN_POINT('',(0.325,-0.125,-2.5));
#20154=CARTESIAN_POINT('',(0.325,-0.125,-2.5));
#20155=CARTESIAN_POINT('',(0.325,0.845,-2.5));
#20156=CARTESIAN_POINT('',(0.325,0.845000000000001,-2.4));
#20157=CARTESIAN_POINT('',(0.325,3.,-1.5));
#20158=CARTESIAN_POINT('',(0.,0.,-0.2));
#20159=CARTESIAN_POINT('',(0.,0.3,-0.2));
#20160=CARTESIAN_POINT('',(2.325,0.175,-0.2));
#20161=CARTESIAN_POINT('',(1.175,-1.,-3.2));
#20162=CARTESIAN_POINT('',(1.175,0.3,-3.2));
#20163=CARTESIAN_POINT('',(1.175,0.3,-1.5));
#20164=CARTESIAN_POINT('',(1.175,0.3,-0.2));
#20165=CARTESIAN_POINT('',(1.175,-1.,-1.5));
#20166=CARTESIAN_POINT('',(1.175,0.845000000000001,-2.4));
#20167=CARTESIAN_POINT('',(1.175,0.845000000000001,-2.5));
#20168=CARTESIAN_POINT('',(1.175,-0.125,-2.5));
#20169=CARTESIAN_POINT('',(1.175,-0.125,-2.5));
#20170=CARTESIAN_POINT('',(1.175,-0.125,-2.15));
#20171=CARTESIAN_POINT('',(1.175,-0.125,-2.15));
#20172=CARTESIAN_POINT('',(1.175,-0.025,-2.15));
#20173=CARTESIAN_POINT('',(1.175,-0.025,-2.15));
#20174=CARTESIAN_POINT('',(1.175,-0.025,-0.25));
#20175=CARTESIAN_POINT('',(1.175,-0.025,-0.25));
#20176=CARTESIAN_POINT('',(1.175,0.175,-0.25));
#20177=CARTESIAN_POINT('',(1.175,0.175,-0.25));
#20178=CARTESIAN_POINT('',(1.175,0.175,0.25));
#20179=CARTESIAN_POINT('',(1.175,0.175,-0.2));
#20180=CARTESIAN_POINT('',(1.175,-1.,-0.2));
#20181=CARTESIAN_POINT('',(0.825,3.,-3.2));
#20182=CARTESIAN_POINT('',(0.825,0.3,-3.2));
#20183=CARTESIAN_POINT('',(0.825,0.3,-0.2));
#20184=CARTESIAN_POINT('',(0.824999999999999,0.3,-1.5));
#20185=CARTESIAN_POINT('',(0.825,3.,-0.2));
#20186=CARTESIAN_POINT('',(0.825,0.175,-0.2));
#20187=CARTESIAN_POINT('',(0.825,0.175,0.25));
#20188=CARTESIAN_POINT('',(0.825,0.175,-0.25));
#20189=CARTESIAN_POINT('',(0.825,0.175,-0.25));
#20190=CARTESIAN_POINT('',(0.825,-0.025,-0.25));
#20191=CARTESIAN_POINT('',(0.825,-0.025,-0.25));
#20192=CARTESIAN_POINT('',(0.825,-0.025,-2.15));
#20193=CARTESIAN_POINT('',(0.825,-0.025,-2.15));
#20194=CARTESIAN_POINT('',(0.825,-0.125,-2.15));
#20195=CARTESIAN_POINT('',(0.825,-0.125,-2.15));
#20196=CARTESIAN_POINT('',(0.825,-0.125,-2.5));
#20197=CARTESIAN_POINT('',(0.825,-0.125,-2.5));
#20198=CARTESIAN_POINT('',(0.825,0.845,-2.5));
#20199=CARTESIAN_POINT('',(0.825,0.845000000000001,-2.4));
#20200=CARTESIAN_POINT('',(0.825,3.,-1.5));
#20201=CARTESIAN_POINT('',(0.,0.,-0.2));
#20202=CARTESIAN_POINT('',(0.,0.3,-0.2));
#20203=CARTESIAN_POINT('',(2.325,0.175,-0.2));
#20204=CARTESIAN_POINT('',(1.675,-1.,-3.2));
#20205=CARTESIAN_POINT('',(1.675,0.3,-3.2));
#20206=CARTESIAN_POINT('',(1.675,0.3,-1.5));
#20207=CARTESIAN_POINT('',(1.675,0.3,-0.2));
#20208=CARTESIAN_POINT('',(1.675,-1.,-1.5));
#20209=CARTESIAN_POINT('',(1.675,0.845000000000001,-2.4));
#20210=CARTESIAN_POINT('',(1.675,0.845000000000001,-2.5));
#20211=CARTESIAN_POINT('',(1.675,-0.125,-2.5));
#20212=CARTESIAN_POINT('',(1.675,-0.125,-2.5));
#20213=CARTESIAN_POINT('',(1.675,-0.125,-2.15));
#20214=CARTESIAN_POINT('',(1.675,-0.125,-2.15));
#20215=CARTESIAN_POINT('',(1.675,-0.025,-2.15));
#20216=CARTESIAN_POINT('',(1.675,-0.025,-2.15));
#20217=CARTESIAN_POINT('',(1.675,-0.025,-0.25));
#20218=CARTESIAN_POINT('',(1.675,-0.025,-0.25));
#20219=CARTESIAN_POINT('',(1.675,0.175,-0.25));
#20220=CARTESIAN_POINT('',(1.675,0.175,-0.25));
#20221=CARTESIAN_POINT('',(1.675,0.175,0.25));
#20222=CARTESIAN_POINT('',(1.675,0.175,-0.2));
#20223=CARTESIAN_POINT('',(1.675,-1.,-0.2));
#20224=CARTESIAN_POINT('',(1.325,3.,-3.2));
#20225=CARTESIAN_POINT('',(1.325,0.3,-3.2));
#20226=CARTESIAN_POINT('',(1.325,0.3,-0.2));
#20227=CARTESIAN_POINT('',(1.325,0.3,-1.5));
#20228=CARTESIAN_POINT('',(1.325,3.,-0.2));
#20229=CARTESIAN_POINT('',(1.325,0.175,-0.2));
#20230=CARTESIAN_POINT('',(1.325,0.175,0.25));
#20231=CARTESIAN_POINT('',(1.325,0.175,-0.25));
#20232=CARTESIAN_POINT('',(1.325,0.175,-0.25));
#20233=CARTESIAN_POINT('',(1.325,-0.025,-0.25));
#20234=CARTESIAN_POINT('',(1.325,-0.025,-0.25));
#20235=CARTESIAN_POINT('',(1.325,-0.025,-2.15));
#20236=CARTESIAN_POINT('',(1.325,-0.025,-2.15));
#20237=CARTESIAN_POINT('',(1.325,-0.125,-2.15));
#20238=CARTESIAN_POINT('',(1.325,-0.125,-2.15));
#20239=CARTESIAN_POINT('',(1.325,-0.125,-2.5));
#20240=CARTESIAN_POINT('',(1.325,-0.125,-2.5));
#20241=CARTESIAN_POINT('',(1.325,0.845,-2.5));
#20242=CARTESIAN_POINT('',(1.325,0.845000000000001,-2.4));
#20243=CARTESIAN_POINT('',(1.325,3.,-1.5));
#20244=CARTESIAN_POINT('',(0.,0.,-0.2));
#20245=CARTESIAN_POINT('',(0.,0.3,-0.2));
#20246=CARTESIAN_POINT('',(2.325,0.175,-0.2));
#20247=CARTESIAN_POINT('',(0.,0.,-0.2));
#20248=CARTESIAN_POINT('',(0.,0.3,-0.2));
#20249=CARTESIAN_POINT('',(2.175,0.3,-0.2));
#20250=CARTESIAN_POINT('',(1.825,0.3,-0.2));
#20251=CARTESIAN_POINT('',(2.175,-1.,-0.2));
#20252=CARTESIAN_POINT('',(2.175,0.175,-0.2));
#20253=CARTESIAN_POINT('',(2.325,0.175,-0.2));
#20254=CARTESIAN_POINT('',(1.825,0.175,-0.2));
#20255=CARTESIAN_POINT('',(1.825,3.,-0.2));
#20256=CARTESIAN_POINT('',(2.175,-1.,-3.2));
#20257=CARTESIAN_POINT('',(2.175,0.3,-3.2));
#20258=CARTESIAN_POINT('',(2.175,0.3,-1.5));
#20259=CARTESIAN_POINT('',(2.175,-1.,-1.5));
#20260=CARTESIAN_POINT('',(2.175,0.845000000000001,-2.4));
#20261=CARTESIAN_POINT('',(2.175,0.845000000000001,-2.5));
#20262=CARTESIAN_POINT('',(2.175,-0.125,-2.5));
#20263=CARTESIAN_POINT('',(2.175,-0.125,-2.5));
#20264=CARTESIAN_POINT('',(2.175,-0.125,-2.15));
#20265=CARTESIAN_POINT('',(2.175,-0.125,-2.15));
#20266=CARTESIAN_POINT('',(2.175,-0.025,-2.15));
#20267=CARTESIAN_POINT('',(2.175,-0.025,-2.15));
#20268=CARTESIAN_POINT('',(2.175,-0.025,-0.25));
#20269=CARTESIAN_POINT('',(2.175,-0.025,-0.25));
#20270=CARTESIAN_POINT('',(2.175,0.175,-0.25));
#20271=CARTESIAN_POINT('',(2.175,0.175,-0.25));
#20272=CARTESIAN_POINT('',(2.175,0.175,0.25));
#20273=CARTESIAN_POINT('',(1.825,3.,-3.2));
#20274=CARTESIAN_POINT('',(1.825,0.3,-3.2));
#20275=CARTESIAN_POINT('',(1.825,0.3,-1.5));
#20276=CARTESIAN_POINT('',(1.825,0.175,0.25));
#20277=CARTESIAN_POINT('',(1.825,0.175,-0.25));
#20278=CARTESIAN_POINT('',(1.825,0.175,-0.25));
#20279=CARTESIAN_POINT('',(1.825,-0.025,-0.25));
#20280=CARTESIAN_POINT('',(1.825,-0.025,-0.25));
#20281=CARTESIAN_POINT('',(1.825,-0.025,-2.15));
#20282=CARTESIAN_POINT('',(1.825,-0.025,-2.15));
#20283=CARTESIAN_POINT('',(1.825,-0.125,-2.15));
#20284=CARTESIAN_POINT('',(1.825,-0.125,-2.15));
#20285=CARTESIAN_POINT('',(1.825,-0.125,-2.5));
#20286=CARTESIAN_POINT('',(1.825,-0.125,-2.5));
#20287=CARTESIAN_POINT('',(1.825,0.845,-2.5));
#20288=CARTESIAN_POINT('',(1.825,0.845000000000001,-2.4));
#20289=CARTESIAN_POINT('',(1.825,3.,-1.5));
#20290=CARTESIAN_POINT('',(2.325,0.175,-0.25));
#20291=CARTESIAN_POINT('',(2.325,0.175,-0.25));
#20292=CARTESIAN_POINT('',(2.325,-0.025,-0.25));
#20293=CARTESIAN_POINT('',(2.325,0.175,-0.25));
#20294=CARTESIAN_POINT('',(2.325,-0.025,-0.25));
#20295=CARTESIAN_POINT('',(2.325,0.175,-0.25));
#20296=CARTESIAN_POINT('',(2.325,0.175,-0.25));
#20297=CARTESIAN_POINT('',(2.325,-0.025,-0.25));
#20298=CARTESIAN_POINT('',(2.325,0.175,-0.25));
#20299=CARTESIAN_POINT('',(2.325,0.175,-0.25));
#20300=CARTESIAN_POINT('',(2.325,-0.025,-0.25));
#20301=CARTESIAN_POINT('',(2.325,0.175,-0.25));
#20302=CARTESIAN_POINT('',(2.325,0.175,-0.25));
#20303=CARTESIAN_POINT('',(2.325,-0.025,-0.25));
#20304=CARTESIAN_POINT('',(2.325,0.175,-0.25));
#20305=CARTESIAN_POINT('',(2.325,0.175,-0.25));
#20306=CARTESIAN_POINT('',(2.325,-0.025,-0.25));
#20307=CARTESIAN_POINT('',(2.325,0.175,-0.25));
#20308=CARTESIAN_POINT('',(2.325,0.175,-0.25));
#20309=CARTESIAN_POINT('',(2.325,-0.025,-0.25));
#20310=CARTESIAN_POINT('',(2.325,0.175,-0.25));
#20311=CARTESIAN_POINT('',(2.325,0.175,-0.25));
#20312=CARTESIAN_POINT('',(2.325,-0.025,-0.25));
#20313=CARTESIAN_POINT('',(2.325,0.175,-0.25));
#20314=CARTESIAN_POINT('',(2.325,0.175,-0.25));
#20315=CARTESIAN_POINT('',(2.325,-0.025,-0.25));
#20316=CARTESIAN_POINT('',(2.325,0.175,-0.25));
#20317=CARTESIAN_POINT('',(2.325,-0.025,-0.25));
#20318=CARTESIAN_POINT('',(2.325,-0.025,-2.15));
#20319=CARTESIAN_POINT('',(2.325,-0.025,-0.25));
#20320=CARTESIAN_POINT('',(2.325,-0.025,-2.15));
#20321=CARTESIAN_POINT('',(2.325,-0.025,-0.25));
#20322=CARTESIAN_POINT('',(2.325,-0.025,-2.15));
#20323=CARTESIAN_POINT('',(2.325,-0.025,-0.25));
#20324=CARTESIAN_POINT('',(2.325,-0.025,-2.15));
#20325=CARTESIAN_POINT('',(2.325,-0.025,-0.25));
#20326=CARTESIAN_POINT('',(2.325,-0.025,-2.15));
#20327=CARTESIAN_POINT('',(2.325,-0.025,-0.25));
#20328=CARTESIAN_POINT('',(2.325,-0.025,-2.15));
#20329=CARTESIAN_POINT('',(2.325,-0.025,-0.25));
#20330=CARTESIAN_POINT('',(2.325,-0.025,-2.15));
#20331=CARTESIAN_POINT('',(2.325,-0.025,-0.25));
#20332=CARTESIAN_POINT('',(2.325,-0.025,-2.15));
#20333=CARTESIAN_POINT('',(2.325,-0.025,-0.25));
#20334=CARTESIAN_POINT('',(2.325,-0.025,-2.15));
#20335=CARTESIAN_POINT('',(2.325,-0.025,-2.15));
#20336=CARTESIAN_POINT('',(2.325,-0.125,-2.15));
#20337=CARTESIAN_POINT('',(2.325,-0.025,-2.15));
#20338=CARTESIAN_POINT('',(2.325,-0.125,-2.15));
#20339=CARTESIAN_POINT('',(2.325,-0.025,-2.15));
#20340=CARTESIAN_POINT('',(2.325,-0.125,-2.15));
#20341=CARTESIAN_POINT('',(2.325,-0.025,-2.15));
#20342=CARTESIAN_POINT('',(2.325,-0.125,-2.15));
#20343=CARTESIAN_POINT('',(2.325,-0.025,-2.15));
#20344=CARTESIAN_POINT('',(2.325,-0.125,-2.15));
#20345=CARTESIAN_POINT('',(2.325,-0.025,-2.15));
#20346=CARTESIAN_POINT('',(2.325,-0.125,-2.15));
#20347=CARTESIAN_POINT('',(2.325,-0.025,-2.15));
#20348=CARTESIAN_POINT('',(2.325,-0.125,-2.15));
#20349=CARTESIAN_POINT('',(2.325,-0.025,-2.15));
#20350=CARTESIAN_POINT('',(2.325,-0.125,-2.15));
#20351=CARTESIAN_POINT('',(2.325,-0.025,-2.15));
#20352=CARTESIAN_POINT('',(2.325,-0.125,-2.15));
#20353=CARTESIAN_POINT('',(2.325,-0.125,-2.15));
#20354=CARTESIAN_POINT('',(2.325,-0.125,-2.5));
#20355=CARTESIAN_POINT('',(2.325,-0.125,-2.15));
#20356=CARTESIAN_POINT('',(2.325,-0.125,-2.5));
#20357=CARTESIAN_POINT('',(2.325,-0.125,-2.15));
#20358=CARTESIAN_POINT('',(2.325,-0.125,-2.5));
#20359=CARTESIAN_POINT('',(2.325,-0.125,-2.15));
#20360=CARTESIAN_POINT('',(2.325,-0.125,-2.5));
#20361=CARTESIAN_POINT('',(2.325,-0.125,-2.15));
#20362=CARTESIAN_POINT('',(2.325,-0.125,-2.5));
#20363=CARTESIAN_POINT('',(2.325,-0.125,-2.15));
#20364=CARTESIAN_POINT('',(2.325,-0.125,-2.5));
#20365=CARTESIAN_POINT('',(2.325,-0.125,-2.15));
#20366=CARTESIAN_POINT('',(2.325,-0.125,-2.5));
#20367=CARTESIAN_POINT('',(2.325,-0.125,-2.15));
#20368=CARTESIAN_POINT('',(2.325,-0.125,-2.5));
#20369=CARTESIAN_POINT('',(2.325,-0.125,-2.15));
#20370=CARTESIAN_POINT('',(2.325,-0.125,-2.5));
#20371=CARTESIAN_POINT('',(2.325,-0.125,-2.5));
#20372=CARTESIAN_POINT('',(2.325,0.845,-2.5));
#20373=CARTESIAN_POINT('',(2.325,-0.125,-2.5));
#20374=CARTESIAN_POINT('',(2.325,0.845,-2.5));
#20375=CARTESIAN_POINT('',(2.325,-0.125,-2.5));
#20376=CARTESIAN_POINT('',(2.325,0.845,-2.5));
#20377=CARTESIAN_POINT('',(2.325,-0.125,-2.5));
#20378=CARTESIAN_POINT('',(2.325,0.845,-2.5));
#20379=CARTESIAN_POINT('',(2.325,-0.125,-2.5));
#20380=CARTESIAN_POINT('',(2.325,0.845,-2.5));
#20381=CARTESIAN_POINT('',(2.325,-0.125,-2.5));
#20382=CARTESIAN_POINT('',(2.325,0.845,-2.5));
#20383=CARTESIAN_POINT('',(2.325,-0.125,-2.5));
#20384=CARTESIAN_POINT('',(2.325,0.845,-2.5));
#20385=CARTESIAN_POINT('',(2.325,-0.125,-2.5));
#20386=CARTESIAN_POINT('',(2.325,0.845,-2.5));
#20387=CARTESIAN_POINT('',(2.325,-0.125,-2.5));
#20388=CARTESIAN_POINT('',(2.325,0.845,-2.5));
#20389=CARTESIAN_POINT('',(2.325,0.845000000000001,-2.4));
#20390=CARTESIAN_POINT('',(2.325,0.845000000000001,-2.4));
#20391=CARTESIAN_POINT('',(2.325,0.845000000000001,-2.4));
#20392=CARTESIAN_POINT('',(2.325,0.845000000000001,-2.4));
#20393=CARTESIAN_POINT('',(2.325,0.845000000000001,-2.4));
#20394=CARTESIAN_POINT('',(2.325,0.845000000000001,-2.4));
#20395=CARTESIAN_POINT('',(2.325,0.845000000000001,-2.4));
#20396=CARTESIAN_POINT('',(2.325,0.845000000000001,-2.4));
#20397=CARTESIAN_POINT('',(2.325,0.845000000000001,-2.4));
#20398=CARTESIAN_POINT('',(2.325,0.844999999999999,2.4));
#20399=CARTESIAN_POINT('',(2.325,0.845,2.5));
#20400=CARTESIAN_POINT('',(2.325,0.844999999999999,2.4));
#20401=CARTESIAN_POINT('',(2.325,0.845,2.5));
#20402=CARTESIAN_POINT('',(2.325,0.844999999999999,2.4));
#20403=CARTESIAN_POINT('',(2.325,0.845,2.5));
#20404=CARTESIAN_POINT('',(2.325,0.844999999999999,2.4));
#20405=CARTESIAN_POINT('',(2.325,0.845,2.5));
#20406=CARTESIAN_POINT('',(2.325,0.844999999999999,2.4));
#20407=CARTESIAN_POINT('',(2.325,0.845,2.5));
#20408=CARTESIAN_POINT('',(2.325,0.844999999999999,2.4));
#20409=CARTESIAN_POINT('',(2.325,0.845,2.5));
#20410=CARTESIAN_POINT('',(2.325,0.844999999999999,2.4));
#20411=CARTESIAN_POINT('',(2.325,0.845,2.5));
#20412=CARTESIAN_POINT('',(2.325,0.844999999999999,2.4));
#20413=CARTESIAN_POINT('',(2.325,0.845,2.5));
#20414=CARTESIAN_POINT('',(2.325,0.844999999999999,2.4));
#20415=CARTESIAN_POINT('',(2.325,0.845,2.5));
#20416=CARTESIAN_POINT('',(2.325,0.844999999999999,2.4));
#20417=CARTESIAN_POINT('',(2.325,0.845,2.5));
#20418=CARTESIAN_POINT('',(2.325,0.845,2.5));
#20419=CARTESIAN_POINT('',(2.325,-0.125,2.5));
#20420=CARTESIAN_POINT('',(2.325,0.845,2.5));
#20421=CARTESIAN_POINT('',(2.325,-0.125,2.5));
#20422=CARTESIAN_POINT('',(2.325,0.845,2.5));
#20423=CARTESIAN_POINT('',(2.325,-0.125,2.5));
#20424=CARTESIAN_POINT('',(2.325,0.845,2.5));
#20425=CARTESIAN_POINT('',(2.325,-0.125,2.5));
#20426=CARTESIAN_POINT('',(2.325,0.845,2.5));
#20427=CARTESIAN_POINT('',(2.325,-0.125,2.5));
#20428=CARTESIAN_POINT('',(2.325,0.845,2.5));
#20429=CARTESIAN_POINT('',(2.325,-0.125,2.5));
#20430=CARTESIAN_POINT('',(2.325,0.845,2.5));
#20431=CARTESIAN_POINT('',(2.325,-0.125,2.5));
#20432=CARTESIAN_POINT('',(2.325,0.845,2.5));
#20433=CARTESIAN_POINT('',(2.325,-0.125,2.5));
#20434=CARTESIAN_POINT('',(2.325,0.845,2.5));
#20435=CARTESIAN_POINT('',(2.325,-0.125,2.5));
#20436=CARTESIAN_POINT('',(2.325,0.845,2.5));
#20437=CARTESIAN_POINT('',(2.325,-0.125,2.5));
#20438=CARTESIAN_POINT('',(2.325,-0.125,2.5));
#20439=CARTESIAN_POINT('',(2.325,-0.125,2.15));
#20440=CARTESIAN_POINT('',(2.325,-0.125,2.5));
#20441=CARTESIAN_POINT('',(2.325,-0.125,2.15));
#20442=CARTESIAN_POINT('',(2.325,-0.125,2.5));
#20443=CARTESIAN_POINT('',(2.325,-0.125,2.15));
#20444=CARTESIAN_POINT('',(2.325,-0.125,2.5));
#20445=CARTESIAN_POINT('',(2.325,-0.125,2.15));
#20446=CARTESIAN_POINT('',(2.325,-0.125,2.5));
#20447=CARTESIAN_POINT('',(2.325,-0.125,2.15));
#20448=CARTESIAN_POINT('',(2.325,-0.125,2.5));
#20449=CARTESIAN_POINT('',(2.325,-0.125,2.15));
#20450=CARTESIAN_POINT('',(2.325,-0.125,2.5));
#20451=CARTESIAN_POINT('',(2.325,-0.125,2.15));
#20452=CARTESIAN_POINT('',(2.325,-0.125,2.5));
#20453=CARTESIAN_POINT('',(2.325,-0.125,2.15));
#20454=CARTESIAN_POINT('',(2.325,-0.125,2.5));
#20455=CARTESIAN_POINT('',(2.325,-0.125,2.15));
#20456=CARTESIAN_POINT('',(2.325,-0.125,2.5));
#20457=CARTESIAN_POINT('',(2.325,-0.125,2.15));
#20458=CARTESIAN_POINT('',(2.325,-0.125,2.15));
#20459=CARTESIAN_POINT('',(2.325,-0.025,2.15));
#20460=CARTESIAN_POINT('',(2.325,-0.125,2.15));
#20461=CARTESIAN_POINT('',(2.325,-0.025,2.15));
#20462=CARTESIAN_POINT('',(2.325,-0.125,2.15));
#20463=CARTESIAN_POINT('',(2.325,-0.025,2.15));
#20464=CARTESIAN_POINT('',(2.325,-0.125,2.15));
#20465=CARTESIAN_POINT('',(2.325,-0.025,2.15));
#20466=CARTESIAN_POINT('',(2.325,-0.125,2.15));
#20467=CARTESIAN_POINT('',(2.325,-0.025,2.15));
#20468=CARTESIAN_POINT('',(2.325,-0.125,2.15));
#20469=CARTESIAN_POINT('',(2.325,-0.025,2.15));
#20470=CARTESIAN_POINT('',(2.325,-0.125,2.15));
#20471=CARTESIAN_POINT('',(2.325,-0.025,2.15));
#20472=CARTESIAN_POINT('',(2.325,-0.125,2.15));
#20473=CARTESIAN_POINT('',(2.325,-0.025,2.15));
#20474=CARTESIAN_POINT('',(2.325,-0.125,2.15));
#20475=CARTESIAN_POINT('',(2.325,-0.025,2.15));
#20476=CARTESIAN_POINT('',(2.325,-0.125,2.15));
#20477=CARTESIAN_POINT('',(2.325,-0.025,2.15));
#20478=CARTESIAN_POINT('',(2.325,-0.025,2.15));
#20479=CARTESIAN_POINT('',(2.325,-0.025,0.25));
#20480=CARTESIAN_POINT('',(2.325,-0.025,2.15));
#20481=CARTESIAN_POINT('',(2.325,-0.025,0.25));
#20482=CARTESIAN_POINT('',(2.325,-0.025,2.15));
#20483=CARTESIAN_POINT('',(2.325,-0.025,0.25));
#20484=CARTESIAN_POINT('',(2.325,-0.025,2.15));
#20485=CARTESIAN_POINT('',(2.325,-0.025,0.25));
#20486=CARTESIAN_POINT('',(2.325,-0.025,2.15));
#20487=CARTESIAN_POINT('',(2.325,-0.025,0.25));
#20488=CARTESIAN_POINT('',(2.325,-0.025,2.15));
#20489=CARTESIAN_POINT('',(2.325,-0.025,0.25));
#20490=CARTESIAN_POINT('',(2.325,-0.025,2.15));
#20491=CARTESIAN_POINT('',(2.325,-0.025,0.25));
#20492=CARTESIAN_POINT('',(2.325,-0.025,2.15));
#20493=CARTESIAN_POINT('',(2.325,-0.025,0.25));
#20494=CARTESIAN_POINT('',(2.325,-0.025,2.15));
#20495=CARTESIAN_POINT('',(2.325,-0.025,0.25));
#20496=CARTESIAN_POINT('',(2.325,-0.025,2.15));
#20497=CARTESIAN_POINT('',(2.325,-0.025,0.25));
#20498=CARTESIAN_POINT('',(2.325,-0.025,0.25));
#20499=CARTESIAN_POINT('',(2.325,0.175,0.25));
#20500=CARTESIAN_POINT('',(2.325,-0.025,0.25));
#20501=CARTESIAN_POINT('',(2.325,0.175,0.25));
#20502=CARTESIAN_POINT('',(2.325,-0.025,0.25));
#20503=CARTESIAN_POINT('',(2.325,0.175,0.25));
#20504=CARTESIAN_POINT('',(2.325,-0.025,0.25));
#20505=CARTESIAN_POINT('',(2.325,0.175,0.25));
#20506=CARTESIAN_POINT('',(2.325,-0.025,0.25));
#20507=CARTESIAN_POINT('',(2.325,0.175,0.25));
#20508=CARTESIAN_POINT('',(2.325,-0.025,0.25));
#20509=CARTESIAN_POINT('',(2.325,0.175,0.25));
#20510=CARTESIAN_POINT('',(2.325,-0.025,0.25));
#20511=CARTESIAN_POINT('',(2.325,0.175,0.25));
#20512=CARTESIAN_POINT('',(2.325,-0.025,0.25));
#20513=CARTESIAN_POINT('',(2.325,0.175,0.25));
#20514=CARTESIAN_POINT('',(2.325,-0.025,0.25));
#20515=CARTESIAN_POINT('',(2.325,0.175,0.25));
#20516=CARTESIAN_POINT('',(2.325,-0.025,0.25));
#20517=CARTESIAN_POINT('',(2.325,0.175,0.25));
#20518=CARTESIAN_POINT('',(2.325,0.175,0.25));
#20519=CARTESIAN_POINT('',(2.325,0.175,-0.25));
#20520=CARTESIAN_POINT('',(2.325,0.175,-0.25));
#20521=CARTESIAN_POINT('',(2.325,-0.025,-0.25));
#20522=CARTESIAN_POINT('',(2.325,-0.025,-0.25));
#20523=CARTESIAN_POINT('',(2.325,-0.025,-2.15));
#20524=CARTESIAN_POINT('',(2.325,-0.025,-2.15));
#20525=CARTESIAN_POINT('',(2.325,-0.125,-2.15));
#20526=CARTESIAN_POINT('',(2.325,-0.125,-2.15));
#20527=CARTESIAN_POINT('',(2.325,-0.125,-2.5));
#20528=CARTESIAN_POINT('',(2.325,-0.125,-2.5));
#20529=CARTESIAN_POINT('',(2.325,0.845,-2.5));
#20530=CARTESIAN_POINT('',(2.325,0.845000000000001,-2.4));
#20531=CARTESIAN_POINT('',(50.,1.66798335107929,1.5));
#20532=CARTESIAN_POINT('',(50.,0.3,1.5));
#20533=CARTESIAN_POINT('',(50.,1.66798335107929,1.5));
#20534=CARTESIAN_POINT('',(50.,0.3,1.5));
#20535=CARTESIAN_POINT('',(50.,1.66798335107929,1.5));
#20536=CARTESIAN_POINT('',(50.,0.3,1.5));
#20537=CARTESIAN_POINT('',(50.,1.66798335107929,1.5));
#20538=CARTESIAN_POINT('',(50.,0.3,1.5));
#20539=CARTESIAN_POINT('',(50.,1.66798335107929,1.5));
#20540=CARTESIAN_POINT('',(50.,0.3,1.5));
#20541=CARTESIAN_POINT('',(50.,1.66798335107929,1.5));
#20542=CARTESIAN_POINT('',(50.,0.3,1.5));
#20543=CARTESIAN_POINT('',(50.,1.66798335107929,1.5));
#20544=CARTESIAN_POINT('',(50.,0.3,1.5));
#20545=CARTESIAN_POINT('',(50.,1.66798335107929,1.5));
#20546=CARTESIAN_POINT('',(50.,0.3,1.5));
#20547=CARTESIAN_POINT('',(50.,1.66798335107929,1.5));
#20548=CARTESIAN_POINT('',(50.,0.3,1.5));
#20549=CARTESIAN_POINT('',(50.,0.3,1.5));
#20550=CARTESIAN_POINT('',(50.,0.3,-1.5));
#20551=CARTESIAN_POINT('',(50.,0.3,-1.5));
#20552=CARTESIAN_POINT('',(50.,0.3,-1.5));
#20553=CARTESIAN_POINT('',(50.,0.3,-1.5));
#20554=CARTESIAN_POINT('',(50.,0.3,-1.5));
#20555=CARTESIAN_POINT('',(50.,0.3,-1.5));
#20556=CARTESIAN_POINT('',(50.,0.3,-1.5));
#20557=CARTESIAN_POINT('',(50.,0.3,-1.5));
#20558=CARTESIAN_POINT('',(50.,0.3,-1.5));
#20559=CARTESIAN_POINT('',(50.,0.3,-1.5));
#20560=CARTESIAN_POINT('',(50.,0.3,1.5));
#20561=CARTESIAN_POINT('',(50.,0.3,-1.5));
#20562=CARTESIAN_POINT('',(50.,0.3,-1.5));
#20563=CARTESIAN_POINT('',(50.,0.3,-1.5));
#20564=CARTESIAN_POINT('',(50.,0.3,-1.5));
#20565=CARTESIAN_POINT('',(50.,0.3,-1.5));
#20566=CARTESIAN_POINT('',(50.,0.3,-1.5));
#20567=CARTESIAN_POINT('',(50.,0.3,-1.5));
#20568=CARTESIAN_POINT('',(50.,0.3,-1.5));
#20569=CARTESIAN_POINT('',(50.,0.3,-1.5));
#20570=CARTESIAN_POINT('',(50.,1.66798335107929,1.5));
#20571=CARTESIAN_POINT('',(50.,0.3,-1.5));
#20572=CARTESIAN_POINT('',(0.,0.,0.));
#20573=CARTESIAN_POINT('',(0.,0.13,0.));
#20574=CARTESIAN_POINT('',(0.,0.13,0.));
#20575=CARTESIAN_POINT('',(1.75,0.13,0.));
#20576=CARTESIAN_POINT('',(0.,0.,0.));
#20577=CARTESIAN_POINT('',(1.75,0.,0.));
#20578=CARTESIAN_POINT('',(0.,0.13,0.));
#20579=CARTESIAN_POINT('',(0.,0.,0.));
#20580=CARTESIAN_POINT('',(0.,2.725,0.));
#20581=MECHANICAL_DESIGN_GEOMETRIC_PRESENTATION_REPRESENTATION('',(#13005,
#13006,#13007,#13008),#20582);
#20582=(
GEOMETRIC_REPRESENTATION_CONTEXT(3)
GLOBAL_UNCERTAINTY_ASSIGNED_CONTEXT((#20587))
GLOBAL_UNIT_ASSIGNED_CONTEXT((#20594,#20593,#20592))
REPRESENTATION_CONTEXT('SS5-10-3.00-L-D-K-TR','TOP_LEVEL_ASSEMBLY_PART')
);
#20583=(
GEOMETRIC_REPRESENTATION_CONTEXT(3)
GLOBAL_UNCERTAINTY_ASSIGNED_CONTEXT((#20588))
GLOBAL_UNIT_ASSIGNED_CONTEXT((#20594,#20593,#20592))
REPRESENTATION_CONTEXT('SS5-10_socket','COMPONENT_PART')
);
#20584=(
GEOMETRIC_REPRESENTATION_CONTEXT(3)
GLOBAL_UNCERTAINTY_ASSIGNED_CONTEXT((#20589))
GLOBAL_UNIT_ASSIGNED_CONTEXT((#20594,#20593,#20592))
REPRESENTATION_CONTEXT('C-229-10-3.00_','COMPONENT_PART')
);
#20585=(
GEOMETRIC_REPRESENTATION_CONTEXT(3)
GLOBAL_UNCERTAINTY_ASSIGNED_CONTEXT((#20590))
GLOBAL_UNIT_ASSIGNED_CONTEXT((#20594,#20593,#20592))
REPRESENTATION_CONTEXT('C-229-10-3.00-2_','COMPONENT_PART')
);
#20586=(
GEOMETRIC_REPRESENTATION_CONTEXT(3)
GLOBAL_UNCERTAINTY_ASSIGNED_CONTEXT((#20591))
GLOBAL_UNIT_ASSIGNED_CONTEXT((#20594,#20593,#20592))
REPRESENTATION_CONTEXT('K-DOT-.138-.250-.005_polyamide_pick_',
'COMPONENT_PART')
);
#20587=UNCERTAINTY_MEASURE_WITH_UNIT(LENGTH_MEASURE(1.E-5),#20594,
'DISTANCE_ACCURACY_VALUE','Maximum Tolerance applied to model');
#20588=UNCERTAINTY_MEASURE_WITH_UNIT(LENGTH_MEASURE(1.E-5),#20594,
'DISTANCE_ACCURACY_VALUE','Maximum Tolerance applied to model');
#20589=UNCERTAINTY_MEASURE_WITH_UNIT(LENGTH_MEASURE(1.E-5),#20594,
'DISTANCE_ACCURACY_VALUE','Maximum Tolerance applied to model');
#20590=UNCERTAINTY_MEASURE_WITH_UNIT(LENGTH_MEASURE(1.E-5),#20594,
'DISTANCE_ACCURACY_VALUE','Maximum Tolerance applied to model');
#20591=UNCERTAINTY_MEASURE_WITH_UNIT(LENGTH_MEASURE(1.E-5),#20594,
'DISTANCE_ACCURACY_VALUE','Maximum Tolerance applied to model');
#20592=(
NAMED_UNIT(*)
SI_UNIT($,.STERADIAN.)
SOLID_ANGLE_UNIT()
);
#20593=(
NAMED_UNIT(*)
PLANE_ANGLE_UNIT()
SI_UNIT($,.RADIAN.)
);
#20594=(
LENGTH_UNIT()
NAMED_UNIT(*)
SI_UNIT(.MILLI.,.METRE.)
);
#20595=PRODUCT_DEFINITION_SHAPE('','',#20604);
#20596=PRODUCT_DEFINITION_SHAPE('','',#20605);
#20597=PRODUCT_DEFINITION_SHAPE(' ','NAUO PRDDFN',#22);
#20598=PRODUCT_DEFINITION_SHAPE('','',#20606);
#20599=PRODUCT_DEFINITION_SHAPE(' ','NAUO PRDDFN',#23);
#20600=PRODUCT_DEFINITION_SHAPE('','',#20607);
#20601=PRODUCT_DEFINITION_SHAPE(' ','NAUO PRDDFN',#24);
#20602=PRODUCT_DEFINITION_SHAPE('','',#20608);
#20603=PRODUCT_DEFINITION_SHAPE(' ','NAUO PRDDFN',#25);
#20604=PRODUCT_DEFINITION('','',#20614,#20609);
#20605=PRODUCT_DEFINITION('','',#20615,#20610);
#20606=PRODUCT_DEFINITION('','',#20616,#20611);
#20607=PRODUCT_DEFINITION('','',#20617,#20612);
#20608=PRODUCT_DEFINITION('','',#20618,#20613);
#20609=PRODUCT_DEFINITION_CONTEXT('',#20640,'design');
#20610=PRODUCT_DEFINITION_CONTEXT('',#20640,'design');
#20611=PRODUCT_DEFINITION_CONTEXT('',#20640,'design');
#20612=PRODUCT_DEFINITION_CONTEXT('',#20640,'design');
#20613=PRODUCT_DEFINITION_CONTEXT('',#20640,'design');
#20614=PRODUCT_DEFINITION_FORMATION_WITH_SPECIFIED_SOURCE('','',#20624,
 .NOT_KNOWN.);
#20615=PRODUCT_DEFINITION_FORMATION_WITH_SPECIFIED_SOURCE('','',#20625,
 .NOT_KNOWN.);
#20616=PRODUCT_DEFINITION_FORMATION_WITH_SPECIFIED_SOURCE('','',#20626,
 .NOT_KNOWN.);
#20617=PRODUCT_DEFINITION_FORMATION_WITH_SPECIFIED_SOURCE('','',#20627,
 .NOT_KNOWN.);
#20618=PRODUCT_DEFINITION_FORMATION_WITH_SPECIFIED_SOURCE('','',#20628,
 .NOT_KNOWN.);
#20619=PRODUCT_RELATED_PRODUCT_CATEGORY('','',(#20624));
#20620=PRODUCT_RELATED_PRODUCT_CATEGORY('','',(#20625));
#20621=PRODUCT_RELATED_PRODUCT_CATEGORY('','',(#20626));
#20622=PRODUCT_RELATED_PRODUCT_CATEGORY('','',(#20627));
#20623=PRODUCT_RELATED_PRODUCT_CATEGORY('','',(#20628));
#20624=PRODUCT('SS5-10-3.00-L-D-K-TR','SS5-10-3.00-L-D-K-TR',
'SS5-10-3.00-L-D-K-TR',(#20634));
#20625=PRODUCT('SS5-10_socket','SS5-10_socket','SS5-10_socket',(#20635));
#20626=PRODUCT('C-229-10-3.00_','C-229-10-3.00_','C-229-10-3.00_',(#20636));
#20627=PRODUCT('C-229-10-3.00-2_','C-229-10-3.00-2_','C-229-10-3.00-2_',
(#20637));
#20628=PRODUCT('K-DOT-.138-.250-.005_polyamide_pick_',
'K-DOT-.138-.250-.005_polyamide_pick_',
'K-DOT-.138-.250-.005_polyamide_pick_',(#20638));
#20629=PRODUCT_CATEGORY('','');
#20630=PRODUCT_CATEGORY('','');
#20631=PRODUCT_CATEGORY('','');
#20632=PRODUCT_CATEGORY('','');
#20633=PRODUCT_CATEGORY('','');
#20634=PRODUCT_CONTEXT('',#20640,'mechanical');
#20635=PRODUCT_CONTEXT('',#20640,'mechanical');
#20636=PRODUCT_CONTEXT('',#20640,'mechanical');
#20637=PRODUCT_CONTEXT('',#20640,'mechanical');
#20638=PRODUCT_CONTEXT('',#20640,'mechanical');
#20639=APPLICATION_PROTOCOL_DEFINITION('international standard',
'automotive_design',2010,#20640);
#20640=APPLICATION_CONTEXT(
'core data for automotive mechanical design processes');
ENDSEC;
END-ISO-10303-21;
